time_hrs,B_in_out,B_squash,B_left_right
0.000000,-0.00004,0.00012,-0.00004
0.016667,0.08646,0.08391,-0.03040
0.033333,0.00767,0.12479,-0.03727
0.050000,-0.08263,0.04362,-0.01256
0.066667,-0.08146,-0.03137,0.05063
0.083333,-0.01226,-0.04921,0.06346
0.100000,0.08533,-0.04698,0.00329
0.116667,0.10766,0.00430,-0.02787
0.133333,0.04327,0.02192,-0.04957
0.150000,-0.04842,-0.03463,-0.05058
0.166667,-0.14536,-0.05608,0.00407
0.183333,-0.10262,-0.01191,0.03272
0.200000,0.04964,0.03284,0.05705
0.216667,0.10451,0.06668,0.04221
0.233333,0.15141,0.08460,-0.03034
0.250000,0.09328,0.06727,-0.03462
0.266667,-0.16398,0.00388,-0.05093
0.283333,-0.19920,-0.15219,-0.05510
0.300000,-0.01240,-0.21461,0.07746
0.316667,0.05371,0.02101,0.11419
0.333333,0.06797,0.18990,-0.04185
0.350000,0.10258,0.05517,-0.10570
0.366667,0.05180,-0.03174,0.02555
0.383333,-0.08203,0.00440,0.09367
0.400000,-0.12904,-0.01775,-0.02736
0.416667,-0.01340,-0.03217,-0.07772
0.433333,0.07827,-0.00723,0.01496
0.450000,0.05691,0.01921,0.01238
0.466667,0.01135,0.02559,-0.01505
0.483333,-0.03854,-0.01028,0.03413
0.500000,-0.03397,-0.00264,0.00787
0.516667,0.01398,0.00316,-0.00909
0.533333,-0.00427,-0.03878,0.02635
0.550000,-0.01171,-0.01629,0.00769
0.566667,0.00742,0.02467,-0.01899
0.583333,-0.00247,0.03753,-0.06047
0.600000,0.01195,0.01401,-0.01962
0.616667,0.01902,-0.03026,0.07080
0.633333,0.00780,-0.00646,0.01038
0.650000,0.00301,-0.00167,-0.02878
0.666667,0.00128,-0.01780,-0.00108
0.683333,-0.00863,0.02290,-0.02255
0.700000,-0.04796,0.01754,0.01670
0.716667,-0.03993,-0.00772,0.07012
0.733333,0.01351,0.00018,0.01975
0.750000,0.04982,-0.03420,-0.03331
0.766667,0.05295,-0.02289,-0.03077
0.783333,-0.00047,0.05236,-0.06743
0.800000,-0.01890,0.02249,-0.05602
0.816667,0.01001,-0.02393,0.05774
0.833333,-0.01263,0.00733,0.06816
0.850000,-0.06357,0.01265,0.01401
0.866667,-0.05547,0.01471,0.00787
0.883333,0.02172,-0.01843,-0.00210
0.900000,0.04393,-0.08018,0.02085
0.916667,0.03606,-0.04275,0.00824
0.933333,0.08402,0.01169,-0.03286
0.950000,0.04601,0.07115,-0.03558
0.966667,-0.04369,0.13560,-0.14200
0.983333,-0.10573,0.03826,-0.08102
1.000000,-0.16209,-0.07984,0.23363
1.016667,-0.01351,-0.07311,0.20815
1.033333,0.17211,-0.08705,-0.04594
1.050000,0.10488,-0.06441,-0.11858
1.066667,0.03577,0.06599,-0.13974
1.083333,-0.00077,0.11558,-0.07738
1.100000,-0.12073,0.04486,0.07794
1.116667,-0.16266,-0.00340,0.16342
1.133333,-0.02980,-0.03002,0.09463
1.150000,0.18498,-0.07396,-0.10686
1.166667,0.19096,-0.02833,-0.14874
1.183333,-0.02963,0.06616,0.00789
1.200000,-0.16064,0.02606,0.06093
1.216667,-0.10111,-0.04425,0.02968
1.233333,0.00926,-0.03272,0.02997
1.250000,0.03188,-0.00782,0.00238
1.266667,0.07339,0.06876,-0.02694
1.283333,0.09353,0.07225,-0.03014
1.300000,-0.04551,-0.05923,-0.03446
1.316667,-0.08738,-0.05355,0.00189
1.333333,-0.02844,0.02696,0.04586
1.350000,0.00083,-0.01592,0.05076
1.366667,0.07366,-0.03678,0.03347
1.383333,0.05835,0.01524,-0.05026
1.400000,-0.01415,0.03763,-0.08676
1.416667,-0.05215,0.02693,-0.00018
1.433333,-0.07840,0.00457,0.01384
1.450000,-0.00640,-0.00698,0.00970
1.466667,0.05470,-0.01434,0.08223
1.483333,0.03050,-0.03439,0.04549
1.500000,0.00812,-0.03070,-0.07873
1.516667,-0.00168,0.00383,-0.10192
1.533333,0.01543,0.04555,0.01143
1.550000,0.03464,0.02071,0.08972
1.566667,-0.01646,0.00549,0.04778
1.583333,-0.09829,0.06096,-0.02381
1.600000,-0.04331,-0.01207,-0.06971
1.616667,0.02082,-0.08043,0.07627
1.633333,0.03948,-0.10708,0.03074
1.650000,0.10974,-0.09289,-0.27344
1.666667,-0.03977,0.19982,0.07572
1.683333,-0.05029,0.19218,0.29112
1.700000,0.12035,-0.10431,-0.19505
1.716667,-0.14518,-0.04357,-0.02293
1.733333,-0.13411,-0.04047,0.23237
1.750000,0.25065,-0.10606,-0.16217
1.766667,0.08845,0.01990,-0.18004
1.783333,-0.21488,0.10174,0.09526
1.800000,-0.10787,0.09273,0.10774
1.816667,0.12338,-0.05455,-0.03097
1.833333,0.09887,-0.08771,-0.03179
1.850000,-0.05836,0.02233,0.08522
1.866667,-0.02338,-0.01726,-0.01007
1.883333,0.03047,0.00477,-0.10864
1.900000,-0.00754,0.05722,-0.05526
1.916667,-0.00113,-0.00882,0.04732
1.933333,0.01751,-0.01768,0.14029
1.950000,-0.01282,-0.00893,0.02386
1.966667,-0.02655,-0.02324,-0.08944
1.983333,-0.00527,0.01637,-0.05992
2.000000,-0.03069,0.02140,-0.02698
2.016667,0.00773,-0.01087,0.03055
2.033333,0.09011,0.04474,0.02119
2.050000,0.01472,0.02538,0.05841
2.066667,-0.06658,-0.08424,0.06749
2.083333,-0.03379,-0.03289,-0.11316
2.100000,0.00555,0.00566,-0.05758
2.116667,0.03422,-0.00443,0.06351
2.133333,0.02525,0.07345,-0.03212
2.150000,0.01097,0.02472,0.02539
2.166667,0.01207,-0.05211,0.05856
2.183333,-0.05794,0.00470,-0.04103
2.200000,-0.06279,0.02497,-0.02071
2.216667,0.01220,-0.01002,0.00949
2.233333,0.00229,-0.02126,0.00023
2.250000,0.03993,-0.01895,-0.02709
2.266667,0.07470,-0.04882,-0.00671
2.283333,0.04407,-0.01333,0.03117
2.300000,0.02577,0.10848,-0.01484
2.316667,-0.09722,0.07937,0.02136
2.333333,-0.11852,-0.01869,0.05565
2.350000,-0.04890,-0.03488,0.00297
2.366667,-0.02988,-0.09936,-0.03013
2.383333,0.08267,-0.03959,-0.03597
2.400000,0.16200,0.08453,-0.00197
2.416667,0.22201,-0.03818,-0.12117
2.433333,-0.09072,-0.00807,-0.05405
2.450000,-0.45719,0.13902,0.30719
2.466667,0.07348,-0.03336,0.04484
2.483333,0.28577,-0.07232,-0.30144
2.500000,-0.15911,0.03453,0.08024
2.516667,0.06224,-0.06946,0.19629
2.533333,0.16682,-0.00308,-0.09881
2.550000,-0.28134,0.15389,-0.06405
2.566667,-0.16494,-0.02165,0.00630
2.583333,0.29610,-0.14627,-0.08921
2.600000,0.16547,0.01437,0.03955
2.616667,-0.19372,0.04265,0.11326
2.633333,-0.02949,-0.01216,-0.08130
2.650000,0.10436,0.03467,0.00086
2.666667,-0.09912,0.03167,0.11626
2.683333,-0.02569,-0.01470,-0.03055
2.700000,0.06033,-0.03464,-0.06734
2.716667,-0.09034,0.03667,-0.04232
2.733333,-0.04301,-0.03715,0.07910
2.750000,0.18639,-0.06403,0.02385
2.766667,0.11146,0.14675,-0.17118
2.783333,-0.20288,-0.07705,0.07180
2.800000,-0.03429,-0.11240,0.06113
2.816667,0.12151,0.20101,-0.07720
2.833333,-0.11216,-0.05910,0.15974
2.850000,0.03945,-0.09857,0.01925
2.866667,0.03742,0.08662,-0.07474
2.883333,-0.12660,-0.01219,-0.02452
2.900000,0.07555,0.04591,-0.15739
2.916667,0.01200,-0.00141,0.06081
2.933333,0.06239,-0.07359,0.09240
2.950000,0.10771,-0.05440,-0.04553
2.966667,-0.20011,-0.01816,0.07504
2.983333,-0.01338,0.15445,0.00701
3.000000,0.06809,0.08148,-0.01123
3.016667,-0.10040,-0.06801,-0.01650
3.033333,0.12808,-0.08283,-0.07314
3.050000,0.03835,-0.08189,0.06180
3.066667,-0.16093,0.02787,0.02972
3.083333,0.02556,0.01074,-0.03491
3.100000,0.11138,0.01502,-0.02182
3.116667,-0.00958,0.09002,-0.04178
3.133333,-0.12160,-0.05207,0.02276
3.150000,0.07316,0.09685,0.00616
3.166667,0.16396,0.21700,0.01708
3.183333,-0.18657,-0.28455,0.05555
3.200000,-0.09810,-0.26141,0.00736
3.216667,0.16585,0.16126,0.01282
3.233333,-0.05472,-0.06415,-0.01823
3.250000,-0.03398,-0.01712,-0.03655
3.266667,0.01996,0.18161,-0.06808
3.283333,-0.08614,-0.06598,-0.04927
3.300000,0.17597,0.18172,0.09431
3.316667,0.20875,0.32993,0.05353
3.333333,-0.03854,-0.25630,0.03820
3.350000,-0.31007,-0.48682,-0.03960
3.366667,-0.35977,-0.02283,-0.22888
3.383333,0.31691,0.36611,0.07374
3.400000,0.32977,-0.12524,0.25775
3.416667,-0.27951,-0.44769,0.03623
3.433333,0.02557,0.43477,0.02486
3.450000,0.11698,0.60893,-0.16568
3.466667,-0.08386,-0.13588,-0.32930
3.483333,0.16054,-0.26694,0.07515
3.500000,-0.00431,-0.32407,0.23839
3.516667,-0.05140,-0.04724,-0.04452
3.533333,-0.06463,0.22533,-0.00893
3.550000,-0.37679,-0.29999,0.09206
3.566667,0.05586,-0.00238,0.02759
3.583333,0.15662,0.43000,0.18503
3.600000,0.07860,0.18452,0.07316
3.616667,0.63318,0.11585,-0.24228
3.633333,-0.14461,-0.52471,-0.36349
3.650000,-0.61439,-0.19181,-0.43024
3.666667,0.16092,0.68089,0.23191
3.683333,-0.38272,-0.36198,0.72199
3.700000,-0.14418,-0.33128,0.10376
3.716667,0.84369,0.43260,-0.14657
3.733333,0.08740,-0.31180,-0.08901
3.750000,-0.30423,-0.12565,-0.14618
3.766667,-0.09481,0.19182,0.08654
3.783333,0.12970,0.08733,0.04342
3.800000,0.17759,0.51187,-0.18373
3.816667,-0.64333,0.09312,-0.21935
3.833333,-0.25314,-0.38974,-0.02081
3.850000,0.46369,-0.54912,0.17471
3.866667,0.23325,-0.18943,0.10342
3.883333,0.43318,0.58510,0.27162
3.900000,-0.05879,-0.01948,0.22017
3.916667,-0.57769,-0.17942,-0.29922
3.933333,-0.10264,0.33397,-0.24463
3.950000,0.06898,-0.07451,0.04405
3.966667,0.07099,0.02018,-0.07280
3.983333,-0.06749,0.14681,-0.08867
4.000000,0.04062,-0.14373,0.05992
4.016667,0.22489,-0.28337,-0.01246
4.033333,-0.19378,-0.19767,0.04219
4.050000,0.10823,0.30538,0.35159
4.066667,0.37902,0.06663,0.19345
4.083333,-0.20998,-0.01270,-0.11971
4.100000,-0.26645,0.39224,-0.30551
4.116667,-0.15783,-0.34812,-0.51880
4.133333,-0.08800,-0.46641,0.10000
4.150000,0.08504,0.40686,0.63287
4.166667,0.09380,0.44194,-0.03567
4.183333,0.26316,-0.13696,-0.36387
4.200000,0.15519,-0.39300,0.05963
4.216667,0.09374,-0.05946,0.22320
4.233333,0.00600,-0.18172,0.19076
4.250000,-0.65085,-0.07608,0.07516
4.266667,-0.39655,0.70620,-0.33209
4.283333,0.40566,0.08030,-0.37468
4.300000,0.30490,-0.40128,-0.09334
4.316667,0.01170,0.34642,-0.02703
4.333333,0.04265,-0.01655,0.51226
4.350000,0.18432,-0.49308,0.53344
4.366667,0.05408,-0.05006,-0.35334
4.383333,-0.29017,0.03384,-0.13271
4.400000,-0.35789,-0.10583,0.18914
4.416667,-0.14529,0.13656,-0.42162
4.433333,0.32778,0.58704,-0.42449
4.450000,0.39249,0.27205,0.10236
4.466667,-0.20603,-0.51697,0.42960
4.483333,-0.20806,-0.42477,0.36641
4.500000,0.20221,-0.04764,-0.01884
4.516667,0.05708,0.22903,-0.13429
4.533333,-0.01932,0.37182,-0.14419
4.550000,0.03372,-0.19426,-0.27212
4.566667,-0.22840,-0.41501,-0.07121
4.583333,-0.18361,0.09762,0.23885
4.600000,0.16860,0.30502,0.13492
4.616667,0.21308,0.12685,0.00048
4.633333,0.00802,-0.03473,0.05572
4.650000,-0.10097,-0.05204,-0.04429
4.666667,-0.01492,-0.04733,-0.07000
4.683333,0.00763,-0.00858,-0.14305
4.700000,-0.00334,-0.06281,-0.09697
4.716667,-0.01388,-0.27455,0.35071
4.733333,-0.10630,-0.10294,-0.06280
4.750000,0.09796,0.31453,-0.37438
4.766667,0.22895,0.27623,0.44075
4.783333,-0.15476,-0.08211,0.22227
4.800000,-0.18621,0.00379,-0.37303
4.816667,0.15755,0.23859,-0.10932
4.833333,0.02266,-0.17475,-0.04418
4.850000,-0.11421,-0.42427,0.13895
4.866667,-0.00137,-0.15092,0.15931
4.883333,-0.04031,0.05017,-0.14915
4.900000,0.14850,0.32348,0.01435
4.916667,0.16518,0.25550,0.02371
4.933333,-0.18678,-0.04532,-0.06506
4.950000,-0.06263,0.00767,0.09331
4.966667,0.08811,-0.14454,0.03065
4.983333,-0.08243,-0.22503,-0.06571
5.000000,-0.09698,-0.04211,-0.07108
5.016667,0.07640,0.00430,0.03174
5.033333,0.20614,0.25279,0.06738
5.050000,-0.07248,0.12833,-0.13824
5.066667,-0.18821,-0.23460,-0.00120
5.083333,0.10696,0.10881,0.21009
5.100000,0.03097,0.19515,0.00178
5.116667,-0.00313,-0.20633,-0.06882
5.133333,0.09899,-0.18138,-0.02393
5.150000,-0.10942,0.03495,-0.14026
5.166667,-0.11732,0.11001,-0.02073
5.183333,-0.02437,-0.07028,0.25140
5.200000,0.01354,-0.23430,0.09847
5.216667,0.19647,0.22013,-0.23389
5.233333,0.12134,0.44166,-0.15960
5.250000,-0.10842,-0.11731,0.05873
5.266667,-0.10672,-0.24223,0.15514
5.283333,-0.05713,-0.03392,0.13265
5.300000,-0.03887,-0.10164,-0.08260
5.316667,0.05319,0.09125,-0.11644
5.333333,0.10366,0.10804,0.02273
5.350000,0.04560,-0.16472,0.00146
5.366667,-0.04189,-0.01793,0.00137
5.383333,-0.10989,0.09575,0.01253
5.400000,0.00928,0.02031,0.00959
5.416667,0.07167,0.05905,0.00120
5.433333,-0.06845,0.02982,-0.08153
5.450000,0.02448,0.02267,0.01121
5.466667,0.07021,-0.03154,0.11795
5.483333,0.00434,-0.13950,0.00314
5.500000,0.04306,-0.03057,-0.06109
5.516667,-0.10480,0.04263,0.00048
5.533333,-0.05497,-0.01360,0.03664
5.550000,0.05518,-0.00823,-0.00948
5.566667,-0.06383,0.04636,-0.03921
5.583333,0.06303,0.09544,-0.03668
5.600000,0.07748,0.00014,-0.03232
5.616667,-0.08736,-0.10733,0.04284
5.633333,-0.03686,0.00326,0.07837
5.650000,0.06070,0.14138,0.03297
5.666667,0.03578,0.01760,-0.03699
5.683333,-0.04699,-0.16917,-0.07052
5.700000,0.09440,-0.03483,0.00831
5.716667,0.08766,0.03866,0.03617
5.733333,-0.20689,-0.10785,0.01048
5.750000,-0.14699,0.01374,0.00333
5.766667,0.05331,0.15533,-0.03185
5.783333,0.08833,0.08154,-0.01069
5.800000,0.06793,0.05154,-0.01320
5.816667,0.03600,-0.00857,-0.01608
5.833333,0.05140,-0.10562,0.06240
5.850000,-0.04249,-0.13517,0.02621
5.866667,-0.11061,-0.10425,-0.04974
5.883333,-0.03055,0.06480,0.00917
5.900000,0.00706,0.16693,0.06030
5.916667,0.04353,0.02910,-0.02216
5.933333,0.05419,-0.02956,-0.09293
5.950000,0.01038,0.00677,0.00384
5.966667,-0.02645,-0.03203,0.06788
5.983333,-0.07303,-0.02183,-0.01880
6.000000,-0.04129,0.00244,-0.03089
6.016667,0.05717,0.02261,0.02058
6.033333,0.11942,0.03246,0.03302
6.050000,0.07379,-0.03977,0.04326
6.066667,-0.11267,-0.06413,-0.02992
6.083333,-0.17158,-0.02378,-0.08399
6.100000,0.00563,0.04917,0.00218
6.116667,0.10612,0.08653,0.05122
6.133333,0.06421,0.00262,0.00041
6.150000,0.01601,-0.02610,-0.02711
6.166667,-0.02373,-0.01522,0.04032
6.183333,-0.03837,-0.04667,0.05852
6.200000,-0.02985,-0.03660,-0.02302
6.216667,-0.01736,0.01430,-0.06087
6.233333,-0.00331,0.10557,-0.08672
6.250000,0.00626,0.03595,-0.02782
6.266667,0.03174,-0.11502,0.11047
6.283333,0.06943,-0.00751,0.08591
6.300000,0.05701,0.06881,-0.01676
6.316667,-0.00420,-0.00406,-0.03080
6.333333,-0.07877,-0.01828,-0.00755
6.350000,-0.14559,-0.07614,-0.00318
6.366667,-0.09414,-0.05397,-0.00548
6.383333,0.05176,0.09300,0.00112
6.400000,0.13556,0.08929,-0.02168
6.416667,0.12096,0.00901,-0.08610
6.433333,0.05658,0.02287,-0.05199
6.450000,0.02232,-0.01424,0.14128
6.466667,-0.07765,-0.13796,0.15672
6.483333,-0.18069,-0.08835,-0.05550
6.500000,-0.06029,0.07705,-0.09297
6.516667,0.02310,0.06331,-0.01888
6.533333,0.01904,0.01958,-0.02072
6.550000,0.08916,0.03871,0.01733
6.566667,0.03512,-0.02461,0.06551
6.583333,-0.01002,-0.03000,0.01041
6.600000,0.04037,0.00041,-0.07111
6.616667,0.01503,-0.00646,-0.05301
6.633333,0.00171,0.04815,-0.01679
6.650000,-0.03601,-0.01185,0.02832
6.666667,-0.08675,-0.07118,0.10041
6.683333,-0.03818,0.02044,0.03947
6.700000,0.01570,0.00614,-0.01731
6.716667,0.01511,-0.02625,-0.00657
6.733333,0.00297,-0.00215,-0.06558
6.750000,0.07832,0.03574,-0.04438
6.766667,0.10448,0.07892,-0.00009
6.783333,-0.04032,-0.01178,-0.00725
6.800000,-0.09213,-0.03521,0.04927
6.816667,-0.05052,-0.00581,0.04392
6.833333,-0.02579,-0.06951,0.01423
6.850000,0.05685,0.00294,-0.00401
6.866667,0.04915,0.04248,-0.06642
6.883333,-0.02793,-0.02888,-0.00055
6.900000,-0.00761,0.03113,0.04658
6.916667,-0.00830,0.05768,-0.03551
6.933333,-0.01361,-0.02432,-0.03005
6.950000,0.05327,-0.03775,0.02255
6.966667,0.05168,0.00810,0.03428
6.983333,-0.02713,-0.00767,0.00048
7.000000,-0.06954,-0.03431,-0.02388
7.016667,-0.05019,0.02743,0.01477
7.033333,-0.00409,0.04531,0.02059
7.050000,0.04658,0.00943,-0.01070
7.066667,0.07554,-0.01915,-0.01613
7.083333,0.03408,-0.05415,0.00773
7.100000,-0.04177,-0.01616,-0.00061
7.116667,-0.06460,0.00793,-0.01013
7.133333,-0.02401,0.03981,-0.01562
7.150000,-0.01614,0.06664,-0.09191
7.166667,0.00268,-0.03812,0.01445
7.183333,0.10228,-0.02867,0.19596
7.200000,0.07095,0.01936,0.05413
7.216667,-0.04900,-0.03387,-0.12495
7.233333,-0.04775,-0.00675,-0.09318
7.250000,-0.03065,-0.00869,0.01658
7.266667,-0.04132,0.00665,0.06144
7.283333,-0.02972,0.05703,-0.00557
7.300000,0.00858,-0.01648,-0.01725
7.316667,0.05239,-0.03953,0.01001
7.333333,0.07304,0.03591,-0.01451
7.350000,0.07145,0.04037,-0.02062
7.366667,-0.00611,-0.04805,0.02982
7.383333,-0.07674,-0.04929,0.06178
7.400000,-0.07280,0.02472,-0.04044
7.416667,-0.06972,-0.01075,-0.05422
7.433333,-0.00495,0.00094,0.04983
7.450000,0.07864,0.06128,-0.00319
7.466667,0.07507,0.03549,-0.02757
7.483333,0.02757,0.00344,0.02301
7.500000,-0.03655,-0.06773,-0.01015
7.516667,-0.03866,-0.09606,-0.01592
7.533333,0.00871,-0.00556,0.00714
7.550000,0.00233,0.07830,0.02535
7.566667,-0.00420,0.07819,0.03283
7.583333,0.02040,0.01787,-0.01508
7.600000,0.00122,-0.01416,-0.05000
7.616667,-0.07509,-0.05689,-0.00960
7.633333,-0.05146,-0.07453,0.02878
7.650000,0.07643,-0.00395,-0.00402
7.666667,0.08638,0.04413,-0.02414
7.683333,0.03179,0.06119,0.01434
7.700000,-0.02653,0.02050,0.05440
7.716667,-0.10353,-0.02242,0.02882
7.733333,-0.04384,0.01215,-0.05353
7.750000,0.04123,-0.03173,-0.07191
7.766667,0.04022,-0.08736,-0.01486
7.783333,0.04887,-0.01821,0.05638
7.800000,0.01037,0.05685,0.06421
7.816667,-0.03722,0.07609,0.01276
7.833333,-0.03218,0.05193,0.00239
7.850000,-0.03983,0.00056,-0.07061
7.866667,-0.00047,-0.05075,-0.10187
7.883333,0.06962,-0.07299,0.03806
7.900000,0.02484,-0.03956,0.08813
7.916667,-0.05331,-0.00849,0.05058
7.933333,-0.01234,0.02275,-0.01108
7.950000,0.03923,0.08330,-0.08676
7.966667,0.01562,0.06143,-0.02584
7.983333,0.00236,-0.02228,0.04826
8.000000,-0.04086,-0.06781,0.05352
8.016667,-0.08315,-0.05352,0.02616
8.033333,0.02245,0.03306,-0.05804
8.050000,0.11050,0.04477,-0.06980
8.066667,0.04111,-0.00984,-0.00843
8.083333,-0.02694,0.00841,0.01198
8.100000,-0.03562,0.00224,0.03979
8.116667,-0.04230,-0.03729,0.05828
8.133333,-0.05332,-0.03547,0.01857
8.150000,-0.00381,0.03197,-0.02007
8.166667,0.06228,0.06723,-0.03455
8.183333,0.02590,-0.01763,-0.01679
8.200000,0.01540,-0.04374,-0.01796
8.216667,0.03862,-0.01328,-0.02957
8.233333,-0.02597,0.01471,0.01896
8.250000,-0.02763,0.03919,0.03689
8.266667,0.00959,-0.03090,0.03855
8.283333,-0.04193,-0.01116,0.00505
8.300000,-0.05520,0.04130,-0.07828
8.316667,0.01344,-0.03287,-0.02504
8.333333,0.08549,0.00099,0.06501
8.350000,0.05736,0.02041,0.06522
8.366667,-0.04472,-0.03281,0.00687
8.383333,-0.06482,0.04113,-0.08426
8.400000,-0.04570,0.01804,-0.05829
8.416667,0.02827,-0.04483,0.01733
8.433333,0.10500,-0.00623,0.01563
8.450000,0.00200,-0.05926,0.01657
8.466667,-0.03449,-0.00556,0.02129
8.483333,0.01742,0.09732,0.02710
8.500000,-0.06081,0.00956,0.01228
8.516667,-0.03834,0.02158,-0.02246
8.533333,0.02733,0.04264,0.01184
8.550000,-0.02899,-0.08251,-0.01646
8.566667,0.01840,-0.08754,-0.09507
8.583333,0.08589,-0.00403,-0.02870
8.600000,0.04166,0.05205,0.03272
8.616667,-0.00216,0.06321,0.07364
8.633333,-0.08238,-0.00670,0.12841
8.650000,-0.09399,-0.03896,0.00655
8.666667,0.03742,0.03011,-0.11779
8.683333,0.06856,0.02570,-0.07698
8.700000,0.00259,-0.05866,0.00431
8.716667,-0.02113,-0.04024,0.02915
8.733333,-0.01396,0.00520,-0.01201
8.750000,0.00635,0.03268,0.00437
8.766667,-0.00012,0.05033,0.03246
8.783333,0.02426,0.00568,0.01272
8.800000,0.03899,-0.01047,0.02407
8.816667,-0.00351,-0.03887,0.00716
8.833333,-0.00009,-0.03763,-0.01379
8.850000,-0.07471,0.01323,-0.02916
8.866667,-0.09533,0.00142,-0.04472
8.883333,0.05655,0.06789,0.02849
8.900000,0.05568,0.06009,0.03943
8.916667,0.04545,-0.08662,-0.03585
8.933333,0.05625,-0.05685,-0.01078
8.950000,-0.06313,-0.00308,0.00121
8.966667,-0.01334,-0.01488,-0.01711
8.983333,0.00398,0.06867,0.05434
9.000000,-0.08692,0.08435,0.04583
9.016667,0.01035,-0.03588,-0.02891
9.033333,0.02826,-0.08290,-0.03517
9.050000,0.00628,-0.01989,-0.02413
9.066667,0.06745,0.00843,0.03059
9.083333,0.01633,0.03379,0.02382
9.100000,-0.01877,0.04007,-0.05325
9.116667,-0.06715,-0.01987,-0.03786
9.133333,-0.04620,0.01619,0.00902
9.150000,0.11385,0.00701,0.06484
9.166667,0.02922,-0.08066,0.05620
9.183333,-0.09426,0.02702,-0.02344
9.200000,-0.03139,0.07856,-0.01561
9.216667,-0.01214,-0.06319,0.00520
9.233333,0.02884,-0.07120,-0.02439
9.250000,0.04317,0.02202,-0.07221
9.266667,0.00512,0.03315,-0.03794
9.283333,0.04244,0.02771,0.05091
9.300000,0.03641,0.04003,0.04891
9.316667,-0.01118,0.02427,0.07500
9.333333,-0.06261,-0.02442,0.04080
9.350000,-0.13825,-0.08691,-0.08147
9.366667,-0.04299,-0.05096,-0.07624
9.383333,0.13247,0.06029,-0.01252
9.400000,0.07574,0.06782,0.03294
9.416667,-0.00274,0.02227,-0.01924
9.433333,0.07691,-0.00894,-0.00941
9.450000,0.00343,-0.06509,0.14117
9.466667,-0.18523,-0.09198,0.03573
9.483333,-0.11391,-0.02227,-0.14356
9.500000,0.11302,0.08954,-0.05442
9.516667,0.15468,0.11065,0.08166
9.533333,-0.00919,0.04452,0.04560
9.550000,-0.10689,-0.02997,-0.12915
9.566667,0.02372,-0.07154,-0.09744
9.583333,0.06165,-0.05974,0.14841
9.600000,-0.08205,-0.01737,0.14866
9.616667,-0.05792,0.03165,-0.01487
9.633333,0.04571,0.02694,-0.03347
9.650000,0.05428,0.00190,-0.04536
9.666667,0.02104,0.01153,-0.09313
9.683333,-0.01483,-0.01635,-0.02667
9.700000,-0.00288,-0.03033,0.04386
9.716667,-0.03062,-0.01517,0.02865
9.733333,-0.04515,0.01159,0.01543
9.750000,0.02786,0.10103,0.01219
9.766667,0.03634,0.09098,0.01627
9.783333,0.00578,-0.05092,0.00289
9.800000,0.00994,-0.14844,-0.02171
9.816667,0.01812,-0.10984,-0.02615
9.833333,-0.01270,0.05234,-0.00252
9.850000,-0.06927,0.11906,0.06271
9.866667,-0.03138,0.03255,-0.01321
9.883333,0.01203,-0.00493,-0.08579
9.900000,-0.00043,0.00054,0.04616
9.916667,0.07734,-0.04471,0.02996
9.933333,0.08136,-0.04240,-0.04075
9.950000,-0.01930,0.02080,0.00599
9.966667,-0.00924,0.02414,-0.00946
9.983333,-0.06721,-0.00816,0.01754
10.000000,-0.11428,-0.01310,0.02411
10.016667,0.03940,0.04692,-0.00278
10.033333,0.06107,0.05486,0.04347
10.050000,-0.05437,-0.04847,0.00226
10.066667,-0.03188,-0.05606,-0.09774
10.083333,0.09773,-0.02773,-0.04573
10.100000,0.11026,-0.00376,0.09570
10.116667,-0.00849,0.02385,0.01124
10.133333,0.01331,-0.01570,-0.08587
10.150000,0.01540,0.05099,0.03714
10.166667,-0.15862,0.01851,0.02727
10.183333,-0.16218,-0.05516,-0.00472
10.200000,0.00333,0.11199,0.02086
10.216667,0.06307,0.07763,-0.00315
10.233333,0.05893,-0.03841,0.08417
10.250000,0.08483,-0.07533,0.03754
10.266667,0.09759,-0.23160,-0.09927
10.283333,0.10748,-0.09784,-0.13388
10.300000,0.01940,0.15738,-0.16989
10.316667,-0.21433,0.16143,0.07254
10.333333,-0.26829,0.09981,0.27507
10.350000,-0.03821,0.01727,0.01305
10.366667,0.17342,-0.06434,-0.07413
10.383333,0.21896,-0.06837,0.07992
10.400000,0.08358,-0.01065,0.07655
10.416667,-0.16636,-0.03911,0.03415
10.433333,-0.21846,-0.05145,-0.17976
10.450000,0.00742,-0.00139,-0.35407
10.466667,0.21755,0.03053,-0.05764
10.483333,0.17519,0.11191,0.29690
10.500000,-0.11617,-0.02605,0.24797
10.516667,-0.18483,-0.06349,-0.04839
10.533333,0.12075,0.12282,-0.05754
10.550000,0.12331,-0.04138,0.13778
10.566667,-0.20900,-0.10945,-0.05397
10.583333,-0.21289,0.02636,-0.28182
10.600000,0.05455,-0.00720,-0.10060
10.616667,0.20940,0.00954,0.10347
10.633333,0.14108,0.03460,0.15578
10.650000,-0.08910,0.03658,0.16354
10.666667,-0.03973,0.04604,-0.00820
10.683333,0.11997,0.00750,-0.16789
10.700000,-0.04956,-0.09520,-0.10429
10.716667,-0.06658,-0.15259,-0.07373
10.733333,-0.05159,0.04077,0.08921
10.750000,-0.16018,0.12093,0.20152
10.766667,0.02997,0.00914,-0.11125
10.783333,0.12994,0.03917,-0.09167
10.800000,0.10630,0.01589,0.16799
10.816667,0.06274,-0.05184,0.05826
10.833333,-0.10544,-0.03268,-0.01764
10.850000,0.02845,-0.02659,-0.17047
10.866667,0.07311,-0.00502,-0.21304
10.883333,-0.19853,0.04233,0.16121
10.900000,-0.14679,0.03699,0.19748
10.916667,0.08078,-0.04327,-0.00366
10.933333,0.15763,-0.00143,-0.09737
10.950000,0.11906,0.06275,-0.11666
10.966667,-0.04177,-0.04737,0.11702
10.983333,-0.15095,-0.04321,0.13248
11.000000,-0.02028,0.02553,-0.03404
11.016667,0.11628,0.01141,-0.08036
11.033333,0.00098,0.01744,-0.16486
11.050000,-0.06199,-0.04341,-0.00233
11.066667,-0.04152,-0.04059,0.15111
11.083333,-0.07259,0.07027,0.06337
11.100000,0.08297,0.05675,0.03528
11.116667,0.13609,-0.04625,-0.06752
11.133333,0.01988,-0.03081,-0.09299
11.150000,0.04169,0.08628,0.02014
11.166667,-0.08341,0.01662,0.04934
11.183333,-0.25448,-0.10663,0.09671
11.200000,-0.08001,-0.04622,-0.01811
11.216667,0.21342,-0.04785,-0.21231
11.233333,0.18310,-0.00057,-0.06473
11.250000,-0.05605,0.13964,0.13960
11.266667,-0.02197,0.05340,0.11962
11.283333,0.03361,-0.00590,0.06810
11.300000,-0.10239,0.04085,-0.03193
11.316667,-0.06597,-0.06864,-0.14006
11.333333,0.03061,-0.12457,-0.03678
11.350000,0.03867,-0.03112,0.07077
11.366667,0.02555,0.06173,-0.00570
11.383333,-0.02407,0.07847,-0.04540
11.400000,-0.02947,0.01479,0.00892
11.416667,0.04395,-0.01230,0.05052
11.433333,0.12851,-0.02668,0.04004
11.450000,-0.03578,-0.02761,0.00422
11.466667,-0.21727,-0.00165,-0.04389
11.483333,0.01499,-0.00166,-0.07471
11.500000,0.11268,0.06531,0.04097
11.516667,-0.01083,0.03883,0.09975
11.533333,0.02050,-0.06468,-0.02695
11.550000,-0.03620,-0.01942,-0.06105
11.566667,-0.00202,-0.05717,-0.03759
11.583333,0.07698,-0.09005,-0.04415
11.600000,-0.02825,0.04865,0.01157
11.616667,0.03211,0.13691,0.08466
11.633333,0.04817,0.18479,0.08807
11.650000,-0.13413,0.06879,0.05948
11.666667,-0.14833,-0.18930,0.01590
11.683333,0.02664,-0.22434,-0.14625
11.700000,0.14319,-0.11649,-0.18950
11.716667,0.05354,-0.01629,-0.04079
11.733333,-0.00396,0.11392,0.05546
11.750000,0.04122,0.20731,0.18226
11.766667,-0.00833,0.16290,0.14181
11.783333,-0.05237,0.00034,-0.04685
11.800000,-0.05049,-0.11314,-0.03290
11.816667,-0.03043,-0.11330,-0.05571
11.833333,0.01139,-0.02124,-0.09654
11.850000,-0.00743,-0.01379,-0.02044
11.866667,0.02784,-0.12955,0.02081
11.883333,0.07858,-0.00125,0.06691
11.900000,-0.07742,0.16910,0.01071
11.916667,-0.08878,0.03143,-0.05511
11.933333,0.14744,-0.01956,0.02748
11.950000,0.09507,0.05659,0.03250
11.966667,-0.06136,-0.01748,0.00048
11.983333,-0.00729,-0.00283,0.03912
12.000000,0.01389,0.07575,0.03460
12.016667,-0.10803,-0.07547,-0.05457
12.033333,-0.22210,-0.17214,-0.12753
12.050000,0.03255,-0.00957,-0.02684
12.066667,0.26626,0.07547,0.12402
12.083333,0.02530,0.04971,0.07449
12.100000,-0.02893,0.06357,-0.09755
12.116667,0.12523,0.00165,-0.11455
12.133333,-0.00636,-0.03121,0.05413
12.150000,-0.18333,-0.02960,0.17674
12.166667,-0.07943,-0.07985,0.07484
12.183333,0.08457,0.04225,-0.13982
12.200000,-0.04672,0.12560,-0.09998
12.216667,-0.10763,-0.02424,0.06473
12.233333,0.09612,-0.07679,-0.01620
12.250000,0.18431,0.02345,-0.06269
12.266667,0.04590,0.01506,0.03106
12.283333,-0.14169,-0.08972,-0.00571
12.300000,-0.02652,-0.01883,0.01003
12.316667,0.10043,0.06860,0.15488
12.333333,-0.08962,0.05561,0.04813
12.350000,-0.07772,0.06220,-0.15483
12.366667,0.03555,-0.04698,-0.04853
12.383333,-0.03781,-0.07861,0.03429
12.400000,0.07432,-0.00840,-0.05270
12.416667,0.13955,-0.01229,-0.00741
12.433333,-0.12102,0.01786,0.05918
12.450000,-0.13242,0.00029,0.02533
12.466667,0.10825,0.04482,0.00230
12.483333,0.08217,0.05780,0.01408
12.500000,-0.00972,-0.08367,-0.01903
12.516667,0.00213,0.00713,-0.03262
12.533333,-0.03944,0.04244,0.05741
12.550000,-0.06573,-0.10174,0.03134
12.566667,-0.04426,0.04550,-0.09532
12.583333,-0.00012,0.08251,-0.06697
12.600000,0.04976,-0.10979,0.04469
12.616667,0.10042,0.00674,0.05094
12.633333,0.08359,0.08000,-0.00504
12.650000,-0.09808,-0.07594,0.03613
12.666667,-0.12518,0.03163,0.03924
12.683333,0.02816,0.09705,-0.08348
12.700000,0.04560,-0.11128,-0.03243
12.716667,0.04760,-0.09144,0.09071
12.733333,-0.04013,0.07545,-0.02825
12.750000,-0.05995,0.05636,-0.07589
12.766667,0.08291,-0.01873,0.05032
12.783333,-0.05402,0.03144,0.01673
12.800000,-0.02387,0.03876,-0.03745
12.816667,0.15570,-0.07690,-0.01017
12.833333,-0.07044,0.00513,-0.00530
12.850000,-0.09262,0.02824,0.04500
12.866667,0.10610,-0.13646,0.08140
12.883333,-0.01362,-0.03128,0.06840
12.900000,-0.12795,0.09913,-0.05364
12.916667,0.04840,0.08762,-0.24009
12.933333,0.14533,0.06266,-0.11789
12.950000,-0.09044,-0.03954,0.19074
12.966667,-0.13938,-0.06512,0.18579
12.983333,0.11414,-0.05155,0.01220
13.000000,0.12011,-0.01902,-0.04586
13.016667,-0.01415,0.08228,-0.11541
13.033333,-0.04543,0.04533,-0.08339
13.050000,-0.08599,-0.09505,0.11172
13.066667,-0.09423,-0.11420,0.12808
13.083333,0.02696,0.03001,-0.07139
13.100000,0.19348,0.16407,-0.17523
13.116667,0.06092,0.10786,-0.05607
13.133333,-0.19066,-0.05990,0.10854
13.150000,-0.04465,-0.11589,0.16979
13.166667,0.13427,-0.03375,0.10679
13.183333,0.04743,0.03783,-0.04574
13.200000,-0.06011,0.02994,-0.18440
13.216667,-0.08625,-0.04876,-0.19802
13.233333,0.00283,-0.06067,0.02707
13.250000,0.01708,0.04711,0.22758
13.266667,-0.01949,0.05595,0.10515
13.283333,0.06647,0.00161,-0.05360
13.300000,0.06092,0.04425,-0.07573
13.316667,-0.01270,0.00912,-0.05966
13.333333,-0.03294,-0.06679,-0.00441
13.350000,-0.06808,0.00440,0.05203
13.366667,-0.04689,0.00983,0.04816
13.383333,0.06402,-0.04915,-0.04596
13.400000,0.10233,0.01717,-0.06770
13.416667,-0.01672,0.00509,0.06844
13.433333,-0.08259,-0.02773,0.07951
13.450000,-0.02962,0.06405,-0.04687
13.466667,0.01709,0.01503,-0.05217
13.483333,0.04004,-0.06627,0.00966
13.500000,0.02210,-0.01419,-0.03280
13.516667,-0.00526,-0.00478,-0.06183
13.533333,-0.05074,0.04179,0.08770
13.550000,0.00599,0.09181,0.12550
13.566667,0.09647,-0.01045,-0.02949
13.583333,-0.05747,-0.08074,-0.05591
13.600000,-0.07254,-0.00427,-0.07620
13.616667,0.04774,0.00593,-0.03249
13.633333,-0.06447,-0.09208,0.12038
13.650000,-0.00341,-0.00940,0.02310
13.666667,0.12762,0.11831,-0.03748
13.683333,0.00709,0.09184,-0.03458
13.700000,-0.01726,0.06164,-0.14842
13.716667,0.02922,-0.06715,0.05559
13.733333,-0.00182,-0.18027,0.23226
13.750000,-0.04162,-0.08274,0.03401
13.766667,-0.06269,0.03103,-0.11380
13.783333,-0.02274,0.03066,-0.12202
13.800000,-0.07162,0.01480,0.00057
13.816667,-0.09425,0.10555,0.11066
13.833333,0.05341,0.14223,0.04581
13.850000,0.19243,0.09612,-0.04422
13.866667,0.26375,-0.00474,-0.12059
13.883333,0.04226,-0.21028,-0.09584
13.900000,-0.16833,-0.17886,0.02938
13.916667,-0.03400,-0.05724,0.16496
13.933333,-0.17182,-0.09226,0.23175
13.950000,-0.33072,0.03996,0.02108
13.966667,-0.04291,0.19420,-0.19823
13.983333,0.24266,0.25684,-0.15792
14.000000,0.29526,0.16983,-0.09603
14.016667,0.07193,-0.18148,-0.01744
14.033333,-0.01314,-0.19532,0.10828
14.050000,0.12000,-0.03966,0.15504
14.066667,-0.07220,-0.16757,0.07245
14.083333,-0.26378,-0.04841,-0.05388
14.100000,-0.22289,0.13583,-0.00184
14.116667,-0.12242,0.16331,-0.01807
14.133333,0.09350,0.23588,-0.16697
14.150000,0.24481,0.00087,0.00036
14.166667,0.25598,-0.24278,0.12283
14.183333,0.12689,-0.15782,0.00231
14.200000,-0.04943,-0.09018,0.02730
14.216667,-0.16614,-0.01450,-0.02079
14.233333,-0.24625,0.09106,-0.09082
14.250000,-0.00662,0.21731,-0.00931
14.266667,0.07620,0.25434,0.05054
14.283333,-0.23655,-0.02563,0.09037
14.300000,0.04129,-0.20864,-0.05117
14.316667,0.31598,-0.26366,-0.08213
14.333333,0.02575,-0.25141,0.12434
14.350000,0.07738,0.17310,0.06437
14.366667,0.09679,0.32801,0.02108
14.383333,-0.11171,0.07700,-0.05734
14.400000,-0.16846,-0.06375,-0.29794
14.416667,-0.16213,-0.11386,-0.07335
14.433333,-0.02351,0.04128,0.20599
14.450000,-0.00473,-0.05139,0.11068
14.466667,0.09599,0.03199,0.03424
14.483333,0.11760,0.18131,0.07187
14.500000,0.20690,-0.25269,-0.02760
14.516667,0.54112,0.10940,-0.16179
14.533333,-0.36440,0.12424,0.14263
14.550000,-0.89545,-0.52985,0.14803
14.566667,-0.09472,-0.17507,-0.34866
14.583333,-0.04527,0.21664,-0.24599
14.600000,0.32800,0.89651,0.15877
14.616667,0.61167,0.51317,0.32184
14.633333,0.07757,-1.09001,0.09636
14.650000,0.30423,-0.72080,-0.24173
14.666667,0.03180,0.10296,-0.07741
14.683333,-0.65993,0.44929,0.08185
14.700000,-0.48833,0.61072,0.09101
14.716667,-0.27416,-0.09626,0.07878
14.733333,0.06023,-0.15730,-0.07538
14.750000,0.55965,-0.04049,-0.08422
14.766667,0.50172,-0.30531,-0.08516
14.783333,0.01667,-0.14438,-0.09105
14.800000,-0.22772,0.07491,-0.00599
14.816667,-0.09647,0.16398,0.08764
14.833333,0.06076,0.04496,0.20254
14.850000,-0.19322,0.01867,0.17500
14.866667,-0.44923,0.07800,0.00732
14.883333,0.11854,0.06366,-0.19997
14.900000,0.35868,0.07800,-0.20138
14.916667,-0.07039,-0.11822,-0.00520
14.933333,0.11961,-0.09679,-0.01885
14.950000,0.29674,-0.03327,-0.05579
14.966667,0.06931,-0.11096,0.01998
14.983333,-0.06271,0.08455,0.07571
15.000000,-0.22210,0.00940,0.27620
15.016667,-0.27083,-0.14263,0.26608
15.033333,-0.35675,0.02572,-0.16097
15.050000,-0.27199,0.05195,-0.28647
15.066667,0.27099,0.08522,-0.10911
15.083333,0.48695,0.16818,-0.07793
15.100000,0.45134,0.03059,0.00061
15.116667,0.43993,0.01062,-0.01042
15.133333,-0.11493,0.05441,0.06976
15.150000,-0.52717,-0.05167,0.37636
15.166667,-0.42068,0.02776,0.08474
15.183333,-0.53224,-0.24929,-0.27320
15.200000,-0.19261,-0.50987,-0.11787
15.216667,0.45546,-0.01732,-0.04397
15.233333,0.47537,0.01623,0.08340
15.250000,0.47587,0.28753,-0.00008
15.266667,0.19297,0.81582,-0.04698
15.283333,-0.27512,0.10831,0.22886
15.300000,-0.14098,-0.20406,-0.13669
15.316667,-0.26303,-0.17260,-0.19370
15.333333,-0.47475,-0.51064,0.27793
15.350000,-0.12150,-0.14701,-0.04813
15.366667,0.13995,0.10793,-0.19542
15.383333,0.25084,0.06904,0.17605
15.400000,0.42259,0.09282,0.06474
15.416667,0.32801,0.11774,-0.16951
15.433333,-0.05533,0.14909,0.02502
15.450000,-0.32719,-0.11345,0.08228
15.466667,-0.26752,-0.00412,-0.11961
15.483333,-0.15043,0.04326,0.09983
15.500000,-0.24358,-0.17148,0.13504
15.516667,0.09221,0.05841,-0.14398
15.533333,0.68454,-0.01359,-0.07015
15.550000,0.20364,-0.02235,-0.03972
15.566667,-0.41569,0.22331,0.09965
15.583333,-0.16772,-0.04310,0.14873
15.600000,-0.06301,-0.14612,-0.22161
15.616667,-0.06839,-0.04885,-0.13695
15.633333,0.08937,-0.25926,0.21791
15.650000,0.22521,-0.06511,0.16503
15.666667,0.19522,0.36041,-0.01711
15.683333,-0.13311,0.18633,-0.07924
15.700000,-0.02693,0.16457,-0.12807
15.716667,0.15264,0.21036,-0.13657
15.733333,-0.24379,-0.17516,-0.02434
15.750000,-0.38909,-0.19555,0.08600
15.766667,-0.25537,-0.31355,0.18461
15.783333,-0.05499,-0.46800,0.19642
15.800000,0.40792,-0.14219,0.05150
15.816667,0.71711,0.01704,-0.13083
15.833333,0.52503,0.53538,-0.33023
15.850000,-0.13406,1.01469,-0.25828
15.866667,-0.68087,0.36220,0.16200
15.883333,-0.61638,-0.45349,0.32255
15.900000,-0.26266,-0.68702,0.12419
15.916667,0.15553,-0.51235,0.01555
15.933333,0.45359,-0.13009,-0.09849
15.950000,0.25160,0.18926,-0.24966
15.966667,-0.07141,0.27532,-0.04232
15.983333,0.03392,0.16212,0.17550
16.000000,0.18546,0.13332,0.04042
16.016667,-0.01394,0.10711,-0.01795
16.033333,-0.24215,-0.05516,-0.01490
16.050000,-0.20676,-0.06439,-0.04923
16.066667,-0.04213,-0.03786,0.06727
16.083333,0.03536,-0.14566,0.07777
16.100000,0.05885,-0.10862,-0.02302
16.116667,0.12911,-0.01661,-0.04657
16.133333,0.13225,0.03579,-0.11430
16.150000,0.01264,0.17357,-0.10080
16.166667,-0.12844,0.08826,0.06193
16.183333,-0.14285,-0.09038,0.16087
16.200000,0.02792,0.00030,0.11959
16.216667,0.11268,0.03510,-0.02948
16.233333,0.00472,-0.04804,-0.12530
16.250000,-0.03124,-0.04198,-0.06499
16.266667,-0.00385,0.00051,0.00879
16.283333,-0.03178,0.01909,0.03109
16.300000,-0.01394,0.00133,0.04273
16.316667,0.02815,0.00426,0.01333
16.333333,0.01437,-0.02806,-0.04173
16.350000,0.00878,-0.06402,-0.04124
16.366667,0.02855,0.04154,0.00544
16.383333,0.00688,0.10182,0.06101
16.400000,-0.04447,0.03505,0.04780
16.416667,-0.02551,0.01493,-0.05178
16.433333,0.01962,-0.03575,-0.02500
16.450000,-0.00027,-0.12485,0.04533
16.466667,0.00865,-0.05042,-0.02433
16.483333,-0.01085,0.05125,-0.05790
16.500000,-0.06678,0.04326,-0.03367
16.516667,0.04793,0.03771,0.03583
16.533333,0.12530,0.01001,0.11420
16.550000,-0.01861,-0.00440,0.01868
16.566667,-0.10445,-0.00191,-0.08370
16.583333,-0.02375,-0.02509,-0.02005
16.600000,0.03211,-0.00971,0.03365
16.616667,-0.00091,-0.01104,-0.02790
16.633333,0.01827,0.01310,-0.03747
16.650000,0.02607,-0.00405,0.04417
16.666667,-0.02176,-0.04298,0.01049
16.683333,0.01257,0.08460,-0.04758
16.700000,0.00333,0.03780,0.02008
16.716667,-0.03760,-0.08383,0.05662
16.733333,-0.01728,0.01959,0.03555
16.750000,-0.03758,-0.01007,-0.00649
16.766667,0.03224,-0.05565,-0.07468
16.783333,0.11701,0.02900,-0.04632
16.800000,0.01020,0.03829,0.01604
16.816667,-0.07528,0.02272,0.00523
16.833333,-0.02325,0.01502,0.02068
16.850000,0.02516,0.02685,0.03862
16.866667,-0.02358,-0.01736,-0.00722
16.883333,-0.06259,-0.07316,-0.03264
16.900000,-0.01452,-0.06411,0.02573
16.916667,0.03735,-0.06332,0.06304
16.933333,0.10680,0.05283,-0.02155
16.950000,0.04655,0.11923,-0.06646
16.966667,-0.06272,0.05277,0.00377
16.983333,0.00442,0.05092,-0.02207
17.000000,-0.04290,-0.01921,-0.10091
17.016667,-0.08339,-0.07404,0.02124
17.033333,0.05008,-0.05232,0.16123
17.050000,0.01622,-0.06552,0.09005
17.066667,-0.05881,-0.00378,-0.00023
17.083333,0.01285,0.02959,-0.06626
17.100000,0.08366,0.00246,-0.11864
17.116667,0.07617,0.02171,-0.04861
17.133333,0.02571,0.02836,0.01964
17.150000,-0.05532,0.07815,0.01509
17.166667,-0.13485,0.08663,0.01152
17.183333,-0.06978,-0.06872,0.06480
17.200000,0.05889,-0.11563,0.09514
17.216667,0.09847,-0.02863,-0.01351
17.233333,0.04523,-0.03590,-0.07540
17.250000,-0.04140,0.00410,-0.03698
17.266667,-0.05429,0.06124,-0.02363
17.283333,-0.00667,0.02650,-0.00697
17.300000,0.04660,0.03495,-0.00873
17.316667,0.00980,-0.00698,0.00615
17.333333,-0.02769,-0.01739,0.05181
17.350000,0.03263,0.03286,0.05559
17.366667,0.00826,-0.02685,0.02103
17.383333,-0.04087,-0.01154,-0.03411
17.400000,-0.06038,-0.00992,-0.05345
17.416667,-0.00480,-0.07367,-0.03831
17.433333,0.10467,-0.00253,-0.01014
17.450000,0.01275,0.05703,0.01607
17.466667,-0.04322,0.05775,0.04302
17.483333,0.00777,0.02763,0.05753
17.500000,-0.00976,0.00505,-0.04521
17.516667,0.01469,-0.03061,-0.06008
17.533333,-0.00982,-0.11080,0.05573
17.550000,-0.02037,0.00324,0.01840
17.566667,-0.03883,0.05986,-0.02032
17.583333,-0.07103,-0.07074,-0.00249
17.600000,0.12501,0.04497,-0.02431
17.616667,0.14196,0.14043,0.01791
17.633333,-0.06139,-0.00560,0.00541
17.650000,-0.03698,-0.04091,-0.03908
17.666667,-0.02472,-0.04640,0.02144
17.683333,-0.09555,-0.08076,0.01422
17.700000,-0.07319,-0.01634,-0.02786
17.716667,0.03629,0.01882,0.02602
17.733333,0.15691,0.03831,0.03606
17.750000,0.06185,0.04488,0.00375
17.766667,-0.04181,0.00666,-0.00373
17.783333,-0.00168,0.02234,0.00329
17.800000,-0.04069,0.02011,-0.01159
17.816667,-0.04277,-0.01468,-0.11969
17.833333,-0.05376,-0.06226,-0.08968
17.850000,-0.07295,-0.09288,0.11263
17.866667,0.09281,0.01673,0.15834
17.883333,0.14985,0.09217,0.05539
17.900000,0.03100,0.03862,-0.06331
17.916667,-0.05363,0.00601,-0.08649
17.933333,-0.09917,-0.03667,-0.02748
17.950000,-0.03514,-0.04877,-0.02627
17.966667,0.03182,0.01611,0.00795
17.983333,-0.02163,0.02395,0.04718
18.000000,-0.01668,-0.00018,0.01055
18.016667,0.06874,0.01762,0.00969
18.033333,0.08137,0.00990,0.02126
18.050000,0.01851,-0.04717,-0.00274
18.066667,-0.05921,-0.08409,-0.03263
18.083333,-0.04381,0.00498,-0.06397
18.100000,0.01052,0.14532,-0.03075
18.116667,-0.10999,0.08081,0.06493
18.133333,-0.12509,0.00002,0.10098
18.150000,0.10371,0.03303,0.04436
18.166667,0.21580,-0.17135,-0.08443
18.183333,0.19092,-0.24982,-0.12428
18.200000,-0.01773,-0.11834,0.04907
18.216667,-0.20067,-0.06404,0.08471
18.233333,-0.10129,0.30916,-0.02146
18.250000,-0.14843,0.46455,0.03130
18.266667,-0.15547,0.38983,-0.05019
18.283333,0.00816,0.19451,-0.10183
18.300000,0.17061,-0.70590,-0.00524
18.316667,0.51616,-0.78399,-0.10758
18.333333,0.20946,-0.17304,0.15951
18.350000,-0.48682,-0.01458,0.42938
18.366667,-0.16159,0.50970,-0.03320
18.383333,0.26319,0.49443,-0.29270
18.400000,-0.12740,0.03672,-0.21462
18.416667,-0.43056,0.12171,-0.11127
18.433333,-0.14486,-0.03917,0.12993
18.450000,0.34165,-0.18794,0.10134
18.466667,0.43828,-0.21757,0.05268
18.483333,0.09946,-0.19048,0.12983
18.500000,-0.20420,0.08301,0.03338
18.516667,-0.19954,-0.00931,-0.05713
18.533333,0.04678,-0.06539,-0.17230
18.550000,0.12170,0.17675,-0.14273
18.566667,-0.12552,0.19204,0.11758
18.583333,-0.24898,0.06724,0.11622
18.600000,0.03919,-0.06856,-0.01615
18.616667,0.31500,-0.14074,0.05019
18.633333,0.06289,-0.15123,0.03760
18.650000,-0.17469,-0.01780,-0.08453
18.666667,-0.03043,0.22618,-0.07261
18.683333,0.01571,0.06990,-0.04373
18.700000,0.07829,-0.16927,-0.01855
18.716667,0.07338,-0.02905,0.09436
18.733333,-0.14018,-0.02166,0.11427
18.750000,-0.09100,0.04313,0.03215
18.766667,0.03062,0.22972,-0.05303
18.783333,0.02925,-0.08140,-0.10804
18.800000,0.11716,-0.18806,-0.02499
18.816667,0.10724,-0.02965,0.02298
18.833333,-0.09524,-0.04575,-0.07532
18.850000,-0.24490,0.25598,0.00882
18.866667,-0.12496,0.15653,0.18698
18.883333,0.22021,-0.18641,0.09016
18.900000,0.33405,0.01245,-0.08098
18.916667,-0.02399,-0.08934,-0.12349
18.933333,-0.24574,-0.18090,-0.09697
18.950000,-0.10425,0.01541,0.00175
18.966667,-0.10037,-0.11039,0.10486
18.983333,0.04880,0.05577,0.14585
19.000000,0.33909,0.40517,0.03275
19.016667,0.04089,0.23413,-0.14260
19.033333,-0.22519,-0.00356,-0.13082
19.050000,-0.07310,-0.14263,-0.00991
19.066667,-0.07383,-0.32077,0.10460
19.083333,0.06921,-0.26610,0.08699
19.100000,0.16957,-0.05714,-0.04269
19.116667,0.03719,0.11453,-0.01702
19.133333,0.05092,0.15075,-0.00095
19.150000,-0.17033,0.07221,-0.02584
19.166667,-0.34145,0.20572,0.06004
19.183333,-0.01963,0.29719,0.01502
19.200000,0.38179,0.01307,-0.05664
19.216667,0.44625,-0.30453,-0.01133
19.233333,-0.00136,-0.40379,-0.05258
19.250000,-0.42231,-0.20224,-0.07350
19.266667,-0.40941,0.07326,0.10234
19.283333,-0.09394,0.14855,0.18469
19.300000,0.23044,0.17015,-0.01580
19.316667,0.23323,0.26010,-0.13660
19.333333,0.17612,0.25970,-0.08621
19.350000,0.19276,-0.04623,0.05028
19.366667,-0.05405,-0.27250,0.08842
19.383333,-0.36767,-0.31724,-0.12033
19.400000,-0.20309,-0.41122,0.02642
19.416667,0.04337,0.01216,0.17679
19.433333,0.04774,0.52637,-0.06794
19.450000,0.18895,0.35506,-0.01178
19.466667,0.04855,0.10804,-0.10895
19.483333,-0.05969,-0.12256,-0.20587
19.500000,0.11001,-0.35915,0.17859
19.516667,-0.22778,-0.16723,0.15382
19.533333,-0.07997,0.01481,0.07386
19.550000,0.42407,0.09245,0.17435
19.566667,0.02201,0.22609,-0.17564
19.583333,-0.23297,-0.07024,-0.37005
19.600000,-0.22404,-0.25157,-0.12742
19.616667,-0.23273,0.15462,0.14225
19.633333,0.21160,0.30004,0.28270
19.650000,0.29427,0.08743,0.12283
19.666667,0.16530,-0.12393,-0.05594
19.683333,0.05139,-0.26807,0.01849
19.700000,-0.30503,-0.19824,0.01311
19.716667,-0.02111,-0.08225,-0.13581
19.733333,0.11693,0.03423,-0.22020
19.750000,-0.24196,0.12543,-0.12924
19.766667,0.03130,0.21210,0.12106
19.783333,0.07130,0.36560,0.17844
19.800000,-0.14421,0.18647,0.08778
19.816667,0.02362,-0.15982,0.08509
19.833333,0.09421,-0.32827,0.02568
19.850000,0.31861,-0.44148,-0.02865
19.866667,0.28034,-0.27819,-0.07110
19.883333,-0.18201,0.01776,-0.09181
19.900000,-0.37073,0.26035,-0.06971
19.916667,-0.39564,0.59898,-0.10067
19.933333,-0.15308,0.37112,-0.01561
19.950000,0.22699,-0.18451,0.07905
19.966667,0.46848,-0.14059,0.11750
19.983333,0.37226,-0.18241,0.15107
20.000000,-0.08858,-0.29534,0.00567
20.016667,-0.28768,-0.11519,-0.05544
20.033333,-0.35989,-0.20258,-0.02489
20.050000,-0.00768,0.10723,-0.07994
20.066667,0.39756,0.54489,-0.03932
20.083333,-0.22949,0.17362,-0.12427
20.100000,-0.26710,-0.10750,-0.04395
20.116667,0.33390,-0.10660,0.31576
20.133333,0.16023,-0.18195,0.07414
20.150000,0.15164,-0.07248,-0.14390
20.166667,0.05082,0.13525,0.05182
20.183333,-0.43543,0.18045,-0.19635
20.200000,-0.27617,-0.06693,-0.16541
20.216667,0.09763,-0.21294,0.25323
20.233333,0.25706,-0.07207,0.18151
20.250000,0.19331,0.03850,-0.05530
20.266667,-0.11098,0.06403,-0.06581
20.283333,-0.11819,-0.00296,0.09199
20.300000,0.06412,0.11201,-0.00617
20.316667,0.19107,0.30191,-0.19464
20.333333,0.01145,0.01593,-0.19929
20.350000,-0.41291,-0.32299,-0.18616
20.366667,-0.15503,-0.32434,0.33971
20.383333,0.16964,-0.10257,0.56028
20.400000,0.06032,0.25356,-0.06580
20.416667,0.30158,0.27794,-0.20228
20.433333,0.23233,0.05618,-0.14424
20.450000,-0.25656,-0.02936,-0.31083
20.466667,-0.22660,-0.11504,-0.04442
20.483333,-0.05573,-0.14056,0.22732
20.500000,-0.05285,-0.06265,0.16647
20.516667,0.07776,0.09902,0.07639
20.533333,0.11086,0.19121,-0.07496
20.550000,-0.03694,0.00861,-0.20116
20.566667,-0.06026,-0.09321,0.02076
20.583333,0.06031,-0.07711,0.26644
20.600000,0.18184,-0.11433,0.15036
20.616667,0.12849,-0.02055,-0.06572
20.633333,-0.08382,0.06478,-0.30105
20.650000,-0.25940,0.03527,-0.35420
20.666667,-0.30892,0.08807,-0.02424
20.683333,-0.03017,0.16032,0.28559
20.700000,0.33270,0.05022,0.37731
20.716667,0.30521,-0.07251,0.16542
20.733333,0.07850,-0.08645,-0.20464
20.750000,-0.14559,-0.16743,-0.24603
20.766667,-0.27468,-0.15675,-0.05823
20.783333,-0.12455,-0.02457,0.11589
20.800000,0.09922,0.06252,0.12423
20.816667,0.19098,0.21089,-0.09027
20.833333,0.13497,0.23246,-0.18863
20.850000,-0.16495,0.02210,-0.13005
20.866667,-0.28419,-0.17312,0.10739
20.883333,0.10547,-0.19070,0.34385
20.900000,0.26363,0.06611,0.09705
20.916667,-0.03724,0.26060,-0.17589
20.933333,-0.13978,0.06036,-0.15116
20.950000,-0.02023,-0.26608,-0.04998
20.966667,0.07163,-0.40933,0.17853
20.983333,0.23275,-0.27455,0.25255
21.000000,0.26513,0.09159,-0.00818
21.016667,-0.23580,0.59342,-0.41577
21.033333,-0.72622,0.74637,-0.48940
21.050000,-0.42135,0.14322,-0.03017
21.066667,0.17831,-0.40866,0.28110
21.083333,0.62817,-0.50295,0.56145
21.100000,0.91799,-0.55056,0.73928
21.116667,0.42373,-0.21456,-0.01148
21.133333,-0.54144,0.34046,-0.74789
21.150000,-0.93842,0.45744,-0.70718
21.166667,-0.73966,0.24325,-0.40139
21.183333,-0.08113,0.01768,0.17181
21.200000,0.58613,-0.01329,0.64524
21.216667,0.60051,-0.04317,0.57572
21.233333,0.40862,-0.21428,0.19060
21.250000,0.15303,-0.24301,-0.19798
21.266667,-0.33620,-0.06878,-0.32299
21.283333,-0.35973,0.12372,-0.27308
21.300000,-0.07612,0.19068,-0.26496
21.316667,-0.13112,0.16127,-0.18585
21.333333,-0.23048,0.00783,0.11865
21.350000,-0.10415,-0.16681,0.40850
21.366667,0.27168,-0.08133,0.47866
21.383333,0.53551,0.05275,0.29010
21.400000,0.27800,-0.03278,-0.21424
21.416667,-0.07384,-0.08072,-0.48092
21.433333,-0.23484,0.10438,-0.34495
21.450000,-0.37594,0.13259,-0.27618
21.466667,-0.38149,-0.09287,-0.02715
21.483333,-0.08057,-0.06869,0.41751
21.500000,0.33941,0.06472,0.55509
21.516667,0.52856,0.02883,0.31327
21.533333,0.28365,0.00318,-0.13198
21.550000,-0.17898,-0.06827,-0.44469
21.566667,-0.32938,-0.09263,-0.38834
21.583333,-0.20121,0.01395,-0.15563
21.600000,-0.11791,0.07877,0.05019
21.616667,-0.08116,0.06628,0.29098
21.633333,0.10892,0.00878,0.39221
21.650000,0.36540,0.05223,0.09062
21.666667,0.15867,-0.01257,-0.21420
21.683333,-0.06921,-0.17715,-0.14424
21.700000,-0.06781,-0.01519,-0.04896
21.716667,-0.21207,0.07183,-0.07745
21.733333,-0.01318,-0.02630,0.02681
21.750000,0.09792,0.01746,0.03963
21.766667,-0.14149,0.01394,-0.04380
21.783333,-0.08053,0.06752,0.06179
21.800000,0.06365,0.09595,0.06508
21.816667,0.12204,-0.08625,0.05544
21.833333,0.07531,-0.12550,0.11464
21.850000,0.14287,-0.03294,-0.06159
21.866667,0.19181,0.04253,-0.16041
21.883333,-0.13857,0.08450,-0.07313
21.900000,-0.31530,-0.00268,-0.08881
21.916667,-0.28286,-0.00153,-0.05302
21.933333,-0.13555,0.01860,0.15074
21.950000,0.08324,-0.10214,0.19005
21.966667,0.29548,-0.02317,0.12822
21.983333,0.50101,0.14713,0.07572
22.000000,0.19344,0.08110,-0.17187
22.016667,-0.15070,-0.09696,-0.22348
22.033333,-0.22385,-0.13697,-0.17724
22.050000,-0.44955,-0.00752,-0.15638
22.066667,-0.42402,0.03212,0.21389
22.083333,-0.05806,-0.02117,0.37328
22.100000,0.44545,0.03174,0.21232
22.116667,0.66095,0.14989,-0.01898
22.133333,0.30793,0.13240,-0.29081
22.150000,-0.15236,-0.03484,-0.25985
22.166667,-0.50742,-0.16392,-0.10985
22.183333,-0.47259,-0.26122,0.10244
22.200000,-0.06532,-0.08892,0.25199
22.216667,0.30861,0.27354,0.09296
22.233333,0.38126,0.19293,-0.05436
22.250000,0.05010,-0.04945,-0.08177
22.266667,-0.17518,-0.06898,-0.01647
22.283333,-0.14588,0.02003,-0.02494
22.300000,-0.02945,0.03996,-0.02782
22.316667,0.06721,-0.18390,0.09384
22.333333,0.04460,-0.09243,0.00852
22.350000,0.15474,0.25557,-0.04673
22.366667,0.09715,0.14041,0.05071
22.383333,-0.22086,-0.10324,-0.03643
22.400000,-0.28473,-0.18091,-0.17690
22.416667,-0.07757,-0.16160,-0.02758
22.433333,0.11812,0.01631,0.19750
22.450000,0.21452,0.17028,0.20151
22.466667,0.29660,0.18974,0.14139
22.483333,0.04916,0.09123,-0.18186
22.500000,-0.20336,-0.04883,-0.38207
22.516667,-0.13295,-0.09047,-0.10159
22.533333,-0.26880,-0.10040,0.05118
22.550000,-0.08106,-0.11021,0.20237
22.566667,0.19988,-0.05047,0.18575
22.583333,0.13729,-0.00301,0.05476
22.600000,0.22905,0.09308,0.11251
22.616667,-0.05580,0.15044,-0.12434
22.633333,-0.16770,-0.00662,-0.12453
22.650000,0.05598,0.00180,-0.11551
22.666667,-0.12101,0.06171,-0.24261
22.683333,-0.13149,-0.15001,0.07706
22.700000,-0.01131,-0.09761,0.10271
22.716667,0.24784,0.20931,0.17730
22.733333,0.27350,0.20005,0.20410
22.750000,-0.19580,-0.08760,-0.13979
22.766667,-0.22533,-0.34992,-0.06166
22.783333,-0.02233,-0.31267,0.01372
22.800000,0.06084,0.05716,0.15464
22.816667,-0.04307,0.31863,0.01510
22.833333,-0.01634,0.28265,-0.45874
22.850000,0.32070,0.18261,-0.18189
22.866667,0.01101,-0.03723,0.03574
22.883333,-0.30504,-0.22888,0.18100
22.900000,-0.04137,-0.19097,0.43050
22.916667,0.06615,-0.15843,0.20932
22.933333,0.20344,0.00610,0.07476
22.950000,0.08390,0.14754,-0.29679
22.966667,-0.26129,0.02572,-0.44708
22.983333,-0.08385,0.12618,-0.10227
23.000000,-0.00299,0.16447,-0.15024
23.016667,-0.04497,-0.16689,0.18200
23.033333,0.17681,-0.16402,0.43982
23.050000,0.09336,0.09058,0.14580
23.066667,0.07423,0.04510,0.10759
23.083333,0.07120,-0.01732,-0.17327
23.100000,-0.24970,0.00637,-0.34289
23.116667,-0.14893,-0.09573,-0.10827
23.133333,-0.02515,-0.10410,0.03769
23.150000,-0.00372,0.03409,0.21182
23.166667,0.17808,0.18837,0.09091
23.183333,0.06294,0.19901,-0.09004
23.200000,0.10005,-0.08365,-0.05282
23.216667,0.12605,-0.20481,-0.04531
23.233333,-0.12595,0.01483,0.05182
23.250000,-0.25818,0.01015,0.04936
23.266667,-0.24793,-0.14995,0.01677
23.283333,0.09716,0.05322,0.03251
23.300000,0.24680,0.17082,0.00931
23.316667,0.10152,-0.05855,0.00386
23.333333,0.11977,0.02212,-0.17843
23.350000,-0.00022,0.09500,-0.09179
23.366667,-0.10133,-0.11643,0.20220
23.383333,-0.21276,-0.02893,0.04068
23.400000,-0.20877,0.04006,-0.07581
23.416667,0.15679,-0.01079,0.02078
23.433333,0.20402,0.06431,-0.05809
23.450000,0.02960,-0.04241,-0.06431
23.466667,-0.04579,-0.11327,0.09631
23.483333,-0.03598,-0.11527,0.20363
23.500000,0.09750,0.02647,0.07552
23.516667,-0.01311,0.34923,-0.19417
23.533333,-0.05194,0.05957,-0.09517
23.550000,-0.00794,-0.20878,0.03416
23.566667,-0.15538,0.04379,-0.26657
23.583333,-0.00811,-0.04290,-0.10967
23.600000,0.10155,-0.08559,0.36133
23.616667,-0.01838,0.04207,0.15810
23.633333,0.01359,-0.07065,-0.04715
23.650000,0.09175,-0.07472,0.11415
23.666667,0.06217,0.01223,0.00386
23.683333,0.02153,0.12821,-0.10267
23.700000,0.08080,0.25987,-0.13205
23.716667,-0.16179,0.13319,-0.27883
23.733333,-0.29025,-0.15394,-0.01440
23.750000,-0.00789,-0.33294,0.21810
23.766667,0.03099,-0.23220,0.09406
23.783333,0.21346,0.07394,0.17816
23.800000,0.26171,0.22006,0.07972
23.816667,-0.04955,0.18072,-0.13854
23.833333,-0.13565,0.07203,-0.09273
23.850000,-0.18944,-0.06786,-0.09152
23.866667,0.04488,-0.05753,-0.06589
23.883333,0.08582,-0.08920,-0.00801
23.900000,-0.14622,-0.16624,0.06735
23.916667,0.09179,0.05188,0.07820
23.933333,0.06195,0.18918,-0.00098
23.950000,-0.01316,-0.00920,0.10233
23.966667,0.08478,-0.03488,0.02566
23.983333,-0.05511,0.09599,-0.14279
24.000000,0.03023,0.00546,-0.00070
24.016667,-0.05518,-0.09996,0.03900
24.033333,-0.20541,-0.17490,-0.04463
24.050000,0.03458,-0.12207,-0.07785
24.066667,0.16556,0.22396,-0.03695
24.083333,0.16130,0.22355,0.15831
24.100000,-0.01470,-0.04955,0.07878
24.116667,-0.20308,0.00337,-0.09543
24.133333,-0.09247,-0.02370,0.04754
24.150000,0.06833,-0.10103,-0.06282
24.166667,0.18406,0.06656,-0.13920
24.183333,0.00503,-0.07118,0.13287
24.200000,-0.16959,-0.24870,0.06574
24.216667,0.01548,0.02185,-0.03572
24.233333,-0.10222,0.11811,0.04788
24.250000,-0.04398,0.14536,-0.00248
24.266667,0.28067,0.26268,-0.07672
24.283333,0.05853,-0.01963,-0.10396
24.300000,-0.02458,-0.16936,0.03930
24.316667,-0.07207,-0.04752,0.09446
24.333333,-0.17729,-0.15628,-0.02153
24.350000,0.09660,-0.14364,0.02397
24.366667,-0.01412,0.09085,0.05556
24.383333,-0.02790,0.16078,-0.01958
24.400000,0.10343,0.04589,-0.02863
24.416667,-0.17867,-0.02842,-0.02405
24.433333,0.04943,0.00815,-0.14067
24.450000,0.23885,0.04949,-0.05502
24.466667,-0.02370,0.03464,0.17951
24.483333,-0.02500,-0.05817,0.10868
24.500000,-0.12832,-0.10002,0.07200
24.516667,-0.12200,-0.04360,0.00621
24.533333,0.11766,-0.00732,-0.14938
24.550000,0.03439,0.03963,-0.03532
24.566667,-0.06225,0.08608,-0.08544
24.583333,0.07660,0.04798,-0.15095
24.600000,0.06493,0.00214,0.09104
24.616667,-0.10214,-0.01301,0.13132
24.633333,0.00316,-0.13569,0.07066
24.650000,0.05988,-0.09015,0.07472
24.666667,-0.11043,0.12103,-0.00734
24.683333,0.05081,0.02163,0.07482
24.700000,0.17041,0.06486,0.10760
24.716667,-0.05153,0.20528,-0.19566
24.733333,-0.21187,-0.03621,-0.41849
24.750000,-0.18356,-0.24121,-0.25736
24.766667,0.10461,-0.29586,0.14194
24.783333,0.25215,-0.08171,0.48919
24.800000,0.16038,0.18481,0.56529
24.816667,0.10595,0.34366,0.03769
24.833333,-0.13343,0.46797,-0.56905
24.850000,-0.28549,-0.06218,-0.42026
24.866667,-0.21911,-0.47817,-0.11278
24.883333,-0.05326,-0.35554,0.06824
24.900000,0.23757,-0.15028,0.19419
24.916667,0.26200,0.27456,0.33225
24.933333,0.01237,-0.01349,0.44582
24.950000,-0.09787,-0.15002,-0.18000
24.966667,0.17433,0.53068,-0.38348
24.983333,0.07885,0.13623,0.06551
25.000000,-0.35333,-0.29438,-0.14175
25.016667,-0.13501,0.37504,-0.26792
25.033333,-0.07101,0.37194,-0.26164
25.050000,-0.17776,-0.34108,-0.16763
25.066667,-0.03017,-0.47345,0.11164
25.083333,0.32694,-0.53857,0.37129
25.100000,0.58406,-0.55370,0.85002
25.116667,0.20493,-0.27303,0.91270
25.133333,0.46930,-0.33235,0.76514
25.150000,-0.06807,1.33286,-0.36333
25.166667,-0.67585,2.75056,-1.36610
25.183333,-1.29608,1.33142,-2.36638
25.200000,-3.82482,0.34505,-4.88147
25.216667,1.10075,-3.56105,0.63670
25.233333,7.26377,-6.02264,8.92710
25.250000,1.38534,0.84292,3.65598
25.266667,-3.46979,3.98902,-2.89717
25.283333,-2.35807,1.14438,-1.93630
25.300000,-1.04801,1.49574,-1.96844
25.316667,0.73915,0.62159,-1.64748
25.333333,0.44428,-0.82427,-0.86000
25.350000,0.64186,-1.09841,0.07053
25.366667,1.04115,-2.11242,2.55023
25.383333,-0.88456,-0.22715,1.53679
25.400000,-0.93311,1.62809,-0.63702
25.416667,0.58240,0.29041,-0.07181
25.433333,0.71780,-0.32126,-0.24710
25.450000,0.12832,-0.16704,-0.05844
25.466667,0.10522,-0.08145,0.47843
25.483333,-0.54411,0.70792,-0.67054
25.500000,-0.97990,0.79984,-0.77956
25.516667,0.44206,-0.16539,-0.50062
25.533333,0.29564,-0.96787,-0.07377
25.550000,-0.55070,-0.78039,1.18092
25.566667,0.42421,0.18175,0.57388
25.583333,0.59354,0.30877,0.11294
25.600000,0.25100,-0.39414,0.35406
25.616667,0.32588,-0.03820,-0.62480
25.633333,-0.50089,1.12310,-0.68330
25.650000,-1.15861,0.89101,-0.42226
25.666667,-0.20989,-0.45218,-0.00985
25.683333,0.45754,-0.59864,0.64163
25.700000,-0.28604,0.08928,-0.12863
25.716667,0.06107,-0.11918,0.29889
25.733333,1.42959,-1.32557,0.81035
25.750000,0.95280,-0.68311,-0.56325
25.766667,-0.99681,2.02835,-0.64439
25.783333,-1.32265,0.95506,-0.34789
25.800000,0.20803,-1.72740,0.08382
25.816667,0.45001,-0.28531,1.42245
25.833333,-0.24920,1.29244,0.61065
25.850000,0.19243,0.20073,-0.77457
25.866667,0.05823,-0.53897,-1.25007
25.883333,-1.00623,1.01204,-1.90680
25.900000,-0.38900,0.72563,0.24985
25.916667,1.62567,-2.56911,2.95738
25.933333,1.76662,-2.13567,1.60052
25.950000,-0.59991,1.06016,-0.83058
25.966667,-1.88264,1.99839,-1.49764
25.983333,-0.53486,1.11026,-0.59668
26.000000,0.37442,-0.13351,-0.01283
26.016667,0.03771,-0.67743,-0.19140
26.033333,0.22192,-0.68602,0.51992
26.050000,0.46221,-0.07723,0.65010
26.066667,0.62163,-0.03027,0.27406
26.083333,0.44893,-0.70234,0.13416
26.100000,-0.83796,0.64260,-0.87755
26.116667,-1.34662,1.69467,-1.10230
26.133333,-0.33301,0.03696,-0.02248
26.150000,0.57859,-1.58566,1.00485
26.166667,0.87603,-1.21042,1.20910
26.183333,1.02325,0.25608,0.22686
26.200000,0.58634,0.53479,-0.52589
26.216667,-0.90773,0.74095,-0.69832
26.233333,-1.92797,1.61471,-0.84125
26.250000,-1.17169,-0.17786,-0.02590
26.266667,1.00792,-2.05742,0.62987
26.283333,2.17007,-0.52170,0.07276
26.300000,0.65422,0.50930,0.22177
26.316667,-0.88102,0.25505,0.64764
26.333333,-0.85737,0.53848,0.12606
26.350000,-0.41575,0.10655,-0.65737
26.366667,-0.22717,-0.22686,-1.13688
26.383333,0.28637,-0.10139,-0.10229
26.400000,1.16267,-0.54071,1.15359
26.416667,0.54430,-0.30045,0.75218
26.433333,-0.91077,0.62224,-0.12389
26.450000,-1.00008,1.01155,-0.81833
26.466667,0.05436,0.20702,-0.38521
26.483333,0.64574,-1.08656,0.56374
26.500000,0.12424,-0.66507,-0.07400
26.516667,-0.30496,0.49107,-0.66652
26.533333,0.08944,0.31114,0.21184
26.550000,0.91772,-0.34380,0.98198
26.566667,0.26459,-0.50308,0.42554
26.583333,-1.50453,0.26126,-0.63868
26.600000,-0.94390,1.21503,-0.78084
26.616667,0.57221,0.52727,-0.19954
26.633333,0.90797,-0.79338,0.29172
26.650000,0.83295,-0.75490,0.46750
26.666667,0.06248,-0.45021,0.15636
26.683333,-0.63119,-0.18609,-0.11311
26.700000,-0.55080,0.76615,0.32724
26.716667,-0.44019,0.64327,-0.10812
26.733333,-0.20837,-0.28699,-0.95850
26.750000,0.44652,-0.22052,0.20080
26.766667,0.74565,0.22158,0.45992
26.783333,0.02080,0.34100,-0.51266
26.800000,-0.43637,-0.32510,0.43907
26.816667,0.11896,-0.93485,0.68712
26.833333,0.44774,-0.35066,-0.22552
26.850000,0.07124,0.46761,-0.20778
26.866667,-0.49458,1.03406,-0.26242
26.883333,-0.75206,0.95398,-0.43405
26.900000,-0.46676,-0.14916,-0.53103
26.916667,0.37536,-1.30911,0.08745
26.933333,1.28051,-1.26721,1.36689
26.950000,0.82291,0.07983,1.00301
26.966667,-0.65154,0.97104,-0.52479
26.983333,-1.04633,0.84957,-1.23079
27.000000,-0.35929,0.34325,-0.66128
27.016667,0.37271,-0.54237,0.39401
27.033333,0.54243,-0.67335,0.45883
27.050000,0.00044,0.06093,0.17161
27.066667,-0.26003,0.22393,0.19954
27.083333,-0.13905,-0.15494,-0.07283
27.100000,0.06605,-0.20098,0.00934
27.116667,0.40692,0.42729,0.03335
27.133333,-0.01838,0.59484,-0.45603
27.150000,-0.50683,-0.36107,-0.30692
27.166667,0.06772,-0.65181,0.12669
27.183333,0.51430,0.10199,0.33217
27.200000,0.12141,0.28471,0.37105
27.216667,-0.57709,-0.02064,0.19981
27.233333,-0.64798,-0.09399,-0.02159
27.250000,0.16040,-0.09886,-0.62933
27.266667,0.76265,0.20264,-0.38929
27.283333,0.55726,0.34377,0.45557
27.300000,-0.18353,-0.15868,-0.15596
27.316667,-0.49478,-0.09305,-0.16573
27.333333,-0.26002,-0.07680,0.54776
27.350000,-0.27220,-0.63839,0.07300
27.366667,0.03179,0.02935,0.10486
27.383333,0.51022,0.80589,0.03663
27.400000,0.42265,0.29678,-0.50522
27.416667,0.10235,-0.13162,-0.10549
27.433333,-0.27544,-0.11587,-0.07282
27.450000,-0.38854,-0.23043,0.02639
27.466667,-0.33127,-0.49766,0.47862
27.483333,-0.22781,-0.19377,0.04245
27.500000,0.23834,0.33511,-0.05359
27.516667,0.49576,0.28140,-0.00188
27.533333,0.35876,0.31293,-0.43614
27.550000,0.07389,0.18128,-0.05633
27.566667,-0.25606,-0.13392,0.32498
27.583333,-0.26279,-0.08495,-0.01107
27.600000,-0.12887,-0.25748,0.05660
27.616667,-0.05262,-0.32322,0.15120
27.633333,-0.03224,-0.11181,-0.17120
27.650000,0.00601,0.09734,-0.21089
27.666667,0.18922,0.41123,0.03227
27.683333,0.10503,0.20571,0.21632
27.700000,-0.00775,-0.14209,0.14010
27.716667,0.12291,-0.00875,-0.19014
27.733333,-0.03191,0.01964,-0.26228
27.750000,-0.11210,-0.05051,0.07824
27.766667,-0.00814,-0.10538,0.23795
27.783333,-0.19878,-0.20418,0.02634
27.800000,-0.15676,-0.05987,-0.01302
27.816667,0.17636,0.16566,0.04865
27.833333,0.22827,0.26443,-0.17469
27.850000,0.03110,0.09921,-0.23968
27.866667,-0.09025,-0.20677,0.01913
27.883333,0.09544,-0.10003,0.20337
27.900000,-0.03321,0.06200,0.25921
27.916667,-0.35245,0.00002,0.09100
27.933333,0.16849,0.02936,-0.15820
27.950000,0.44675,-0.04378,-0.18272
27.966667,-0.18411,-0.01713,-0.22253
27.983333,-0.49265,-0.02106,-0.03602
28.000000,-0.14799,-0.16991,0.27739
28.016667,0.42770,0.15711,0.14423
28.033333,0.38769,0.21533,0.17318
28.050000,-0.08708,-0.05373,0.06239
28.066667,-0.10885,0.11146,-0.44697
28.083333,-0.21797,-0.05465,-0.25968
28.100000,-0.15617,-0.20644,0.00347
28.116667,0.14260,-0.00964,-0.03225
28.133333,-0.14953,-0.24182,0.30401
28.150000,-0.03432,-0.10732,0.49232
28.166667,0.50177,0.44975,0.19116
28.183333,0.24416,0.26981,-0.21311
28.200000,-0.13239,-0.03776,-0.32296
28.216667,-0.21053,0.02022,-0.37287
28.233333,-0.56765,-0.38038,-0.20244
28.250000,-0.45452,-0.47196,0.15550
28.266667,0.51683,0.28049,0.12810
28.283333,0.76670,0.41745,0.33654
28.300000,0.23226,0.23090,0.00922
28.316667,-0.13490,0.07336,-0.34938
28.333333,-0.56539,-0.36367,0.20950
28.350000,-0.39345,-0.31833,0.27486
28.366667,0.15629,-0.25962,0.74219
28.383333,0.36350,0.07230,-0.09469
28.400000,0.46510,0.49736,-1.48942
28.416667,0.17815,0.45126,-0.36342
28.433333,-0.31512,0.35535,0.05102
28.450000,-1.28452,-0.65348,0.61029
28.466667,-1.22806,-0.56800,0.17493
28.483333,-0.20495,-1.01249,-0.57960
28.500000,2.02872,-1.47466,2.86906
28.516667,6.02301,3.78119,1.32399
28.533333,-0.85662,3.28326,-5.46733
28.550000,-9.60975,-3.35872,-3.74842
28.566667,0.85367,-1.27081,5.81218
28.583333,6.42589,-0.17987,5.27276
28.600000,-1.68758,-2.18479,-5.16991
28.616667,-1.89010,1.65093,-2.76289
28.633333,-0.63119,2.33727,3.14296
28.650000,-0.11566,-0.61067,0.39449
28.666667,2.92737,-0.51652,0.57214
28.683333,1.82456,0.06117,-1.72663
28.700000,0.19273,0.22826,-3.41736
28.716667,-1.46940,0.49849,0.41730
28.733333,-3.85314,-0.74137,2.37895
28.750000,-4.06608,-1.45485,4.02961
28.766667,0.43792,0.04745,0.82399
28.783333,7.83939,1.35403,-2.18179
28.800000,5.83124,1.74437,-1.53702
28.816667,-3.56044,-0.69504,-3.42583
28.833333,-6.09693,-2.45348,0.82874
28.850000,-1.15702,0.22387,3.25943
28.866667,2.15319,0.49604,-1.91151
28.883333,0.34398,0.27315,-0.78429
28.900000,-0.02180,1.34872,1.37964
28.916667,0.62037,-0.19177,0.43011
28.933333,-0.86977,-0.23693,2.06108
28.950000,0.25099,-0.38656,1.19585
28.966667,1.84989,-0.98877,-1.53263
28.983333,0.71355,0.49678,-1.75171
29.000000,-1.81478,-0.22076,-3.74050
29.016667,-2.69314,-0.10364,-1.71917
29.033333,1.03264,1.46542,4.72331
29.050000,2.29461,-0.27985,2.85864
29.066667,-0.25478,-1.21055,0.17134
29.083333,-0.31572,-0.17682,1.01329
29.100000,0.07086,0.65126,-1.88439
29.116667,0.52040,1.36755,-3.39498
29.133333,-0.10762,-0.32542,-1.96119
29.150000,-1.92325,-0.78295,-0.12226
29.166667,-0.92396,0.80701,3.09394
29.183333,-0.28032,-1.96547,5.99388
29.200000,1.30593,-2.16767,1.05751
29.216667,3.63316,2.77153,-6.73752
29.233333,0.35278,2.08349,-2.99373
29.250000,-2.45076,-0.61035,1.87075
29.266667,-1.10307,-0.12835,0.59850
29.283333,-0.22185,-0.45311,1.05091
29.300000,0.10931,-0.68902,0.43742
29.316667,0.08534,-0.37965,-0.28536
29.333333,0.20306,-0.17668,0.27405
29.350000,0.34478,0.26524,0.02537
29.366667,0.10821,0.38998,0.38865
29.383333,0.42566,0.66164,-0.10646
29.400000,0.06390,0.42377,-0.98996
29.416667,-0.35343,-0.44634,-0.74623
29.433333,-0.18583,-0.81504,0.55407
29.450000,-0.43458,-0.42197,1.28422
29.466667,-0.12191,0.28283,-0.34133
29.483333,0.11201,0.26369,-1.30598
29.500000,0.08620,0.17300,-0.48078
29.516667,0.83568,0.59799,0.45900
29.533333,0.79328,0.27025,1.14420
29.550000,-0.26912,-0.36862,1.05307
29.566667,-0.94852,-0.55796,0.42897
29.583333,-1.06188,-0.59160,-0.28243
29.600000,-0.42057,-0.13812,-0.89996
29.616667,0.47305,0.37024,-1.47785
29.633333,0.64410,0.54374,-1.34200
29.650000,0.50317,0.33535,-0.06422
29.666667,0.32484,-0.23369,0.77535
29.683333,0.55360,-0.05127,1.24811
29.700000,0.58266,0.22555,2.04306
29.716667,-1.00346,-0.18049,1.69833
29.733333,-1.16976,-0.25698,-0.75919
29.750000,-0.16515,-0.20418,-2.93690
29.766667,-0.84150,-0.11841,-1.99494
29.783333,-0.25256,0.07278,0.21994
29.800000,0.87623,0.19612,1.00452
29.816667,1.37232,0.47734,0.73463
29.833333,1.71904,0.16151,0.63415
29.850000,-0.41158,-0.50603,0.46988
29.866667,-1.59010,-0.37589,-0.16220
29.883333,-0.49004,0.14890,-0.17248
29.900000,-0.46116,0.19668,-0.14216
29.916667,-0.28557,0.00697,-0.52947
29.933333,0.47561,0.25378,-0.28570
29.950000,0.58162,0.09124,-0.06339
29.966667,0.08482,-0.54178,0.14609
29.983333,-0.13005,-0.19596,0.50790
30.000000,0.25344,0.39031,0.26319
30.016667,0.24846,0.26381,-0.06301
30.033333,-0.04862,-0.10631,-0.36077
30.050000,-0.27178,-0.32374,-0.52760
30.066667,-0.38073,-0.05124,0.16840
30.083333,-0.18398,0.20735,0.73667
30.100000,0.12668,0.19504,0.29510
30.116667,0.17746,0.10585,-0.24760
30.133333,-0.01015,-0.22503,-0.42186
30.150000,0.16005,-0.26572,-0.41257
30.166667,0.18523,-0.04821,-0.17649
30.183333,-0.14780,0.07389,0.17624
30.200000,-0.02793,0.26380,0.45834
30.216667,0.04230,0.14217,0.41601
30.233333,-0.10688,-0.08829,0.07790
30.250000,-0.06164,-0.07847,-0.10377
30.266667,-0.06070,-0.12069,-0.24198
30.283333,-0.00844,-0.07188,-0.45927
30.300000,0.11095,0.08324,-0.27344
30.316667,0.07466,0.09884,0.15222
30.333333,-0.06726,-0.01651,0.30997
30.350000,-0.05262,-0.06013,0.30951
30.366667,0.12104,-0.00238,0.13330
30.383333,0.07662,-0.04609,-0.19231
30.400000,-0.09087,0.03670,-0.14430
30.416667,-0.12243,0.15236,0.11427
30.433333,0.03536,-0.01030,-0.01869
30.450000,0.18864,-0.03794,-0.25976
30.466667,-0.07458,0.00832,-0.15310
30.483333,-0.22328,-0.15814,0.12670
30.500000,0.06194,-0.11060,0.25200
30.516667,0.07809,0.15013,0.13142
30.533333,-0.03080,0.13536,-0.03327
30.550000,0.00671,-0.09077,-0.11728
30.566667,-0.01962,-0.11709,-0.16401
30.583333,0.06171,0.08675,-0.04087
30.600000,0.15512,0.17228,0.15269
30.616667,0.04740,0.03245,0.11826
30.633333,-0.08937,-0.09134,0.00691
30.650000,-0.11790,-0.13600,-0.05703
30.666667,-0.13424,-0.10144,-0.14683
30.683333,-0.07833,0.08727,-0.13625
30.700000,0.13067,0.15798,-0.00804
30.716667,0.09000,-0.06439,0.20618
30.733333,-0.08320,-0.17406,0.31182
30.750000,0.02338,0.01052,0.04624
30.766667,0.10102,0.14666,-0.20281
30.783333,0.06438,0.11018,-0.21672
30.800000,0.04416,0.04838,-0.16520
30.816667,-0.00758,-0.00451,-0.00781
30.833333,-0.03525,-0.08340,0.08341
30.850000,-0.08557,-0.14966,0.14388
30.866667,-0.19213,-0.13362,0.18292
30.883333,-0.19902,-0.02767,0.03090
30.900000,0.06722,0.13161,0.08437
30.916667,0.32808,0.19216,0.09508
30.933333,0.17789,0.06823,-0.37214
30.950000,-0.06441,-0.07437,-0.52872
30.966667,-0.05751,-0.07417,-0.09256
30.983333,0.01000,0.02911,0.41383
31.000000,-0.00214,0.01553,0.68906
31.016667,-0.08194,-0.07325,0.25542
31.033333,-0.09552,-0.04903,-0.53340
31.050000,-0.00188,-0.01336,-0.49675
31.066667,-0.00666,0.02914,0.05627
31.083333,-0.06562,0.00642,0.07822
31.100000,-0.04091,-0.08561,-0.15961
31.116667,0.06016,0.08047,0.02602
31.133333,0.30644,0.25998,0.47329
31.150000,0.31655,0.12249,0.59601
31.166667,-0.21057,-0.13781,0.03639
31.183333,-0.38201,-0.33434,-0.91932
31.200000,-0.05199,-0.17831,-0.89998
31.216667,-0.03992,0.12255,0.39590
31.233333,0.00698,0.11391,1.06878
31.250000,0.02208,0.00204,0.19533
31.266667,0.06771,-0.02807,-1.14642
31.283333,0.36804,0.35271,-0.20923
31.300000,-0.02174,0.43166,1.80896
31.316667,-0.12028,-0.51305,-0.24622
31.333333,0.07538,-0.52417,-2.16053
31.350000,-0.13427,0.11059,-0.00559
31.366667,-0.13021,0.13537,1.44482
31.383333,-0.71084,0.44857,1.74865
31.400000,0.02306,-0.21485,0.01097
31.416667,1.32312,-0.80934,-2.24255
31.433333,0.74269,-0.18988,-1.47991
31.450000,-0.58654,0.39862,-0.64393
31.466667,-2.69629,1.84256,2.20887
31.483333,0.10871,0.69189,2.78658
31.500000,4.21658,-2.14660,-2.02916
31.516667,-0.39364,-0.89908,-1.13606
31.533333,-3.11608,0.37757,1.35298
31.550000,-0.11777,0.01317,-0.37167
31.566667,0.70302,0.42236,-0.44129
31.583333,0.86009,0.27254,-0.21409
31.600000,0.21858,0.08278,-0.21650
31.616667,-0.33701,0.02246,-0.13303
31.633333,0.47155,-0.11612,-0.02543
31.650000,-0.27778,0.19437,0.95458
31.666667,-1.17420,0.39378,0.55816
31.683333,-0.17066,-0.17738,0.18370
31.700000,0.97204,-0.96895,-0.17129
31.716667,0.51465,-0.43217,-1.13167
31.733333,-0.11738,0.27520,-0.67890
31.750000,-0.04429,0.27225,0.06553
31.766667,-0.33119,0.60188,0.59873
31.783333,-0.36145,0.45269,0.52879
31.800000,-0.01023,-0.07414,0.22753
31.816667,0.17156,-0.33284,0.19232
31.833333,0.26672,-0.52756,-0.54331
31.850000,0.15472,-0.16877,-0.24266
31.866667,-0.08794,0.18524,0.14248
31.883333,-0.19489,0.17062,-0.17558
31.900000,-0.00510,0.16659,0.21749
31.916667,0.02019,-0.06042,-0.08641
31.933333,0.01361,-0.09597,-0.11575
31.950000,0.22064,-0.05036,0.02514
31.966667,-0.10268,0.01298,-0.25972
31.983333,-0.40315,0.38742,0.67746
32.000000,-0.00504,-0.02704,0.52991
32.016667,0.33561,-0.50229,-0.53795
32.033333,0.22394,-0.01454,-0.35096
32.050000,-0.07481,0.17182,-0.24523
32.066667,-0.20182,0.15729,-0.14978
32.083333,-0.06484,0.08997,0.21903
32.100000,0.06198,-0.24172,0.20572
32.116667,-0.01236,-0.04299,0.23719
32.133333,-0.02346,0.10757,0.31075
32.150000,0.09538,-0.04426,-0.23585
32.166667,0.03161,0.06916,-0.43338
32.183333,-0.02255,0.02503,0.12738
32.200000,-0.00495,-0.03154,-0.08141
32.216667,-0.08229,0.03203,-0.11805
32.233333,-0.08971,-0.07360,0.33493
32.250000,-0.01409,-0.00443,0.03278
32.266667,0.18944,0.05022,-0.02533
32.283333,0.22664,-0.11465,0.00603
32.300000,-0.13081,-0.06822,-0.22462
32.316667,-0.17792,0.04810,-0.04516
32.333333,-0.05773,0.13587,0.05569
32.350000,-0.09825,0.21282,0.06491
32.366667,0.14198,-0.00565,0.22242
32.383333,0.08136,-0.16766,0.21358
32.400000,-0.06365,-0.14776,-0.27687
32.416667,0.23230,-0.15116,-0.55512
32.433333,-0.04403,0.07318,0.19950
32.450000,-0.33200,0.16595,0.55466
32.466667,0.06502,-0.02355,-0.11550
32.483333,0.17763,-0.00203,-0.33608
32.500000,0.01721,0.08112,-0.00499
32.516667,-0.02821,0.08112,0.09461
32.533333,-0.01374,0.00677,0.04471
32.550000,-0.01819,-0.14601,0.07814
32.566667,-0.11335,-0.10072,0.04974
32.583333,-0.05441,0.01417,-0.04547
32.600000,0.08682,0.01538,-0.08365
32.616667,0.08174,0.03269,-0.03678
32.633333,0.05722,0.00988,0.03061
32.650000,-0.00703,-0.02581,-0.04422
32.666667,-0.09759,0.04245,-0.06096
32.683333,0.02695,0.08918,0.06790
32.700000,0.11366,0.02525,0.10871
32.716667,-0.07447,-0.02102,0.09474
32.733333,-0.10795,-0.04836,0.01911
32.750000,-0.01368,-0.09875,-0.14029
32.766667,0.00912,-0.02385,-0.16983
32.783333,0.09101,0.05014,0.01842
32.800000,0.01723,-0.01870,0.08199
32.816667,-0.09101,-0.00842,0.02632
32.833333,0.02269,0.04446,0.07042
32.850000,0.13120,0.00842,-0.06968
32.866667,0.07106,0.00370,-0.03967
32.883333,-0.08455,0.03345,0.10137
32.900000,-0.05930,0.10299,-0.04744
32.916667,-0.05971,0.10515,0.15083
32.933333,-0.26719,-0.15959,0.09790
32.950000,-0.10277,-0.27417,-0.32159
32.966667,0.27265,-0.01255,-0.11081
32.983333,0.29903,0.11262,0.01431
33.000000,0.19514,0.02784,-0.04917
33.016667,0.12526,0.01731,0.10798
33.033333,-0.07820,0.10920,0.15386
33.050000,-0.40449,0.15598,0.24403
33.066667,-0.51578,0.02219,0.15411
33.083333,-0.21676,-0.14960,-0.17885
33.100000,0.25931,-0.24205,-0.43442
33.116667,0.61946,-0.14066,-0.44704
33.133333,0.49061,0.17191,0.17056
33.150000,-0.14042,0.23057,0.62848
33.166667,-0.48678,0.03868,0.20750
33.183333,-0.27600,-0.03885,-0.15720
33.200000,0.01287,-0.13221,-0.19156
33.216667,0.17707,-0.14509,-0.07832
33.233333,0.13015,0.04706,0.00831
33.250000,0.04768,0.17876,-0.17181
33.266667,0.02683,0.13277,0.04055
33.283333,-0.09405,-0.04739,0.11506
33.300000,-0.12372,-0.08690,-0.11591
33.316667,-0.09987,-0.06110,0.30528
33.333333,0.01004,-0.24314,0.34535
33.350000,0.19524,-0.16701,-0.08475
33.366667,0.13403,0.21945,-0.31090
33.383333,0.05926,0.48910,-0.55853
33.400000,-0.03937,0.42110,-0.22734
33.416667,-0.23779,-0.25531,0.25528
33.433333,-0.17692,-0.77919,0.50540
33.450000,0.04986,-0.35813,0.59126
33.466667,0.14016,0.28522,0.01309
33.483333,0.08191,0.50566,-0.45325
33.500000,0.05064,0.17527,-0.48886
33.516667,0.08375,-0.18871,-0.17815
33.533333,0.09631,0.14236,0.26846
33.550000,-0.19179,0.17984,-0.01823
33.566667,-0.38965,-0.54689,-0.00255
33.583333,0.11350,-0.66425,0.50927
33.600000,0.22578,0.23800,0.26184
33.616667,-0.09412,1.01984,-0.29909
33.633333,0.08672,0.51732,-0.64632
33.650000,0.08255,-0.55573,-0.33683
33.666667,0.01990,-0.91091,0.51461
33.683333,0.10699,-0.57867,0.74383
33.700000,-0.16387,0.34773,0.10175
33.716667,-0.27976,1.07667,-0.50204
33.733333,-0.06219,0.63687,-0.32537
33.750000,0.16339,-0.26251,-0.24092
33.766667,0.25692,-0.57990,-0.25785
33.783333,0.13563,-0.45975,0.37238
33.800000,-0.08527,-0.35968,0.59487
33.816667,-0.30022,0.01030,0.43040
33.833333,-0.16026,0.34421,0.01433
33.850000,0.24540,0.37374,-0.67167
33.866667,0.13528,0.53783,-0.50054
33.883333,-0.14223,0.21883,-0.22349
33.900000,0.04259,-0.48811,0.11138
33.916667,0.01614,-0.56781,0.66834
33.933333,-0.09120,-0.21874,0.35938
33.950000,0.18173,-0.05189,0.08591
33.966667,0.05372,-0.01036,-0.39048
33.983333,-0.18129,0.45329,-0.67798
34.000000,-0.02686,0.70311,0.27694
34.016667,-0.07092,0.03559,0.24992
34.033333,-0.11235,-0.56982,-0.02972
34.050000,0.03738,-0.45725,0.29899
34.066667,0.23409,0.24989,-0.32518
34.083333,0.28423,0.38663,-0.17560
34.100000,-0.08113,-0.53107,0.32625
34.116667,-0.17677,-0.45300,-0.18803
34.133333,-0.05783,0.48333,0.03144
34.150000,-0.26112,0.46245,0.21409
34.166667,-0.13048,0.17371,-0.17954
34.183333,0.23975,0.01591,-0.05698
34.200000,0.28460,-0.36244,0.00819
34.216667,0.15088,-0.29904,0.06058
34.233333,-0.10752,0.08839,0.11961
34.250000,-0.28308,0.13562,-0.08627
34.266667,-0.11323,-0.02954,-0.15270
34.283333,0.16423,-0.11007,-0.07083
34.300000,0.18544,-0.02709,0.13505
34.316667,-0.02333,0.07040,0.10479
34.333333,-0.16605,0.13456,0.10672
34.350000,-0.11725,0.19773,0.18245
34.366667,0.01744,0.06040,-0.32028
34.383333,0.04320,-0.11030,-0.33632
34.400000,0.07919,-0.14863,0.06574
34.416667,0.24157,-0.27331,0.09675
34.433333,0.14085,-0.29519,0.21599
34.450000,-0.21373,0.09665,0.09255
34.466667,-0.33305,0.54563,0.02774
34.483333,-0.12952,0.37222,0.01398
34.500000,0.12688,-0.08039,-0.23227
34.516667,0.14401,-0.08744,-0.04736
34.533333,0.03184,-0.19110,-0.06718
34.550000,0.13359,-0.41483,-0.09933
34.566667,0.16991,-0.15016,0.21469
34.583333,-0.09263,-0.00638,0.07005
34.600000,-0.15336,0.03658,0.12168
34.616667,-0.07898,0.48050,0.05808
34.633333,-0.25850,0.57432,-0.31125
34.650000,-0.17698,0.04977,0.06082
34.666667,0.32090,-0.44829,0.06691
34.683333,0.47546,-0.49809,-0.15617
34.700000,0.07795,-0.15343,0.14426
34.716667,-0.25996,0.08558,-0.05079
34.733333,-0.18930,0.12056,0.00165
34.750000,-0.06481,0.20464,0.16471
34.766667,-0.11381,0.20989,-0.21733
34.783333,0.02205,0.01326,-0.06711
34.800000,0.35640,-0.22179,0.11841
34.816667,0.18087,-0.16384,0.13822
34.833333,-0.38837,0.12913,0.14481
34.850000,-0.26683,0.16769,-0.25315
34.866667,0.23977,0.01406,-0.18652
34.883333,0.19508,-0.06573,0.11763
34.900000,-0.00601,-0.11133,-0.00457
34.916667,-0.04206,-0.12008,0.00169
34.933333,-0.04926,-0.14241,0.17879
34.950000,-0.03022,-0.01893,0.05748
34.966667,-0.00875,0.27465,-0.15180
34.983333,0.02211,0.29640,-0.06805
35.000000,-0.09832,0.12444,-0.03335
35.016667,-0.06959,-0.07026,0.04620
35.033333,0.16851,-0.31584,0.14638
35.050000,0.10052,-0.25086,-0.14755
35.066667,0.03400,-0.06425,-0.14734
35.083333,0.00225,0.01399,0.23779
35.100000,-0.16133,0.22364,0.12668
35.116667,-0.10124,0.25359,-0.16368
35.133333,0.00595,0.09910,0.00328
35.150000,0.03884,-0.02832,0.01119
35.166667,0.06060,-0.24426,-0.13840
35.183333,0.09898,-0.23882,0.07317
35.200000,0.09230,0.02735,0.03452
35.216667,-0.10816,0.18874,-0.02681
35.233333,-0.13336,0.12939,0.06442
35.250000,-0.05225,-0.02428,-0.03901
35.266667,0.01240,-0.07703,0.05008
35.283333,0.16234,-0.05346,-0.05283
35.300000,0.04518,0.00195,-0.02902
35.316667,-0.06499,0.02248,0.17600
35.333333,-0.07810,0.01585,-0.14066
35.350000,-0.09874,0.04856,-0.13229
35.366667,0.13952,-0.04480,0.04719
35.383333,0.19677,-0.11683,0.10655
35.400000,-0.06867,0.04182,0.18464
35.416667,-0.24937,0.17656,-0.16706
35.433333,-0.06425,0.06700,-0.22637
35.450000,0.21939,-0.11272,0.03753
35.466667,0.08092,-0.11163,0.17393
35.483333,-0.06826,-0.08089,0.18626
35.500000,-0.06818,-0.02365,-0.07848
35.516667,-0.13827,0.16237,-0.19048
35.533333,-0.00602,0.09275,-0.10591
35.550000,0.26966,-0.09686,0.07187
35.566667,0.24141,0.00443,0.17344
35.583333,-0.14797,0.06628,0.01665
35.600000,-0.32816,-0.00351,-0.05159
35.616667,-0.15874,-0.00446,-0.07900
35.633333,0.08018,-0.10113,-0.06151
35.650000,0.25488,-0.14255,0.04844
35.666667,0.13973,0.04635,0.09771
35.683333,-0.04912,0.13526,0.02786
35.700000,-0.08950,0.09015,-0.06292
35.716667,-0.09192,0.01951,-0.04750
35.733333,-0.03903,-0.07464,-0.03217
35.750000,-0.00531,0.00072,0.04799
35.766667,0.02247,0.03431,0.05534
35.783333,0.13630,-0.14366,0.01472
35.800000,0.13399,-0.15661,-0.03125
35.816667,-0.08187,0.06361,-0.09565
35.833333,-0.20038,0.22439,0.06169
35.850000,-0.14281,0.14211,-0.03355
35.866667,0.04015,-0.02114,0.01486
35.883333,0.25083,-0.08454,0.21096
35.900000,0.09464,-0.14450,-0.14024
35.916667,-0.06954,-0.16484,-0.13502
35.933333,0.03319,-0.03063,0.01303
35.950000,-0.09813,0.18175,0.01515
35.966667,-0.19278,0.20978,0.11852
35.983333,0.01574,0.05285,-0.01993
36.000000,0.11358,-0.06325,0.01744
36.016667,0.05690,-0.12128,-0.01207
36.033333,0.01291,-0.07004,-0.03022
36.050000,-0.00769,-0.04721,0.02635
36.066667,0.03757,-0.06714,-0.14651
36.083333,0.06320,0.05820,0.00661
36.100000,-0.06275,0.13042,0.09306
36.116667,-0.13344,0.08690,0.06281
36.133333,-0.05365,0.00131,0.05091
36.150000,0.01055,-0.01305,-0.05245
36.166667,0.04106,0.01923,0.01894
36.183333,0.08021,-0.10054,-0.12288
36.200000,0.09784,-0.16584,-0.08086
36.216667,0.00923,-0.07959,0.10861
36.233333,-0.08322,0.05264,-0.01789
36.250000,-0.04284,0.16828,0.04752
36.266667,0.00914,0.21282,0.08323
36.283333,-0.01709,0.10582,0.01152
36.300000,-0.04319,-0.16789,-0.03771
36.316667,-0.00743,-0.25421,-0.09539
36.333333,0.02311,-0.11603,0.03419
36.350000,0.05743,0.10162,-0.01132
36.366667,0.11686,0.22349,-0.12963
36.383333,0.03503,-0.00420,0.00453
36.400000,-0.12358,-0.17940,0.18567
36.416667,-0.17251,-0.11134,0.16107
36.433333,-0.11376,0.12326,-0.16863
36.450000,0.12034,0.35009,-0.12039
36.466667,0.23772,0.10653,0.09344
36.483333,0.02273,-0.26473,-0.09366
36.500000,-0.06393,-0.36719,0.12270
36.516667,-0.02549,-0.15038,0.17029
36.533333,0.00704,0.20004,-0.22617
36.550000,0.04351,0.21286,-0.10071
36.566667,-0.11522,0.20730,-0.07912
36.583333,-0.15284,0.09699,-0.04672
36.600000,-0.06004,-0.21058,0.30052
36.616667,0.06683,-0.03665,0.21908
36.633333,0.24764,-0.02447,-0.00220
36.650000,0.07767,-0.34648,-0.18226
36.666667,0.02582,-0.10945,-0.24198
36.683333,0.10225,0.22767,-0.01788
36.700000,-0.28277,0.28361,0.07545
36.716667,-0.38489,0.23254,0.05132
36.733333,0.06101,0.01070,0.01283
36.750000,0.42598,-0.14570,-0.00518
36.766667,0.41705,-0.29941,0.01087
36.783333,-0.17035,-0.26879,0.04253
36.800000,-0.83306,0.26427,0.24367
36.816667,-0.33067,0.27348,0.03376
36.833333,0.75159,-0.30623,-0.44872
36.850000,0.55864,-0.12936,-0.15657
36.866667,-0.11775,0.34648,0.20037
36.883333,-0.14352,0.21330,0.06642
36.900000,-0.28414,-0.05244,0.07931
36.916667,-0.27002,-0.15963,0.08630
36.933333,0.13195,-0.19164,-0.03272
36.950000,0.20479,-0.06852,-0.15111
36.966667,0.07153,0.08939,-0.04376
36.983333,-0.04651,0.04936,0.20611
37.000000,-0.10316,-0.02874,-0.00187
37.016667,0.07004,-0.01247,-0.12734
37.033333,0.05652,0.05991,0.01058
37.050000,-0.28285,0.24516,-0.03842
37.066667,-0.19162,0.17835,0.01337
37.083333,0.37492,-0.14967,-0.11070
37.100000,0.65094,-0.36002,-0.10873
37.116667,0.31577,-0.37984,0.30090
37.133333,-0.52121,0.05956,0.23970
37.150000,-1.13964,0.44678,0.13103
37.166667,-0.58240,0.14058,-0.04757
37.183333,0.64152,-0.10793,-0.65217
37.200000,0.88970,0.13348,-0.25228
37.216667,0.31374,0.17851,0.33794
37.233333,0.18214,-0.22868,0.04372
37.250000,-0.06301,-0.38290,0.27107
37.266667,-0.49394,-0.04932,0.21407
37.283333,-0.50146,0.23171,-0.20186
37.300000,-0.44239,0.19282,0.12351
37.316667,0.32837,-0.09053,-0.28670
37.333333,0.70767,-0.11333,-0.38323
37.350000,-0.32445,0.16538,0.54475
37.366667,-0.08446,-0.07536,0.03457
37.383333,0.69654,-0.28363,-0.54325
37.400000,-0.09922,0.29099,0.27708
37.416667,-0.52734,0.37008,0.38211
37.433333,-0.06289,-0.17659,-0.20650
37.450000,0.06160,-0.23204,-0.07842
37.466667,-0.13336,-0.19259,0.09983
37.483333,-0.06501,-0.13023,-0.12956
37.500000,0.29445,0.16210,-0.03224
37.516667,0.25072,0.22413,0.05247
37.533333,-0.06338,0.22647,-0.07634
37.550000,-0.19758,0.08710,0.16829
37.566667,-0.13297,-0.26862,0.10727
37.583333,0.15922,-0.29436,-0.26439
37.600000,0.14365,-0.06317,-0.02803
37.616667,-0.20481,0.17868,0.11859
37.633333,-0.16975,0.24414,-0.05073
37.650000,0.06737,-0.00630,0.05232
37.666667,0.15041,-0.12985,0.00065
37.683333,0.09016,-0.06319,0.01581
37.700000,-0.10794,-0.11645,0.16071
37.716667,-0.02306,-0.05886,-0.15767
37.733333,0.17690,0.14013,-0.17473
37.750000,-0.00265,0.18564,0.06791
37.766667,-0.14539,0.25071,-0.00323
37.783333,-0.05829,0.19372,0.16964
37.800000,-0.04616,-0.29163,0.08770
37.816667,-0.16101,-0.53627,-0.19892
37.833333,-0.00556,-0.32588,-0.04491
37.850000,0.38007,-0.04268,-0.07594
37.866667,0.25612,0.35738,0.03270
37.883333,-0.08482,0.50261,0.23097
37.900000,-0.16966,0.31460,-0.00677
37.916667,-0.21436,0.02702,0.00029
37.933333,-0.12256,-0.30976,-0.04795
37.950000,-0.03492,-0.26386,-0.17594
37.966667,0.04457,-0.13595,0.03605
37.983333,0.23576,-0.13891,0.02756
38.000000,0.21581,0.01332,0.00301
38.016667,0.06583,0.02091,0.06219
38.033333,-0.12428,0.15856,0.03326
38.050000,-0.27867,0.28685,0.00568
38.066667,-0.08208,0.07066,-0.12930
38.083333,0.08609,0.08471,0.06141
38.100000,-0.05342,-0.13612,0.12931
38.116667,0.01597,-0.37938,-0.14513
38.133333,0.19486,-0.01633,0.00940
38.150000,0.09036,0.01452,-0.02912
38.166667,0.07808,0.04979,-0.03249
38.183333,0.01372,0.21940,0.20023
38.200000,-0.24339,-0.11461,-0.09631
38.216667,-0.19664,-0.08281,0.01590
38.233333,-0.16844,0.15862,0.05260
38.250000,0.01111,0.08855,-0.30648
38.266667,0.39101,0.08788,0.10231
38.283333,0.18325,0.10082,0.12223
38.300000,0.06872,-0.16397,-0.06946
38.316667,0.04860,-0.56590,0.20318
38.333333,-0.26641,-0.20876,0.03915
38.350000,-0.12992,0.22660,-0.12645
38.366667,-0.04111,0.15586,-0.23434
38.383333,-0.02194,0.44791,0.10534
38.400000,-0.03837,0.38793,0.34270
38.416667,-0.39180,0.13948,-0.36948
38.433333,0.23117,-0.12326,-0.07628
38.450000,0.67900,-0.78268,0.09071
38.466667,-0.17315,-0.64276,-0.21468
38.483333,-0.00186,-0.19170,0.65297
38.500000,0.61153,0.29069,-0.00968
38.516667,-0.08840,0.92747,-0.65047
38.533333,-0.75522,0.67642,0.47772
38.550000,-0.76252,-0.02959,-0.03382
38.566667,-0.47622,-0.54898,-0.32221
38.583333,0.31767,-0.47454,0.27742
38.600000,1.02667,-0.45367,-0.41599
38.616667,0.96343,-0.46850,-0.10306
38.633333,0.32576,0.71326,0.59442
38.650000,-0.43968,1.10798,0.11051
38.666667,-0.83241,0.20171,0.21101
38.683333,-0.83283,-0.37052,-0.03819
38.700000,-0.49502,-0.71241,-0.77790
38.716667,0.26910,-0.45533,-0.15057
38.733333,0.79808,-0.08456,0.14075
38.750000,0.67969,0.06710,-0.16438
38.766667,0.25448,0.36798,0.55000
38.783333,0.01243,0.35870,0.50448
38.800000,-0.01441,0.51017,-0.06318
38.816667,-0.32825,0.25747,0.01301
38.833333,-0.76254,-0.47171,-0.47420
38.850000,-0.83902,-0.18084,-0.31864
38.866667,-0.12029,0.00690,0.10950
38.883333,0.87069,-0.65489,-0.68127
38.900000,0.71807,-0.73045,-0.10322
38.916667,0.39162,-0.01224,1.49534
38.933333,0.38639,0.54885,0.58892
38.950000,-0.39188,0.79653,-0.91609
38.966667,-0.64851,1.00255,0.02945
38.983333,-0.39465,0.17750,0.20053
39.000000,-0.41358,-1.07334,-1.09986
39.016667,0.27777,-0.68115,-0.08061
39.033333,0.57510,0.28547,0.80874
39.050000,0.06501,0.15501,-0.29309
39.066667,0.08336,-0.34774,-0.05027
39.083333,0.12101,-0.29587,0.80447
39.100000,-0.25245,-0.14595,0.14843
39.116667,-0.06984,0.11988,-0.53024
39.133333,0.08692,0.78157,-0.00599
39.150000,-0.51466,0.68589,-0.06433
39.166667,-0.12991,0.28426,-0.77892
39.183333,0.35809,-0.28201,0.08947
39.200000,0.43174,-1.33410,0.53289
39.216667,0.51262,-0.78036,-0.11486
39.233333,-0.94159,0.13408,0.40012
39.250000,0.41086,0.87879,0.47792
39.266667,1.67028,2.81992,0.17958
39.283333,-2.42207,0.99177,-0.16402
39.300000,-2.01076,-4.64111,-1.17804
39.316667,1.32868,-4.75212,-0.46766
39.333333,0.61427,1.73740,0.26567
39.350000,1.31109,5.25007,0.14808
39.366667,1.61653,2.66996,0.72781
39.383333,-0.29987,-0.14034,-0.13585
39.400000,-1.23399,-1.47871,-0.19203
39.416667,-1.65403,-2.30953,1.04453
39.433333,-0.83280,-1.37491,0.07209
39.450000,-0.13882,-0.55156,-0.34431
39.466667,-0.10764,-1.08931,-0.11863
39.483333,1.14319,0.58148,-1.34287
39.500000,1.97638,3.02868,-0.51565
39.516667,1.61171,2.03735,1.33981
39.533333,-0.52661,0.30343,-0.33151
39.550000,-2.73098,-1.03836,-2.10508
39.566667,0.18131,-2.04129,0.44780
39.583333,2.75762,-0.78479,4.11635
39.600000,-2.74914,-0.28644,3.41863
39.616667,-5.46036,-0.58345,-1.97091
39.633333,1.73968,0.84707,-5.01732
39.650000,4.85370,1.88159,-2.72156
39.666667,1.42017,1.43963,0.40150
39.683333,0.55512,-0.32773,2.70262
39.700000,-0.24281,-2.17680,2.91199
39.716667,-1.42793,-1.78289,0.74390
39.733333,-2.22359,-0.23506,-1.35880
39.750000,-2.26873,0.57895,-1.80864
39.766667,2.10258,1.81936,-0.01471
39.783333,3.04002,3.14759,0.21938
39.800000,-1.16433,1.14901,-0.56685
39.816667,-1.23076,-2.72881,1.02957
39.833333,-0.29272,-3.73505,0.75911
39.850000,-0.94212,-2.23758,-0.58267
39.866667,0.73654,0.11504,0.14266
39.883333,2.68813,2.73453,-0.00804
39.900000,1.73388,3.21611,-0.98476
39.916667,-1.00086,1.81736,-0.69617
39.933333,-2.47642,0.12162,0.82410
39.950000,-1.88836,-2.27267,1.10756
39.966667,-0.42074,-2.97739,-0.17345
39.983333,0.89279,-1.19849,-0.36769
40.000000,1.22677,0.28841,-0.14739
40.016667,1.10384,1.55548,0.12062
40.033333,0.79201,1.75837,0.19438
40.050000,-0.19255,0.24196,-0.56048
40.066667,-0.85424,-0.39233,0.01616
40.083333,-0.72821,-0.39290,0.65135
40.100000,-0.72570,-0.30591,-0.44947
40.116667,-0.27876,0.28563,-0.60768
40.133333,0.78381,-0.04142,0.63102
40.150000,0.85269,-0.70129,0.60751
40.166667,0.20800,-0.55343,-0.57108
40.183333,-0.24783,0.10635,-0.25028
40.200000,-0.59150,0.65627,0.68707
40.216667,-0.27988,0.40479,-0.16809
40.233333,0.34330,0.21777,-0.81301
40.250000,0.46077,0.35497,0.34641
40.266667,0.09126,0.21629,0.54501
40.283333,-0.26903,-0.31181,-0.64874
40.300000,-0.19508,-1.30384,-0.11601
40.316667,-0.23231,-1.16908,0.87771
40.333333,-0.22625,0.47213,-0.04735
40.350000,0.15476,1.46118,-0.40503
40.366667,0.38404,0.80633,0.19108
40.383333,0.51675,-0.24393,-0.28064
40.400000,0.06111,0.00536,-0.65957
40.416667,-0.45923,0.18347,0.29800
40.433333,-0.11853,-0.78156,1.10730
40.450000,-0.40311,-1.05681,-0.05315
40.466667,-0.66416,-0.48529,-1.23203
40.483333,0.43221,0.63394,0.25125
40.500000,1.00208,1.14974,1.10443
40.516667,0.46008,0.14133,-0.47112
40.533333,-0.19763,-0.13820,-0.51110
40.550000,-0.54137,-0.20385,0.21458
40.566667,-0.26443,-0.34955,-0.41671
40.583333,0.05746,0.56210,0.12004
40.600000,-0.23278,0.20304,0.75846
40.616667,-0.41600,-0.72190,-0.06537
40.633333,0.33482,-0.16078,-0.26005
40.650000,0.77455,0.68126,-0.21947
40.666667,0.08248,0.29031,-0.20760
40.683333,-0.04645,-0.79412,0.22776
40.700000,-0.13693,-0.43543,0.00515
40.716667,-1.12173,-0.57907,0.14134
40.733333,-0.38261,-1.55703,0.57049
40.750000,1.59364,0.29301,-0.26589
40.766667,1.55217,3.55122,-0.82122
40.783333,-0.27323,3.67901,-0.07093
40.800000,-1.71657,0.63181,0.55133
40.816667,-1.60544,-1.92396,-0.01711
40.833333,-0.53076,-4.81448,-0.32657
40.850000,0.82799,-4.61575,0.48237
40.866667,1.39532,-1.06842,0.53539
40.883333,1.27007,0.87514,0.36055
40.900000,0.80969,5.75048,-0.21171
40.916667,-1.12675,4.27527,-1.28408
40.933333,-0.96979,1.74728,-1.37538
40.950000,0.49638,3.21023,-1.02641
40.966667,0.43696,-3.28111,1.42375
40.983333,0.13973,0.41264,2.13050
41.000000,-3.09769,-5.76213,1.58111
41.016667,-3.20430,-13.88953,3.15366
41.033333,0.22715,-3.98525,-0.01875
41.050000,2.20978,-12.41289,-2.08038
41.066667,7.30089,20.16731,-10.08275
41.083333,6.73272,50.19722,-17.42284
41.100000,-1.05424,2.58728,9.38875
41.116667,-9.96983,-16.20606,30.34870
41.133333,-12.73218,-29.65940,14.58394
41.150000,2.04613,-39.05473,-4.55094
41.166667,10.03539,4.02361,-20.77348
41.183333,1.77679,9.40028,-27.29734
41.200000,0.67640,20.33872,-18.67852
41.216667,2.17791,46.30696,9.40323
41.233333,0.90869,10.78975,38.83555
41.250000,-2.05447,-22.70082,20.59824
41.266667,-5.84427,-32.04875,-1.64249
41.283333,-1.77936,-25.45525,3.70814
41.300000,1.90616,2.30337,-19.92793
41.316667,2.25454,15.23526,-41.69960
41.333333,2.64803,19.45975,-4.78519
41.350000,-0.30814,12.68178,33.61165
41.366667,-1.03049,-7.63426,17.45977
41.383333,-2.44398,-7.31247,-7.97321
41.400000,-2.34445,-2.84907,-4.68542
41.416667,2.51924,-9.23032,0.75272
41.433333,3.63055,-0.64813,1.37044
41.450000,3.53931,9.46367,0.24332
41.466667,-0.71135,7.20900,-8.52741
41.483333,-6.50746,1.13053,-6.95999
41.500000,-7.07128,-8.32352,3.75094
41.516667,-1.30888,-4.71378,7.77597
41.533333,10.62875,-0.48003,9.05702
41.550000,10.41706,-0.31881,1.52529
41.566667,0.81662,7.25322,-4.86381
41.583333,-11.18643,-4.43322,2.18262
41.600000,-16.34629,0.05100,-6.45117
41.616667,5.76720,20.06846,-18.71226
41.633333,14.14417,2.92399,-11.54958
41.650000,0.18263,-15.41382,5.81374
41.666667,1.44473,-22.23955,36.33361
41.683333,-2.04901,-17.54019,22.19247
41.700000,-7.57091,2.01277,-19.46448
41.716667,-1.36192,25.89500,-2.19216
41.733333,0.58601,44.08963,-5.13745
41.750000,4.16311,14.60144,-29.52304
41.766667,3.33386,-27.29991,-0.40083
41.783333,-1.91782,-39.61320,4.63344
41.800000,3.65350,-11.28962,-6.08985
41.816667,0.37939,23.10160,15.42440
41.833333,-8.73191,-11.30855,19.05394
41.850000,-3.05051,-15.29169,20.55088
41.866667,0.52623,24.81019,14.22533
41.883333,3.05572,14.97528,-33.92998
41.900000,7.78518,8.37143,-42.88512
41.916667,1.72983,-0.32716,-2.44115
41.933333,-1.59875,-4.70945,6.30466
41.950000,-4.65023,0.52877,17.88521
41.966667,-7.91588,-26.97105,34.34541
41.983333,3.22316,-11.32203,-3.13492
42.000000,7.25055,17.71907,-25.14417
42.016667,0.31477,2.73584,-2.99600
42.033333,-2.12296,6.54072,2.67869
42.050000,-2.96287,7.10729,1.77734
42.066667,-0.35894,-5.82363,3.52558
42.083333,0.83102,-4.26773,-0.15435
42.100000,0.08387,-4.61384,0.18235
42.116667,1.96301,1.94301,-0.80006
42.133333,2.15595,6.75997,-4.58855
42.150000,2.22765,-3.13018,-4.75739
42.166667,-0.59959,-2.38924,-6.68901
42.183333,-4.69098,9.04111,-5.90155
42.200000,-4.09079,6.11632,18.15429
42.216667,-3.21256,-10.84062,32.40076
42.233333,-0.07514,-13.32520,4.82943
42.250000,6.23610,1.10262,-20.78929
42.266667,6.12313,3.98515,-20.20294
42.283333,2.36780,-2.42901,-15.47466
42.300000,0.76451,-0.40323,-9.75354
42.316667,-2.19667,6.66407,3.02690
42.333333,-3.16495,11.33776,10.21377
42.350000,-6.74094,5.08071,26.83305
42.366667,-6.53450,-1.95765,30.60375
42.383333,0.57350,16.62376,3.00446
42.400000,-3.10779,11.88447,1.03521
42.416667,8.76255,-56.35935,-30.88686
42.433333,23.34260,-69.62170,-73.05979
42.450000,2.89644,15.70844,-17.13182
42.466667,-10.77878,69.63837,42.70792
42.483333,-11.07204,45.17395,44.69858
42.500000,-11.49981,-0.48651,21.35591
42.516667,-2.44142,-10.83717,7.49294
42.533333,2.70489,-12.71289,5.91403
42.550000,7.93996,-34.70016,-29.96225
42.566667,9.73506,-12.67199,-36.06376
42.583333,1.95821,10.48050,-5.33523
42.600000,-2.03254,-5.75098,1.15657
42.616667,-2.57320,7.43859,9.41168
42.633333,-2.95160,20.04509,13.54954
42.650000,-3.74084,5.58342,11.23504
42.666667,-1.88147,-0.55851,7.37529
42.683333,1.73960,-2.33930,-4.36401
42.700000,1.67945,-5.15751,-3.65174
42.716667,1.49982,-5.51459,-1.69607
42.733333,2.66135,-1.53125,-10.68919
42.750000,1.81880,3.12757,-14.35708
42.766667,-2.38926,1.77811,1.43640
42.783333,-3.07559,-2.96497,12.87892
42.800000,0.79353,-5.27441,3.36854
42.816667,-1.57682,-8.79195,10.80279
42.833333,-2.40208,-0.15809,12.32565
42.850000,2.30035,15.04825,-10.51100
42.866667,0.37301,10.17404,-8.07040
42.883333,1.82378,20.28786,-8.09482
42.900000,5.56479,10.38482,-13.92656
42.916667,1.39913,-20.72537,-3.71688
42.933333,-0.93416,-19.93932,-4.48186
42.950000,-9.20716,-70.79742,27.64038
42.966667,-11.92581,-35.47829,42.06267
42.983333,5.31381,109.63907,-15.54732
43.000000,10.70299,67.63980,-26.24351
43.016667,6.10480,-17.16648,-8.97515
43.033333,4.28063,-3.59884,-14.75804
43.050000,-6.06155,-36.39542,8.53917
43.066667,-9.72649,-46.96529,16.78805
43.083333,-3.87160,-24.83251,0.92180
43.100000,1.39766,6.34035,-0.41807
43.116667,6.47045,53.35992,-2.10159
43.133333,3.94394,28.36950,-2.52428
43.150000,0.38195,-0.06846,0.79947
43.166667,-0.08520,3.83328,1.10896
43.183333,-4.44281,-29.70674,-3.10791
43.200000,-3.17922,-33.06224,0.77612
43.216667,1.29903,10.82575,8.83935
43.233333,0.12240,21.88906,6.69172
43.250000,2.78210,2.63024,-3.34250
43.266667,3.82601,-4.13011,-28.21007
43.283333,-2.90811,-6.77380,-13.55328
43.300000,-3.92916,-9.58731,26.39784
43.316667,0.40101,12.37526,7.82048
43.333333,1.51598,17.79825,2.76919
43.350000,0.77647,-6.80854,14.79814
43.366667,1.98202,-5.28666,-9.76366
43.383333,-0.04663,-0.78478,-10.47757
43.400000,-5.47411,-11.35806,-4.46326
43.416667,-0.08868,-1.38450,-3.40263
43.433333,4.87914,7.40753,5.72161
43.450000,-1.07032,-1.89180,-6.30755
43.466667,0.24477,6.26428,1.01017
43.483333,4.03593,13.65445,16.93338
43.500000,-2.11035,-4.76622,-2.95517
43.516667,-6.54240,-7.88196,-16.86282
43.533333,0.13352,-15.07879,-5.37753
43.550000,3.58951,-19.87792,10.48132
43.566667,-5.84586,10.24009,20.31985
43.583333,-4.23694,15.60447,16.41760
43.600000,14.24932,39.25057,-14.35553
43.616667,15.97738,28.16958,-48.18435
43.633333,-5.88070,-60.36488,-16.66525
43.650000,-15.50548,-2.93273,53.03401
43.666667,-6.89175,38.08198,38.81358
43.683333,-3.84725,-82.87005,-31.65753
43.700000,-2.49404,-62.83582,-31.41097
43.716667,5.00809,39.93913,-2.41307
43.733333,15.22777,92.14886,6.20477
43.750000,13.63680,106.70173,26.44022
43.766667,-3.10903,-16.62858,8.02798
43.783333,-11.79539,-105.72373,-18.14198
43.800000,-13.36730,-54.14424,-1.38398
43.816667,-4.89939,-23.04281,-3.22949
43.833333,11.63844,0.08975,-1.92641
43.850000,4.92004,35.12385,5.83495
43.866667,-6.48894,39.66479,-10.07221
43.883333,1.79688,42.29321,0.76966
43.900000,5.70327,18.24776,13.23190
43.916667,1.95601,-3.75471,4.35051
43.933333,0.76543,-18.59306,6.38022
43.950000,-7.80909,-91.04816,-7.39559
43.966667,-9.45042,-52.77764,-15.20313
43.983333,11.98076,68.28752,0.86686
44.000000,17.30341,42.79387,-12.27219
44.016667,-14.20588,2.77271,-17.87115
44.033333,-26.13315,-2.52408,21.97320
44.050000,3.81389,-20.06354,45.57011
44.066667,18.41894,20.61536,26.74515
44.083333,9.23242,30.23805,-14.65538
44.100000,7.27747,-1.89090,-58.44126
44.116667,-3.14133,-26.58719,-44.78633
44.133333,-18.86691,-42.23450,26.15408
44.150000,-5.67588,-10.11429,34.29866
44.166667,12.29271,14.82824,-3.19864
44.183333,-2.61909,16.50963,13.34155
44.200000,-7.83562,16.31735,14.32598
44.216667,6.76919,0.33788,-8.86998
44.233333,1.76875,-0.44197,-6.05942
44.250000,-0.16773,5.18517,-11.12639
44.266667,4.79429,-0.45403,-6.13399
44.283333,1.42294,-7.56416,-4.23322
44.300000,0.53415,-13.54844,-11.48274
44.316667,2.45669,-5.65777,-0.61590
44.333333,-0.93536,7.48893,12.09535
44.350000,-14.15351,8.82956,33.07696
44.366667,-11.30417,3.15792,16.75916
44.383333,-0.96800,-0.84172,-10.06045
44.400000,7.54351,-0.98856,-11.88385
44.416667,22.35608,-4.56440,-36.49810
44.433333,5.95039,-10.84745,-12.60678
44.450000,0.71655,3.59896,3.13822
44.466667,5.37445,17.91363,-9.65412
44.483333,-32.37097,1.50909,53.54414
44.500000,-22.03599,-4.86635,40.21580
44.516667,19.41917,-2.25618,-32.27786
44.533333,11.74795,-9.78858,-20.27708
44.550000,4.18920,-4.32357,-9.44584
44.566667,4.16182,-3.08484,-8.42900
44.583333,1.25365,2.44710,-1.25660
44.600000,-3.10048,21.51668,4.73892
44.616667,-11.28488,10.65797,16.42270
44.633333,-3.45747,-13.55952,7.02827
44.650000,2.98361,-12.57665,3.43615
44.666667,3.44883,-1.18075,-3.26880
44.683333,5.60439,2.41385,-16.50535
44.700000,3.12829,0.92420,-9.91983
44.716667,1.82079,0.75261,-0.30484
44.733333,-4.91726,6.14240,9.74387
44.750000,-9.43258,3.65187,12.46279
44.766667,-5.19673,-10.09297,9.50801
44.783333,-0.80620,-4.96116,-2.03422
44.800000,6.13756,2.90795,-15.55427
44.816667,8.91255,-2.73783,-6.07158
44.833333,6.90616,-2.13855,1.53415
44.850000,0.18042,4.43714,3.91300
44.866667,-1.63365,22.62761,-1.53109
44.883333,7.56647,13.39642,-10.86481
44.900000,-4.85050,-6.85447,2.78195
44.916667,-21.25558,-3.81799,13.51886
44.933333,-28.15293,-52.85218,23.80911
44.950000,-23.59848,-57.27202,13.21927
44.966667,40.78492,47.43669,-33.53547
44.983333,68.34735,82.15648,-37.22730
45.000000,14.84574,24.98195,-5.40067
45.016667,-4.81230,-27.24603,18.63793
45.033333,-38.41855,-40.73653,36.09848
45.050000,-72.40369,-19.45925,15.93653
45.066667,-13.32246,-3.08979,-15.07005
45.083333,30.73577,8.02323,-18.65874
45.100000,23.74040,19.52377,-20.37701
45.116667,34.42765,11.66647,-5.51622
45.133333,24.80655,-9.50811,12.70348
45.150000,-14.08833,-9.86077,11.62376
45.166667,-23.35357,10.72690,31.45999
45.183333,-16.99472,5.96628,7.65582
45.200000,-16.57060,-11.39632,-43.54585
45.216667,1.24244,-4.95320,-11.20134
45.233333,12.59244,2.99800,9.40618
45.250000,11.04153,-1.15696,-5.28359
45.266667,10.94824,-5.14075,7.32680
45.283333,-0.42250,-0.70858,7.14832
45.300000,-7.22234,10.10520,5.69952
45.316667,-8.40641,13.26731,-1.55362
45.333333,-3.55964,5.59757,-4.67574
45.350000,8.08653,-10.77685,8.90439
45.366667,1.30260,-19.27527,-6.19134
45.383333,-2.26061,-0.47716,-9.01640
45.400000,5.03944,7.52901,3.29499
45.416667,-1.19265,-9.79663,-5.22870
45.433333,-4.79238,-4.33017,-0.68891
45.450000,-0.00363,18.11935,10.95624
45.466667,-2.58768,22.50176,6.28336
45.483333,-2.82145,3.94937,-5.10128
45.500000,6.77207,-20.65592,-3.92319
45.516667,5.37295,-18.75030,0.18192
45.533333,-3.48424,-1.50205,-5.68582
45.550000,-0.57190,5.02343,-1.05181
45.566667,0.76123,5.74701,2.73345
45.583333,-2.73352,1.29810,-0.09332
45.600000,-0.62250,1.34616,5.87756
45.616667,0.41492,5.26806,8.57358
45.633333,-2.71561,2.03705,4.40244
45.650000,3.50668,2.18562,1.38398
45.666667,10.51434,-4.35146,-9.97936
45.683333,-7.80733,-13.75540,-31.96983
45.700000,-17.17306,1.46553,-13.92175
45.716667,7.20528,9.48401,30.53765
45.733333,15.43588,-6.75556,21.12076
45.750000,-0.43505,-2.56668,1.75241
45.766667,-6.04979,11.98117,4.86562
45.783333,-2.94831,3.56558,-9.28681
45.800000,-0.63927,-5.38463,-10.13971
45.816667,1.79572,-3.40756,-2.03632
45.833333,0.18913,-0.10190,-8.79113
45.850000,-2.07542,1.02519,-1.73322
45.866667,0.68621,-3.23315,9.31951
45.883333,0.49432,-1.07623,8.55389
45.900000,0.09321,4.21754,5.19408
45.916667,2.84610,1.33900,-0.40849
45.933333,1.24517,1.12788,-5.06271
45.950000,0.32960,0.80182,-8.32985
45.966667,-1.67354,-3.51493,-7.56809
45.983333,-4.53931,-2.93209,1.01197
46.000000,-0.55013,-1.56316,5.35635
46.016667,-1.12945,-0.64906,5.76141
46.033333,-1.07971,3.98265,8.64956
46.050000,6.91297,4.84275,2.57004
46.066667,5.12573,0.77168,-5.85481
46.083333,-1.58693,1.60662,-3.18255
46.100000,-3.24656,1.49289,-1.78119
46.116667,-3.15659,-7.70615,-6.71799
46.133333,-0.16873,-10.26124,-6.87140
46.150000,-0.30308,-0.28159,-0.06235
46.166667,-1.91632,6.49218,7.04920
46.183333,0.21311,7.10781,10.30289
46.200000,1.42072,4.66814,9.24110
46.216667,4.23230,-0.92953,1.62156
46.233333,5.35384,-5.17510,-11.14141
46.250000,-2.70623,-4.78758,-13.14142
46.266667,-6.70237,0.17962,-0.08037
46.283333,-1.04163,2.20865,6.08722
46.300000,1.49395,0.23932,2.09083
46.316667,2.14204,0.90666,-1.79356
46.333333,0.59236,0.22890,-3.63829
46.350000,-3.35714,-0.62211,2.67492
46.366667,-1.97275,0.76806,7.83313
46.383333,-0.54311,-0.08642,7.86084
46.400000,3.85036,-0.54078,5.18585
46.416667,7.72309,0.70854,-9.86850
46.433333,0.27555,-0.10066,-17.73972
46.450000,-3.52456,-1.74871,-9.41278
46.466667,-1.33088,-0.14486,-0.61609
46.483333,-4.40409,-0.06601,9.72271
46.500000,-3.38746,-0.23540,14.11371
46.516667,1.07509,2.32944,10.93825
46.533333,-9.20685,1.43713,7.12377
46.550000,-3.86173,4.47617,3.93108
46.566667,33.53305,-0.76890,-10.39044
46.583333,21.06902,-13.85480,-40.19551
46.600000,-31.74153,-2.03035,-23.14880
46.616667,-24.49069,8.66138,31.10024
46.633333,6.21160,1.32910,30.87510
46.650000,8.16099,2.28466,5.52526
46.666667,8.23031,3.16052,-2.26591
46.683333,2.37556,-1.20895,-11.86614
46.700000,-4.61984,-2.26357,-11.47475
46.716667,-2.61364,-0.51172,-2.74250
46.733333,-2.70186,-1.90332,4.88791
46.750000,4.70326,-5.78568,4.47620
46.766667,6.17170,-0.58682,-6.07596
46.783333,-7.18653,4.17658,1.81002
46.800000,-6.03298,1.44835,14.41992
46.816667,4.09614,2.11601,3.94206
46.833333,6.37651,5.08734,-10.77444
46.850000,1.48465,3.78583,-16.65196
46.866667,-6.20610,-2.24684,-6.01327
46.883333,-2.40511,-8.02595,13.84109
46.900000,3.34885,-7.48999,15.23784
46.916667,0.20073,-1.45321,2.72520
46.933333,-4.74267,-0.05883,-5.81128
46.950000,-3.09825,2.94281,-7.26304
46.966667,2.42558,11.19128,-8.46331
46.983333,1.05322,7.72659,-6.86742
47.000000,19.11254,2.48212,8.91211
47.016667,21.05527,-6.76433,17.08450
47.033333,-29.88243,-17.49156,2.30979
47.050000,-36.87133,1.01401,-7.29521
47.066667,1.20902,10.43495,-0.06076
47.083333,12.15597,-8.72265,-5.69765
47.100000,16.74743,-8.84626,-17.90248
47.116667,22.59964,7.34516,3.21268
47.133333,12.22140,17.19875,20.54659
47.150000,-17.55941,13.82934,4.59356
47.166667,-29.90555,-5.58906,-7.16339
47.183333,-6.84344,-22.16653,-9.43130
47.200000,7.62608,-15.02819,0.38171
47.216667,9.00414,10.06790,14.20660
47.233333,6.02072,17.41922,5.84965
47.250000,-5.79564,0.84241,-10.75740
47.266667,-7.76491,-7.48632,-15.72871
47.283333,10.69135,-5.97168,-1.30977
47.300000,20.49904,-1.91404,13.68024
47.316667,3.55884,2.81398,9.51593
47.333333,-10.10613,2.57035,0.20087
47.350000,-23.45569,8.11802,-11.60871
47.366667,-23.51232,7.74403,-12.93834
47.383333,11.48218,-6.78314,6.06522
47.400000,22.78271,-11.24294,14.78467
47.416667,10.60141,-6.09336,7.75130
47.433333,4.56679,-1.30001,-1.31444
47.450000,-10.27992,3.93615,-11.31629
47.466667,-9.92720,9.87826,-12.54585
47.483333,2.24028,9.57402,-3.89998
47.500000,2.06198,-3.29360,7.06015
47.516667,-2.89361,-8.21024,12.88770
47.533333,-4.18427,-2.59770,5.07916
47.550000,4.24566,-2.92230,-3.56703
47.566667,8.21931,-1.39645,-0.69380
47.583333,0.92219,2.23152,0.01092
47.600000,-9.72764,2.73262,-7.32399
47.616667,-9.55009,4.61695,-8.89720
47.633333,6.96616,4.15316,-0.38595
47.650000,13.65452,-1.67665,4.83507
47.666667,10.92504,-3.79209,3.02240
47.683333,-7.00026,-3.28305,8.99841
47.700000,-28.56203,-8.86528,14.67115
47.716667,-3.11980,-2.77624,-2.35074
47.733333,18.18974,13.43846,-21.26201
47.750000,2.81573,9.66535,-13.12189
47.766667,3.48201,-2.52708,4.34568
47.783333,3.86902,-4.92492,5.87464
47.800000,-5.48582,-4.12519,2.07455
47.816667,-3.37683,-1.72884,6.34725
47.833333,-2.54066,-0.02940,6.24521
47.850000,-1.35164,0.85241,1.52127
47.866667,2.16221,0.52123,-0.07004
47.883333,1.29615,-1.12765,-6.55645
47.900000,0.82631,2.73700,-10.26359
47.916667,1.71746,5.62523,-3.03352
47.933333,1.27926,0.20784,0.96167
47.950000,-1.90448,-3.20536,0.08938
47.966667,-3.51129,-1.46049,4.74261
47.983333,-1.46606,-4.21139,7.85890
48.000000,-0.22264,-4.45474,3.73928
48.016667,1.86496,4.36143,5.81289
48.033333,3.88144,3.96840,9.79412
48.050000,2.88851,-2.63013,-6.66339
48.066667,1.46084,2.01646,-34.02011
48.083333,-2.16405,6.53294,-28.66114
48.100000,-6.53085,0.45795,19.19056
48.116667,-5.68158,-7.13170,41.71023
48.133333,1.64515,-5.80140,10.68082
48.150000,6.62557,1.79993,-8.76781
48.166667,0.51182,6.13353,-8.85170
48.183333,-0.65090,3.42773,-11.97087
48.200000,3.18051,-2.33402,-3.68947
48.216667,-1.40812,-6.47061,0.41616
48.233333,0.90300,-9.56511,5.41638
48.250000,5.58971,-0.77087,6.91871
48.266667,-0.25702,15.22533,-9.68733
48.283333,-11.33456,14.36687,-3.74692
48.300000,-14.14765,3.01831,10.62368
48.316667,-3.92798,-7.27967,1.39181
48.333333,8.01878,-15.85272,-4.95526
48.350000,30.84192,-15.88980,11.35099
48.366667,17.57201,0.41762,13.88878
48.383333,-30.42544,19.07399,-21.90593
48.400000,-11.46315,8.83828,-19.67410
48.416667,10.18781,-5.63978,4.23588
48.433333,-14.10463,2.71812,-11.70093
48.450000,-2.41367,-0.50609,12.01118
48.466667,11.97822,-7.74293,38.33416
48.483333,0.30970,3.87390,-2.82821
48.500000,-2.93899,5.34560,-12.91365
48.516667,4.27795,-3.18497,7.81081
48.533333,5.61272,-4.36556,-7.95733
48.550000,-3.05735,-8.61318,-23.56608
48.566667,6.26562,-5.88080,-23.66410
48.583333,6.07855,9.57853,-3.08892
48.600000,-16.49415,12.65912,39.88927
48.616667,-8.55542,5.54958,36.27516
48.633333,-1.17004,0.70167,-2.62882
48.650000,-11.08836,-8.73118,-12.05764
48.666667,9.67529,-8.43723,-16.62608
48.683333,25.55098,2.93013,-19.14200
48.700000,7.05600,-3.30859,-3.89130
48.716667,-6.89532,-8.30342,4.47788
48.733333,-8.41355,6.31864,4.41574
48.750000,-3.34285,9.47683,5.43917
48.766667,-1.78915,4.58162,12.89185
48.783333,-12.07500,3.15532,15.40922
48.800000,-7.27999,-4.52695,-2.53658
48.816667,5.94933,-6.78932,-19.18656
48.833333,8.27468,-5.35026,-14.40135
48.850000,14.43810,-3.61321,-1.54932
48.866667,11.00104,6.33393,1.87603
48.883333,-2.46753,9.72230,7.37279
48.900000,-6.65649,-0.27905,13.80419
48.916667,-15.68482,-8.01384,2.76068
48.933333,-14.96452,-1.05404,-8.58695
48.950000,5.80053,5.94217,-6.98907
48.966667,10.83053,-1.47585,5.51542
48.983333,0.99491,-2.51197,10.47136
49.000000,1.74835,0.12346,-8.86771
49.016667,7.67422,-3.85648,-13.66381
49.033333,2.84215,4.51629,1.38808
49.050000,-3.12985,6.20361,2.56748
49.066667,-2.67064,-4.82279,1.87482
49.083333,-8.05076,-1.16376,6.20353
49.100000,-8.26024,-0.29124,4.90955
49.116667,0.09941,-3.14677,4.15931
49.133333,6.14845,3.80535,1.19796
49.150000,13.19181,1.79413,-11.05995
49.166667,6.65539,-1.21386,-6.23220
49.183333,-9.32722,0.85301,9.90094
49.200000,-8.11478,-3.17822,-7.81099
49.216667,-0.20921,-1.79995,-17.39194
49.233333,-0.95619,2.23219,9.01876
49.250000,-1.42456,-0.11209,12.37876
49.266667,3.55204,1.15934,4.59766
49.283333,6.58382,3.63148,10.82263
49.300000,2.53814,0.48759,3.25570
49.316667,-4.20010,-2.39330,-8.13848
49.333333,-5.26035,-2.91125,-12.08110
49.350000,-0.96525,-1.91564,-13.97161
49.366667,0.69371,0.45710,-4.82377
49.383333,2.11850,1.39598,5.88821
49.400000,2.97520,1.29233,10.29174
49.416667,-2.29148,0.07975,15.17463
49.433333,-1.56854,-0.17285,7.12567
49.450000,5.23317,2.08072,-10.67017
49.466667,0.37021,0.84149,-12.03663
49.483333,-6.47943,-1.69472,-0.72744
49.500000,-1.39552,-1.64501,6.01813
49.516667,2.69778,-1.44309,1.25729
49.533333,1.35739,-0.45725,-5.41764
49.550000,0.47912,1.32944,-2.56306
49.566667,-1.61023,2.12374,-0.16537
49.583333,0.54993,0.12935,3.43237
49.600000,3.53706,-0.83370,8.62212
49.616667,-1.85706,0.60714,2.60127
49.633333,-3.72831,-0.69733,-6.02276
49.650000,-0.31528,-1.07150,-8.64542
49.666667,-0.02040,0.52127,-1.04113
49.683333,3.06118,-0.90401,8.55270
49.700000,5.32004,-1.50372,1.77257
49.716667,0.04006,2.41000,-3.97074
49.733333,-3.90696,3.04394,0.22378
49.750000,-2.62728,-1.87250,-0.90333
49.766667,-3.86188,-0.85013,-0.57663
49.783333,-5.55708,3.06658,4.40507
49.800000,2.07762,0.02967,2.63282
49.816667,10.94702,-5.67284,-3.43033
49.833333,7.88712,-4.68163,-2.87548
49.850000,-2.04146,5.89858,-3.31687
49.866667,-7.43082,5.89228,-4.67554
49.883333,-4.41650,-4.12169,3.91343
49.900000,0.63039,0.02900,4.93098
49.916667,1.84542,0.00724,2.35568
49.933333,1.36914,-6.45382,8.52466
49.950000,-1.19623,2.79917,0.57459
49.966667,-3.24373,7.75924,-8.26540
49.983333,-0.00224,2.57294,-1.11085
50.000000,1.28135,-1.90756,-6.54116
50.016667,2.22992,-7.99988,-12.82492
50.033333,5.38107,-4.14942,4.09440
50.050000,1.04187,3.77418,13.32548
50.066667,-0.23777,2.39766,7.43816
50.083333,-0.35530,1.91891,3.05932
50.100000,-10.46940,2.15418,-4.03324
50.116667,-7.07185,-1.90668,-5.80450
50.133333,5.72998,-3.60426,-2.50607
50.150000,6.12116,-1.40802,-1.50479
50.166667,4.58982,1.63431,3.00595
50.183333,1.80950,5.62157,2.81426
50.200000,-3.90829,4.11038,-3.83768
50.216667,-3.21652,-5.64566,-2.77613
50.233333,-0.51158,-6.45987,2.13826
50.250000,-0.44219,0.57397,0.71868
50.266667,-0.43073,1.46030,0.70360
50.283333,0.92379,2.81548,2.89257
50.300000,3.55975,0.18547,-0.78659
50.316667,2.86516,-5.00758,-1.08818
50.333333,-2.14545,0.85493,3.28040
50.350000,-4.97077,5.65630,0.15550
50.366667,-3.80195,4.55284,-3.72261
50.383333,0.16191,2.42145,-1.26292
50.400000,4.93687,-4.81919,-0.65187
50.416667,5.69996,-9.59309,-3.18893
50.433333,1.89794,-5.95444,-3.37451
50.450000,-2.83962,2.43328,2.98488
50.466667,-5.16934,8.15672,8.58952
50.483333,-4.10130,5.13712,3.94802
50.500000,-0.85634,1.88422,2.73464
50.516667,2.10211,0.11716,3.49558
50.533333,4.88889,-4.69439,-9.92690
50.550000,6.13008,-3.69568,-18.51533
50.566667,-0.87038,-1.43047,-6.49194
50.583333,-7.60008,-2.80536,11.67894
50.600000,-3.36786,1.95691,17.82052
50.616667,2.80077,4.43542,7.58731
50.633333,5.26764,2.49130,-3.77268
50.650000,1.73808,2.98892,-8.61921
50.666667,-6.27891,-2.62434,-9.97111
50.683333,-4.88489,-5.40907,-4.72730
50.700000,2.76022,0.20400,5.87671
50.716667,2.66582,0.67451,9.87323
50.733333,1.57603,0.75296,1.31865
50.750000,3.63443,1.54787,-2.73147
50.766667,1.08825,-1.03832,-2.59624
50.783333,-3.92496,0.10927,-5.39959
50.800000,-4.66867,-0.65686,0.75986
50.816667,0.94848,-2.64660,0.38365
50.833333,-0.82996,3.08355,2.49944
50.850000,-2.89799,6.67410,9.47435
50.866667,10.00022,-0.79199,0.90858
50.883333,1.72657,-11.78314,10.50884
50.900000,-10.62179,-6.60347,-6.23572
50.916667,4.42303,10.65669,-41.46946
50.933333,3.35673,12.28393,-0.54931
50.950000,-1.05027,2.86494,18.54405
50.966667,-0.89097,-7.19250,0.35086
50.983333,-7.54050,-13.93108,22.27908
51.000000,7.49334,-3.40293,12.32100
51.016667,3.67036,7.03990,-1.19140
51.033333,-9.37232,3.10478,-2.42021
51.050000,4.39957,0.39099,-25.25030
51.066667,-1.86607,1.45595,-10.09756
51.083333,1.12621,4.02777,-7.23246
51.100000,13.04339,2.95975,-16.31951
51.116667,-9.39320,-2.83268,23.83914
51.133333,-12.21176,-3.54139,36.73995
51.150000,1.66431,-3.08709,8.92261
51.166667,-0.01048,-0.21050,-16.51345
51.183333,8.96048,-2.89256,-16.14980
51.200000,16.29078,-10.72371,1.82430
51.216667,-1.87665,9.52063,-11.34257
51.233333,-19.58658,23.61042,-8.53408
51.250000,-8.19255,-2.51373,20.22221
51.266667,6.05434,-15.52092,8.81560
51.283333,1.10794,-4.61477,-8.79552
51.300000,2.13523,0.71218,-3.38240
51.316667,8.43157,0.32694,0.65982
51.333333,1.30425,1.70085,1.65773
51.350000,-4.74931,4.44374,0.47180
51.366667,0.15348,0.34239,-1.04530
51.383333,1.01386,-1.29872,0.09476
51.400000,-3.90256,1.38128,1.16283
51.416667,-3.99108,-0.98487,1.58467
51.433333,-0.79589,-0.74940,1.36999
51.450000,0.22928,-2.56486,1.99077
51.466667,1.69126,-2.15128,-2.66532
51.483333,6.80820,2.84831,-12.35743
51.500000,6.49172,-1.38564,-6.12523
51.516667,-0.84577,3.36211,10.13862
51.533333,-5.81202,8.15158,11.75345
51.550000,-9.20473,-6.18982,5.46881
51.566667,-3.97362,-6.65281,-2.95314
51.583333,6.29142,1.73244,-10.75688
51.600000,4.99561,-1.52488,-4.30255
51.616667,1.99656,1.78612,2.69809
51.633333,0.04315,5.95250,1.17553
51.650000,-3.10246,-0.60976,4.24903
51.666667,0.97523,-4.05023,2.16557
51.683333,0.88875,0.34584,-5.74694
51.700000,-3.16183,0.17515,-0.54197
51.716667,0.00568,-2.72738,2.46316
51.733333,0.28142,1.74800,-5.85854
51.750000,-2.49695,3.41623,3.51667
51.766667,1.10497,-0.63683,14.06150
51.783333,4.35719,-1.98072,-4.55744
51.800000,2.10723,-1.56746,-13.95043
51.816667,-1.50508,1.12059,-1.63848
51.833333,-2.55797,2.20139,3.70348
51.850000,0.09096,-0.23341,5.83020
51.866667,-0.65348,-0.48443,3.27750
51.883333,-3.63646,-1.11788,-2.41979
51.900000,-0.03246,-1.45756,-0.38070
51.916667,3.28103,0.71485,-0.85165
51.933333,2.79488,1.16373,-2.64005
51.950000,1.90933,0.91136,-1.12258
51.966667,-0.76030,-0.22891,-0.74242
51.983333,-0.80147,-1.07283,1.82990
52.000000,-0.48874,1.13961,3.23109
52.016667,-3.48613,0.61534,0.94395
52.033333,-3.76185,-1.48551,0.37653
52.050000,-1.93836,-1.59657,-1.30727
52.066667,1.88178,-1.06455,-1.85284
52.083333,7.20855,2.09123,-1.01443
52.100000,7.46056,1.51182,-4.75463
52.116667,2.91222,-0.81243,1.98544
52.133333,-4.67970,3.80358,9.49849
52.150000,-11.15193,1.58017,-2.00435
52.166667,-8.37570,-6.31848,-4.80177
52.183333,0.49479,-3.51356,1.16577
52.200000,6.70963,0.23199,-0.60808
52.216667,8.23914,-0.59444,2.26888
52.233333,5.27130,3.51073,0.04807
52.250000,0.36169,7.17818,-5.30769
52.266667,-1.92581,1.09091,2.01411
52.283333,-5.22225,-5.62063,5.26285
52.300000,-9.67549,-3.16452,-1.89049
52.316667,-5.50038,0.28027,-3.59399
52.333333,4.00054,-0.36584,1.03390
52.350000,9.00641,-1.13056,1.34896
52.366667,8.92527,0.33082,-1.13318
52.383333,4.53863,2.59988,-2.02470
52.400000,-1.80225,1.77427,-1.65470
52.416667,-6.50967,1.01576,4.72501
52.433333,-10.46163,1.57193,7.89120
52.450000,-12.84364,0.26397,0.97178
52.466667,-1.60519,-4.65669,-5.66113
52.483333,17.87220,-7.55745,-10.80733
52.500000,16.22223,1.35128,-4.53887
52.516667,0.07998,5.28115,7.47639
52.533333,-4.61549,0.20617,3.62922
52.550000,-4.43422,3.75215,2.74532
52.566667,-8.54633,2.18181,5.92549
52.583333,-8.11641,-2.35042,-1.41145
52.600000,1.65723,1.08019,-3.86098
52.616667,8.61184,-2.37158,-5.05808
52.633333,6.86154,-5.28094,-5.30432
52.650000,1.88147,-1.24270,1.96180
52.666667,-5.73576,0.36385,4.54018
52.683333,-7.36699,1.11109,4.87257
52.700000,-0.25477,2.07919,2.48940
52.716667,6.52972,3.80732,-3.47046
52.733333,7.07395,4.36363,-3.62800
52.750000,-3.85316,2.19411,-3.23228
52.766667,-9.30884,-1.99671,-0.42089
52.783333,4.18905,-9.07727,4.35705
52.800000,8.58185,-8.95014,1.41132
52.816667,-4.30230,0.72854,0.23676
52.833333,-7.08974,8.25086,1.56685
52.850000,-1.08970,7.97281,-0.91174
52.866667,1.47234,-0.69819,-1.46937
52.883333,3.34660,-7.25148,-2.57287
52.900000,0.58921,-1.26910,-2.75386
52.916667,0.39157,8.72915,2.11260
52.933333,4.69253,5.78749,4.56532
52.950000,-0.50791,-8.38996,1.15979
52.966667,-4.37126,-10.72414,-2.10823
52.983333,-0.76236,-1.39581,-0.60974
53.000000,-1.14529,4.12439,-0.52318
53.016667,-1.13794,5.59398,-2.71548
53.033333,1.04513,2.44822,-0.47526
53.050000,0.86538,0.71588,2.79852
53.066667,0.40919,2.86172,3.20698
53.083333,-0.64600,-0.41172,1.56480
53.100000,-0.94471,-5.34485,0.24960
53.116667,2.09072,-6.65186,-4.41426
53.133333,3.83179,-3.30069,-9.32157
53.150000,0.59397,4.94654,1.88411
53.166667,-2.15300,7.27656,11.20446
53.183333,-0.81189,1.49561,1.36493
53.200000,-1.11654,-0.81026,-2.67156
53.216667,-2.00628,-0.73484,-0.75574
53.233333,-1.96400,-2.21993,-3.95419
53.250000,-4.50656,-1.47675,-1.86893
53.266667,0.77848,-2.07727,0.68840
53.283333,8.98017,-0.90133,2.44454
53.300000,3.85806,4.30875,6.23958
53.316667,-1.67129,2.65437,1.33425
53.333333,-0.19358,-1.23603,-6.21211
53.350000,0.98802,-3.39095,-6.12478
53.366667,-0.41238,-4.00060,-1.29151
53.383333,-4.51864,4.20815,4.61850
53.400000,-4.74357,7.07445,5.43563
53.416667,-3.49770,-0.58243,2.31678
53.433333,-0.97086,-3.56235,-0.62249
53.450000,7.55159,-3.82213,-4.40641
53.466667,8.78242,-2.12448,-4.36140
53.483333,1.68780,2.28430,-0.53350
53.500000,-2.17168,1.29468,1.68978
53.516667,-4.45976,-0.17547,2.68758
53.533333,-5.75116,1.59866,2.59306
53.550000,-3.00700,0.89752,0.47784
53.566667,1.13496,1.06893,-1.40174
53.583333,3.67789,0.52824,-1.00922
53.600000,4.80415,-3.46149,-1.17178
53.616667,2.92155,-1.98357,-1.65560
53.633333,-0.66083,1.39104,0.01762
53.650000,-3.13480,0.37422,1.09664
53.666667,-5.09769,-0.08724,1.97635
53.683333,-2.79793,-0.63539,1.07984
53.700000,2.66480,-1.04957,-1.88595
53.716667,4.07107,1.91289,0.46296
53.733333,1.60049,4.28846,2.31053
53.750000,-0.28228,0.56941,-1.87563
53.766667,-0.32284,-4.18788,-3.45731
53.783333,-1.10973,-1.90655,-1.34010
53.800000,-1.65425,0.79475,2.03642
53.816667,-0.63486,-0.94681,3.36946
53.833333,0.34095,-0.74585,0.07661
53.850000,1.49783,1.67666,-0.38732
53.866667,0.91051,2.42397,0.54295
53.883333,-0.69688,0.18802,-1.62110
53.900000,-0.84470,-1.31694,-1.86004
53.916667,-0.75261,0.32479,-0.79288
53.933333,0.06161,-0.60111,0.67792
53.950000,1.35750,-2.29886,2.75536
53.966667,1.71430,0.81232,2.20158
53.983333,0.18603,3.17663,-0.41123
54.000000,-2.22467,0.96965,-2.29192
54.016667,-1.63449,-2.43248,-2.39110
54.033333,0.51183,-3.36534,-1.40557
54.050000,0.84433,0.12697,1.53192
54.066667,0.54494,3.72517,3.75843
54.083333,0.38722,1.71383,0.79843
54.100000,0.26172,-2.07268,-2.98539
54.116667,-0.76283,-1.77540,-3.31062
54.133333,-1.02932,0.01542,0.25130
54.150000,1.50926,0.78371,5.69891
54.166667,0.60946,1.47658,5.15013
54.183333,-2.64922,0.85437,-2.66020
54.200000,-0.35539,-0.89231,-7.43061
54.216667,2.19156,-1.88794,-3.91767
54.233333,0.64657,-1.14216,1.46323
54.250000,-0.49496,0.98839,2.77954
54.266667,-0.28079,1.52030,2.00866
54.283333,-0.31821,0.23288,2.70044
54.300000,-0.02006,-0.22792,2.70288
54.316667,0.58998,0.19332,0.41592
54.333333,-0.10151,0.23968,-1.69720
54.350000,-0.14596,-0.88246,-4.75197
54.366667,-0.11563,-1.53794,-5.90666
54.383333,-1.21153,-0.39637,-0.83036
54.400000,-0.17326,1.02091,3.61321
54.416667,0.36416,2.20025,3.54548
54.433333,0.36415,1.49974,3.25048
54.450000,1.64665,-1.18763,3.45324
54.466667,0.24965,-2.36290,0.89136
54.483333,-0.72801,-1.40180,-3.84670
54.500000,0.40948,0.44657,-5.60599
54.516667,-0.21833,0.96095,-3.44883
54.533333,-0.99007,0.81923,0.06265
54.550000,-0.91052,1.41915,2.47614
54.566667,-0.28799,-0.04580,3.26326
54.583333,0.55205,-0.78935,2.77819
54.600000,-0.05210,-0.09893,0.66613
54.616667,0.44092,-0.62894,-0.46854
54.633333,0.54673,-0.74630,-0.67134
54.650000,-1.22640,-0.87139,-1.50771
54.666667,1.16901,0.74757,-3.46066
54.683333,3.15123,-0.73699,-3.61979
54.700000,1.55900,-1.97463,1.62235
54.716667,-0.73821,5.32003,4.72706
54.733333,-4.25401,4.75438,4.52474
54.750000,-2.40088,0.18850,1.35120
54.766667,-1.64351,-1.39433,-4.75740
54.783333,-4.21772,-8.41251,-3.50223
54.800000,-1.01191,-8.65143,0.63497
54.816667,4.64017,-1.71821,4.09121
54.833333,13.51410,13.25754,-0.91186
54.850000,7.76854,14.92375,-7.69284
54.866667,-5.24462,-11.83660,5.42091
54.883333,1.44043,-8.24738,-1.34134
54.900000,-10.02334,14.94263,-14.55126
54.916667,-27.73073,2.86665,16.89666
54.933333,-4.03658,-16.28445,25.61289
54.950000,20.17682,-14.44543,-6.07549
54.966667,19.81552,3.28333,-18.99955
54.983333,13.28490,15.30315,-19.12249
55.000000,-4.09079,11.92732,-4.57683
55.016667,-22.11598,5.79816,19.93399
55.033333,-14.69514,-6.83779,15.15790
55.050000,3.34359,-14.77878,-1.11164
55.066667,9.44222,-8.69828,-8.32531
55.083333,12.96074,-7.94551,-15.27031
55.100000,9.31654,0.27887,-2.35763
55.116667,-8.12252,23.10083,14.64074
55.133333,-21.82770,22.20695,10.15556
55.150000,-15.53455,4.26813,9.64932
55.166667,7.89326,-10.33651,7.61768
55.183333,27.07699,-28.26895,-17.07959
55.200000,23.66772,-17.97841,-39.58173
55.216667,-3.12976,5.71854,-18.85777
55.233333,-25.77469,5.50457,23.77537
55.250000,-22.39850,11.04388,32.20957
55.266667,-1.35637,15.95568,23.34265
55.283333,11.75257,10.19075,6.67891
55.300000,2.18692,3.18362,-21.53530
55.316667,4.72337,-13.82719,-20.71233
55.333333,14.97935,-18.06769,-11.08043
55.350000,6.78069,-10.60715,-10.09763
55.366667,3.12522,-0.69657,8.27283
55.383333,-13.30827,13.43939,17.94845
55.400000,-29.50059,8.84030,9.91792
55.416667,-8.45351,1.72865,3.72102
55.433333,13.59027,0.69835,-4.08223
55.450000,20.48974,-2.80624,-7.60795
55.466667,8.29587,3.12291,-6.23879
55.483333,-8.80002,-3.64865,-4.35007
55.500000,2.32713,-11.58610,1.27967
55.516667,6.71671,2.40516,4.90047
55.533333,-3.99126,2.90468,4.87301
55.550000,-11.23841,4.31075,2.17444
55.566667,-22.55485,13.21755,-1.84359
55.583333,-3.40630,-8.21297,-3.06102
55.600000,25.29172,-16.25499,-1.92808
55.616667,13.72970,3.33882,-1.07852
55.633333,2.94879,5.26711,-1.91009
55.650000,1.71338,4.44655,1.45668
55.666667,-6.81653,2.72747,5.77812
55.683333,-7.75553,-3.41636,4.97551
55.700000,-10.71297,0.14123,1.48174
55.716667,-9.96786,-3.92231,-6.41243
55.733333,2.95541,-3.86898,-7.01890
55.750000,13.15369,5.44048,-1.57903
55.766667,11.76083,2.70766,-3.36105
55.783333,2.14164,0.09718,0.85248
55.800000,0.96339,-1.42571,8.00712
55.816667,-1.58209,-3.93145,6.07337
55.833333,-11.26126,1.11929,2.99136
55.850000,-6.35551,3.87201,0.63556
55.866667,-0.05023,2.27797,-2.07622
55.883333,-2.37477,-2.73594,-3.74255
55.900000,1.79724,-7.45545,-3.91066
55.916667,6.19704,-1.58358,-7.75535
55.933333,7.15034,6.21383,-11.76288
55.950000,7.25096,6.18928,1.97047
55.966667,-1.26392,0.27395,20.46794
55.983333,-8.95403,-4.96945,16.62330
56.000000,-7.79471,-1.56083,-0.65401
56.016667,-3.59050,3.42314,-10.67105
56.033333,3.61850,1.89368,-11.40831
56.050000,4.07997,-1.98248,-5.51841
56.066667,0.44903,-6.92152,4.46699
56.083333,2.82089,-6.03077,4.81681
56.100000,0.90484,3.26757,-2.39549
56.116667,-1.81284,9.01806,-1.09230
56.133333,0.48661,8.10193,2.57757
56.150000,1.48219,0.21826,1.79107
56.166667,-1.67704,-7.36202,0.34551
56.183333,-5.58522,-4.74239,-0.11873
56.200000,-1.41082,-1.26568,1.77149
56.216667,4.57477,0.05191,1.00826
56.233333,5.26060,0.20025,-1.88455
56.250000,5.39967,1.01912,-0.98397
56.266667,-1.60714,4.89643,-0.23189
56.283333,-17.27341,2.68038,-1.11372
56.300000,-14.02314,-0.30389,-3.04093
56.316667,11.33697,-4.39621,-5.62312
56.333333,20.92442,-6.01986,0.15300
56.350000,11.20106,4.29406,9.33802
56.366667,-3.38551,-0.65987,4.54210
56.383333,-14.21268,-7.99245,-1.45252
56.400000,-9.24813,7.12342,4.64371
56.416667,-4.36620,12.52894,0.73836
56.433333,-0.95399,6.05442,-9.13061
56.450000,8.05827,-4.25408,-4.13437
56.466667,6.78761,-18.79691,-1.73586
56.483333,2.83816,-13.40222,-0.33540
56.500000,1.82879,6.48611,10.92945
56.516667,-5.26041,17.11939,2.20616
56.533333,-6.62194,9.88719,-15.12935
56.550000,-0.44398,-2.70327,-5.90434
56.566667,1.38029,-6.49485,6.16011
56.583333,5.82025,-9.17826,11.72013
56.600000,8.46174,-2.34171,18.19120
56.616667,-4.03387,7.37573,3.08956
56.633333,-12.38705,2.55565,-19.50955
56.650000,-4.05745,-1.08868,-19.38423
56.666667,3.29882,-1.15601,-5.39864
56.683333,3.70818,0.46383,4.52810
56.700000,5.13476,1.84182,7.58229
56.716667,4.72990,-2.41017,12.32330
56.733333,-1.13024,-2.02928,10.58341
56.750000,-5.14116,0.11676,-2.78218
56.766667,-4.17381,1.26047,-9.18246
56.783333,-0.91245,1.79782,-7.61152
56.800000,2.65875,-0.48903,-4.13937
56.816667,3.15553,1.45609,1.50306
56.833333,0.13368,2.00266,3.33183
56.850000,-2.34522,-2.31908,3.76546
56.866667,-2.16054,-3.50740,4.41597
56.883333,-0.63235,-1.22217,1.29950
56.900000,2.36188,1.28680,-3.74240
56.916667,4.86472,1.15625,-5.07119
56.933333,3.31981,-0.22937,-0.32692
56.950000,-1.67925,0.86088,2.23018
56.966667,-7.19418,2.23594,1.92396
56.983333,-7.41989,0.76118,1.06108
57.000000,-2.41415,-0.06280,-4.33798
57.016667,4.95950,-1.38728,-5.53278
57.033333,12.78352,-3.14347,-2.69741
57.050000,7.43791,-1.14517,6.34740
57.066667,-5.10930,-4.44158,20.36943
57.083333,-5.12657,0.38720,7.48687
57.100000,-5.17565,15.44338,-17.25794
57.116667,-8.28381,2.84925,-18.12645
57.133333,-0.90232,-12.61186,-6.62457
57.150000,4.55909,-1.11027,6.55722
57.166667,4.48334,3.64951,10.66000
57.183333,7.53426,-1.97066,4.51029
57.200000,6.66754,-5.25919,2.39938
57.216667,-0.08278,-1.93853,2.23600
57.233333,-9.09535,8.72092,-0.34266
57.250000,-10.69468,6.49424,-8.64850
57.266667,-2.60664,-0.86408,-10.74028
57.283333,-2.30852,-0.55460,3.89726
57.300000,4.22189,-7.08131,13.20850
57.316667,17.72376,-9.49501,3.94071
57.333333,5.48385,2.14601,-10.07389
57.350000,-7.64788,8.11093,-7.98104
57.366667,-8.21495,6.14328,2.80591
57.383333,-11.23467,2.32830,2.03132
57.400000,6.10828,-6.71159,6.03607
57.416667,14.69793,-4.95143,13.75210
57.433333,-5.63849,4.63010,-1.15755
57.450000,-3.50348,-2.17414,-21.67059
57.466667,0.94706,-3.48595,-14.12171
57.483333,-11.53766,5.38716,8.77123
57.500000,0.45282,0.06453,13.87738
57.516667,9.70052,-0.85731,9.23182
57.533333,3.18535,2.51823,-3.04149
57.550000,12.20782,-3.57720,-14.96362
57.566667,8.77016,-3.30623,6.05675
57.583333,-10.98500,3.56590,13.58124
57.600000,-14.47108,6.44215,-3.13039
57.616667,-12.02044,-1.34294,-4.09957
57.633333,-15.61146,-3.51517,-18.05422
57.650000,-5.28570,4.75056,-17.38911
57.666667,21.16097,-7.55589,6.49383
57.683333,32.24415,-14.57777,20.94696
57.700000,28.33473,7.58245,39.34930
57.716667,-0.79076,16.88109,11.13783
57.733333,-47.57580,-0.68274,-37.85682
57.750000,-26.64646,-12.73257,-36.81758
57.766667,12.72949,7.08583,-16.53450
57.783333,-3.20995,14.77628,21.69327
57.800000,4.30835,-11.74162,40.63979
57.816667,21.83869,-13.22054,10.77398
57.833333,8.90924,2.28492,-18.19138
57.850000,-6.73789,4.90344,-21.78008
57.866667,-17.29027,1.11150,2.11428
57.883333,6.37628,-4.63725,2.45396
57.900000,12.77391,4.23283,-4.32909
57.916667,-9.68736,5.91850,15.43920
57.933333,2.33471,-3.65231,-0.44349
57.950000,-9.60377,-1.38049,-5.20630
57.966667,-13.00480,0.54755,7.55180
57.983333,19.05952,1.83141,-7.13122
58.000000,3.06500,-3.36298,2.51294
58.016667,-3.13779,-5.06654,-1.63426
58.033333,3.16962,9.15309,-13.39359
58.050000,-9.21992,4.99545,7.02688
58.066667,11.63681,-8.30659,3.46535
58.083333,12.33740,-4.61826,2.95484
58.100000,-14.21334,0.47404,10.92833
58.116667,-13.32174,2.42676,-6.77652
58.133333,-3.02137,-1.20956,-11.02599
58.150000,4.75599,-6.20461,-0.56391
58.166667,3.85653,6.57178,0.40124
58.183333,1.45783,18.65521,2.81970
58.200000,6.12195,5.79384,10.86894
58.216667,4.78503,-14.06783,0.56680
58.233333,1.25336,-18.28167,-10.91528
58.250000,-2.95244,-5.83621,2.65599
58.266667,-8.56217,5.07414,3.39134
58.283333,-8.33149,5.29897,-5.04680
58.300000,-0.91191,5.41960,-4.46921
58.316667,6.04009,5.53964,-3.56731
58.333333,5.82631,3.32179,7.67918
58.350000,5.29393,2.14614,5.59245
58.366667,1.62142,-0.34602,-1.79527
58.383333,-7.65587,-6.25226,6.34618
58.400000,-2.94167,-9.40657,-1.86057
58.416667,5.39031,-4.86657,-7.46038
58.433333,-3.62904,-2.91202,-2.10540
58.450000,-3.55393,-0.13727,-6.73676
58.466667,3.36926,11.43738,3.55823
58.483333,-2.25126,14.34136,8.90488
58.500000,3.20025,7.10404,-2.27408
58.516667,4.19603,-4.48506,5.00125
58.533333,-6.76892,-15.33412,5.92746
58.550000,1.55284,-9.51072,-8.76564
58.566667,7.23222,-1.45354,-8.94594
58.583333,0.05736,1.03766,-1.63497
58.600000,-3.06432,5.96605,1.07499
58.616667,-8.11257,7.64147,4.78128
58.633333,-8.07621,7.09805,8.66165
58.650000,2.98639,-5.27744,-0.27583
58.666667,15.34073,-11.15525,-8.71129
58.683333,12.80944,5.83973,-1.57950
58.700000,-11.34252,7.40435,6.16657
58.716667,-19.95865,-0.44075,8.26774
58.733333,5.02863,-3.17723,-3.49374
58.750000,14.47911,-11.31901,-12.98812
58.766667,-0.78097,-5.66146,-2.10945
58.783333,-3.63889,5.06944,0.28610
58.800000,-5.27119,7.08798,0.62662
58.816667,-7.08808,8.06729,7.86940
58.833333,7.20816,3.44355,5.23021
58.850000,10.95789,-1.82509,4.57120
58.866667,1.68705,-7.09746,-1.61403
58.883333,-3.73752,-8.20579,-9.73195
58.900000,-8.40646,1.41603,-4.24790
58.916667,-3.33451,5.04447,-0.54696
58.933333,-1.20995,4.32467,6.51925
58.950000,-4.08577,1.61258,3.91135
58.966667,10.99741,-8.41614,-8.01070
58.983333,10.78153,-3.76242,-0.57631
59.000000,-2.51535,2.53626,-0.93914
59.016667,5.67929,-3.11124,-1.00532
59.033333,-3.74402,5.96026,8.15986
59.050000,-21.60515,10.68781,1.87598
59.066667,-7.12895,3.05626,7.08343
59.083333,8.56334,-1.11809,3.38235
59.100000,9.51055,-10.34564,-15.70078
59.116667,6.32872,-10.03859,-9.66959
59.133333,0.28309,-4.61535,-0.25150
59.150000,-2.23777,1.62633,7.21261
59.166667,2.60470,14.57470,4.54892
59.183333,5.07244,7.86485,-8.05624
59.200000,-7.47770,-5.62898,6.97914
59.216667,-16.24452,-6.62298,14.46115
59.233333,-1.64217,-2.10471,-5.20220
59.250000,10.25742,7.11264,-8.63811
59.266667,4.36489,4.68699,-0.51578
59.283333,1.34266,-5.97669,-2.95630
59.300000,4.05295,-4.72092,-2.69754
59.316667,2.48875,0.05614,1.49461
59.333333,-2.42686,-3.42384,-0.36381
59.350000,-8.09542,-4.27479,3.78383
59.366667,-7.11455,6.73305,6.50360
59.383333,2.67957,12.51236,-0.58298
59.400000,7.24930,6.25663,-2.16273
59.416667,0.06322,-0.00622,0.49066
59.433333,-0.86518,-10.71516,0.63473
59.450000,8.65169,-19.07323,-5.96095
59.466667,3.62277,-10.79361,-9.90454
59.483333,-10.73001,5.92315,-4.14270
59.500000,-13.64043,23.55016,8.24356
59.516667,-7.88590,22.82708,24.69571
59.533333,9.54247,-0.97831,11.05032
59.550000,23.04709,-17.58003,-15.53806
59.566667,10.51059,-18.51544,-17.80336
59.583333,-9.16457,-6.90571,-19.92626
59.600000,-19.00081,3.69642,-0.60354
59.616667,-11.65611,3.35682,27.72016
59.633333,7.93735,10.96246,12.10687
59.650000,9.63158,13.99041,-2.66643
59.666667,-1.46244,0.45918,1.45832
59.683333,-0.57734,-9.13458,-8.11196
59.700000,5.21004,-8.53958,-14.47267
59.716667,6.88940,-3.39247,-4.30183
59.733333,0.87429,-3.62373,6.11718
59.750000,-10.58848,-1.46896,10.98265
59.766667,-9.59278,5.35167,9.53146
59.783333,-1.87094,8.45970,-3.65925
59.800000,-2.45081,14.65245,-10.06463
59.816667,4.37988,2.72770,-2.18630
59.833333,11.97621,-16.79419,-0.63817
59.850000,4.21814,-13.67208,-3.57589
59.866667,6.64610,-9.22673,-0.52965
59.883333,7.90587,3.22587,10.75631
59.900000,-16.27045,18.72259,12.97865
59.916667,-16.72997,6.88489,-5.11578
59.933333,1.64537,-3.24624,-12.65154
59.950000,-13.08003,3.18226,-4.45246
59.966667,-7.04306,-2.60262,-1.10465
59.983333,32.86657,-13.01961,0.44644
60.000000,25.01107,-3.93632,6.11776
60.016667,-9.29744,9.13079,8.47844
60.033333,-10.91595,7.90806,2.72417
60.050000,-6.75568,1.30554,-1.97487
60.066667,-10.06902,-6.26266,-9.26858
60.083333,-3.45976,-13.35675,-11.21702
60.100000,0.72960,-5.87098,2.62540
60.116667,4.91021,9.63191,7.22734
60.133333,11.06418,16.07199,4.88467
60.150000,2.01681,12.24769,5.92220
60.166667,-2.28071,-6.57976,1.19356
60.183333,1.87682,-15.95765,-5.59457
60.200000,-3.03494,-3.77533,-8.10872
60.216667,-5.43721,-1.11705,1.70822
60.233333,-4.37020,-0.41631,5.39970
60.250000,-1.73625,3.45349,-7.99330
60.266667,3.19793,2.75127,-6.49687
60.283333,6.13990,3.55728,7.85795
60.300000,6.01503,-1.53731,9.17756
60.316667,-1.30041,-0.38182,1.68207
60.333333,-3.93832,4.26650,-2.26817
60.350000,0.83518,0.18623,-0.73970
60.366667,-0.83871,0.88188,0.59651
60.383333,-7.80404,-2.93523,-3.31825
60.400000,-9.34646,-11.62953,-7.56539
60.416667,5.12147,-6.75942,-5.66439
60.433333,17.44175,8.21333,1.61226
60.450000,7.87306,14.13541,10.38674
60.466667,-3.11530,5.95787,11.18375
60.483333,-7.62382,-3.46671,3.57199
60.500000,-14.64736,-12.59269,-8.86077
60.516667,-7.32022,-7.23022,-16.59612
60.533333,12.88290,7.58033,1.02945
60.550000,7.66620,4.23994,7.23662
60.566667,-3.24349,1.09343,-2.80308
60.583333,10.50184,-0.73305,16.07841
60.600000,2.16351,-3.31596,5.28083
60.616667,-12.92039,5.61321,-21.99514
60.633333,-2.84137,-1.38898,0.52357
60.650000,-5.56799,-9.72659,6.13368
60.666667,-0.67599,1.10755,-5.09341
60.683333,5.88014,4.97335,-5.93703
60.700000,1.18038,3.14626,-6.99597
60.716667,15.82368,3.04640,22.16550
60.733333,0.23280,3.77154,26.52675
60.750000,-19.31601,-1.90911,-12.18352
60.766667,-0.60364,-13.29793,-25.62995
60.783333,2.36060,-7.91821,-13.81736
60.800000,6.09607,4.19858,7.27170
60.816667,2.85734,9.78472,14.72274
60.833333,-9.92147,10.83823,3.30357
60.850000,5.02366,0.80052,-1.02410
60.866667,4.20769,-7.73042,-2.84093
60.883333,-6.95072,-7.98046,-3.19950
60.900000,-1.41181,-4.51009,-0.81137
60.916667,0.46932,5.05908,3.35942
60.933333,3.14376,8.01560,4.81649
60.950000,4.13096,-0.69594,-2.13398
60.966667,2.04400,-6.26259,-4.77868
60.983333,1.39363,-1.42158,-4.06221
61.000000,-9.17360,7.16103,3.12600
61.016667,-13.16333,2.00156,6.75059
61.033333,11.52863,-9.46568,-7.73128
61.050000,19.48821,0.23456,-5.08206
61.066667,-9.25847,8.94218,11.20177
61.083333,-16.13983,-2.00597,5.65109
61.100000,0.84811,-3.59438,-1.56646
61.116667,8.75403,-0.09648,1.10102
61.133333,3.44666,0.31095,-10.21063
61.150000,-8.22995,4.65763,-14.40125
61.166667,3.42258,-7.60532,8.10727
61.183333,16.17661,-11.59148,11.13304
61.200000,-3.80663,12.93094,0.49124
61.216667,-13.69323,13.74724,4.90117
61.233333,-8.77850,0.12860,1.48091
61.250000,-6.02304,0.27463,-1.66308
61.266667,10.75356,-14.17615,-11.71102
61.283333,16.96410,-15.98916,-21.02530
61.300000,3.51547,8.16538,8.49361
61.316667,-6.77581,8.36703,21.08925
61.333333,-4.14280,1.00227,3.98753
61.350000,-1.56705,9.76111,11.27571
61.366667,-16.06581,3.40664,4.07726
61.383333,-3.13747,-7.80854,-22.82719
61.400000,23.91893,-7.63633,-15.31595
61.416667,5.96888,-8.49901,-1.04670
61.433333,-9.12398,2.46044,-0.91471
61.450000,-2.05302,11.21221,10.57990
61.466667,-2.87287,3.07765,9.22339
61.483333,0.34124,0.57624,-4.73902
61.500000,2.62623,-4.35407,9.66529
61.516667,-5.10181,-7.59415,10.96065
61.533333,-2.70240,3.24440,-14.66966
61.550000,14.72551,8.88029,-7.57482
61.566667,7.32119,3.79644,4.73321
61.583333,-20.96320,-8.72759,-6.60459
61.600000,-11.54011,-15.11175,-7.50310
61.616667,13.76182,-2.60962,0.15788
61.633333,15.42114,9.77135,8.09347
61.650000,5.75891,9.30617,10.89651
61.666667,-8.07582,12.10738,1.66081
61.683333,-15.99710,12.72956,2.96413
61.700000,-18.21715,-8.45463,2.19145
61.716667,-2.70037,-20.55224,-20.37526
61.733333,15.14749,-13.59008,-14.40527
61.750000,15.64212,-19.85146,9.99323
61.766667,38.76101,-5.88670,4.34744
61.783333,15.19807,40.80932,8.69562
61.800000,-58.73667,40.48953,14.81291
61.816667,-40.21891,-7.11012,-2.58145
61.833333,14.80549,-22.85906,-7.35730
61.850000,16.78711,-13.11120,-6.91965
61.866667,11.47513,-9.62188,-8.41585
61.883333,6.95989,-2.10265,-5.43186
61.900000,-0.68654,2.11651,4.77393
61.916667,-2.18181,5.08147,12.78117
61.933333,-6.09551,13.07525,-2.74074
61.950000,-3.22569,8.94350,-5.38241
61.966667,8.83908,-1.09854,5.11794
61.983333,3.02275,-11.03839,6.69844
62.000000,-6.12278,-17.06071,8.96294
62.016667,-5.36610,1.00700,-6.59743
62.033333,-9.38357,12.18539,-14.65703
62.050000,1.42980,0.42490,-10.00715
62.066667,12.93409,5.81486,-6.33197
62.083333,6.28858,9.32451,21.35751
62.100000,-0.31984,-4.71834,20.94774
62.116667,-2.43137,-6.49278,-18.25171
62.133333,-5.07126,-5.59806,-20.93061
62.150000,-8.67299,-12.74757,13.16741
62.166667,2.44049,-6.33784,23.65049
62.183333,11.58877,16.11070,-2.46393
62.200000,2.76226,16.33050,-16.12911
62.216667,-9.29991,2.32184,-15.16568
62.233333,-6.80524,1.03273,-6.14976
62.250000,12.96664,-9.37675,18.90492
62.266667,-5.43141,-8.26674,16.43256
62.283333,-19.16783,0.22416,0.17041
62.300000,22.75198,-6.82954,-4.12603
62.316667,21.07887,-0.42272,-13.34362
62.333333,-16.50237,7.66558,-10.23097
62.350000,-21.39359,8.69390,-3.68591
62.366667,-3.02015,0.54936,4.91106
62.383333,16.89216,-7.41664,20.52608
62.400000,11.60547,3.80445,8.80782
62.416667,-0.58126,0.84326,-4.10552
62.433333,-12.02443,-2.58168,-4.84053
62.450000,-12.05923,1.79385,-17.63734
62.466667,12.46047,-6.82756,-5.81744
62.483333,3.21778,-1.62481,15.16863
62.500000,-13.19925,3.64326,1.35568
62.516667,8.64921,-1.92219,-6.70064
62.533333,10.04662,2.44203,2.78115
62.550000,-1.40358,3.79232,4.57408
62.566667,2.48993,1.14600,6.94543
62.583333,-9.48408,3.18294,1.83405
62.600000,-11.87506,-0.01497,-13.83474
62.616667,5.89017,-5.25918,-9.22511
62.633333,2.40171,-6.30550,9.56689
62.650000,2.10360,-5.59184,8.31016
62.666667,6.90936,3.54511,-2.42656
62.683333,-5.39550,6.03415,-1.30462
62.700000,3.44895,1.44414,-2.68947
62.716667,6.50069,4.96169,-4.39182
62.733333,-6.91953,0.95401,0.83968
62.750000,-3.54506,4.78045,-1.57301
62.766667,-13.87140,0.26820,2.13424
62.783333,4.98902,-19.99916,11.93820
62.800000,23.15211,-17.86939,12.90633
62.816667,-17.99522,5.29575,-5.39025
62.833333,-6.49954,43.67688,-31.58970
62.850000,13.72709,0.78238,-4.10509
62.866667,-4.12683,-45.15927,15.55264
62.883333,9.62950,21.89784,-3.07613
62.900000,5.57188,3.19055,20.06615
62.916667,4.82279,-5.69163,3.75917
62.933333,-6.43845,42.81907,-24.97793
62.950000,-40.82471,-40.92127,6.51024
62.966667,-14.46213,-35.57430,1.49986
62.983333,13.69758,31.92305,-4.02043
63.000000,39.40105,-11.98189,5.89432
63.016667,44.70260,4.77557,1.07130
63.033333,-24.28668,33.33030,12.76101
63.050000,-42.28983,1.41250,-8.89384
63.066667,-8.45676,-15.03589,-23.80071
63.083333,5.55102,-18.02253,8.27223
63.100000,18.99210,1.75520,9.60939
63.116667,6.67040,9.15430,-3.41863
63.133333,-16.79887,-6.23116,6.53095
63.150000,-9.80102,-0.23711,8.14673
63.166667,12.38757,6.83694,-5.50947
63.183333,14.84281,1.37569,-8.47150
63.200000,-1.93404,-1.55842,-0.50881
63.216667,-8.70794,0.67868,-0.25613
63.233333,-6.03316,1.77527,-0.37908
63.250000,2.13330,-3.85559,2.26479
63.266667,4.99775,-6.28052,3.36925
63.283333,-3.24291,1.08937,2.24697
63.300000,1.06780,4.87601,-6.63493
63.316667,2.32541,1.75556,-4.18582
63.333333,-7.09237,2.17431,11.08925
63.350000,-0.02458,1.48825,6.01935
63.366667,8.25848,-2.59351,-10.12498
63.383333,2.43989,-3.65714,-7.34328
63.400000,-5.11994,-2.70087,3.56936
63.416667,-5.56978,0.43399,3.69945
63.433333,1.67548,2.47909,-0.41936
63.450000,5.40422,-0.22035,0.19982
63.466667,2.04503,-1.10256,1.56485
63.483333,-4.84325,3.36151,-0.73872
63.500000,-4.40674,4.22998,-2.41905
63.516667,4.12975,-1.70106,0.61327
63.533333,2.20046,-3.94664,2.42258
63.550000,0.46704,-1.93130,1.22997
63.566667,1.55941,-0.54094,-0.33580
63.583333,-4.83656,1.55863,-3.93370
63.600000,-3.22290,2.30209,-2.77095
63.616667,1.99160,1.06492,2.10552
63.633333,3.88429,-0.55310,1.49385
63.650000,2.95145,-2.35179,1.42399
63.666667,-3.49594,-2.69503,1.39536
63.683333,-2.43744,-0.45627,-1.03045
63.700000,1.02304,1.54732,0.61345
63.716667,-0.13584,2.94968,0.08959
63.733333,1.01092,5.61274,-3.16202
63.750000,-0.18485,2.73886,-1.29914
63.766667,-0.77413,-5.64647,1.00304
63.783333,1.80930,-9.10793,1.46370
63.800000,0.09181,-3.66015,1.88207
63.816667,-2.27528,5.75336,-0.30286
63.833333,0.17146,6.48794,-2.58041
63.850000,2.32687,-0.43665,-0.57386
63.866667,-0.07224,-2.12614,2.73758
63.883333,-2.51711,0.26546,1.70395
63.900000,-1.50774,1.55877,-2.18740
63.916667,0.71637,0.83786,-1.76094
63.933333,2.81850,-2.09960,0.29377
63.950000,2.85169,-4.14402,-0.48117
63.966667,-0.27166,-1.55893,0.94372
63.983333,-3.34076,3.01174,1.25892
64.000000,-3.61725,3.90779,-0.29377
64.016667,-0.19639,2.42512,1.17584
64.033333,2.45484,-0.08120,0.01686
64.050000,1.30643,-3.70341,-1.33910
64.066667,2.17114,-4.63052,-0.92323
64.083333,2.25237,-1.90444,-2.51258
64.100000,-1.98264,2.49545,-0.23061
64.116667,-3.00049,5.10651,3.57522
64.133333,-2.34708,3.20407,2.56431
64.150000,-1.39011,-0.74779,-0.22813
64.166667,1.99604,-3.11097,-1.21050
64.183333,1.82097,-2.17699,-1.52357
64.200000,2.63545,-0.29913,-1.38783
64.216667,3.94792,-0.71997,0.93667
64.233333,-4.41709,-1.66034,0.37427
64.250000,-6.26634,0.67872,-0.56574
64.266667,4.33381,5.01261,0.92636
64.283333,2.39620,3.50079,-0.92279
64.300000,-5.55885,-2.15211,0.46523
64.316667,0.84130,-2.91372,2.62958
64.333333,4.56808,-1.61673,-1.31912
64.350000,-0.97940,-0.83588,-1.48792
64.366667,-0.66176,0.54855,0.70897
64.383333,-0.20915,0.86090,-0.31722
64.400000,-1.02851,0.92952,-0.60600
64.416667,1.77994,-0.27964,-0.23751
64.433333,0.04141,-0.74766,0.76687
64.450000,-0.77993,0.71007,1.19993
64.466667,0.19632,0.21081,-0.99499
64.483333,-3.91343,1.04125,-0.81625
64.500000,0.35270,2.54526,1.82654
64.516667,6.73772,-0.86645,0.69581
64.533333,-0.79985,-4.43869,-1.87837
64.550000,-4.61610,-2.34612,-1.15281
64.566667,1.18150,1.59251,0.36269
64.583333,1.72212,1.93938,0.49907
64.600000,-0.64668,0.55719,0.69070
64.616667,-0.23230,0.15220,0.63025
64.633333,-0.03782,0.27480,0.04142
64.650000,-0.96311,0.63443,-0.46116
64.666667,-0.56189,0.09769,-1.16469
64.683333,0.80508,-0.65488,-0.29968
64.700000,0.69802,-0.40799,1.12066
64.716667,0.38573,-0.61934,0.48842
64.733333,0.23290,-1.10632,0.02974
64.750000,-0.40412,0.00546,-0.40347
64.766667,0.11070,2.33261,-1.14144
64.783333,0.37893,2.02548,0.15007
64.800000,-0.72820,-2.54133,0.92067
64.816667,-1.18024,-4.38037,0.19391
64.833333,-0.39691,0.23110,0.68005
64.850000,1.12564,3.82626,0.38820
64.866667,1.12491,3.02708,-1.62998
64.883333,-0.84142,0.96527,-1.78947
64.900000,-0.62278,-0.93894,0.36144
64.916667,0.87048,-1.61144,1.65077
64.933333,0.21501,-2.29420,1.11611
64.950000,0.39248,-3.15819,0.72447
64.966667,1.06229,-1.77771,-0.31181
64.983333,-0.86532,0.43953,-2.02866
65.000000,-1.84544,3.85462,-1.09967
65.016667,-1.63529,7.03874,0.40186
65.033333,-0.66267,4.19270,0.89608
65.050000,1.76621,-1.65524,0.88227
65.066667,2.61501,-6.88622,-0.67837
65.083333,3.53767,-8.77635,-0.23969
65.100000,-0.33007,-2.66299,1.25988
65.116667,-5.98554,3.75198,1.45458
65.133333,-2.20692,5.90523,0.25231
65.150000,0.86706,6.28011,-3.50941
65.166667,2.04051,1.86951,-3.75448
65.183333,2.37191,-3.56956,-0.31897
65.200000,-0.84305,-4.69749,3.79468
65.216667,2.32064,-1.84985,6.05582
65.233333,-0.35709,0.85751,0.95383
65.250000,-6.43358,0.35251,-3.31863
65.266667,0.80901,0.61847,-3.86678
65.283333,3.62205,-0.64424,-3.17411
65.300000,0.13102,-2.17565,1.09404
65.316667,0.61465,2.84806,2.62383
65.333333,-1.25421,5.47084,2.48676
65.350000,-2.53245,1.17956,1.31453
65.366667,0.68497,-2.82661,-2.17765
65.383333,4.90409,-4.28461,-1.58381
65.400000,2.07862,-1.85871,-0.43078
65.416667,-6.33710,1.14990,1.32188
65.433333,-3.85508,-1.28211,2.25541
65.450000,3.87416,-3.53831,-2.50453
65.466667,2.72520,2.12595,-1.87832
65.483333,-1.07616,7.99943,1.30016
65.500000,-3.11951,5.71931,-0.28855
65.516667,0.22779,0.66436,0.62384
65.533333,3.84912,-4.56374,0.87576
65.550000,0.30430,-8.09870,0.87372
65.566667,1.65161,-5.72592,1.11406
65.583333,1.14353,-2.09382,-2.39552
65.600000,-4.99451,2.21142,-1.11567
65.616667,-2.54792,7.47711,0.82984
65.633333,0.20017,9.29870,-0.72844
65.650000,-1.15130,7.05027,0.33589
65.666667,-2.60121,-1.91734,-0.58295
65.683333,2.17609,-10.96369,0.55646
65.700000,3.84319,-15.09335,1.20167
65.716667,1.92275,-15.65732,-2.78355
65.733333,20.27577,6.62839,2.32636
65.750000,6.12721,36.36317,5.86519
65.766667,-36.45021,21.96164,0.30929
65.783333,-20.43771,-17.06494,-3.59548
65.800000,10.26969,-28.34053,-8.28490
65.816667,14.04202,-12.87964,-5.25787
65.833333,12.52440,6.76957,2.97306
65.850000,2.16533,12.98325,6.99275
65.866667,-1.53196,8.88879,9.36507
65.883333,-3.93922,2.60874,0.09950
65.900000,-4.60233,-8.49236,-6.00120
65.916667,2.24572,-4.93186,0.19884
65.933333,-3.14160,6.06459,-0.63311
65.950000,-4.90072,2.10342,-5.86626
65.966667,-1.45914,-2.22383,-7.04517
65.983333,-0.63182,-7.53602,3.13337
66.000000,8.05784,-6.73330,9.68414
66.016667,8.99361,6.79322,2.05152
66.033333,-0.85436,9.84964,1.93492
66.050000,-6.63575,6.52184,-0.56252
66.066667,-4.01798,0.52005,-7.75297
66.083333,0.60293,-9.46912,-3.69184
66.100000,0.16544,-9.23631,3.49448
66.116667,-0.31798,-3.08239,6.11025
66.133333,-0.32213,2.34209,-0.08605
66.150000,0.83955,5.56356,-3.59954
66.166667,3.08597,5.45695,-0.30810
66.183333,1.37180,4.37186,-1.74375
66.200000,-1.24703,-0.60563,-1.05966
66.216667,-1.11296,-4.02300,2.08966
66.233333,-0.56556,-1.84288,1.56662
66.250000,-3.03700,-4.57456,-0.26360
66.266667,1.17782,-6.28071,0.38866
66.283333,5.80653,5.01955,2.12513
66.300000,-5.38165,10.30213,-1.52913
66.316667,-5.43681,-1.22571,-1.77687
66.333333,8.68675,-7.09359,3.95041
66.350000,4.55027,0.04269,-1.50934
66.366667,-5.05986,5.34606,-9.08965
66.383333,-3.39431,2.07331,0.45075
66.400000,0.23978,-3.64436,8.18402
66.416667,2.11807,-3.67799,2.47006
66.433333,0.78030,0.60164,-0.87205
66.450000,-2.62382,2.50731,-2.35884
66.466667,-2.84886,0.35478,-1.46993
66.483333,3.47605,-2.07747,1.66828
66.500000,5.14209,-1.42482,-2.10562
66.516667,-2.08413,1.83101,-0.98974
66.533333,-0.46878,2.78949,3.29151
66.550000,-0.37031,-1.14845,-1.16585
66.566667,-5.16887,-1.97266,-0.55203
66.583333,2.08387,2.06244,2.69369
66.600000,1.64667,3.92358,-2.69658
66.616667,-2.59728,0.87276,-1.98485
66.633333,3.28647,-5.79810,4.37223
66.650000,0.23933,-6.04112,0.07735
66.666667,-0.45950,-0.67899,-3.09948
66.683333,4.02672,1.17604,1.08876
66.700000,-2.01700,3.70995,0.09787
66.716667,-3.58267,5.49396,0.53619
66.733333,-1.10801,4.45358,1.25712
66.750000,-2.23281,0.10168,-3.05639
66.766667,1.71689,-8.36648,-0.88004
66.783333,4.92516,-7.01736,2.21965
66.800000,1.83538,3.22930,1.20103
66.816667,-2.59913,6.62920,0.27513
66.833333,-2.24718,2.29109,-2.46240
66.850000,0.35549,-4.63622,-0.62548
66.866667,-0.82768,-5.38186,2.46755
66.883333,1.25632,0.25528,0.40485
66.900000,2.53019,2.50802,-0.22016
66.916667,-2.12380,4.65556,-0.28113
66.933333,-2.50679,4.70133,-1.13748
66.950000,0.44534,-2.62844,-1.66732
66.966667,2.38104,-5.17900,-0.79546
66.983333,1.03925,-1.14118,2.40452
67.000000,-1.61361,0.73983,2.27421
67.016667,-0.54163,0.69626,0.05074
67.033333,-0.61037,-1.78732,-0.96348
67.050000,0.60039,-2.14664,-1.03220
67.066667,1.96466,3.02153,0.53875
67.083333,-0.00224,3.35336,1.12364
67.100000,1.65945,1.01200,-0.46920
67.116667,-2.72155,3.39289,-4.09465
67.133333,-7.17976,0.10572,-2.96707
67.150000,2.48952,-8.38392,3.46735
67.166667,6.16736,-7.64325,4.26161
67.183333,1.53641,2.62709,3.28397
67.200000,-0.37400,8.47883,1.80085
67.216667,-2.07213,2.80255,-4.36718
67.233333,-1.62888,-2.02183,-5.92058
67.250000,-1.30531,-0.48472,-1.80528
67.266667,0.51729,0.36695,0.41536
67.283333,1.47463,-0.07513,2.15218
67.300000,-1.29972,-4.77477,5.07741
67.316667,1.13632,-5.80905,3.26475
67.333333,2.49270,4.32012,-1.35179
67.350000,-0.58356,6.54887,-2.97481
67.366667,-0.84151,-0.17421,-3.67978
67.383333,-1.62064,1.95877,-1.30458
67.400000,-2.68587,5.54560,0.82495
67.416667,-0.37269,-2.07296,0.94569
67.433333,4.23927,-11.66705,3.63306
67.450000,5.29243,-9.60070,0.90272
67.466667,-1.55154,0.03406,-1.52772
67.483333,-5.98478,8.31578,1.54542
67.500000,-2.05972,10.52602,-1.63616
67.516667,1.35206,4.63742,-3.04579
67.533333,1.97942,1.40059,-0.62564
67.550000,0.79532,0.03600,-1.16574
67.566667,-0.27083,-8.97283,2.87786
67.583333,2.44835,-12.77868,3.97060
67.600000,1.18790,-5.30346,-0.54957
67.616667,-3.15186,5.55079,0.67875
67.633333,-2.48457,12.95600,-1.32847
67.650000,-1.83780,6.51818,-6.51802
67.666667,1.13031,-3.99761,0.17654
67.683333,4.80104,-3.52648,5.81297
67.700000,0.13278,-1.54443,0.23195
67.716667,-2.08810,-1.54712,-0.23278
67.733333,0.07853,0.31445,1.35141
67.750000,-1.52399,-0.32367,-3.31974
67.766667,0.98376,-0.11825,-2.45371
67.783333,2.64016,2.68912,1.50939
67.800000,-2.56451,2.11881,0.95789
67.816667,-1.35560,-1.40373,1.71740
67.833333,1.48910,-3.66339,1.30847
67.850000,-0.72992,-2.83898,-1.24343
67.866667,0.01071,-0.18742,-0.07147
67.883333,0.85677,2.22517,-0.53164
67.900000,1.30723,3.28460,-1.51240
67.916667,0.38284,4.03588,-0.47029
67.933333,-1.35203,3.50478,-1.31649
67.950000,0.66924,0.52875,0.10530
67.966667,-2.67235,-3.63843,0.40934
67.983333,-3.07338,-13.23931,2.90197
68.000000,3.89431,-13.74689,7.15870
68.016667,3.01359,7.32813,1.37244
68.033333,0.70805,19.40912,-5.84977
68.050000,-0.26752,12.13403,-11.48766
68.066667,-4.06592,-0.29432,-5.55111
68.083333,-4.38824,-14.89311,9.51738
68.100000,3.70816,-12.79589,7.24483
68.116667,8.11241,2.78489,3.63962
68.133333,-3.06165,8.18263,1.51010
68.150000,-4.47107,5.57868,-6.43699
68.166667,1.56337,-1.08772,-4.58762
68.183333,-2.62093,-7.31727,-2.28217
68.200000,1.40698,-6.76068,3.03015
68.216667,0.76512,1.48151,4.55169
68.233333,-2.69319,11.07357,-4.15526
68.250000,5.65230,7.08841,-0.35217
68.266667,1.11362,-2.36137,2.72356
68.283333,-3.12243,-5.21537,1.95714
68.300000,0.35951,-6.73345,2.48901
68.316667,-2.87687,-2.76025,-5.41067
68.333333,1.02739,4.15260,-3.48810
68.350000,1.39559,3.62183,1.60173
68.366667,-3.20337,0.44935,-0.25662
68.383333,1.62203,-0.24271,3.39938
68.400000,2.43520,-0.78860,2.28605
68.416667,1.62474,0.04603,-1.93674
68.433333,0.08171,2.69654,-1.16951
68.450000,-6.82567,-0.13521,-2.28941
68.466667,-1.33928,-6.40195,-0.32314
68.483333,7.46810,-3.31728,4.10104
68.500000,1.37586,5.10791,1.35784
68.516667,-3.06987,5.26839,-2.51843
68.533333,-0.67907,0.38325,-1.53114
68.550000,-1.56728,-1.05172,-1.37710
68.566667,-0.49940,-2.00077,-0.67839
68.583333,2.05774,-3.43550,3.79066
68.600000,1.32437,-0.38781,3.18867
68.616667,-0.08833,2.81338,-1.74873
68.633333,-1.83635,0.40526,-1.52173
68.650000,-1.39916,-1.06696,-2.06126
68.666667,1.37496,1.05835,-2.75084
68.683333,2.64725,0.38174,2.91194
68.700000,0.60406,0.18899,4.27754
68.716667,-2.20872,1.59080,-0.15211
68.733333,-0.88800,-1.21710,-2.99994
68.750000,-1.09024,-2.21041,-2.83446
68.766667,-2.07929,-1.20431,1.88692
68.783333,3.36141,-1.04608,3.10414
68.800000,4.14795,3.19799,-1.01427
68.816667,-2.33999,2.99710,-1.38369
68.833333,-3.90960,-2.74153,-0.72738
68.850000,-0.10551,-1.80348,-0.20659
68.866667,2.98207,3.08316,1.98402
68.883333,2.76177,2.22933,2.42152
68.900000,1.74660,-3.34913,0.88270
68.916667,-2.19300,-2.34841,-5.06798
68.933333,-8.79205,1.86624,-6.64694
68.950000,-3.55172,-0.57437,3.19588
68.966667,7.57972,-2.23776,6.67329
68.983333,5.74438,-0.11735,2.30407
69.000000,0.81797,3.49799,0.31557
69.016667,0.00902,3.78836,-2.27791
69.033333,-2.78822,-1.80215,-3.14775
69.050000,-2.03282,-1.06843,-2.05234
69.066667,-2.29230,0.76402,-1.38400
69.083333,-3.04123,-4.92209,0.97764
69.100000,4.60243,-1.99792,4.28525
69.116667,3.86973,6.39855,2.10864
69.133333,-3.72297,1.99881,-4.52305
69.150000,-1.75975,-4.60715,-1.14450
69.166667,3.02451,-2.09000,5.38090
69.183333,3.63502,0.72657,1.79966
69.200000,-0.94525,2.60555,-0.42954
69.216667,-0.36565,1.91057,-2.23788
69.233333,-0.82510,-1.05745,-8.42485
69.250000,-8.21650,1.82216,-3.68670
69.266667,-2.31248,0.56608,6.61599
69.283333,3.47880,-4.16808,5.04274
69.300000,6.44204,-2.07884,2.45570
69.316667,9.25230,-1.83232,2.85356
69.333333,-5.66145,0.58546,-3.54608
69.350000,-3.91514,6.02562,-4.88847
69.366667,5.26819,3.56258,0.03805
69.383333,-12.00153,-1.16133,-0.57346
69.400000,-8.10086,-5.38305,0.12382
69.416667,11.04474,-5.35805,1.78742
69.433333,6.15602,2.00641,-0.44299
69.450000,1.92841,4.90654,-0.37225
69.466667,0.70977,4.39945,1.00831
69.483333,-6.24633,0.80995,1.36404
69.500000,-4.62265,-4.71996,0.01427
69.516667,0.84833,0.47927,-1.85861
69.533333,3.18260,-2.32129,0.79633
69.550000,4.63468,-9.02753,0.72384
69.566667,1.42886,4.51845,-2.38201
69.583333,-4.46324,6.85772,0.54868
69.600000,-3.21658,-0.56912,0.86491
69.616667,-0.07138,3.54260,-1.48265
69.633333,-0.41399,-0.65306,2.04958
69.650000,3.44166,-3.08250,2.59027
69.666667,2.56949,-0.06262,-2.09709
69.683333,-3.87330,-2.11258,-3.79621
69.700000,-0.70508,1.40679,-0.88968
69.716667,2.24194,1.32198,1.86069
69.733333,-1.15931,-3.77575,1.02939
69.750000,-0.22142,-2.08284,2.43226
69.766667,2.37833,1.60875,3.38869
69.783333,0.90387,3.23843,-2.14307
69.800000,-2.19271,2.56444,-4.43898
69.816667,-2.00094,0.61328,-0.99931
69.833333,0.40659,-1.21159,0.62176
69.850000,0.08365,-1.61202,-0.51565
69.866667,-0.24246,-0.90086,-0.12525
69.883333,0.84097,-1.37177,2.75366
69.900000,1.06539,-0.67230,2.53633
69.916667,1.07901,1.02313,-0.44547
69.933333,-0.22995,1.02143,-1.72925
69.950000,-1.76075,0.34029,-0.93537
69.966667,-1.16068,0.22100,0.29795
69.983333,0.25165,0.20908,-0.25426
70.000000,1.43279,-0.33157,-0.93237
70.016667,1.22300,0.09832,-0.20036
70.033333,0.05485,0.66894,0.33704
70.050000,-0.36061,0.57533,-0.15100
70.066667,-1.70794,-0.06244,-0.05791
70.083333,-2.77493,-3.19430,2.33615
70.100000,0.39557,-2.76015,3.50005
70.116667,3.63354,2.73212,0.05029
70.133333,2.39742,3.99406,-5.86727
70.150000,-0.88201,0.84364,-6.97907
70.166667,-2.59636,-2.31844,2.27364
70.183333,-0.71275,-2.12006,10.27645
70.200000,0.16207,0.46865,3.62913
70.216667,-0.46373,-0.23269,-6.62571
70.233333,1.48362,-0.36177,-6.53215
70.250000,1.59800,2.63821,1.07664
70.266667,0.48974,1.93404,6.72318
70.283333,-1.21458,-2.40534,0.84659
70.300000,-3.33380,-2.39208,-6.98222
70.316667,-0.11555,1.05683,-0.99658
70.333333,1.80896,0.45140,6.48119
70.350000,1.16283,-0.12498,3.47608
70.366667,1.54286,0.89470,-3.37688
70.383333,-1.23731,-0.86775,-5.52454
70.400000,-1.30770,-0.28417,0.16732
70.416667,0.65301,0.62646,4.25188
70.433333,-0.13414,-0.62605,0.92828
70.450000,-0.01694,0.70761,-2.56793
70.466667,-0.68731,0.40123,-1.15964
70.483333,-0.07149,-0.69767,1.71304
70.500000,1.46457,0.83064,0.58546
70.516667,-0.04655,0.86521,-0.50486
70.533333,0.06458,-0.45315,0.65581
70.550000,-0.15772,-1.42325,-0.27219
70.566667,-2.73560,-1.99351,-0.57714
70.583333,-0.83805,-1.83693,0.46945
70.600000,3.90024,2.01129,0.24465
70.616667,3.09953,5.94632,-0.74862
70.633333,-1.76193,1.36692,-1.61985
70.650000,-2.50608,-3.43323,-0.11122
70.666667,-1.23052,-2.93207,2.16859
70.683333,-1.23052,-2.58261,2.27001
70.700000,0.40989,0.34652,-0.12305
70.716667,1.82332,2.78196,-2.47553
70.733333,2.95551,2.65144,-1.11104
70.750000,1.04627,2.24994,-0.46818
70.766667,-2.92102,-2.53562,-0.57169
70.783333,-0.20481,-2.76885,1.84815
70.800000,-0.50376,1.00037,1.73314
70.816667,-3.73667,-3.06887,0.73415
70.833333,2.31559,-1.23533,0.57566
70.850000,3.81537,5.61239,-2.02623
70.866667,-1.79970,2.05005,-3.57061
70.883333,-0.87862,-1.19301,-0.46070
70.900000,1.14285,-0.92160,3.40591
70.916667,-0.54607,-2.64988,2.04894
70.933333,-0.99527,-1.16370,-1.16226
70.950000,0.65915,1.50265,-0.96113
70.966667,1.25342,1.62502,0.15792
70.983333,-0.18011,0.77585,0.17958
71.000000,-0.65101,0.24067,-1.06850
71.016667,-0.77684,-0.17007,-1.03069
71.033333,-1.23087,-1.76058,2.00758
71.050000,0.68647,-1.90877,2.81215
71.066667,1.71081,0.26918,-0.75507
71.083333,0.14199,1.50211,-3.81332
71.100000,-0.15355,1.53603,-2.15730
71.116667,0.01296,0.89730,2.12755
71.133333,-0.35535,-0.22494,3.22312
71.150000,-0.18880,-0.88979,0.81299
71.166667,-0.62653,-1.12406,-1.70759
71.183333,-0.99537,-1.25878,-1.96724
71.200000,0.21838,-0.61917,0.63189
71.216667,1.27663,0.74901,1.80807
71.233333,1.31676,1.55297,-0.33344
71.250000,0.88277,1.70979,-1.71976
71.266667,-0.63407,0.87040,-0.86272
71.283333,-1.73006,-0.85114,0.64111
71.300000,-1.44213,-1.87661,1.28749
71.316667,-0.78824,-1.80965,0.55177
71.333333,0.75935,-0.77240,0.10465
71.350000,2.14216,0.55022,0.72466
71.366667,2.05437,1.87986,0.27012
71.383333,0.67344,2.77749,-1.66887
71.400000,-2.39864,1.38128,-3.51715
71.416667,-4.17570,-1.98068,-2.28962
71.433333,-1.06890,-4.21690,4.02273
71.450000,3.72026,-2.15626,7.53863
71.466667,4.63142,2.09010,1.96930
71.483333,0.56882,3.21927,-7.17856
71.500000,-3.92876,1.73546,-9.14111
71.516667,-3.49330,0.13386,2.13157
71.533333,0.01708,-1.59728,9.76201
71.550000,2.13071,-2.24507,2.51010
71.566667,2.00186,-0.92799,-3.84983
71.583333,0.06778,0.25469,-4.86694
71.600000,-1.03325,0.86456,-2.06313
71.616667,-0.45305,1.71884,3.90577
71.633333,0.36578,1.08455,3.37005
71.650000,0.37641,-0.32125,-0.43591
71.666667,-1.46022,-1.29069,-1.51323
71.683333,-0.51738,-1.96703,-0.41035
71.700000,2.47969,-0.39647,1.02467
71.716667,0.76577,1.46945,-1.56276
71.733333,-1.28962,1.45123,-2.81882
71.750000,-1.27861,0.99142,-0.24543
71.766667,-1.30669,-0.51298,2.45567
71.783333,0.97115,-1.60371,4.78220
71.800000,2.32591,-0.77531,2.04830
71.816667,0.76665,-0.27785,-3.47725
71.833333,-1.24331,0.27036,-5.34416
71.850000,-2.49578,1.21548,-2.95130
71.866667,-0.02983,0.79790,2.76180
71.883333,2.63115,0.18185,5.41985
71.900000,0.87648,-0.16586,2.50385
71.916667,-0.95558,-1.00624,-1.94690
71.933333,-1.22798,-0.84107,-5.04765
71.950000,-1.17822,-0.10574,-2.48063
71.966667,0.41074,0.19494,3.62427
71.983333,2.06528,0.86633,5.16300
72.000000,0.84891,0.67781,0.40308
72.016667,-1.46413,-0.47904,-4.84383
72.033333,-1.41256,-0.25252,-4.38141
72.050000,0.14286,0.21000,0.73204
72.066667,1.71873,-0.26374,5.10049
72.083333,1.03587,0.02704,3.72978
72.100000,-1.41897,0.00029,-2.37345
72.116667,-0.68115,-0.27882,-4.66828
72.133333,-0.42266,0.47400,-1.20832
72.150000,-1.50503,-0.11183,2.42464
72.166667,1.57507,-0.98136,3.50162
72.183333,2.97132,0.22840,1.39865
72.200000,-0.08280,1.31123,-3.27156
72.216667,-2.18886,0.16370,-4.53028
72.233333,-1.27258,-1.28498,1.42829
72.250000,1.44206,0.40144,4.54518
72.266667,0.63151,1.50225,-0.59476
72.283333,-2.08054,-1.01895,-3.28115
72.300000,-0.28336,-1.47133,0.42388
72.316667,2.38815,0.13378,3.41533
72.333333,1.09128,0.22699,1.92697
72.350000,-1.27655,0.49533,-2.84052
72.366667,-1.48106,0.76330,-6.11434
72.383333,-0.78424,0.17938,-0.29057
72.400000,0.92826,-0.08849,7.34638
72.416667,2.52690,-0.02268,3.06592
72.433333,0.24182,-0.47995,-2.89251
72.450000,-2.47332,-1.10585,-2.78821
72.466667,-1.69660,-0.31579,-2.20254
72.483333,1.12213,0.51535,1.10788
72.500000,2.47597,0.50632,3.32754
72.516667,-0.20659,1.39425,-0.53201
72.533333,-1.75802,0.66972,-4.30729
72.550000,-0.36672,-1.42672,-0.25716
72.566667,0.12976,-1.04672,6.48514
72.583333,1.41700,-0.20140,3.89282
72.600000,1.38570,0.05221,-3.70737
72.616667,-1.79519,0.52998,-7.81233
72.633333,-2.41751,0.50339,-3.51045
72.650000,0.14033,0.64928,6.71317
72.666667,2.29922,0.27958,6.98473
72.683333,2.18405,-0.70792,-1.59756
72.700000,-0.73268,-1.07977,-5.35607
72.716667,-2.91310,-0.97486,-2.44630
72.733333,-0.92468,0.26701,2.87273
72.750000,1.77853,1.34826,4.38819
72.766667,1.51717,0.54675,0.22618
72.783333,0.13038,0.45998,-4.61286
72.800000,-0.95732,0.93185,-3.36968
72.816667,-1.23389,-0.53471,2.34040
72.833333,-0.57533,-1.96646,2.33585
72.850000,0.12121,-1.77454,0.16614
72.866667,1.71433,-0.11051,2.10518
72.883333,2.41937,2.07655,-0.08466
72.900000,-0.69950,2.04426,-3.87601
72.916667,-3.56851,-0.01662,-1.69631
72.933333,-1.74535,-1.38261,1.49875
72.950000,1.53535,-1.02481,3.27551
72.966667,2.79944,0.26554,1.46543
72.983333,1.95474,1.03438,-3.14652
73.000000,-1.22148,0.21053,-2.83487
73.016667,-3.16245,-1.06084,0.81983
73.033333,-0.82561,-0.95950,2.68139
73.050000,1.52952,0.30351,1.12792
73.066667,0.93468,1.68647,-1.68763
73.083333,-0.33617,0.62782,-0.62550
73.100000,-0.14172,-1.55698,0.71146
73.116667,0.79464,-0.61555,-0.20857
73.133333,0.64294,0.61043,0.07719
73.150000,-0.50562,0.52324,-0.52889
73.166667,-1.43297,0.42389,-1.05495
73.183333,-1.00010,-0.45083,0.87585
73.200000,0.55385,-0.38589,1.34709
73.216667,1.10926,-0.30639,0.39016
73.233333,0.43456,-0.67581,0.00781
73.250000,-0.30778,0.41007,-0.88605
73.266667,0.18067,1.00573,-1.02595
73.283333,1.53744,0.72687,-0.07100
73.300000,-0.18803,-0.06761,0.45770
73.316667,-1.93142,-0.55113,1.03732
73.333333,-1.29215,-0.79057,-0.63178
73.350000,-2.20627,-1.79211,-3.07839
73.366667,0.53250,0.12347,0.44197
73.383333,4.18362,2.20972,4.59205
73.400000,2.49464,1.74993,2.89188
73.416667,1.45695,1.60186,-0.49959
73.433333,-1.40186,-1.09588,-3.92884
73.450000,-4.82096,-3.64826,-4.91764
73.466667,-3.19714,-2.60499,-1.10345
73.483333,-0.86510,-0.47610,2.35089
73.500000,2.06501,2.54752,3.28670
73.516667,4.25192,3.62823,3.74318
73.533333,3.67008,1.94277,1.72813
73.550000,1.23266,-0.73195,-3.15799
73.566667,-3.50340,-2.72933,-4.37382
73.583333,-4.70940,-1.29265,-0.74996
73.600000,-1.91023,-0.47466,1.29903
73.616667,0.18808,-1.21313,1.15408
73.633333,3.72432,1.53609,0.35448
73.650000,4.14810,2.69248,-0.78582
73.666667,-1.42291,-1.20181,0.01163
73.683333,-2.90213,-1.61303,0.99049
73.700000,0.49331,2.02619,0.60144
73.716667,1.07605,1.51392,0.52605
73.733333,-0.98243,-1.37765,0.26523
73.750000,-2.71857,-2.23336,-0.50552
73.766667,-0.91042,-1.74229,-1.74489
73.783333,3.75695,1.37780,-2.17618
73.800000,3.42133,2.97494,-0.52225
73.816667,-1.16669,0.75260,2.01588
73.833333,-2.46703,0.40892,4.17939
73.850000,-1.45943,-1.50143,1.12439
73.866667,-0.62202,-4.49462,-4.59736
73.883333,1.84944,-0.22653,-1.83547
73.900000,3.94056,5.11529,2.67183
73.916667,-0.69917,1.81666,-0.36671
73.933333,-5.73611,-3.72270,-1.21887
73.950000,-0.93582,-1.18154,1.52363
73.966667,2.51297,2.06115,0.58413
73.983333,-0.57406,-0.51938,-0.58819
74.000000,0.75734,-0.24698,-1.06938
74.016667,3.54079,1.16648,-0.13868
74.033333,1.23741,-0.07171,3.64192
74.050000,-1.19871,0.26413,0.80633
74.066667,0.30836,-0.93078,-4.68018
74.083333,-0.59902,-1.12409,-2.76226
74.100000,-5.00456,0.86441,0.43606
74.116667,-2.79398,-1.89312,3.13477
74.133333,0.02812,0.39195,3.79780
74.150000,-1.76636,4.61524,0.33143
74.166667,5.76733,-0.71420,-2.87577
74.183333,12.36676,-0.76475,-3.18464
74.200000,-0.27769,-1.25489,0.48498
74.216667,-11.67248,-4.94702,0.83230
74.233333,-3.75885,2.76614,0.09962
74.250000,6.17636,3.90278,2.96038
74.266667,1.51144,-0.24467,0.58553
74.283333,-5.65901,0.81628,-2.20708
74.300000,-1.48041,-3.52090,-2.34529
74.316667,1.46539,-2.48147,-0.92808
74.333333,-0.16253,2.53431,3.02284
74.350000,4.34519,1.81064,2.27314
74.366667,2.20397,4.26317,-1.10999
74.383333,-4.16036,1.21149,-2.98060
74.400000,4.13711,-9.87997,0.47107
74.416667,4.20643,-5.42164,1.96699
74.433333,-9.21241,6.92272,-2.65114
74.450000,-5.60428,3.44996,2.43557
74.466667,3.35232,-1.10633,3.04121
74.483333,2.77859,2.23197,-4.08093
74.500000,2.08604,2.30809,-0.50944
74.516667,0.39775,-1.09322,0.30534
74.533333,-0.28876,-5.42028,-1.17045
74.550000,-0.75495,-3.84079,1.71807
74.566667,-1.31222,2.03080,1.37518
74.583333,1.53021,3.36486,0.31768
74.600000,0.69486,2.31688,-1.28489
74.616667,-1.26921,0.25125,-1.31771
74.633333,0.43693,-0.52630,0.60414
74.650000,0.10622,-0.40345,-0.27625
74.666667,-1.96597,-2.57414,-0.71057
74.683333,-3.09411,-1.98882,2.17582
74.700000,-0.66216,0.59767,2.48112
74.716667,4.73680,1.34516,-1.92427
74.733333,4.24578,2.25833,-3.21721
74.750000,0.51392,1.66648,-1.94164
74.766667,-0.43807,-0.79553,0.29065
74.783333,-2.82810,-1.18679,4.30187
74.800000,-1.49133,0.01803,4.21830
74.816667,-0.27295,-0.96728,-0.39448
74.833333,-4.22471,-2.87555,-3.59762
74.850000,1.61690,0.94724,1.65081
74.866667,5.34281,4.87536,0.63680
74.883333,-3.29551,-1.23522,-11.84200
74.900000,-4.90751,-6.57040,-7.99044
74.916667,0.43136,-1.40105,6.16245
74.933333,8.62183,6.84966,15.70482
74.950000,11.48493,7.99588,14.93847
74.966667,-1.61170,-0.21582,-3.63678
74.983333,-12.30927,-6.53999,-12.54045
75.000000,-10.17333,-5.41425,-8.91905
75.016667,-2.76433,-1.49604,-8.57859
75.033333,4.03933,1.85191,-1.37854
75.050000,7.52314,1.37836,6.93244
75.066667,6.82500,1.19898,10.92722
75.083333,0.67303,2.85099,8.67797
75.100000,-1.50374,1.75198,-0.87809
75.116667,-1.23370,-0.28494,-6.61824
75.133333,-5.19723,-3.11380,-8.44242
75.150000,-3.67143,-4.09127,-3.87213
75.166667,0.30428,0.52874,4.67775
75.183333,1.69633,3.65727,5.04545
75.200000,2.70735,2.09445,1.87976
75.216667,1.81313,-0.72376,-0.54830
75.233333,1.47144,-2.54270,-3.30697
75.250000,-0.49239,-1.15071,-3.11496
75.266667,-3.06226,0.71061,-0.01240
75.283333,-1.30890,0.94729,2.80524
75.300000,0.81755,1.09765,2.25019
75.316667,1.00925,-0.02313,0.27881
75.333333,0.86228,-1.00533,-0.32558
75.350000,0.42789,0.12658,-0.27277
75.366667,-1.08954,0.30298,-0.55009
75.383333,-1.56810,-0.63670,-1.68595
75.400000,-0.09549,0.00243,-0.85452
75.416667,0.32858,0.77527,0.94597
75.433333,0.65091,0.06449,0.29686
75.450000,1.24191,-0.64836,0.22081
75.466667,0.56997,-0.62321,0.84895
75.483333,-0.18137,-0.33604,0.37250
75.500000,-0.71311,0.32638,-0.22017
75.516667,-1.10195,0.87454,-0.80299
75.533333,-1.03337,0.83300,-0.37189
75.550000,0.20592,0.67346,0.19914
75.566667,1.83979,-0.39823,0.00126
75.583333,1.33372,-1.64051,0.29210
75.600000,-0.52685,-0.69775,0.67394
75.616667,-1.70062,0.60332,1.44684
75.633333,-0.31047,0.05320,0.81613
75.650000,1.64818,-0.43336,-2.87177
75.666667,-0.45784,0.36412,-4.88273
75.683333,-2.20854,0.89873,-1.95586
75.700000,-0.79593,1.00485,3.69107
75.716667,0.90558,0.40583,6.40930
75.733333,3.03145,-1.66782,3.55943
75.750000,2.33860,-1.55125,-0.55552
75.766667,0.01011,0.29496,-3.34958
75.783333,-1.17920,0.15084,-4.56422
75.800000,-4.11252,1.28264,-4.19650
75.816667,-3.53510,2.01137,-1.66837
75.833333,1.43352,-1.13166,3.66100
75.850000,2.12941,-2.10116,6.47487
75.866667,1.24950,-0.17029,3.29206
75.883333,3.36865,-0.13022,-2.13198
75.900000,1.79434,-0.21157,-3.95734
75.916667,-2.91048,1.19878,-2.06235
75.933333,-2.18806,1.64561,-0.08041
75.950000,0.00465,1.02871,3.36072
75.966667,-1.37546,0.26088,1.84439
75.983333,-1.12779,-1.38125,-3.46461
76.000000,1.13671,-2.68791,-0.55019
76.016667,1.38324,-2.29085,0.24171
76.033333,1.03237,-0.67642,-2.96598
76.050000,0.71317,1.77968,-0.10745
76.066667,-0.90611,3.17451,3.33475
76.083333,-0.40168,3.11711,6.48433
76.100000,0.41297,2.44392,3.46246
76.116667,-1.40622,-1.54759,-5.83613
76.133333,-0.19364,-5.69353,-6.69792
76.150000,1.84019,-4.21128,-3.84096
76.166667,0.48956,-0.29818,-0.50453
76.183333,-0.58425,2.85729,6.56518
76.200000,-0.98579,3.86861,5.92637
76.216667,-0.74900,2.38313,-1.05012
76.233333,-0.06395,0.58454,-3.13899
76.250000,-0.38596,-1.51739,-2.03405
76.266667,-0.11845,-2.53422,-0.07898
76.283333,0.76930,-2.30635,0.73987
76.300000,1.22831,-1.75006,1.04504
76.316667,1.79706,-0.11140,2.28142
76.333333,1.35589,1.72290,-0.81574
76.350000,0.20634,3.10350,-2.09087
76.366667,-0.80101,2.93198,-1.66994
76.383333,-3.63956,2.53897,-2.59554
76.400000,-4.88535,0.53812,0.06464
76.416667,-3.34169,-2.55904,-0.18210
76.433333,0.29882,-5.26420,7.25864
76.450000,7.74447,-11.99223,10.48710
76.466667,6.71735,-3.33917,-0.83526
76.483333,2.37001,16.06835,-5.06376
76.500000,5.99880,8.84588,-22.19833
76.516667,-4.21604,-2.17839,-17.30997
76.533333,-17.77062,1.63444,25.21891
76.550000,-8.52434,-1.86205,25.29612
76.566667,3.82702,-5.65209,-0.28875
76.583333,9.08115,-6.22493,-9.12507
76.600000,11.21612,-3.87842,-8.51717
76.616667,2.33664,5.17921,-4.28665
76.633333,-6.73664,5.62032,-5.83572
76.650000,-3.20762,0.31011,-1.57641
76.666667,0.31996,0.31267,5.22902
76.683333,-2.77461,1.98349,10.78115
76.700000,-3.39861,1.16957,6.82715
76.716667,1.39884,-3.99655,-8.91315
76.733333,5.77011,-4.41271,-4.20657
76.750000,3.12825,0.96310,4.43508
76.766667,-1.65439,0.90970,-0.29770
76.783333,-3.01796,-0.19469,-3.77257
76.800000,-3.39507,2.10787,-5.49779
76.816667,-0.72330,2.25801,0.40576
76.833333,2.94649,-0.20081,5.39545
76.850000,4.07060,-2.17460,4.01363
76.866667,2.90599,-2.14849,3.32593
76.883333,-1.68867,-0.25396,-1.37172
76.900000,-5.37702,2.22006,-6.07884
76.916667,-5.01006,2.14842,-3.31380
76.933333,-0.53249,-0.35377,2.06417
76.950000,5.65687,-1.77430,1.71518
76.966667,5.13017,-1.19940,-0.33349
76.983333,-0.40422,0.36344,1.28205
77.000000,-1.39812,0.42995,1.55077
77.016667,-0.34625,0.43428,-0.83953
77.033333,-2.40031,0.90694,-1.74398
77.050000,-2.63032,-0.95085,0.75719
77.066667,0.54742,-0.89869,0.97917
77.083333,2.44094,0.77830,-0.77309
77.100000,1.81818,0.45678,0.33553
77.116667,-0.47172,0.45950,-0.43863
77.133333,-1.45229,-0.34510,-2.27956
77.150000,-0.41463,-0.92711,-1.29333
77.166667,-0.08876,-0.00056,1.93834
77.183333,0.56970,-0.15268,3.67687
77.200000,1.15814,0.49361,0.36031
77.216667,0.10499,0.94770,-1.41884
77.233333,-0.60982,-0.20642,-0.45234
77.250000,-0.54256,-0.16664,-0.92861
77.266667,-0.22328,-0.17616,-0.29458
77.283333,-0.02165,-0.76359,0.42518
77.300000,-0.24345,-0.66641,-0.40152
77.316667,-0.00592,0.26495,-1.06948
77.333333,-0.03680,1.25374,-0.68713
77.350000,0.04639,0.33500,-0.05307
77.366667,0.58782,-0.17674,1.47117
77.383333,0.40713,0.21769,4.59146
77.400000,1.02652,-0.49255,3.06463
77.416667,0.97534,-0.92412,-2.66934
77.433333,-0.05269,-0.58977,-4.51207
77.450000,-0.96799,0.90574,-3.12324
77.466667,-3.11132,1.18940,-1.99046
77.483333,-2.93906,1.07373,-0.45308
77.500000,-2.30923,0.56500,0.93918
77.516667,0.73391,-4.63838,2.51257
77.533333,7.98881,-3.05594,9.46569
77.550000,7.56912,4.86663,7.64875
77.566667,2.55720,3.76447,-9.16501
77.583333,-4.38038,-0.62768,-9.11061
77.600000,-11.46558,-2.69426,-0.08499
77.616667,-7.00956,-1.95469,-1.74582
77.633333,0.38550,0.96291,1.44436
77.650000,5.79314,0.74681,-0.21681
77.666667,9.04495,0.93662,0.45764
77.683333,3.35218,0.34063,9.61163
77.700000,-2.50972,-2.07358,1.85192
77.716667,-3.02040,-0.09151,-5.59816
77.733333,-2.68748,1.88478,-2.23140
77.750000,-2.58003,0.18625,-1.45692
77.766667,-0.44600,-0.70717,0.57865
77.783333,2.37699,-0.58391,1.12133
77.800000,2.17526,-1.51783,-0.17006
77.816667,0.26878,0.36110,-1.44333
77.833333,-1.69799,3.71064,-1.47539
77.850000,0.89703,-0.22898,0.60898
77.866667,3.24982,-3.63463,1.32320
77.883333,-2.94862,0.88770,4.47467
77.900000,-4.43923,1.88209,3.52531
77.916667,0.95785,-0.74182,-4.23666
77.933333,3.01836,-1.16030,-5.59571
77.950000,3.63144,-1.20227,-1.25633
77.966667,-0.51512,1.16658,1.22780
77.983333,-4.63045,2.83533,0.71400
78.000000,-2.66124,0.84783,2.96028
78.016667,-0.60667,-1.99576,5.41901
78.033333,4.62975,-3.69132,-1.96686
78.050000,5.23632,-0.36576,-6.47734
78.066667,-2.27619,2.92068,-1.44126
78.083333,-2.22852,1.00120,1.11279
78.100000,-0.56776,0.52310,2.12906
78.116667,-3.06728,0.91292,2.11038
78.133333,-0.69373,-1.97402,-1.33227
78.150000,2.47577,-2.09435,-1.88355
78.166667,2.01971,1.45402,2.08789
78.183333,0.64023,1.43743,3.09483
78.200000,-0.60545,-0.60097,-0.92146
78.216667,0.01192,-1.47823,-2.99822
78.233333,0.25017,-0.90369,-2.30668
78.250000,-1.47581,1.68086,-0.79098
78.266667,-0.92324,1.29321,1.74385
78.283333,-0.78660,0.15761,2.40917
78.300000,-0.75630,0.72776,1.00554
78.316667,2.98984,-1.71909,-0.46412
78.333333,1.85335,-1.85607,-0.36134
78.350000,-1.25836,0.76038,0.05994
78.366667,0.87160,0.49332,-1.45700
78.383333,-0.30990,-0.07567,-1.79228
78.400000,-2.20771,-0.21255,-0.19703
78.416667,-0.60344,1.01932,2.16396
78.433333,-0.83456,2.10894,4.04444
78.450000,0.27954,-0.73043,-0.10025
78.466667,2.44595,-2.49000,-5.91621
78.483333,1.03281,-0.74268,-2.24205
78.500000,-0.45452,0.54945,4.18873
78.516667,0.30918,0.01938,2.21767
78.533333,-0.62280,0.25513,-0.84463
78.550000,-2.99430,2.34667,-0.46798
78.566667,-0.36997,1.16791,-1.09281
78.583333,3.33765,-2.49869,0.35209
78.600000,0.98896,-2.07909,1.61376
78.616667,-1.29168,0.35257,-1.20209
78.633333,-0.86814,1.05481,-1.93321
78.650000,-0.65893,0.84192,-0.06462
78.666667,0.57129,-0.02009,0.72499
78.683333,0.89284,-0.53800,0.88853
78.700000,0.27889,0.10882,1.32284
78.716667,0.34701,0.42217,1.14909
78.733333,-0.81444,0.00824,-0.77958
78.750000,-1.30146,-0.29361,-1.79119
78.766667,-0.06172,-0.46981,-1.16518
78.783333,0.74298,-0.49104,-0.59921
78.800000,0.83658,0.03750,0.94071
78.816667,0.04311,0.68305,1.51308
78.833333,-0.47167,0.65228,0.36556
78.850000,0.17516,0.21100,0.32138
78.866667,0.44875,-0.35195,-0.17648
78.883333,-0.23967,-0.55724,-1.33501
78.900000,-0.85516,-0.06475,-0.72686
78.916667,-0.37448,-0.08005,0.23564
78.933333,0.33388,-0.36407,0.67181
78.950000,0.44849,0.15275,0.79434
78.966667,0.47347,0.54743,-0.02074
78.983333,-0.01467,0.38924,-0.66049
79.000000,-0.57856,0.21484,-0.29407
79.016667,-0.19450,-0.05122,0.36468
79.033333,0.45180,-0.53596,0.56502
79.050000,0.65933,-0.80901,-0.38168
79.066667,0.08110,-0.33946,-1.22368
79.083333,-0.87963,0.50500,0.00009
79.100000,-0.85756,0.84270,0.96367
79.116667,-0.27944,0.64213,0.50579
79.133333,0.19164,0.05499,0.92402
79.150000,1.05960,-0.74516,0.71675
79.166667,0.96961,-0.73218,-1.01333
79.183333,-0.08417,-0.14122,-2.52957
79.200000,-0.25166,0.15382,-1.73402
79.216667,-0.31871,0.26892,0.86677
79.233333,-0.36425,-0.03173,1.15825
79.250000,-0.15075,0.07969,1.97686
79.266667,-0.72464,0.70479,2.82301
79.283333,-0.69755,0.34179,-0.53959
79.300000,0.53386,-0.29901,-1.97512
79.316667,1.20914,-0.46729,-1.49822
79.333333,0.89402,-0.50149,-1.67923
79.350000,0.26365,-0.33718,-0.25505
79.366667,-0.38364,0.11392,0.47414
79.383333,-0.92515,0.54921,1.17117
79.400000,-0.73273,0.01480,1.18246
79.416667,0.06352,-0.08114,0.22161
79.433333,0.32182,0.79129,1.61576
79.450000,-0.01964,-0.01875,0.57255
79.466667,-0.05758,-0.82343,-3.12689
79.483333,0.31974,0.11274,-2.41240
79.500000,0.47957,0.23574,0.81349
79.516667,0.28668,-0.33431,1.62206
79.533333,-0.23491,-0.34206,0.59502
79.550000,-0.61285,-0.00810,0.07710
79.566667,-0.20531,0.46374,0.13903
79.583333,0.08803,0.55769,-0.11474
79.600000,0.04493,0.16182,-0.51261
79.616667,0.22697,-0.52123,-0.62165
79.633333,0.08844,-0.56917,0.03041
79.650000,0.09933,0.09734,0.59465
79.666667,0.22465,0.08906,0.33382
79.683333,-0.33917,0.15754,0.07499
79.700000,-0.51356,0.48329,-0.34736
79.716667,-0.20097,-0.10216,-0.43709
79.733333,0.21577,-0.39626,0.36320
79.750000,0.73968,-0.08411,0.23140
79.766667,0.27207,0.01133,-0.60364
79.783333,-0.24398,0.09562,-0.15939
79.800000,-0.06738,0.04181,0.83113
79.816667,-0.16387,0.01007,0.70465
79.833333,-0.19486,0.08945,-0.54086
79.850000,-0.39682,0.11342,-1.25366
79.866667,-0.33023,-0.03192,-0.36317
79.883333,0.49069,-0.19815,1.03598
79.900000,0.54521,0.12773,1.30699
79.916667,0.09242,0.01970,-0.26040
79.933333,-0.03600,-0.47291,-1.52683
79.950000,-0.00298,-0.16239,-0.34199
79.966667,0.07721,0.22754,0.85421
79.983333,-0.22061,0.42315,0.35944
80.000000,-0.46548,0.49052,-0.14956
80.016667,-0.18133,0.02449,-0.06304
80.033333,0.19746,-0.36096,0.23632
80.050000,0.16162,-0.43144,0.11798
80.066667,0.04748,-0.42822,-0.62973
80.083333,0.37243,-0.11570,-0.52809
80.100000,0.30937,0.42274,0.54664
80.116667,-0.28315,0.53137,0.66714
80.133333,-0.52322,0.13602,-0.17668
80.150000,-0.20360,-0.00288,-0.46149
80.166667,0.25792,0.05885,-0.08366
80.183333,0.20873,-0.27100,0.29894
80.200000,0.11495,-0.56669,0.25898
80.216667,0.16603,-0.31751,-0.22560
80.233333,-0.29520,0.19463,-0.38576
80.250000,-0.43454,0.57159,0.03668
80.266667,0.19433,0.42730,0.44972
80.283333,0.44645,-0.09297,0.35732
80.300000,-0.10674,-0.24720,-0.35153
80.316667,-0.33541,-0.14484,-0.77898
80.333333,0.23379,-0.09291,-0.16819
80.350000,0.23356,0.05591,0.84991
80.366667,-0.27293,0.01588,0.99419
80.383333,-0.22969,-0.16399,-0.32806
80.400000,0.03746,-0.10806,-1.35727
80.416667,0.30112,0.15885,-0.42472
80.433333,0.26158,0.24898,0.78841
80.450000,-0.10569,0.02360,0.55969
80.466667,-0.22338,0.00014,-0.09342
80.483333,-0.11567,0.01572,-0.08782
80.500000,-0.11766,0.00222,0.17211
80.516667,-0.30546,0.09144,-0.01396
80.533333,0.12085,-0.23680,-0.43695
80.550000,0.65721,-0.38501,-0.15529
80.566667,0.04223,-0.15031,0.25412
80.583333,-0.29696,0.10364,-0.16347
80.600000,0.27271,0.44091,-0.38088
80.616667,0.31086,0.32192,0.27335
80.633333,-0.49832,0.32748,1.06296
80.650000,-0.87513,0.06909,0.47582
80.666667,0.14773,-0.94142,-1.18926
80.683333,0.82338,-0.55908,-1.07669
80.700000,0.24157,0.32423,0.49413
80.716667,-0.13647,0.16329,0.96410
80.733333,-0.19017,0.34662,0.00479
80.750000,-0.28288,0.47975,-0.67678
80.766667,-0.50290,-0.09558,0.09566
80.783333,-0.29657,-0.58512,0.29223
80.800000,0.77702,-0.32650,-0.39610
80.816667,1.31439,0.33040,-0.20744
80.833333,0.76345,0.35587,0.56626
80.850000,-0.60056,0.14482,1.31531
80.866667,-2.08258,-0.15448,0.14251
80.883333,-1.64107,-0.56822,-2.32361
80.900000,0.57830,-0.25142,-2.12995
80.916667,1.95365,0.30019,1.09709
80.933333,1.47880,0.46283,3.54171
80.950000,0.07787,0.25439,0.88557
80.966667,-1.15410,-0.05963,-2.62999
80.983333,-1.11463,-0.21512,-0.81700
81.000000,-0.15732,-0.45432,1.03865
81.016667,0.22145,-0.11256,-0.38820
81.033333,0.37430,0.55467,-0.85524
81.050000,0.65388,0.27496,0.55136
81.066667,0.16044,-0.15247,1.28462
81.083333,-0.30949,-0.14331,-0.09712
81.100000,-0.30708,-0.28637,-0.90248
81.116667,-0.68272,-0.45594,0.06265
81.133333,-0.38026,-0.41228,-0.10755
81.150000,0.66521,0.15885,-0.74383
81.166667,1.00470,1.08891,0.30722
81.183333,0.33578,1.19628,2.09080
81.200000,-0.42401,0.67776,1.22002
81.216667,-0.23368,0.16437,-2.06370
81.233333,-0.45578,-1.77199,-2.55853
81.250000,0.01036,-3.19434,-0.85799
81.266667,0.36275,-1.00149,2.19921
81.283333,-2.29946,1.21163,3.63410
81.300000,-0.20219,2.32034,-3.14679
81.316667,4.43838,3.16152,-3.41195
81.333333,0.46176,0.54108,6.73228
81.350000,-2.86381,-2.05906,1.76344
81.366667,0.02487,-1.48455,-8.72627
81.383333,0.12914,-1.15430,-0.31262
81.400000,-1.01591,-0.65226,7.42797
81.416667,0.47363,0.30957,-1.33247
81.433333,1.06986,0.70632,-5.79519
81.450000,0.04053,1.42110,2.92583
81.466667,-0.08243,1.15605,4.58654
81.483333,0.11862,-0.59847,-3.62089
81.500000,-0.87809,-1.22587,-2.73113
81.516667,-0.84155,-0.36816,3.67352
81.533333,0.87396,-0.23671,1.24396
81.550000,0.98018,-0.20429,-3.86241
81.566667,0.03232,0.79207,-0.81324
81.583333,-0.06928,0.93817,4.03864
81.600000,-0.97471,-0.17623,0.38775
81.616667,-0.68792,-0.94116,-3.74677
81.633333,1.46891,-0.21440,0.14308
81.650000,0.27116,0.57425,3.25409
81.666667,-1.54360,-0.15194,-0.50142
81.683333,0.43817,-0.13535,-2.76344
81.700000,1.14853,0.46155,1.19193
81.716667,-0.35110,-0.19413,1.89599
81.733333,-0.25884,0.09714,-1.54318
81.750000,-0.17227,0.55329,-0.25839
81.766667,-0.74949,-0.75300,0.83048
81.783333,0.21975,-1.05386,-1.66718
81.800000,1.04576,0.12256,-0.39200
81.816667,0.11762,0.61106,2.28947
81.833333,-0.42549,0.59533,0.56705
81.850000,0.03213,0.80303,-1.37715
81.866667,-0.04849,0.41479,0.22802
81.883333,-0.44400,-0.78155,1.04810
81.900000,-0.01998,-1.12987,-1.55203
81.916667,0.09085,-0.74664,-1.70376
81.933333,-0.15614,-0.30350,1.49957
81.950000,0.72430,0.90201,1.26172
81.966667,0.52335,1.33738,-0.34525
81.983333,-0.95998,0.29995,0.28631
82.000000,-0.45150,-0.38082,-0.41059
82.016667,0.62758,-0.51781,-0.96161
82.033333,-0.03748,-0.55887,0.38086
82.050000,-0.39727,-0.19432,0.58979
82.066667,0.43867,0.38705,-0.13537
82.083333,0.36447,0.35976,-0.46961
82.100000,-0.12477,0.08675,0.42454
82.116667,-0.23382,0.15230,1.02140
82.133333,-0.46730,-0.35030,-1.46956
82.150000,0.18170,-0.42696,-1.51510
82.166667,0.08726,0.39774,2.67898
82.183333,-0.21521,0.17688,1.13634
82.200000,0.83541,-0.25543,-3.39271
82.216667,-0.06107,-0.05277,0.06916
82.233333,-0.80199,0.06234,3.52839
82.250000,0.23734,0.08180,-1.31106
82.266667,0.01914,-0.14144,-3.25648
82.283333,0.14145,0.30823,1.99464
82.300000,0.21615,0.45895,2.49973
82.316667,-0.60837,-0.80150,-2.15396
82.333333,0.25269,-0.53993,-1.43756
82.350000,0.97334,0.87702,1.94072
82.366667,-0.59356,0.49173,0.85496
82.383333,-1.37083,-0.73320,-1.31635
82.400000,0.34129,-0.77453,-0.96128
82.416667,1.32026,0.31148,0.52838
82.433333,0.04636,0.70312,0.90806
82.450000,-0.24684,0.55456,-0.28872
82.466667,0.36223,0.81888,-0.23946
82.483333,-1.38215,-0.64284,1.17821
82.500000,-1.29142,-2.38572,-0.39898
82.516667,2.12137,-0.73613,-2.52880
82.533333,1.15752,1.42613,0.55584
82.550000,-1.38426,1.27495,2.50003
82.566667,-0.03738,0.59592,-0.73976
82.583333,0.20812,0.13310,-0.85666
82.600000,-0.40688,-0.40914,1.17925
82.616667,0.40678,-0.73486,-0.33229
82.633333,0.19700,-0.76165,-1.24061
82.650000,-0.33159,-0.35725,0.40055
82.666667,-0.20038,0.25053,0.66590
82.683333,-0.06597,0.61074,-0.71337
82.700000,0.02738,0.84184,0.00463
82.716667,0.08097,0.42819,1.21884
82.733333,0.30886,-0.70410,-0.31303
82.750000,0.35678,-0.86859,-0.75806
82.766667,-0.02214,0.01455,0.30044
82.783333,-0.33778,0.37361,-0.21527
82.800000,-0.27870,0.21006,-0.22147
82.816667,-0.05973,0.16468,0.63348
82.833333,-0.20568,-0.00067,0.25310
82.850000,-0.28855,-0.27293,-0.56757
82.866667,0.28465,-0.29186,-0.36942
82.883333,0.74412,-0.29269,0.38004
82.900000,0.45268,-0.03615,0.35197
82.916667,0.02889,0.72697,-0.32825
82.933333,-0.16004,0.88231,-0.15063
82.950000,-0.79046,0.07066,0.82568
82.966667,-1.02409,-0.76840,0.00996
82.983333,0.19199,-0.91732,-1.53590
83.000000,0.82304,-0.16257,0.03883
83.016667,0.36332,0.52620,1.60150
83.033333,0.38252,0.24075,-0.18164
83.050000,0.11621,-0.05291,-1.18741
83.066667,-0.58349,0.28559,0.38634
83.083333,-0.48766,0.23942,1.05671
83.100000,0.04018,-0.32786,-0.51729
83.116667,0.14409,-0.35889,-1.12687
83.133333,0.06403,0.06765,0.53924
83.150000,0.18987,0.20212,0.90238
83.166667,0.09071,0.07375,-0.54968
83.183333,-0.05997,0.01226,-0.52755
83.200000,0.05006,0.08290,0.63798
83.216667,-0.11890,0.01227,0.38210
83.233333,-0.26159,-0.28732,-0.57881
83.250000,-0.01798,-0.29791,-0.32748
83.266667,0.14970,0.06758,0.27020
83.283333,0.10977,0.04158,0.11558
83.300000,0.11141,-0.00911,-0.08996
83.316667,0.04184,0.55355,0.04863
83.333333,-0.20101,0.32420,0.03809
83.350000,0.04298,-0.30657,-0.01701
83.366667,0.19107,0.15700,0.19830
83.383333,-0.36434,-0.03951,0.04941
83.400000,-0.22641,-0.93749,-0.23484
83.416667,0.25657,-0.53088,-0.17424
83.433333,0.14445,0.36416,-0.16242
83.450000,0.19112,0.64545,0.16374
83.466667,0.20666,0.57273,0.29295
83.483333,-0.16078,0.28490,-0.15133
83.500000,-0.42029,-0.20875,0.05540
83.516667,-0.25405,-0.52900,0.30999
83.533333,0.03004,-0.48329,-0.20042
83.550000,0.10660,-0.31142,-0.40237
83.566667,0.35474,0.13372,-0.09674
83.583333,0.48474,0.58844,0.22448
83.600000,0.02607,0.54189,0.39123
83.616667,-0.44470,0.09662,0.00821
83.633333,-0.44909,-0.35575,-0.38143
83.650000,-0.16993,-0.36914,0.04167
83.666667,0.15379,-0.24544,0.27019
83.683333,0.48663,-0.11070,-0.34119
83.700000,0.29641,0.29675,-0.36975
83.716667,-0.38287,0.41339,0.52736
83.733333,-0.46788,0.06009,0.59895
83.750000,0.02927,-0.34005,-0.41232
83.766667,0.40957,-0.39922,-0.62258
83.783333,0.29988,0.07690,0.24936
83.800000,-0.16815,0.40944,0.44114
83.816667,-0.17423,0.17918,-0.34748
83.833333,0.19131,0.03963,-0.47917
83.850000,0.10777,0.04977,0.44649
83.866667,-0.36551,-0.15535,0.77628
83.883333,-0.45776,-0.16146,-0.14127
83.900000,0.03715,-0.14865,-0.72239
83.916667,0.22914,-0.38422,-0.18535
83.933333,0.13906,-0.19630,0.19280
83.950000,0.40892,0.22754,0.01973
83.966667,0.37935,0.51938,0.13751
83.983333,-0.08785,0.62174,0.25270
84.000000,-0.41627,0.17536,-0.05519
84.016667,-0.46339,-0.25263,-0.20176
84.033333,-0.18644,-0.36709,-0.00165
84.050000,-0.00099,-0.48890,0.12842
84.066667,0.17148,-0.34499,-0.04037
84.083333,0.36616,-0.03588,-0.10754
84.100000,0.09040,0.14456,0.03987
84.116667,0.10150,0.20831,-0.14363
84.133333,0.22977,0.35123,-0.14133
84.150000,-0.29076,0.51236,0.30562
84.166667,-0.31220,0.22400,0.27893
84.183333,0.04019,-0.18158,-0.09298
84.200000,-0.07122,-0.36430,-0.24760
84.216667,-0.06209,-0.52434,-0.04033
84.233333,0.04528,-0.42194,0.18534
84.250000,0.16124,0.02153,-0.05345
84.266667,0.16611,0.38240,-0.13410
84.283333,-0.07047,0.37419,0.03321
84.300000,-0.05605,0.22336,-0.02261
84.316667,-0.02973,0.05211,-0.00643
84.333333,0.10122,-0.08499,0.00601
84.350000,0.14003,-0.00515,0.13495
84.366667,-0.30520,-0.13428,0.38109
84.383333,-0.16759,-0.26795,-0.03390
84.400000,0.05726,-0.06627,-0.52728
84.416667,-0.07163,-0.14115,-0.28404
84.433333,0.26943,-0.14296,-0.01235
84.450000,0.24896,0.18979,0.16421
84.466667,-0.02610,0.36886,0.42839
84.483333,0.00696,0.54386,0.22783
84.500000,-0.19435,0.29950,-0.12144
84.516667,-0.29216,-0.48426,-0.14962
84.533333,-0.22920,-0.73400,-0.09294
84.550000,0.02144,-0.38807,-0.03126
84.566667,0.52475,0.04542,-0.12640
84.583333,0.43186,0.35763,-0.22680
84.600000,-0.00609,0.32957,-0.04798
84.616667,-0.28723,0.31286,0.25912
84.633333,-0.52096,0.15334,0.50603
84.650000,-0.19166,-0.20538,0.20806
84.666667,0.27791,-0.13646,-0.36442
84.683333,0.22497,-0.22418,-0.34484
84.700000,0.19811,-0.35364,-0.05879
84.716667,0.07333,0.08344,0.04620
84.733333,-0.32529,0.23317,0.05509
84.750000,-0.17383,0.15020,0.04466
84.766667,0.34120,0.08635,0.03935
84.783333,0.12359,-0.08694,-0.02253
84.800000,-0.32951,0.10932,0.10011
84.816667,-0.17474,0.11265,0.21616
84.833333,0.00163,-0.25507,-0.09107
84.850000,0.19176,-0.24827,-0.27731
84.866667,0.25795,-0.07804,-0.08306
84.883333,-0.05283,0.03433,-0.00021
84.900000,0.11201,0.16626,0.00222
84.916667,0.03958,0.36580,0.16853
84.933333,-0.45620,0.29545,0.17059
84.950000,-0.22349,-0.31409,-0.07630
84.966667,0.09828,-0.47038,-0.11711
84.983333,0.27957,0.03947,0.09094
85.000000,0.20820,0.24549,0.19822
85.016667,-0.11200,-0.07945,-0.14560
85.033333,0.09367,-0.23282,-0.48452
85.050000,-0.16820,0.14868,-0.01517
85.066667,-0.36108,0.10858,0.39576
85.083333,0.32013,-0.12408,0.09856
85.100000,0.16926,0.20360,-0.07231
85.116667,-0.03966,0.15909,-0.05376
85.133333,0.21029,-0.07791,-0.00165
85.150000,-0.27838,0.10649,0.20615
85.166667,-0.42274,0.04851,0.16882
85.183333,0.07964,-0.44377,-0.27298
85.200000,0.35439,-0.54032,-0.56595
85.216667,0.18693,0.22963,0.01020
85.233333,-0.16629,0.59027,0.73310
85.250000,0.00752,0.10596,0.16381
85.266667,-0.04722,-0.07786,-0.65613
85.283333,-0.38516,-0.14070,-0.11206
85.300000,0.06638,-0.25530,0.47406
85.316667,0.36888,-0.05914,-0.03735
85.333333,0.18111,0.19015,-0.24076
85.350000,0.18674,0.42113,0.23216
85.366667,0.15326,0.31229,0.19317
85.383333,-0.27926,-0.16432,-0.12435
85.400000,-0.83152,-0.40551,-0.12470
85.416667,-0.50961,-0.40617,-0.14429
85.433333,0.21115,-0.35954,-0.13312
85.450000,0.47696,-0.28036,-0.09677
85.466667,0.81976,0.15167,0.05625
85.483333,0.51912,0.91551,0.40753
85.500000,-0.37737,1.04126,0.23831
85.516667,-0.38484,0.24158,-0.04930
85.533333,-0.25093,-0.64178,-0.05380
85.550000,-0.35447,-0.94641,-0.26272
85.566667,0.01098,-0.74328,-0.37032
85.583333,0.08943,0.03457,-0.09419
85.600000,-0.14282,0.72680,0.49769
85.616667,0.10283,0.27054,0.37462
85.633333,0.43616,0.01704,-0.42721
85.650000,0.24311,0.20930,-0.14345
85.666667,0.01210,-0.21341,0.28664
85.683333,-0.01633,-0.02897,-0.12022
85.700000,-0.33628,0.21751,-0.04406
85.716667,-0.26341,-0.18266,0.24921
85.733333,0.09587,-0.16092,-0.09576
85.750000,0.00511,-0.31270,-0.35767
85.766667,-0.01737,-0.00030,-0.07292
85.783333,-0.05011,0.65738,0.30687
85.800000,0.15685,-0.11072,0.24001
85.816667,0.34310,-0.31625,-0.15516
85.833333,-0.05504,0.35458,-0.01519
85.850000,-0.28159,-0.12063,0.13579
85.866667,-0.32792,-0.32532,-0.25056
85.883333,0.18847,0.03095,-0.21964
85.900000,0.47086,0.10450,0.09913
85.916667,-0.17300,0.28819,0.34057
85.933333,-0.02318,0.10084,0.18609
85.950000,-0.05292,-0.11492,-0.38012
85.966667,-0.24609,-0.25926,-0.31421
85.983333,0.27561,-0.37545,0.05919
86.000000,-0.20793,0.29543,0.37186
86.016667,-0.25142,0.50006,0.39823
86.033333,0.40420,-0.08320,-0.24965
86.050000,0.08072,-0.31453,-0.34630
86.066667,0.04746,-0.09006,-0.02838
86.083333,0.08775,0.21289,-0.11962
86.100000,-0.08358,-0.22687,0.04721
86.116667,-0.05617,-0.18008,0.29097
86.133333,-0.38641,0.51540,0.15878
86.150000,-0.16663,0.07778,-0.09891
86.166667,0.52278,0.04056,-0.12561
86.183333,0.20788,0.08723,0.05196
86.200000,-0.54491,-0.76164,-0.06688
86.216667,-0.04360,-0.27192,-0.22073
86.233333,0.74521,0.55128,0.02765
86.250000,0.03515,0.29241,0.24890
86.266667,-0.48014,0.00867,0.05299
86.283333,-0.07681,0.12678,-0.10458
86.300000,-0.16133,0.11705,0.10751
86.316667,-0.03844,-0.65606,0.07469
86.333333,0.23280,-0.41932,-0.13188
86.350000,-0.00834,0.55312,-0.12508
86.366667,0.20147,0.11123,-0.19533
86.383333,0.20860,-0.11622,-0.07719
86.400000,-0.17855,0.25667,0.32159
86.416667,-0.07774,0.23363,0.43250
86.433333,-0.56278,-0.16634,-0.00408
86.450000,-0.19885,-0.53221,-0.42764
86.466667,1.13879,0.13402,-0.17632
86.483333,0.06406,0.30204,0.10904
86.500000,-0.66842,-0.25636,-0.03147
86.516667,0.29880,-0.00884,-0.06459
86.533333,-0.28465,-0.00489,0.04149
86.550000,-0.36645,-0.12836,0.19511
86.566667,0.52749,0.17984,0.28939
86.583333,0.15023,0.42254,0.12502
86.600000,-0.21820,0.45974,-0.15488
86.616667,-0.03643,-0.29417,-0.58619
86.633333,0.12862,-0.71994,-0.42954
86.650000,0.16534,-0.02197,0.45130
86.666667,-0.24483,-0.15733,0.36731
86.683333,-0.39754,-0.63738,-0.13198
86.700000,0.32172,-0.04070,0.03393
86.716667,0.52302,0.78224,0.19560
86.733333,-0.08455,1.49448,0.39449
86.750000,-0.11413,0.68697,-0.12699
86.766667,-0.44162,-0.93404,-0.87447
86.783333,-0.72847,-0.54080,-0.18838
86.800000,0.45768,-0.64990,0.44629
86.816667,0.82528,-1.67851,0.09288
86.833333,-0.02980,-0.33610,-0.17508
86.850000,0.05365,1.55588,0.15767
86.866667,0.18542,1.66055,0.47857
86.883333,-0.46068,0.53602,0.01911
86.900000,-0.57571,-0.49439,-0.31716
86.916667,-0.05080,-0.52945,-0.13999
86.933333,0.25914,-0.44238,-0.12875
86.950000,0.43683,-0.38588,-0.03638
86.966667,0.09679,-0.15161,0.07125
86.983333,-0.48755,-0.36995,-0.24295
87.000000,0.38189,-0.00082,-0.05319
87.016667,0.83957,1.07710,0.77966
87.033333,-0.74640,0.72674,0.48224
87.050000,-1.18466,-0.49391,-0.48086
87.066667,-0.02163,-0.57771,-0.67569
87.083333,0.77545,-0.01119,-0.10581
87.100000,0.90817,0.47458,0.64774
87.116667,-0.00723,0.28933,-0.16465
87.133333,-0.82902,-0.88018,-1.02249
87.150000,-0.45555,-1.02557,0.38763
87.166667,0.44849,0.27908,1.17785
87.183333,0.72205,1.15024,0.30679
87.200000,-0.44754,1.11441,-0.39095
87.216667,-0.78189,0.26049,-0.59830
87.233333,0.39244,-1.02043,-0.30390
87.250000,0.55327,-1.39745,-0.20160
87.266667,-0.00060,-0.22226,-0.02340
87.283333,-0.54822,0.25816,0.53687
87.300000,-0.00774,0.07241,0.32788
87.316667,1.04158,1.71843,0.34135
87.333333,-0.70847,1.06728,0.46751
87.350000,-1.32689,-1.76468,-0.89535
87.366667,1.00273,-1.11725,-1.54028
87.383333,0.66357,0.00260,0.12849
87.400000,-0.25666,0.23917,1.59373
87.416667,0.20562,1.31236,0.87388
87.433333,-0.67665,0.75531,-0.65602
87.450000,-0.04527,-1.18949,-1.14548
87.466667,1.38812,-1.32506,-0.39552
87.483333,-0.61192,0.49161,1.05870
87.500000,-1.69327,0.57724,0.81796
87.516667,0.85376,-0.02648,-0.91930
87.533333,1.09789,0.70935,-0.37623
87.550000,-1.10909,-0.17111,0.57493
87.566667,-0.44422,-0.90981,-0.36263
87.583333,1.14611,-0.08075,-0.31992
87.600000,0.71153,0.32102,0.54042
87.616667,-0.23430,0.56237,0.44832
87.633333,-0.88859,-0.04405,-0.10697
87.650000,-0.51465,-0.50207,-0.44948
87.666667,0.36319,0.22224,-0.20134
87.683333,0.27476,0.36955,0.01236
87.700000,-0.15227,-0.03530,-0.01039
87.716667,-0.17575,-0.51926,0.15020
87.733333,0.16895,-0.82065,0.24641
87.750000,0.36753,-0.10990,0.26606
87.766667,0.28567,1.00940,-0.03886
87.783333,-0.15820,0.91388,-0.39261
87.800000,-0.49504,-0.09437,-0.16530
87.816667,0.01313,-0.40408,-0.04159
87.833333,0.06172,-0.42039,-0.10118
87.850000,0.13338,-0.23770,0.15697
87.866667,0.42910,0.23432,0.32660
87.883333,-0.53909,-0.26363,0.15837
87.900000,-0.55655,-0.35943,-0.10339
87.916667,0.41966,0.64129,-0.09632
87.933333,-0.09723,0.64044,0.08514
87.950000,-0.36454,-0.06309,-0.12744
87.966667,0.83262,-0.24765,-0.51026
87.983333,1.11625,-0.22686,-0.29179
88.000000,-0.13420,-0.57760,0.39659
88.016667,-1.03378,-0.67903,0.72203
88.033333,-1.12410,0.37961,0.41920
88.050000,-0.17735,1.55429,-0.10278
88.066667,0.94514,1.40397,-0.56030
88.083333,0.50548,-0.63608,-0.80954
88.100000,0.18194,-2.27297,-0.42308
88.116667,0.01511,-1.02520,0.50780
88.133333,-0.53762,0.28240,1.02886
88.150000,0.12263,0.63141,0.74148
88.166667,-0.16399,1.52666,-0.18546
88.183333,-0.86780,1.18866,-1.18975
88.200000,0.57969,-0.47414,-0.99499
88.216667,1.32124,-1.57964,0.23354
88.233333,0.43451,-0.84214,0.97213
88.250000,-0.91559,0.71948,0.79061
88.266667,-1.64747,0.38072,-0.10696
88.283333,-0.05833,-0.19058,-0.91869
88.300000,1.32597,0.32051,-0.32762
88.316667,0.48515,0.08049,0.76945
88.333333,-0.41371,-0.33760,0.32036
88.350000,-0.26238,-0.31587,-0.79174
88.366667,0.21974,-0.17152,-0.57872
88.383333,0.28865,0.42956,0.49154
88.400000,-0.13244,0.93172,0.97237
88.416667,-0.47518,0.26997,0.19096
88.433333,-0.05685,-0.68932,-0.90602
88.450000,0.40428,-0.56748,-0.58617
88.466667,-0.04645,-0.41727,0.42030
88.483333,-0.39909,-0.36468,0.41730
88.500000,-0.07841,0.20521,-0.12779
88.516667,0.44472,0.53081,-0.09418
88.533333,0.42379,0.89215,0.34431
88.550000,-0.13672,0.77069,0.08485
88.566667,-0.29975,-0.30895,-0.58038
88.583333,-0.27718,-1.05017,-0.38034
88.600000,0.12895,-0.91912,0.20025
88.616667,0.26795,-0.18950,0.43146
88.633333,-0.38657,0.15296,0.43201
88.650000,0.01189,0.36975,0.08256
88.666667,0.42095,1.02386,-0.39623
88.683333,-0.01640,0.67578,-0.58126
88.700000,-0.01157,-0.25291,-0.19162
88.716667,-0.19034,-0.59532,0.47661
88.733333,-0.27721,-0.66240,0.43641
88.750000,0.10889,-0.35738,-0.12371
88.766667,0.28206,0.06734,-0.24065
88.783333,0.18087,0.23153,0.01050
88.800000,-0.06438,0.38512,0.12573
88.816667,-0.23839,0.42379,-0.01919
88.833333,-0.31307,0.03565,-0.14694
88.850000,0.08630,-0.23908,-0.00483
88.866667,0.47229,-0.09174,0.12135
88.883333,0.16430,-0.04769,0.00169
88.900000,-0.28600,-0.05750,-0.09513
88.916667,-0.52484,-0.28780,-0.00113
88.933333,0.03563,-0.30449,0.07989
88.950000,0.51142,0.37985,0.01349
88.966667,0.07933,0.29689,-0.02492
88.983333,-0.09300,-0.10780,0.07049
89.000000,0.02928,0.18603,0.03867
89.016667,0.30410,0.28298,-0.17683
89.033333,-0.07682,0.25413,-0.17182
89.050000,-0.78486,-0.35032,0.01989
89.066667,-0.10253,-0.82150,0.20511
89.083333,0.03953,-0.17817,0.29810
89.100000,-0.17546,-0.38584,-0.00381
89.116667,0.78729,-0.18578,-0.18793
89.133333,0.66286,1.46320,-0.11247
89.150000,-0.03378,1.41752,-0.28100
89.166667,-0.01134,-0.08109,-0.16769
89.183333,-0.32265,-0.93468,0.20410
89.200000,-0.81205,-0.79669,0.35040
89.216667,-0.94407,-0.52850,0.26681
89.233333,-0.27696,-0.94603,0.16650
89.250000,0.94571,-0.39516,0.14677
89.266667,1.69794,1.13982,-0.59399
89.283333,0.97839,1.72653,-1.12851
89.300000,-0.66501,1.41251,-0.07571
89.316667,-1.06222,0.18917,0.96414
89.333333,-0.87486,-1.19437,0.87489
89.350000,-1.21239,-1.53719,0.15232
89.366667,-0.62556,-1.81294,-0.60440
89.383333,1.35087,-1.57508,-0.53312
89.400000,2.92830,0.99149,0.18920
89.416667,1.66615,3.83446,0.16308
89.433333,-1.43932,2.64360,-0.52260
89.450000,-2.85523,-1.00948,-0.16711
89.466667,-1.70662,-1.94419,0.73881
89.483333,-0.16423,-1.49638,0.55434
89.500000,1.08327,-1.30024,-0.43987
89.516667,2.98807,-0.07060,-0.80704
89.533333,1.90035,0.04391,0.32936
89.550000,-1.90697,0.88264,0.88813
89.566667,-2.09378,3.39200,-0.43906
89.583333,-0.55390,1.50850,-0.73039
89.600000,0.15180,-2.60458,0.48535
89.616667,0.99032,-2.44244,0.39398
89.633333,0.20514,-0.12192,-0.58912
89.650000,-0.32366,0.35337,-0.31772
89.666667,0.55686,-0.00840,0.44912
89.683333,0.38296,0.66478,0.42699
89.700000,-0.43589,0.92437,0.06702
89.716667,-0.63909,0.33848,-0.27241
89.733333,0.04831,0.08877,-0.22745
89.750000,0.46198,-0.44115,0.03824
89.766667,-0.14112,-0.99607,-0.10120
89.783333,-0.33753,-0.62163,-0.06585
89.800000,0.10454,0.38577,0.23006
89.816667,0.36085,0.92599,0.15605
89.833333,0.13903,0.19308,-0.07562
89.850000,-0.16514,-0.27921,-0.05444
89.866667,-0.11992,0.03207,-0.01813
89.883333,-0.09974,-0.38769,-0.20866
89.900000,-0.10226,-0.37653,-0.03951
89.916667,-0.01980,0.54253,0.33034
89.933333,0.11182,0.46815,0.22651
89.950000,0.38231,-0.15036,0.05233
89.966667,0.27585,-0.24232,-0.20454
89.983333,-0.34521,-0.13492,-0.50984
90.000000,-0.58955,-0.09244,-0.22179
90.016667,0.00689,-0.04272,0.22317
90.033333,0.43683,0.05026,0.35655
90.050000,-0.03875,0.03464,0.32318
90.066667,-0.32082,0.09901,0.09722
90.083333,0.18020,0.20323,-0.18228
90.100000,0.40249,0.19316,-0.32997
90.116667,0.06515,0.04339,-0.14683
90.133333,-0.21669,-0.44096,0.17352
90.150000,-0.30952,-0.41402,0.03114
90.166667,-0.08022,0.16774,-0.21224
90.183333,0.29164,0.09975,0.05488
90.200000,0.32216,-0.01358,0.27096
90.216667,-0.02946,0.38132,-0.02668
90.233333,-0.55547,0.29779,-0.05441
90.250000,-0.49733,-0.24162,0.26991
90.266667,0.36543,-0.32756,-0.01726
90.283333,0.74115,0.02614,-0.39051
90.300000,0.01416,0.13259,-0.19397
90.316667,-0.45361,-0.18229,0.05298
90.333333,0.06603,-0.34413,0.30324
90.350000,0.21236,-0.12314,0.26460
90.366667,-0.17519,0.28462,-0.15827
90.383333,-0.09778,0.74685,-0.26850
90.400000,-0.04021,0.42039,-0.11471
90.416667,-0.07112,-0.42152,0.08541
90.433333,0.06840,-0.32481,0.22339
90.450000,-0.12938,-0.15548,0.17895
90.466667,-0.02732,-0.58100,0.10025
90.483333,0.51448,-0.21625,-0.18344
90.500000,0.41137,0.52241,-0.48121
90.516667,-0.16116,0.43767,-0.25696
90.533333,-0.64298,0.35113,0.31715
90.550000,-0.53639,0.31005,0.50360
90.566667,0.14583,-0.63078,0.09701
90.583333,0.43304,-1.13610,-0.07569
90.600000,0.33911,-0.02139,-0.05398
90.616667,0.08010,1.21697,-0.43063
90.633333,-0.04173,1.04616,-0.35189
90.650000,-0.01651,-0.09380,0.27746
90.666667,-0.57151,-1.13655,0.41399
90.683333,-0.53370,-1.42207,0.27224
90.700000,0.38770,-0.07799,0.10486
90.716667,0.74567,1.31639,-0.25244
90.733333,0.79947,0.72271,-0.42178
90.750000,0.06039,0.10462,-0.42805
90.766667,-1.57236,-0.10430,-0.08864
90.783333,-1.07510,-0.54673,0.65438
90.800000,0.91497,0.24144,0.50520
90.816667,0.69995,0.13756,-0.22806
90.833333,0.04798,-1.48205,-0.02975
90.850000,0.46550,-0.49269,0.23446
90.866667,-0.03762,1.46664,-0.29831
90.883333,-0.55767,0.89856,-0.70491
90.900000,-0.48445,-0.01524,-0.20425
90.916667,-0.27007,-0.18249,0.66824
90.933333,0.49659,-0.50484,0.53840
90.950000,0.69528,-0.58099,-0.11523
90.966667,0.04992,-0.19469,-0.19879
90.983333,-0.39376,0.45884,-0.23867
91.000000,-0.36454,0.73785,-0.16501
91.016667,-0.22887,0.11889,0.08592
91.033333,0.00185,-0.83883,0.10813
91.050000,0.57911,-0.93988,0.30290
91.066667,0.54245,0.09646,0.34300
91.083333,-0.12916,1.15315,-0.28044
91.100000,-0.51536,1.34376,-0.74895
91.116667,-0.64919,0.22672,-0.29079
91.133333,-0.13098,-1.26546,0.53227
91.150000,0.57120,-1.31907,0.57549
91.166667,0.53558,-0.40842,-0.00411
91.183333,0.30361,0.24016,-0.19092
91.200000,-0.14839,0.65487,-0.09760
91.216667,-0.79430,0.84290,-0.10868
91.233333,-0.32992,0.57649,-0.08070
91.250000,0.66294,-0.02604,-0.09880
91.266667,0.26371,-0.60044,0.05885
91.283333,-0.39098,-0.75274,0.33476
91.300000,0.02111,-0.27710,0.11025
91.316667,0.10911,0.14929,-0.22354
91.333333,-0.05026,0.02076,-0.15049
91.350000,0.09261,0.09938,-0.01065
91.366667,-0.26660,0.59670,-0.04391
91.383333,-0.33283,0.74783,-0.09399
91.400000,0.21685,0.18257,0.11229
91.416667,0.51547,-0.73292,0.40121
91.433333,0.69411,-1.10967,0.25574
91.450000,0.01803,-0.43344,-0.25419
91.466667,-1.08431,0.47901,-0.45430
91.483333,-0.63118,0.58066,-0.05507
91.500000,0.28051,0.18675,0.14070
91.516667,0.34284,-0.09056,-0.22677
91.533333,-0.05507,0.04475,-0.07761
91.550000,-0.35165,0.59153,0.49833
91.566667,0.62101,0.49865,0.36768
91.583333,1.16804,-0.40780,-0.15972
91.600000,-0.20699,-1.08350,-0.28791
91.616667,-1.01671,-0.95248,-0.00229
91.633333,-0.82079,-0.11400,0.00598
91.650000,-0.23324,0.56896,-0.20524
91.666667,0.72940,0.89866,0.02765
91.683333,0.83435,0.67810,0.16418
91.700000,0.43380,0.06523,-0.02751
91.716667,-0.47439,0.24458,-0.17361
91.733333,-1.00765,0.11753,0.01957
91.750000,0.09322,-0.52606,0.28825
91.766667,0.02630,-1.09612,-0.00609
91.783333,-0.07867,-1.91395,0.18575
91.800000,0.82136,-0.46772,0.31703
91.816667,0.10304,1.87484,-0.56036
91.833333,0.22167,2.12290,-0.53691
91.850000,0.00124,1.73433,-0.14125
91.866667,-1.26055,-0.30403,0.07591
91.883333,0.05478,-2.44934,0.84554
91.900000,0.47245,-1.47613,0.46139
91.916667,-0.08798,-0.04223,-0.54077
91.933333,0.26307,0.58589,-0.52441
91.950000,-0.31879,0.40855,0.04518
91.966667,0.08944,-0.44109,0.56160
91.983333,0.52137,0.24973,0.16793
92.000000,0.02975,1.44555,-0.61977
92.016667,-0.01982,1.31710,-0.67932
92.033333,-0.58022,-0.14849,0.14783
92.050000,-0.20413,-2.26835,1.21912
92.066667,0.53547,-2.09390,0.63512
92.083333,-0.14007,0.37598,-0.90419
92.100000,-0.53495,1.54301,-0.93264
92.116667,-0.11789,1.05153,0.11226
92.133333,0.78392,0.39336,0.66933
92.150000,0.75364,-0.25846,0.13351
92.166667,-0.47787,-0.76665,-0.38009
92.183333,-0.52520,-0.38897,0.05894
92.200000,-0.12398,0.38834,0.24297
92.216667,0.03476,0.11837,-0.00471
92.233333,0.58069,-0.38269,-0.10267
92.250000,-0.01600,-0.20123,-0.24300
92.266667,-0.80540,0.04347,-0.04765
92.283333,-0.33582,0.39284,0.26334
92.300000,0.24421,0.43173,0.13040
92.316667,0.76320,0.02616,-0.10595
92.333333,0.47564,-0.26138,-0.19859
92.350000,-0.42688,-0.42000,0.07035
92.366667,-0.16769,-0.11832,0.34630
92.383333,0.33398,0.12084,-0.02071
92.400000,-0.01145,0.05871,-0.39105
92.416667,-0.88327,0.30213,-0.33540
92.433333,-0.97885,0.21480,-0.00546
92.450000,0.52909,0.04398,0.56883
92.466667,1.43798,-0.23638,0.60858
92.483333,0.93782,-0.79275,-0.05357
92.500000,-0.26023,0.06578,-0.66800
92.516667,-1.85639,0.85544,-0.76371
92.533333,-1.25145,0.03374,0.11205
92.550000,1.31252,-0.27716,0.92592
92.566667,1.55049,-0.01088,0.15865
92.583333,-0.05239,-0.03779,-0.49928
92.600000,-0.33106,-0.25403,0.31940
92.616667,-0.51148,-0.09979,0.31641
92.633333,-0.85273,0.61456,-0.73957
92.650000,0.23556,0.21048,-0.39147
92.666667,0.52923,-0.43573,0.50957
92.683333,-0.08744,-0.12121,0.07241
92.700000,-0.07091,-0.06203,-0.48666
92.716667,-0.33077,0.03744,0.16000
92.733333,0.54563,-0.20406,1.02537
92.750000,1.28713,0.01301,0.36431
92.766667,-0.47526,0.88153,-0.81239
92.783333,-1.09730,-0.20612,-0.22218
92.800000,0.04543,-0.44279,-0.14878
92.816667,-0.04621,0.41519,-1.44540
92.833333,-0.58462,-0.79901,-0.13741
92.850000,0.08767,-0.46277,2.08314
92.866667,0.85994,0.75530,1.57231
92.883333,0.20185,0.43330,-0.05704
92.900000,-0.45009,0.76202,-1.41909
92.916667,0.61998,-0.15288,-1.54584
92.933333,1.41334,-1.07881,-0.57176
92.950000,-0.94415,-0.05555,0.11846
92.966667,-3.14280,-0.56859,0.78880
92.983333,-0.37850,-0.54614,1.21344
93.000000,2.38606,0.99336,1.66138
93.016667,1.26388,0.79382,0.57256
93.033333,0.49030,0.76518,-2.58148
93.050000,-0.28062,0.53186,-2.19030
93.066667,-1.55400,-1.36083,0.64105
93.083333,-0.60388,-1.50987,0.72095
93.100000,0.18304,-0.01457,0.45027
93.116667,0.03719,0.61017,0.86627
93.133333,0.51261,0.47645,0.31100
93.150000,0.28096,0.31827,-0.44167
93.166667,-0.05473,0.24988,-0.66279
93.183333,0.24722,-0.03426,0.04290
93.200000,0.32108,0.14768,0.64901
93.216667,-0.52560,-0.07433,-0.45620
93.233333,-1.19894,-1.26844,-1.25396
93.250000,0.80587,-0.29923,0.16161
93.266667,1.67047,1.06815,1.39383
93.283333,-0.75926,-0.16512,0.92038
93.300000,-0.91810,-0.26704,-0.20022
93.316667,0.06633,0.82632,-1.13719
93.333333,-0.55522,0.29640,-0.74712
93.350000,-0.34937,-0.48014,0.29610
93.366667,-0.40794,-0.33345,-0.27462
93.383333,0.22454,0.50898,-0.51944
93.400000,2.17100,0.41303,0.97315
93.416667,1.38575,-1.06646,1.50891
93.433333,1.31750,-1.57811,1.62266
93.450000,0.21692,-0.13996,-0.09458
93.466667,-5.98849,2.16288,-4.07415
93.483333,-4.04818,1.91145,-2.38016
93.500000,3.61236,-0.73150,2.28417
93.516667,3.28111,-1.25638,2.04063
93.533333,1.64877,-0.64607,0.71641
93.550000,-0.12686,-0.40526,-0.20174
93.566667,-2.72155,0.18728,-1.19446
93.583333,-1.07195,0.51205,-0.71409
93.600000,0.70011,0.97214,-0.11887
93.616667,2.11938,0.24676,0.89867
93.633333,1.28396,-0.65049,1.17681
93.650000,-1.12879,-0.39743,0.17075
93.666667,-0.83058,-1.24339,-0.41906
93.683333,-3.05714,-0.09259,-1.68540
93.700000,-1.86709,2.01583,-1.24224
93.716667,3.81813,0.48825,1.29475
93.733333,2.38067,-0.62443,0.97113
93.750000,-0.43402,-0.29064,-0.49304
93.766667,-0.20312,-0.21013,0.36548
93.783333,-0.39180,0.03748,1.27417
93.800000,-0.42793,-0.75421,0.14534
93.816667,-1.18086,-0.67456,-1.23522
93.833333,-0.43397,0.85245,-0.76877
93.850000,0.94316,1.42076,-0.25805
93.866667,-0.15283,0.82211,-0.89175
93.883333,0.01397,-0.65288,-0.03219
93.900000,1.51098,-1.15553,1.68108
93.916667,0.67619,-0.54978,1.56051
93.933333,-1.02216,-0.50779,0.54765
93.950000,-1.66689,0.17132,-1.04093
93.966667,-0.97733,0.86439,-1.76080
93.983333,0.63549,0.60293,-0.50000
94.000000,1.41807,0.40094,0.07874
94.016667,1.52956,-0.14355,0.93215
94.033333,0.31815,-0.64117,0.96935
94.050000,-1.12987,-0.37225,-0.65034
94.066667,-1.70905,-0.26270,-0.35234
94.083333,-1.78520,-0.38411,0.06092
94.100000,1.49697,0.64735,-0.08844
94.116667,1.59484,1.49732,-0.81007
94.133333,0.17756,0.69398,-0.09097
94.150000,1.30223,-0.22811,1.56709
94.166667,-2.15530,-2.54521,0.56378
94.183333,2.07207,-3.72336,4.63259
94.200000,2.55311,1.05372,1.70894
94.216667,-9.42825,5.05855,-12.11753
94.233333,-3.16573,2.53094,-8.25527
94.250000,5.73954,-1.43816,5.32515
94.266667,4.92637,-2.36905,10.68616
94.283333,6.35745,-1.63637,7.62563
94.300000,-2.66085,-0.30989,-3.93575
94.316667,-6.51050,1.95311,-6.09415
94.333333,-2.56667,0.58113,-1.40206
94.350000,-4.60269,-2.90225,-3.48020
94.366667,2.31125,0.21504,-1.41380
94.383333,6.24369,3.68447,2.70236
94.400000,1.22513,0.30482,2.33643
94.416667,2.35943,-1.53208,4.79669
94.433333,0.32600,-0.30287,4.98400
94.450000,-3.75831,-1.07802,-4.33959
94.466667,-3.42798,-0.85519,-9.88129
94.483333,-3.77797,0.83448,-4.22583
94.500000,0.98145,0.43365,4.08779
94.516667,7.37207,0.35517,8.02869
94.533333,2.01751,1.34093,2.38925
94.550000,-4.25658,0.34642,-2.99817
94.566667,0.99407,-0.61217,0.05275
94.583333,2.04837,-0.89195,-0.76976
94.600000,-4.24945,-1.45550,-3.80573
94.616667,-1.77787,-0.80226,-0.12292
94.633333,2.37663,0.43409,2.27389
94.650000,-0.24663,1.74644,-0.49597
94.666667,-0.96616,1.42744,-0.91132
94.683333,0.78304,-0.02493,0.82125
94.700000,2.21828,-0.07431,0.71578
94.716667,2.23203,-1.32608,2.41103
94.733333,-0.81559,-1.46387,1.59921
94.750000,-3.10850,0.30337,-3.38730
94.766667,-2.97420,-0.60103,-2.26043
94.783333,0.84028,0.95888,0.84016
94.800000,4.55247,3.37684,0.47816
94.816667,-0.26063,-0.53936,-0.59073
94.833333,-3.70075,-2.84935,-1.22841
94.850000,1.44113,-0.28181,2.38372
94.866667,2.35466,0.76746,2.37234
94.883333,-2.13538,0.14953,-2.91477
94.900000,-1.13454,-0.15925,-0.82817
94.916667,2.70689,-0.01752,3.09434
94.933333,0.91149,-0.22249,1.45595
94.950000,-2.76508,0.29077,-2.88735
94.966667,-2.38228,0.98628,-4.68053
94.983333,1.66115,-0.22131,0.97479
95.000000,3.75615,0.00723,4.01382
95.016667,-1.22925,0.28053,0.37156
95.033333,-3.20148,-1.41083,-0.35082
95.050000,1.85255,-0.51993,-0.03778
95.066667,1.90389,0.68025,-0.81526
95.083333,-1.24252,-0.00640,0.20444
95.100000,-0.70912,0.08341,0.59386
95.116667,0.22822,0.22063,0.47201
95.133333,-1.05084,0.14844,-0.41500
95.150000,-2.06143,0.50899,-3.46988
95.166667,1.10252,0.76739,-2.04207
95.183333,5.12007,0.02799,4.25334
95.200000,2.33166,-1.36078,4.47454
95.216667,-4.46196,-1.44370,-0.92263
95.233333,-4.42453,-0.17167,-2.74260
95.250000,0.14473,0.84725,-1.83579
95.266667,1.52522,0.93820,-0.76060
95.283333,3.00016,0.65678,1.76559
95.300000,2.16388,0.10205,2.27936
95.316667,-1.87607,-0.43359,-0.09864
95.333333,-2.53611,-0.28101,-2.16246
95.350000,-1.94496,-0.57504,-2.60912
95.366667,0.48108,-0.78608,1.23055
95.383333,3.45076,0.52304,4.54926
95.400000,1.16488,1.04568,0.48216
95.416667,-0.98185,0.30309,-3.74169
95.433333,-0.20893,0.24886,-1.80530
95.450000,-0.08623,-0.52644,1.80965
95.466667,-1.21229,-1.36400,1.71155
95.483333,-2.28472,-0.02504,-1.08982
95.500000,-0.90530,0.79240,-1.36234
95.516667,2.12004,0.21719,0.44108
95.533333,3.70722,0.17011,1.71581
95.550000,1.77221,0.01656,1.61472
95.566667,-1.99032,-0.42637,-0.84608
95.583333,-2.81138,-0.18139,-2.29427
95.600000,-0.84365,0.70480,-1.16764
95.616667,0.00510,0.65085,-0.20539
95.633333,-0.11268,-0.67015,0.76421
95.650000,0.90599,-0.93828,1.68764
95.666667,1.06442,-0.09829,0.87044
95.683333,0.26442,0.26857,-0.39309
95.700000,0.71334,0.23723,0.12021
95.716667,0.72665,0.22477,0.77005
95.733333,-0.47342,0.69874,-1.15631
95.750000,-2.15640,0.41058,-3.14785
95.766667,-1.91326,-1.29843,-0.67424
95.783333,0.76754,-1.03102,2.47244
95.800000,1.28842,0.79124,1.61268
95.816667,0.55820,0.78976,0.72695
95.833333,0.58929,0.49734,-0.01845
95.850000,-0.03910,-0.30870,-1.19817
95.866667,0.20051,-1.93199,-0.01595
95.883333,0.65410,-0.25917,0.02737
95.900000,-0.30066,2.13701,-0.82010
95.916667,-1.37653,1.08171,-0.70837
95.933333,-2.35878,-0.42538,-2.26196
95.950000,-2.05404,-1.43496,-0.93973
95.966667,2.31493,-1.46952,5.53099
95.983333,6.26207,1.22884,6.72930
96.000000,2.44068,2.14274,-1.89849
96.016667,-4.14140,-1.15386,-8.32044
96.033333,-5.44030,-2.11099,-5.20948
96.050000,-1.41401,0.92297,2.97867
96.066667,3.46566,1.42108,8.52882
96.083333,3.10723,-0.51749,2.25722
96.100000,-0.90150,-0.67093,-6.73809
96.116667,-2.56608,0.36757,-4.47456
96.133333,0.09048,1.38329,1.06226
96.150000,3.05466,0.65175,3.86913
96.166667,0.43629,-1.80333,3.86326
96.183333,-1.84770,-2.27845,0.01018
96.200000,-0.79883,-0.02956,-2.30470
96.216667,-1.11323,1.73848,-2.72689
96.233333,0.84205,1.04435,-1.70309
96.250000,2.24260,0.07406,1.49521
96.266667,-0.45098,0.25105,1.55059
96.283333,-1.28386,0.18295,-0.31323
96.300000,-0.69794,-0.37751,-0.20091
96.316667,-0.33135,-0.70596,-0.18261
96.333333,-0.36861,-0.69017,-0.25756
96.350000,0.94664,-1.10054,1.76493
96.366667,4.75745,-0.54720,3.60233
96.383333,1.35841,1.57399,-0.41296
96.400000,-5.06803,2.42933,-5.98355
96.416667,-3.78900,1.49144,-4.36227
96.433333,-2.53746,-0.98456,0.20642
96.450000,1.51925,-2.70908,3.86205
96.466667,8.31498,-1.38728,6.82128
96.483333,3.29238,-0.73363,3.60877
96.500000,-4.15034,0.30536,-3.88145
96.516667,-4.68089,3.44153,-7.32089
96.533333,-3.96360,2.44057,-4.38242
96.550000,1.82940,-1.82537,2.45195
96.566667,7.23645,-3.32549,6.61804
96.583333,1.71189,-1.00209,3.31456
96.600000,-4.86049,2.77539,-2.88839
96.616667,-3.18467,2.14604,-4.20623
96.633333,0.39760,-1.30459,-0.22202
96.650000,2.10914,-1.71987,2.38982
96.666667,2.67701,-1.54570,1.29824
96.683333,0.12127,-0.12153,-0.27362
96.700000,-2.26451,2.90510,-1.73721
96.716667,-1.20715,2.10227,-1.48583
96.733333,-0.03039,-0.55795,0.83611
96.750000,0.19454,-1.58763,1.04906
96.766667,0.40667,-1.61226,0.64956
96.783333,0.98683,-0.49218,1.10595
96.800000,1.13852,0.68512,-0.30149
96.816667,-0.04831,1.12568,-1.64738
96.833333,-0.93970,0.80789,-0.89280
96.850000,-1.61180,-0.73101,1.04823
96.866667,-1.28983,-1.58677,1.41097
96.883333,1.02715,0.05997,-1.12025
96.900000,1.78903,1.92216,-2.08935
96.916667,0.75266,1.58678,-0.43774
96.933333,0.01685,-0.24181,1.10879
96.950000,-0.82406,-2.18166,2.54113
96.966667,-0.83093,-2.59904,2.64999
96.983333,0.24374,-0.16393,0.70729
97.000000,0.60069,2.86807,-2.62138
97.016667,-1.15113,2.95625,-6.42604
97.033333,-1.86286,0.53597,-4.18881
97.050000,1.70845,-2.85307,5.07539
97.066667,3.06173,-4.31764,7.75682
97.083333,-0.03243,-0.45918,0.98278
97.100000,-1.81186,3.53785,-2.96963
97.116667,-1.52114,3.32844,-2.09102
97.133333,0.52414,1.45049,-0.44850
97.150000,0.84098,-1.75155,0.09182
97.166667,-1.19687,-3.44502,-1.21490
97.183333,-0.08232,-1.18172,-0.28402
97.200000,1.60496,0.39372,1.01528
97.216667,0.97482,-0.20841,-0.20616
97.233333,-0.32038,0.57295,0.48076
97.250000,-0.64815,1.60565,1.21243
97.266667,-0.58688,1.51533,0.53758
97.283333,-1.77005,2.25707,0.45919
97.300000,-0.87001,0.47760,-0.48046
97.316667,1.02860,-3.47530,-1.06036
97.333333,2.52747,-4.08327,-1.73665
97.350000,2.91498,-2.02794,-1.24528
97.366667,-1.23538,1.64819,1.90712
97.383333,-2.53743,3.92326,1.79831
97.400000,-0.45838,2.04475,-0.11999
97.416667,-1.05372,0.04470,-0.15786
97.433333,-0.55245,-0.62212,-0.63895
97.450000,0.37332,-0.86989,-0.31615
97.466667,0.75773,-0.79624,0.77620
97.483333,1.25769,-1.09609,0.19823
97.500000,1.17759,-1.06508,-1.25672
97.516667,1.62211,0.05429,-0.69696
97.533333,-0.35430,1.46824,0.91890
97.550000,-2.81547,1.37451,-0.01431
97.566667,-2.15652,0.30921,-0.35319
97.583333,-1.05767,0.11555,1.26778
97.600000,0.71726,-0.46953,1.05345
97.616667,2.20094,-1.13529,-0.15272
97.633333,1.67096,-0.13908,-1.52805
97.650000,0.74195,0.15149,-1.62210
97.666667,-0.55306,-0.76704,0.79033
97.683333,-0.72841,-0.05000,1.37923
97.700000,-0.14996,1.08768,-0.14492
97.716667,-0.96430,0.71036,-0.70273
97.733333,-0.78918,0.08823,-0.17801
97.750000,-0.06259,-0.30697,0.51011
97.766667,-0.14405,-0.29670,0.17831
97.783333,0.20444,-0.05741,-0.26882
97.800000,0.53185,-0.43618,0.19562
97.816667,1.27672,-0.22331,0.73743
97.833333,1.22752,0.41012,0.26943
97.850000,-0.23198,0.18361,-1.01426
97.866667,-0.80291,-0.00911,-1.04910
97.883333,-0.91489,-0.02547,0.04092
97.900000,-0.65001,-0.15134,0.71428
97.916667,-0.13077,-0.09065,0.58778
97.933333,-0.18860,0.19779,0.03103
97.950000,-0.08563,0.42305,-0.18534
97.966667,-0.01582,-0.10245,-0.51759
97.983333,0.40943,-0.64531,-0.47301
98.000000,1.01037,-0.19567,-0.06397
98.016667,0.82138,0.79553,-0.46813
98.033333,0.69502,1.09043,0.39803
98.050000,0.71347,-0.39800,3.27335
98.066667,-0.08170,-1.89276,4.23694
98.083333,-2.47581,-1.20171,-1.32630
98.100000,-4.15365,0.84914,-8.88584
98.116667,-1.18922,2.18856,-5.87428
98.133333,3.22354,0.74515,3.79323
98.150000,3.53631,-1.24860,6.16183
98.166667,1.31136,-0.44647,2.94089
98.183333,-0.24212,0.37476,0.31936
98.200000,-0.85517,-0.23253,-0.73423
98.216667,-0.98003,-0.48897,-1.24505
98.233333,-1.19725,-0.15815,-2.27240
98.250000,-0.67066,0.39223,-1.22306
98.266667,0.29246,0.00437,0.29644
98.283333,0.05903,-0.23903,0.18092
98.300000,0.19747,0.56272,0.51991
98.316667,0.68035,0.46068,0.33571
98.333333,0.29652,-0.16885,0.72184
98.350000,0.25471,-0.48237,1.29755
98.366667,-0.09177,-0.49979,-0.19052
98.383333,-0.78460,-0.04626,-1.13762
98.400000,-0.15134,0.70168,-1.23569
98.416667,0.56970,1.15308,-1.33067
98.433333,0.06753,0.03464,-0.54686
98.450000,0.21587,-1.29712,2.27849
98.466667,0.73880,-1.24465,4.19875
98.483333,0.35966,-0.67494,2.48864
98.500000,-0.73560,0.20388,-0.74153
98.516667,-3.76411,1.73774,-8.00202
98.533333,-2.51378,2.38664,-8.69105
98.550000,4.27745,-0.65173,4.27703
98.566667,4.63790,-2.71969,9.40404
98.583333,0.58947,0.41171,3.86993
98.600000,-1.49366,1.77775,0.23521
98.616667,-2.03352,0.11932,-2.87948
98.633333,-0.73961,-1.31128,-5.06183
98.650000,-1.49477,-2.13385,-4.35712
98.666667,-1.20108,-0.41403,-2.09785
98.683333,-1.05429,0.15637,2.24117
98.700000,-0.16571,1.57864,10.03111
98.716667,7.55148,4.52771,7.47106
98.733333,5.63305,0.54627,-5.95472
98.750000,-2.79094,-1.87375,-5.12438
98.766667,-5.90419,-2.02180,-1.07356
98.783333,-8.88670,-4.87047,-6.62947
98.800000,-0.42432,0.31536,-2.72991
98.816667,8.29800,3.32212,5.37049
98.833333,5.59514,0.44533,4.38733
98.850000,3.28522,1.75067,1.82187
98.866667,-4.28917,0.55704,4.57918
98.883333,-8.76161,0.16155,2.48956
98.900000,-3.35503,0.40551,-3.19284
98.916667,4.28785,-1.90506,-0.93724
98.933333,10.27590,-1.91829,-9.69708
98.950000,1.76946,-2.81480,-14.42051
98.966667,-7.39426,-0.78352,8.59426
98.983333,-4.49859,4.18792,15.90361
99.000000,-2.02293,5.17281,3.89179
99.016667,3.40648,1.57200,-1.10290
99.033333,4.99537,-3.14588,-7.41150
99.050000,-0.48772,-4.03093,-4.37564
99.066667,0.39328,-3.44720,3.48871
99.083333,-0.40267,-0.32568,0.78456
99.100000,-2.84357,2.94534,0.28868
99.116667,0.12724,1.93646,-0.12393
99.133333,-1.03816,3.44966,-3.33770
99.150000,-2.02328,2.69372,-1.95363
99.166667,2.34921,-2.91945,2.12296
99.183333,3.22802,-4.45325,5.23931
99.200000,1.70222,-2.59467,2.12095
99.216667,-0.59937,-0.12423,-1.99614
99.233333,-4.08043,1.88209,-1.90957
99.250000,-2.47127,3.20243,-2.63195
99.266667,1.29281,2.68453,-1.21453
99.283333,1.90482,-1.07489,0.89840
99.300000,2.17770,-2.85290,0.84917
99.316667,1.96090,-1.75200,1.87738
99.333333,-1.11097,-0.76588,0.66287
99.350000,-4.05967,1.37672,-1.01287
99.366667,-1.87343,2.80295,0.31089
99.383333,1.03904,1.17985,0.49156
99.400000,0.07462,-1.20121,-0.94873
99.416667,0.94890,-1.85968,-1.06999
99.433333,3.46819,-0.64352,0.62333
99.450000,2.55889,-0.22021,0.24219
99.466667,-1.28042,-0.45160,-1.34844
99.483333,-3.79315,1.23581,-0.05884
99.500000,-2.27644,2.07138,1.10503
99.516667,0.44841,0.04164,2.46047
99.533333,1.53239,-1.75200,1.71718
99.550000,-1.05364,-0.95688,-3.56757
99.566667,-2.19118,1.29936,-4.21040
99.583333,2.78532,1.25407,-0.02893
99.600000,4.87477,-1.45187,2.48208
99.616667,1.46733,-1.32888,1.93593
99.633333,-2.49997,0.98271,1.35523
99.650000,-3.47446,-1.05680,3.26326
99.666667,-0.50821,-1.49776,0.80899
99.683333,0.66149,3.21858,-3.97269
99.700000,-1.11600,3.11533,-6.18723
99.716667,-3.32974,-0.02589,-5.68932
99.733333,-0.71302,-1.75134,3.12747
99.750000,6.57549,-2.91540,8.19815
99.766667,5.75233,-0.43261,2.49977
99.783333,-1.05991,0.49768,0.59547
99.800000,-4.42343,-0.97257,0.30918
99.816667,-3.61343,0.18560,-2.29107
99.833333,1.39189,0.28375,-1.81098
99.850000,1.97869,1.40691,-2.22134
99.866667,-2.30775,3.86495,-3.69150
99.883333,-1.46431,1.16676,-0.63681
99.900000,0.86474,-2.94977,3.50894
99.916667,1.17096,-2.86767,3.16075
99.933333,1.73707,-0.75333,2.48685
99.950000,1.10023,-0.07173,2.42398
99.966667,-0.25702,0.01968,-2.16616
99.983333,-0.72166,0.91375,-4.68028
100.000000,-0.47670,1.00060,-1.44776
100.016667,-0.02486,0.41601,-0.02407
100.033333,-0.68337,0.23932,0.27760
100.050000,-1.85312,0.33893,1.82563
100.066667,-0.76948,0.12720,1.56183
100.083333,1.00924,-0.41083,-0.01709
100.100000,1.73175,-0.74466,-0.32534
100.116667,2.09559,-1.20127,-0.05635
100.133333,0.26628,-0.29299,-0.77471
100.150000,-1.40988,1.02488,0.00370
100.166667,-0.73859,0.38310,1.02829
100.183333,-0.82432,0.52047,-1.06491
100.200000,-0.56092,0.43156,-1.47589
100.216667,0.53813,-1.12445,0.13338
100.233333,0.47682,-0.47810,0.60884
100.250000,0.25333,0.69004,1.81000
100.266667,0.11579,0.40475,1.24044
100.283333,-0.30006,0.36853,-1.03230
100.300000,-0.46355,0.03730,-1.25976
100.316667,0.24341,-0.97808,-1.03555
100.333333,1.07192,-1.01946,-0.53760
100.350000,0.18966,0.39256,0.58749
100.366667,-1.20665,1.13839,0.98374
100.383333,-0.47206,0.04352,0.95252
100.400000,1.23569,-1.08172,0.64411
100.416667,0.68838,-0.15998,0.19597
100.433333,-0.77749,1.28033,-0.62137
100.450000,-0.85370,0.92182,-1.56904
100.466667,-1.17312,0.17226,-1.68819
100.483333,-0.59885,-0.78018,-0.75554
100.500000,1.61695,-1.67237,1.43935
100.516667,1.90243,-0.70119,2.72080
100.533333,0.47999,0.35171,1.55668
100.550000,-0.62305,0.78873,-0.46445
100.566667,-1.06418,1.12111,-2.32253
100.583333,-0.30080,0.38205,-1.83074
100.600000,0.18397,-0.18810,0.53635
100.616667,-0.48071,-0.20274,1.07975
100.633333,-0.57366,-0.67506,0.69080
100.650000,0.15154,-0.63706,0.49612
100.666667,0.63099,0.03588,-0.48411
100.683333,0.59555,0.31150,-1.23628
100.700000,0.39259,0.31455,-0.70927
100.716667,0.17793,0.29405,0.72644
100.733333,-0.29681,0.19615,1.53897
100.750000,-0.68472,-0.07345,0.95407
100.766667,-0.39336,-0.39202,-0.29890
100.783333,0.03403,-0.25757,-1.57214
100.800000,0.07208,0.04764,-1.52381
100.816667,0.25769,0.09820,0.08218
100.833333,0.39835,0.08598,1.11088
100.850000,-0.00190,0.05660,0.79724
100.866667,-0.29898,0.00670,0.33180
100.883333,-0.18991,0.00457,0.11391
100.900000,0.07724,0.08786,-0.31700
100.916667,0.25387,0.03140,-0.68881
100.933333,0.14253,-0.14367,-0.44203
100.950000,-0.03976,-0.08811,0.22848
100.966667,-0.20418,-0.03443,0.68478
100.983333,-0.18848,0.00118,0.30036
101.000000,0.07565,0.14683,-0.40415
101.016667,0.16881,0.13116,-0.40624
101.033333,0.00876,0.02892,-0.14947
101.050000,-0.18396,-0.08528,0.06647
101.066667,-0.22893,-0.22252,0.28878
101.083333,-0.03765,-0.25966,-0.05172
101.100000,0.26213,-0.07810,-0.06789
101.116667,0.33607,0.22715,0.47006
101.133333,0.14816,0.36106,0.17990
101.150000,0.04232,0.32016,-0.20267
101.166667,-0.02533,0.15741,-0.09426
101.183333,-0.19327,0.03049,-0.20000
101.200000,-0.42039,-0.36744,-0.31697
101.216667,-0.44979,-0.88948,-0.30053
101.233333,0.01667,-0.37046,0.12112
101.250000,0.44199,0.27153,0.49446
101.266667,0.38387,0.44347,0.27693
101.283333,0.16472,0.74771,0.15185
101.300000,0.03623,0.23855,-0.05984
101.316667,-0.02159,-0.28036,-0.26632
101.333333,-0.26140,-0.18384,-0.12529
101.350000,-0.41079,-0.37268,-0.06112
101.366667,-0.03872,-0.23289,-0.26237
101.383333,0.30922,0.00831,-0.29009
101.400000,0.30723,0.22338,0.68097
101.416667,0.06083,0.42177,0.76385
101.433333,-0.29199,-0.14903,-0.70739
101.450000,-0.28063,-0.39045,-0.58370
101.466667,-0.19947,0.01116,0.40939
101.483333,-0.07092,0.16775,0.23654
101.500000,0.38348,0.16750,-0.07354
101.516667,0.42342,0.16017,0.05402
101.533333,0.28186,0.15795,0.06636
101.550000,0.21478,-0.09852,-0.33548
101.566667,-0.02535,-0.43805,0.00288
101.583333,-0.36694,-0.33284,0.38465
101.600000,-0.65049,-0.23972,-0.76724
101.616667,-0.38528,-0.41823,-0.90908
101.633333,-0.77397,0.55950,1.19277
101.650000,-0.42603,1.61007,2.08994
101.666667,1.28754,0.70393,-0.31050
101.683333,0.74477,0.04204,-1.79946
101.700000,0.73504,-1.13033,-0.02510
101.716667,1.52611,-2.48580,-0.32319
101.733333,-0.09195,-0.57541,-1.34619
101.750000,-1.17420,0.85504,0.91773
101.766667,-2.00108,0.98339,1.74968
101.783333,-1.79028,1.73572,0.73563
101.800000,0.38885,0.66548,-0.10096
101.816667,1.18621,-0.64750,-1.30178
101.833333,1.33042,-0.75977,-0.67458
101.850000,0.67366,-0.52320,0.37443
101.866667,-0.26405,-0.43880,0.28779
101.883333,0.18312,-0.88061,0.13444
101.900000,-0.32973,0.38026,-0.55179
101.916667,-0.60938,1.43970,-0.35071
101.933333,0.29765,-0.26822,0.24712
101.950000,-0.22710,-0.51686,-0.28290
101.966667,-0.77840,0.77714,-0.08898
101.983333,0.19019,0.39493,1.33016
102.000000,0.70949,-0.34107,1.77120
102.016667,-0.17695,-0.65132,-0.28789
102.033333,-0.56755,-0.18780,-1.64979
102.050000,0.21042,0.74297,-0.25332
102.066667,0.05976,-0.07479,0.09006
102.083333,0.11825,-0.93903,-1.38150
102.100000,1.28393,-0.14796,-1.43889
102.116667,1.25851,0.02938,0.01326
102.133333,0.11243,0.02633,0.72600
102.150000,-1.37418,0.91370,1.58995
102.166667,-2.46043,1.13253,3.30083
102.183333,-4.31642,1.10197,3.35380
102.200000,-2.00060,-0.33263,-0.33512
102.216667,8.43874,-3.51537,-6.45046
102.233333,8.41222,-2.42146,-6.21173
102.250000,-3.35361,1.75248,0.71538
102.266667,-5.80593,2.47917,3.46163
102.283333,-3.05558,1.47291,3.35139
102.300000,-0.72658,0.32410,2.59524
102.316667,2.87586,-1.48690,-0.51979
102.333333,1.78769,-1.35633,-1.53432
102.350000,-0.48676,0.23334,-1.46381
102.366667,-0.68059,0.21909,-1.06110
102.383333,-0.19582,-0.56537,0.70227
102.400000,1.32506,-0.25605,0.23046
102.416667,0.73253,0.56018,-0.68932
102.433333,-0.95466,0.87508,0.35647
102.450000,-0.72578,0.37361,0.90825
102.466667,-0.60226,0.21702,-0.10624
102.483333,-0.75027,0.21508,-0.84823
102.500000,0.59946,-0.92551,0.11168
102.516667,1.40744,-1.15185,0.56708
102.533333,0.48829,-0.13388,0.53207
102.550000,-0.25243,0.17467,1.12287
102.566667,-0.68705,0.11100,0.06277
102.583333,-0.48264,0.19989,-1.58669
102.600000,0.24103,0.80106,-2.10956
102.616667,0.25860,1.11886,-1.22521
102.633333,-0.04625,0.16795,1.07488
102.650000,-0.50816,-0.77985,1.96948
102.666667,-0.19447,-1.19719,2.08865
102.683333,0.74568,-0.99510,1.34222
102.700000,0.54013,0.10623,-1.88203
102.716667,-0.10118,0.88081,-2.51128
102.733333,-0.35835,0.72912,-0.47981
102.750000,-0.35494,0.35930,0.28570
102.766667,-0.19464,-0.05486,0.87769
102.783333,-0.02097,-0.40860,0.60594
102.800000,0.26632,-0.28990,-0.15696
102.816667,0.25384,-0.17570,0.04091
102.833333,0.07321,-0.09883,0.11461
102.850000,0.16409,0.27966,-0.11197
102.866667,0.11281,0.20754,-0.18301
102.883333,-0.33512,0.06895,0.53768
102.900000,-0.59390,0.09137,0.11256
102.916667,-0.17445,-0.26834,-1.33299
102.933333,0.33124,-0.30141,-0.29485
102.950000,0.30145,-0.11007,0.73059
102.966667,0.12290,0.00548,0.36516
102.983333,0.33854,0.17764,0.33165
103.000000,0.13995,0.38710,-0.20945
103.016667,-0.74381,0.60220,0.09629
103.033333,-0.43375,0.06931,0.56246
103.050000,0.79411,-0.58223,-0.80796
103.066667,0.56488,-0.75611,-1.17203
103.083333,-0.90380,-0.61596,0.28906
103.100000,-1.10236,0.23805,0.79324
103.116667,0.52337,0.51683,0.06680
103.133333,0.99046,0.50082,0.11499
103.150000,0.11370,0.98113,0.49043
103.166667,0.27109,0.11688,-0.08388
103.183333,0.02687,-0.96785,-0.36528
103.200000,-0.68488,-0.73664,-0.37089
103.216667,-0.31829,-0.25901,-0.43206
103.233333,-0.14287,0.21897,0.28831
103.250000,0.01835,0.11527,0.42525
103.266667,0.26393,-0.08286,-0.24753
103.283333,-0.03537,0.54618,-0.07228
103.300000,0.17890,0.60652,0.35476
103.316667,0.36182,0.01113,0.17147
103.333333,0.11629,-0.33621,-0.10921
103.350000,-0.00112,-0.45352,-0.17694
103.366667,-0.23260,-0.30852,-0.22531
103.383333,-0.27765,-0.08988,0.01437
103.400000,-0.56648,0.27837,0.65951
103.416667,-0.47307,0.27351,0.15374
103.433333,0.90963,-0.21388,-1.14777
103.450000,1.06273,0.04254,-0.54226
103.466667,-0.31314,0.26122,0.94322
103.483333,-0.59619,-0.10308,0.51298
103.500000,-0.01726,0.22029,-0.51027
103.516667,0.11502,0.27307,0.35549
103.533333,-0.23318,-0.46392,0.86437
103.550000,-0.32770,-0.22720,-1.04485
103.566667,0.28507,0.11286,-1.23210
103.583333,0.74876,-0.71211,1.00767
103.600000,0.19302,-0.49970,0.77156
103.616667,-1.04476,1.18434,-0.96882
103.633333,-0.92502,1.33893,-0.49847
103.650000,0.95010,-0.36039,1.10083
103.666667,1.21219,-0.93842,1.05129
103.683333,-0.26980,-0.10828,-0.69937
103.700000,-0.46695,0.12800,-1.18031
103.716667,-0.08074,-0.17636,0.02594
103.733333,-0.35494,-0.40168,0.36037
103.750000,-0.48453,-0.08666,-0.09588
103.766667,-0.28196,0.44276,0.02209
103.783333,0.62364,0.32690,0.43005
103.800000,1.41576,0.44346,0.44485
103.816667,0.35512,0.14585,-0.03641
103.833333,-0.83761,-0.43895,-0.61425
103.850000,-0.74550,0.03171,-0.33117
103.866667,-0.53226,-0.35284,0.44127
103.883333,-0.47625,-0.70002,0.29909
103.900000,0.12015,0.07430,-0.56345
103.916667,1.43948,0.19354,-1.13571
103.933333,1.21430,0.57857,0.25450
103.950000,-0.26503,0.51822,2.14617
103.966667,-0.77975,0.00779,0.93631
103.983333,-1.21756,0.19209,-1.15760
104.000000,-0.59413,-0.88263,-1.56859
104.016667,0.14956,-0.91945,-0.45064
104.033333,0.07880,0.47574,0.95342
104.050000,1.35808,-0.00408,-0.14921
104.066667,1.35490,0.37304,-0.52047
104.083333,-0.02985,1.14130,1.59144
104.100000,-0.80751,-0.15812,0.81009
104.116667,-1.32388,-0.59012,-1.24298
104.133333,-0.30245,-0.29060,-0.78043
104.150000,0.34119,-0.33360,0.05258
104.166667,0.01341,-0.00884,0.39302
104.183333,-0.16714,-0.00718,0.42720
104.200000,-0.49741,0.10655,-0.15068
104.216667,0.74353,0.11983,-0.74689
104.233333,1.10554,-0.14334,0.10841
104.250000,0.29838,0.37928,1.03248
104.266667,1.23302,0.65202,-1.34064
104.283333,0.18602,0.39093,-1.36815
104.300000,-2.52049,0.21447,3.45250
104.316667,-2.92249,-0.75601,3.43103
104.333333,-1.07491,-2.01702,-2.31958
104.350000,2.39139,-1.47853,-6.49454
104.366667,3.65542,1.20305,-2.78205
104.383333,0.51731,2.74483,7.03965
104.400000,-2.04382,0.98541,5.98933
104.416667,-0.10426,-0.95072,-5.77200
104.433333,1.76919,-0.62993,-4.90596
104.450000,-1.44832,0.13936,6.08809
104.466667,-3.29480,-0.43871,4.20228
104.483333,0.49418,-1.20904,-5.90202
104.500000,2.71445,-0.42049,-6.48554
104.516667,0.36236,0.88295,2.01582
104.533333,-2.00647,1.10785,9.17305
104.550000,-0.12985,0.34898,2.24719
104.566667,2.40504,-0.72850,-9.20549
104.583333,0.23162,-0.74245,-3.15799
104.600000,-1.28525,0.54452,5.44872
104.616667,-0.02273,1.04285,2.28941
104.633333,-0.31907,-0.02900,0.28636
104.650000,-0.22299,-1.01227,-1.34580
104.666667,0.85062,-0.71971,-4.43274
104.683333,0.33131,0.09303,-0.71838
104.700000,-1.48403,0.53875,5.73007
104.716667,-1.62150,0.63700,3.96209
104.733333,1.51135,0.00751,-5.09354
104.750000,2.63518,-0.65836,-5.68202
104.766667,-0.28186,-0.20989,3.08842
104.783333,-1.64713,0.18681,3.75420
104.800000,-0.25944,0.27877,-1.32797
104.816667,0.42895,0.45278,0.04343
104.833333,-0.58906,-0.15870,2.39310
104.850000,-0.03981,-0.48613,-2.48048
104.866667,1.62332,-0.03608,-5.35583
104.883333,-0.48310,-0.04355,3.21229
104.900000,-2.09342,-0.00577,6.33536
104.916667,1.07617,0.27647,-3.81619
104.933333,2.13276,0.19811,-5.09801
104.950000,-0.99647,0.15621,4.59366
104.966667,-1.97126,-0.17050,4.73347
104.983333,0.33829,-0.97872,-4.80382
105.000000,1.15549,-0.37722,-4.63449
105.016667,0.02820,1.15338,4.17660
105.033333,0.17317,0.68866,1.82042
105.050000,0.34979,-0.22449,-2.81958
105.066667,-0.61109,0.15635,2.09604
105.083333,-0.55341,-0.33811,1.04985
105.100000,0.13555,-0.96378,-3.33607
105.116667,0.03740,-0.07838,0.54156
105.133333,-0.11271,0.42330,2.38746
105.150000,0.16862,-0.07616,-1.68494
105.166667,0.54466,0.28189,-1.78172
105.183333,0.31023,0.98721,2.42880
105.200000,-0.73434,-0.08256,1.65063
105.216667,-0.37567,-1.03327,-2.63501
105.233333,0.81004,-0.12966,-1.25305
105.250000,-0.30312,0.19625,2.32070
105.266667,-0.89978,-0.16667,0.81127
105.283333,0.53942,0.06654,-1.85873
105.300000,0.71070,0.20969,-0.52505
105.316667,0.20603,0.34273,1.39746
105.333333,-0.28641,0.25586,0.42179
105.350000,-0.75530,-0.34311,-0.85510
105.366667,0.19372,-0.42006,-0.54502
105.383333,0.44128,-0.07105,0.45672
105.400000,-0.55770,-0.09057,0.53455
105.416667,-0.18111,-0.01527,-0.50540
105.433333,0.80205,0.52578,-0.39501
105.450000,0.35776,0.51885,0.85705
105.466667,-0.64488,-0.28656,0.58149
105.483333,-0.13858,-0.34364,-1.12125
105.500000,0.14778,-0.03586,-0.32446
105.516667,-0.66619,-0.59741,1.22892
105.533333,0.43856,-0.36429,-1.24506
105.550000,1.00105,0.82913,-1.40996
105.566667,-0.45695,0.94352,2.46581
105.583333,-0.37088,0.12992,1.39006
105.600000,-0.02887,-0.56870,-1.72440
105.616667,-0.12534,-0.54853,-0.57500
105.633333,0.11261,-0.35321,0.62362
105.650000,-0.37466,-0.53592,-0.65328
105.666667,0.22014,0.25495,-0.77069
105.683333,1.04822,1.45045,1.44697
105.700000,-0.39432,0.79547,1.01480
105.716667,-0.83814,-0.79577,-1.97488
105.733333,0.50915,-0.70090,-0.19662
105.750000,0.07549,-0.00635,2.73532
105.766667,-0.53384,-0.71669,-0.79034
105.783333,0.11852,-0.42792,-3.26151
105.800000,0.17501,0.88587,0.79067
105.816667,0.36786,0.60734,2.84601
105.833333,-0.15117,0.17598,-0.30244
105.850000,-0.38796,0.57222,-1.83220
105.866667,0.93123,0.18517,0.47958
105.883333,-0.33937,-1.45045,1.01469
105.900000,-1.18985,-1.41851,-1.02248
105.916667,0.49078,0.86691,-0.35841
105.933333,0.47920,1.31204,0.76345
105.950000,0.36256,0.26024,-0.33044
105.966667,-0.33006,-0.66996,0.26749
105.983333,-0.66005,-0.74497,0.41170
106.000000,0.62704,0.66465,-1.05638
106.016667,-0.35811,0.14258,0.37987
106.033333,-0.01479,-0.58156,1.07165
106.050000,0.93035,0.49287,-1.15381
106.066667,-0.41141,0.30028,-0.62063
106.083333,0.20177,0.37698,1.42216
106.100000,-0.52239,-0.23588,0.35121
106.116667,-1.13120,-1.49493,-1.58009
106.133333,1.04074,0.20465,-0.22316
106.150000,-0.04471,0.40229,1.48005
106.166667,-0.06858,-0.53328,-0.75506
106.183333,1.71542,1.62843,-0.54170
106.200000,-0.69626,1.27256,2.67416
106.216667,-1.62296,-1.70582,-0.98570
106.233333,0.54198,-1.13158,-3.72727
106.250000,0.46532,0.54000,2.47644
106.266667,-0.56913,-0.04937,2.60260
106.283333,0.01512,-0.29693,-3.72460
106.300000,0.65322,0.68047,-0.36184
106.316667,0.39904,0.61158,4.16280
106.333333,-0.24265,-0.60129,-1.44210
106.350000,-0.94533,-0.42609,-2.85004
106.366667,0.30214,0.92153,2.42091
106.383333,0.61284,-0.14108,0.25282
106.400000,-1.15339,-1.39238,-2.38519
106.416667,0.85592,0.60588,1.50351
106.433333,1.44725,1.16453,1.35776
106.450000,-1.85784,-0.41032,-1.29767
106.466667,-0.42606,-0.20626,-0.44444
106.483333,1.31822,0.09755,0.74367
106.500000,-1.03035,-0.54651,0.59682
106.516667,-0.66013,-0.59198,-1.52817
106.533333,1.31948,-0.03310,-1.08596
106.550000,0.69443,0.51219,2.47897
106.566667,-0.20889,0.84366,0.37317
106.583333,-0.36316,0.63695,-1.89283
106.600000,-0.44885,-0.15179,1.51830
106.616667,-0.25156,-0.52871,0.45115
106.633333,-0.04761,-0.57960,-2.74086
106.650000,0.28515,-0.42906,0.65634
106.666667,0.16812,0.03327,2.54203
106.683333,-0.22497,0.00232,-1.52132
106.700000,0.29037,0.22771,-2.06422
106.716667,0.44415,0.48176,2.30689
106.733333,-0.19371,-0.02747,1.54863
106.750000,-0.45316,0.11256,-2.70051
106.766667,-0.07538,0.39999,-0.20680
106.783333,0.32110,-0.18748,2.34495
106.800000,-0.06641,-0.36599,-1.32871
106.816667,-0.36350,-0.07488,-1.21903
106.833333,-0.02626,-0.18808,1.77740
106.850000,0.51957,-0.23421,0.11229
106.866667,0.22192,-0.13161,-1.27771
106.883333,-0.73241,0.01070,0.37670
106.900000,0.25659,0.42357,0.46313
106.916667,0.76520,0.47271,-0.60883
106.933333,-0.74261,0.34693,0.64390
106.950000,-0.40479,0.10000,0.35707
106.966667,0.34411,-0.60181,-1.58251
106.983333,-0.01076,-0.46899,0.92469
107.000000,0.18313,-0.02300,1.33271
107.016667,0.14067,-0.33971,-2.12201
107.033333,-0.03528,-0.00613,0.07586
107.050000,-0.03689,0.72357,1.99718
107.066667,-0.17713,0.39678,-1.43191
107.083333,-0.10311,-0.17679,-1.19004
107.100000,-0.05413,-0.06751,1.95506
107.116667,0.04569,0.00472,0.51333
107.133333,0.20631,-0.32999,-1.84170
107.150000,0.10396,-0.28460,0.18444
107.166667,-0.00482,0.04616,1.42520
107.183333,0.04465,0.06963,-0.92043
107.200000,-0.12593,0.34855,-0.80236
107.216667,-0.25695,0.48726,1.41797
107.233333,0.06232,-0.27643,0.13067
107.250000,-0.00685,-0.52913,-1.45953
107.266667,-0.10977,0.05810,0.34129
107.283333,0.39217,0.08441,0.85065
107.300000,0.21114,-0.10309,-0.49292
107.316667,-0.32301,0.16422,0.08788
107.333333,-0.05324,0.15862,0.38879
107.350000,0.10987,-0.12556,-0.61183
107.366667,-0.15599,0.01379,-0.14894
107.383333,-0.10438,0.13147,0.58102
107.400000,0.01502,-0.02938,-0.14840
107.416667,0.07884,-0.07907,-0.43655
107.433333,0.19494,-0.19578,0.38540
107.450000,0.04925,-0.16615,0.33691
107.466667,0.00721,0.20290,-0.41530
107.483333,-0.15027,0.32962,-0.12508
107.500000,-0.37254,-0.12947,0.22662
107.516667,0.25770,-0.40008,-0.25916
107.533333,0.33836,0.25326,0.03490
107.550000,-0.31007,0.51587,0.62225
107.566667,0.10871,-0.04379,-0.15672
107.583333,0.13758,-0.23227,-0.53157
107.600000,-0.50432,-0.45443,0.07424
107.616667,0.08427,-0.52844,-0.06698
107.633333,0.50102,0.26843,0.01312
107.650000,-0.03970,0.76385,0.45940
107.666667,-0.19172,0.30851,-0.05501
107.683333,-0.11250,-0.26001,-0.31761
107.700000,-0.04295,-0.23372,0.21990
107.716667,0.11647,0.17271,0.22571
107.733333,0.03662,0.07713,-0.32424
107.750000,-0.15914,-0.54667,-0.25711
107.766667,-0.02160,-0.40455,0.15655
107.783333,0.25825,0.31980,-0.08512
107.800000,0.12172,0.23564,-0.06282
107.816667,-0.10298,0.15878,0.46101
107.833333,-0.16013,0.36211,0.20887
107.850000,-0.20515,-0.06167,-0.38116
107.866667,0.16142,-0.20434,-0.23944
107.883333,0.31958,-0.03135,0.34305
107.900000,-0.28474,-0.27326,0.13432
107.916667,-0.15859,-0.28491,-0.66485
107.933333,0.36791,0.24879,-0.13862
107.950000,-0.16641,0.38299,0.79775
107.966667,-0.28228,-0.29314,0.08936
107.983333,0.28838,-0.16991,-0.56307
108.000000,0.15588,0.53155,0.12136
108.016667,0.02551,0.09967,0.39052
108.033333,-0.00207,-0.28648,-0.14844
108.050000,-0.27510,-0.12816,-0.28175
108.066667,-0.05931,-0.09670,-0.05672
108.083333,0.12733,0.11227,0.03346
108.100000,-0.12482,-0.03637,0.07206
108.116667,-0.06203,-0.20667,0.01751
108.133333,0.10604,0.10116,0.05786
108.150000,0.15567,0.17655,0.21730
108.166667,0.28365,0.31546,0.20505
108.183333,0.03972,0.31907,-0.08602
108.200000,-0.29055,-0.15291,-0.66749
108.216667,-0.27442,-0.44477,-0.39168
108.233333,-0.05913,-0.60911,0.43053
108.250000,0.14400,-0.34950,0.32643
108.266667,-0.11880,-0.02212,0.13349
108.283333,-0.00514,0.06572,-0.13261
108.300000,0.46681,1.18514,0.34985
108.316667,0.21980,1.99803,1.11371
108.333333,-0.18291,0.62706,-0.84243
108.350000,-0.67036,-2.00981,-2.13842
108.366667,-0.20429,-3.20997,-0.90312
108.383333,0.98536,-1.17185,1.04263
108.400000,0.22865,1.40531,3.19193
108.416667,-0.67293,2.50098,0.75257
108.433333,-0.21524,1.71467,-2.93518
108.450000,-0.06120,-0.53024,-0.62556
108.466667,0.06277,-0.71206,1.54148
108.483333,0.24068,-0.23444,-0.03996
108.500000,0.17190,-1.09837,-1.36736
108.516667,0.04630,-0.77013,-1.07728
108.533333,0.06673,-0.17486,1.07740
108.550000,0.30393,0.42848,2.51598
108.566667,-0.45968,1.12444,0.28178
108.583333,-0.84209,0.24757,-2.23879
108.600000,0.41236,0.06210,-0.94428
108.616667,0.17159,0.30177,1.08304
108.633333,-0.20648,-0.67162,0.40062
108.650000,1.00159,-0.06023,-0.36726
108.666667,0.10258,0.70749,-0.16449
108.683333,-0.92442,-0.60756,0.11407
108.700000,0.00653,-0.95249,0.79100
108.716667,-0.14724,0.04180,0.20590
108.733333,-0.11481,0.41700,-1.26130
108.750000,0.69498,-0.05497,-0.97770
108.766667,0.01285,-0.31078,0.74425
108.783333,-0.40476,-0.17074,1.28744
108.800000,0.64830,0.24657,-0.08764
108.816667,0.23643,2.60146,-0.07829
108.833333,-1.28522,2.23500,0.60554
108.850000,-0.45925,-2.87258,-1.16483
108.866667,0.78031,-3.55860,-1.60246
108.883333,0.09822,-0.30880,0.75925
108.900000,0.00412,0.65093,1.54829
108.916667,0.81860,1.02543,0.06480
108.933333,0.37230,1.30482,-0.73201
108.950000,-0.82821,0.98497,0.14337
108.966667,-0.94000,0.25004,0.32870
108.983333,-0.10488,-0.95099,-0.65811
109.000000,0.48354,-0.96839,-0.46130
109.016667,0.43250,-0.46252,0.53474
109.033333,0.20483,-0.50914,0.47986
109.050000,0.07823,0.12111,-0.19199
109.066667,-0.22646,0.94729,-0.10494
109.083333,-0.22056,0.92803,0.35544
109.100000,-0.08202,0.55553,-0.09816
109.116667,-0.26879,-0.20717,-0.69389
109.133333,0.04158,-1.20232,-0.32415
109.150000,0.42130,-1.14353,0.53965
109.166667,0.30144,-0.05507,0.72054
109.183333,-0.01819,0.65826,-0.22057
109.200000,-0.30995,0.68587,-0.48196
109.216667,-0.06824,0.47893,0.19093
109.233333,0.03884,0.17049,0.06960
109.250000,-0.28660,-0.06987,-0.14816
109.266667,-0.08626,-0.49714,0.08054
109.283333,0.41487,-0.85841,0.03773
109.300000,0.25575,-0.05253,-0.08105
109.316667,-0.35267,0.90241,-0.11587
109.333333,-0.14595,0.36530,-0.04622
109.350000,0.31593,-0.48086,0.14705
109.366667,0.00983,-0.39305,0.16293
109.383333,-0.03688,-0.07479,-0.09193
109.400000,0.07863,0.04268,-0.02765
109.416667,-0.18394,0.33881,0.34067
109.433333,-0.23473,0.57618,0.00069
109.450000,-0.11420,0.16168,-0.58322
109.466667,0.17286,-0.44040,-0.36498
109.483333,0.31721,-0.46480,0.27651
109.500000,0.04117,-0.03926,0.57799
109.516667,-0.00338,0.15892,0.17453
109.533333,0.02321,-0.20228,-0.39522
109.550000,-0.10853,-0.32183,-0.31955
109.566667,-0.16096,0.29512,0.29977
109.583333,-0.18320,0.65883,0.43654
109.600000,0.06874,0.24253,-0.35209
109.616667,0.19506,-0.25365,-0.61409
109.633333,0.00180,-0.31502,0.18507
109.650000,0.07268,-0.05356,0.57230
109.666667,-0.00641,0.05125,0.10270
109.683333,-0.05823,-0.30862,-0.34816
109.700000,0.15836,-0.31201,-0.20421
109.716667,-0.19170,0.48630,0.17185
109.733333,-0.25891,0.58784,0.17033
109.750000,0.28913,-0.14887,-0.11929
109.766667,0.06626,-0.29991,-0.14197
109.783333,-0.16743,-0.31205,0.19954
109.800000,0.16878,-0.13135,0.15257
109.816667,-0.03348,0.46094,-0.32657
109.833333,-0.12376,0.31150,-0.25091
109.850000,0.10897,0.17658,0.28861
109.866667,-0.09037,-0.16396,0.31984
109.883333,0.07846,-1.05128,-0.09607
109.900000,0.18618,-0.25772,-0.17577
109.916667,-0.27217,0.83567,0.08486
109.933333,-0.13085,0.45403,0.06896
109.950000,0.15356,0.23429,-0.29445
109.966667,0.03635,-0.10909,-0.28695
109.983333,0.07632,-0.77323,0.24704
110.000000,0.00809,-0.09630,0.39083
110.016667,-0.15470,0.66355,0.14359
110.033333,0.10098,-0.28230,0.00659
110.050000,0.23169,-0.57904,-0.33864
110.066667,-0.25851,0.42120,-0.28456
110.083333,-0.29670,0.49702,0.27352
110.100000,0.16146,0.17287,-0.02710
110.116667,0.08478,-0.19746,-0.37471
110.133333,0.09511,-0.57212,0.29203
110.150000,0.16139,-0.13921,0.49985
110.166667,-0.07776,0.04638,-0.07639
110.183333,-0.00712,0.19310,-0.29534
110.200000,-0.10913,0.56630,-0.15643
110.216667,-0.19438,0.03959,0.06670
110.233333,0.00943,-0.18777,0.13577
110.250000,-0.05172,0.03955,-0.13561
110.266667,0.15299,-0.50261,-0.09234
110.283333,0.29618,-0.61622,0.19855
110.300000,0.06008,0.16592,0.11744
110.316667,-0.05236,0.64556,-0.05930
110.333333,-0.29784,0.51338,-0.16089
110.350000,-0.18158,0.20298,-0.02846
110.366667,0.21825,-0.11906,0.21151
110.383333,-0.07637,-0.55741,0.01650
110.400000,-0.12291,-0.54902,-0.16460
110.416667,0.37207,0.07949,-0.03522
110.433333,-0.00900,0.16888,0.08118
110.450000,-0.14122,-0.09973,0.05476
110.466667,0.24049,0.36914,-0.23732
110.483333,-0.25077,0.38231,-0.19332
110.500000,0.12728,0.08928,0.29285
110.516667,0.03787,0.65396,0.39667
110.533333,-0.82071,-0.09177,0.30267
110.550000,0.49827,-1.54613,-0.12938
110.566667,0.36786,-1.58145,-0.63786
110.583333,-0.49665,-0.32110,-0.29568
110.600000,0.59719,2.13737,-0.21848
110.616667,0.27792,2.01837,-0.20939
110.633333,0.00908,-0.12345,0.65168
110.650000,-0.52955,0.04245,0.99897
110.666667,-1.39073,-0.68268,0.54957
110.683333,0.72878,-2.05196,-0.48897
110.700000,1.26968,-0.77645,-1.29020
110.716667,-0.35486,0.78164,-0.52949
110.733333,-0.21569,1.16374,0.34447
110.750000,-0.07037,0.51774,0.43061
110.766667,0.03895,-0.15472,0.37651
110.783333,0.08973,-0.18641,0.14173
110.800000,-0.37071,-0.61523,-0.05218
110.816667,0.09909,-0.46754,-0.14310
110.833333,0.13504,0.57613,-0.10997
110.850000,-0.15089,0.91711,0.01700
110.866667,0.17775,0.48948,-0.08622
110.883333,0.05715,-0.25031,-0.03372
110.900000,0.03721,-0.55441,0.12557
110.916667,-0.13948,-0.50432,-0.11249
110.933333,-0.04665,-1.14962,-0.10184
110.950000,0.24592,-0.52854,0.13268
110.966667,-0.45873,1.15886,-0.05113
110.983333,0.12670,0.81554,0.23087
111.000000,0.52649,0.17304,0.38822
111.016667,-0.38288,0.23106,-0.43258
111.033333,-0.17663,0.14133,-0.48762
111.050000,-0.22646,0.66580,0.00614
111.066667,0.25289,0.11419,0.26742
111.083333,0.68264,-1.19329,0.65439
111.100000,-0.16176,-1.15119,0.05398
111.116667,-0.29399,-0.90651,-0.69829
111.133333,-0.32473,-0.35231,-0.42701
111.150000,0.11988,1.06999,0.00294
111.166667,-0.16921,1.63521,0.64153
111.183333,-0.11823,0.88960,0.47185
111.200000,1.08933,-0.04800,-0.45592
111.216667,-0.50212,-0.60449,-0.26996
111.233333,-0.54582,-0.62439,0.06772
111.250000,0.58835,-0.44645,0.10229
111.266667,-0.39648,-0.36979,0.09266
111.283333,0.35915,-0.04094,-0.20400
111.300000,0.01148,0.13862,0.00958
111.316667,-0.50465,0.15013,0.12233
111.333333,0.37848,0.49419,-0.01572
111.350000,-0.28787,0.37967,-0.01381
111.366667,0.25662,-0.02702,-0.05416
111.383333,0.23194,-0.13893,0.11412
111.400000,-0.28559,-0.36027,-0.06226
111.416667,0.22062,-0.21544,-0.11984
111.433333,-0.59846,0.12742,0.15040
111.450000,0.29901,-0.01622,0.06805
111.466667,0.45617,0.01467,-0.03825
111.483333,-0.70568,0.19208,-0.15717
111.500000,0.54985,-0.00556,-0.08674
111.516667,0.02588,-0.12590,0.10085
111.533333,-0.51120,0.05537,0.22005
111.550000,0.40930,0.24538,0.15546
111.566667,-0.31264,0.14252,-0.25815
111.583333,0.07356,-0.23826,-0.23872
111.600000,0.59405,-0.46350,0.06964
111.616667,-0.54721,-0.26548,0.11268
111.633333,-0.18399,-0.03615,-0.06077
111.650000,0.65979,-0.00636,-0.06210
111.666667,-0.57383,0.62862,0.19078
111.683333,-0.57806,1.23945,0.19681
111.700000,0.75999,0.41557,0.18266
111.716667,0.42705,-0.87976,-0.33840
111.733333,0.10220,-1.38084,-0.68428
111.750000,-0.66677,-0.63026,0.28552
111.766667,-0.39503,0.47306,0.55417
111.783333,0.95149,0.50285,-0.07949
111.800000,-0.47555,-0.01233,-0.16418
111.816667,-0.24946,-0.32360,-0.15109
111.833333,0.58541,0.31311,-0.09521
111.850000,-0.77528,1.32356,0.18727
111.866667,0.21984,0.66011,0.36518
111.883333,0.63836,-0.76563,0.20822
111.900000,-0.23396,-1.01690,-0.25217
111.916667,0.13631,-0.62166,-0.51391
111.933333,-0.23289,-0.32529,-0.30964
111.950000,-0.21301,0.00383,0.01903
111.966667,0.13068,0.10052,0.34989
111.983333,-0.16593,0.90469,0.61551
112.000000,-0.02908,1.67419,0.19312
112.016667,0.25176,-0.24115,-0.43707
112.033333,0.29620,-1.54566,-0.31517
112.050000,-0.23795,-0.27948,-0.12455
112.066667,-0.33233,0.18701,0.05683
112.083333,0.27979,0.03766,0.39756
112.100000,0.09764,0.04430,0.04832
112.116667,0.04917,-0.18409,-0.30705
112.133333,0.08987,-0.45526,-0.22995
112.150000,-0.50468,-0.01034,-0.21407
112.166667,-0.22902,1.40331,0.24903
112.183333,0.26750,0.91633,0.61310
112.200000,0.13014,-0.77654,0.33342
112.216667,0.32988,-0.74743,-0.08768
112.233333,0.27102,-0.35209,-0.57978
112.250000,-0.33244,-0.08100,-0.48792
112.266667,-0.43104,0.23553,0.03543
112.283333,-0.06800,0.01738,0.06878
112.300000,0.08828,-0.18269,-0.04578
112.316667,0.33616,-0.21215,0.16957
112.333333,0.31874,0.14784,0.72467
112.350000,-0.38992,0.59810,0.61559
112.366667,-0.41516,0.66603,-0.45379
112.383333,-0.18110,0.77244,-0.98870
112.400000,0.21126,-0.29850,-0.54871
112.416667,1.11151,-2.15728,0.24393
112.433333,0.05762,-1.30455,0.65175
112.450000,-1.05821,0.96022,0.35339
112.466667,-0.04693,1.13634,-0.10107
112.483333,0.09998,0.67449,-0.13793
112.500000,-0.14996,0.30610,-0.03716
112.516667,0.33736,-0.58867,-0.11471
112.533333,0.05130,-0.45067,0.01993
112.550000,-0.08384,0.17776,-0.09988
112.566667,0.01393,0.22828,-0.08816
112.583333,0.00653,0.03755,0.30427
112.600000,0.47485,-0.53058,-0.10794
112.616667,-0.33508,-0.53746,-0.13373
112.633333,-0.53947,-0.02600,0.21606
112.650000,0.36019,0.60096,-0.09494
112.666667,-0.46572,1.00147,0.08913
112.683333,0.34230,-0.18055,0.12318
112.700000,1.06799,-1.01716,-0.13285
112.716667,-0.56005,-0.65766,0.01161
112.733333,-0.49908,0.18649,-0.28129
112.750000,-0.56702,1.83952,-0.34170
112.766667,0.01487,1.03499,0.20861
112.783333,1.31250,-1.35780,0.63348
112.800000,-0.15725,-1.46962,0.61425
112.816667,-0.44929,-0.78865,-0.34154
112.833333,0.25975,0.28547,-1.10870
112.850000,-0.46631,1.31049,-0.40095
112.866667,-0.19502,0.76578,0.65885
112.883333,0.33542,0.02646,0.76055
112.900000,0.22366,-0.37932,0.04660
112.916667,0.03111,-0.60925,-0.49147
112.933333,-0.23429,-0.21419,-0.33759
112.950000,-0.15796,0.16529,0.10787
112.966667,0.02371,0.19122,0.30993
112.983333,0.21096,0.26611,0.07507
113.000000,0.21187,0.09583,-0.16387
113.016667,-0.07523,-0.43207,-0.09539
113.033333,-0.05038,-0.42139,-0.02899
113.050000,-0.15130,0.27168,0.01790
113.066667,-0.26045,0.57681,0.07394
113.083333,0.09005,-0.02967,0.02505
113.100000,0.21572,-0.64588,-0.02258
113.116667,0.11897,-0.17902,0.01990
113.133333,-0.24603,0.74110,0.14776
113.150000,-0.09103,0.50693,0.04336
113.166667,0.54140,-0.40523,-0.18173
113.183333,0.05075,-0.42732,-0.26237
113.200000,-0.31529,-0.05744,-0.18162
113.216667,-0.19124,-0.09614,0.31654
113.233333,-0.26107,-0.14788,0.42561
113.250000,0.07231,0.08466,-0.07019
113.266667,0.18415,0.36143,-0.19906
113.283333,0.05671,0.30797,-0.10226
113.300000,0.32920,0.09370,-0.00089
113.316667,0.38969,-0.13925,-0.00758
113.333333,-0.39369,-0.26677,-0.11976
113.350000,-0.42722,-0.18917,-0.03037
113.366667,0.06713,-0.22814,0.18442
113.383333,-0.51849,-0.08869,0.38448
113.400000,0.02348,0.28345,0.13719
113.416667,0.80484,0.42853,-0.36851
113.433333,0.14346,0.34382,-0.52310
113.450000,-0.03754,0.01030,-0.27171
113.466667,-0.21980,-0.40970,0.33687
113.483333,-0.06693,-0.66034,0.63518
113.500000,0.44033,-0.54541,0.26303
113.516667,-0.33820,0.11096,-0.21469
113.533333,-0.90512,1.05982,-0.38326
113.550000,-0.13637,1.17499,-0.23298
113.566667,0.89029,-0.21332,-0.09973
113.583333,0.66287,-1.09647,0.08930
113.600000,-0.37994,-0.55406,0.37259
113.616667,-0.16189,-0.15699,0.18237
113.633333,0.16827,0.19584,-0.14649
113.650000,-0.34158,0.48061,-0.05701
113.666667,-0.15225,0.26798,-0.00207
113.683333,0.03445,0.21396,-0.09689
113.700000,0.00108,-0.03942,-0.17726
113.716667,0.34091,-0.36053,-0.22669
113.733333,-0.00696,-0.31323,0.14577
113.750000,-0.10944,-0.36999,0.55646
113.766667,0.16442,-0.01497,0.26335
113.783333,-0.25143,0.59483,-0.18497
113.800000,-0.27512,0.38662,-0.32366
113.816667,-0.01227,0.10232,-0.33450
113.833333,0.22972,0.35067,-0.03611
113.850000,0.35174,0.10453,0.26898
113.866667,0.02142,-0.56634,0.09544
113.883333,0.00175,-0.89028,-0.26203
113.900000,-0.05546,-0.99275,-0.29901
113.916667,-0.18771,-0.41254,0.28662
113.933333,-0.15602,0.99656,0.88526
113.950000,-0.22719,1.78809,0.72944
113.966667,0.12940,1.28039,-0.18255
113.983333,0.21567,0.12262,-1.35247
114.000000,-0.18985,-1.13151,-1.39368
114.016667,0.04782,-1.68509,-0.19886
114.033333,0.45028,-1.05842,0.85456
114.050000,0.25841,-0.00181,1.43533
114.066667,-0.11621,0.48212,1.04357
114.083333,-0.43915,0.47656,-0.30386
114.100000,-0.56689,0.97041,-1.05727
114.116667,-0.00770,1.22259,-0.69211
114.133333,0.58293,0.53567,-0.02601
114.150000,0.44871,-0.30951,0.12416
114.166667,0.04053,-1.43503,0.03526
114.183333,-0.45562,-1.62277,0.14211
114.200000,-0.58918,-0.93276,0.22177
114.216667,-0.12464,-0.32440,0.41766
114.233333,0.36997,1.41899,0.06273
114.250000,0.66548,2.33534,-0.58488
114.266667,0.44633,1.64239,-0.17139
114.283333,-0.14042,0.11788,0.17191
114.300000,-0.51691,-2.28113,0.05583
114.316667,-0.52985,-2.08552,0.21998
114.333333,-0.21028,-0.26064,-0.02669
114.350000,0.09888,0.27643,-0.33963
114.366667,0.25479,0.87937,-0.13005
114.383333,0.35433,0.90157,0.22324
114.400000,0.24696,0.29250,0.28754
114.416667,-0.00193,-0.01084,-0.05144
114.433333,-0.16562,-0.30653,-0.19887
114.450000,-0.22557,-0.23799,-0.02195
114.466667,-0.15622,-0.15634,0.13799
114.483333,0.02321,-0.13422,0.12238
114.500000,0.11854,0.02469,-0.12311
114.516667,0.06972,-0.00229,-0.29592
114.533333,-0.04148,0.12131,-0.11333
114.550000,-0.03888,0.21669,0.22031
114.566667,0.06533,-0.03575,0.25642
114.583333,-0.00669,-0.15358,0.12225
114.600000,0.01036,-0.11436,-0.00664
114.616667,0.17023,-0.10915,-0.21142
114.633333,-0.02591,0.13041,-0.20655
114.650000,-0.23896,0.35525,-0.03347
114.666667,-0.16742,0.08065,0.07722
114.683333,-0.01834,-0.17588,0.09866
114.700000,0.25391,-0.11159,0.09353
114.716667,0.27608,-0.15552,0.07813
114.733333,-0.03242,-0.13353,-0.06741
114.750000,-0.16166,0.06640,-0.11603
114.766667,-0.17311,0.12678,-0.03731
114.783333,-0.10485,0.10742,0.04081
114.800000,0.10047,0.09693,0.06825
114.816667,0.15477,0.02621,-0.04646
114.833333,0.03626,-0.03349,-0.03123
114.850000,-0.04985,-0.08871,0.00002
114.866667,-0.02901,-0.12972,-0.00721
114.883333,-0.02363,-0.05565,0.09358
114.900000,0.00893,-0.14048,0.05521
114.916667,0.09403,-0.00840,0.01471
114.933333,-0.05775,0.55988,-0.06977
114.950000,-0.13800,0.31155,-0.16700
114.966667,0.02942,-0.29577,-0.06357
114.983333,-0.01672,-0.28858,0.00467
115.000000,0.07196,-0.47604,0.13627
115.016667,0.31625,-0.28792,0.21161
115.033333,-0.01958,0.50674,0.10960
115.050000,-0.38889,0.53819,0.03114
115.066667,-0.20064,0.24845,-0.17174
115.083333,0.09625,0.17542,-0.36802
115.100000,0.28540,-0.43800,-0.33852
115.116667,0.16775,-0.70039,-0.05582
115.133333,-0.10213,0.18462,0.44300
115.150000,-0.17366,0.35665,0.81117
115.166667,-0.11796,-0.36716,0.45707
115.183333,0.18976,-0.24385,-0.57625
115.200000,0.19467,0.08897,-1.05188
115.216667,-0.16818,0.19356,-0.35131
115.233333,-0.12535,0.63029,0.54294
115.250000,-0.13983,0.52725,0.56756
115.266667,-0.06543,-0.20353,0.01791
115.283333,0.29329,-0.64834,-0.17852
115.300000,0.19822,-0.53799,-0.03487
115.316667,0.02120,-0.02876,0.06002
115.333333,-0.14887,0.33109,0.00431
115.350000,-0.19519,0.04306,-0.10301
115.366667,0.14751,-0.36157,-0.05388
115.383333,-0.01777,0.20087,0.06774
115.400000,-0.26535,0.81143,0.01193
115.416667,-0.00792,0.16376,-0.11256
115.433333,0.19033,-0.59892,0.07120
115.450000,0.39605,-0.61388,0.16347
115.466667,0.10336,0.05215,-0.13322
115.483333,-0.51574,0.86627,-0.17633
115.500000,-0.23591,0.40999,0.03704
115.516667,0.31856,-0.60674,0.22609
115.533333,0.14692,-0.57311,0.22247
115.550000,-0.30714,-0.32675,-0.12935
115.566667,-0.19242,-0.14081,-0.26403
115.583333,0.11544,0.27136,-0.03579
115.600000,0.23187,0.35198,0.08315
115.616667,0.55074,0.87584,-0.00957
115.633333,0.10814,1.07957,-0.10600
115.650000,-0.37050,0.34103,-0.12961
115.666667,-0.12897,-1.04418,0.07428
115.683333,-0.90609,-3.42241,0.60783
115.700000,-0.57963,-1.67122,0.37937
115.716667,1.18521,2.99588,-0.56014
115.733333,0.72039,2.49157,-0.58019
115.750000,-0.19392,0.23517,-0.09956
115.766667,0.05832,-0.36230,0.12498
115.783333,-0.17828,-0.85763,0.32580
115.800000,-0.35040,-0.48014,0.22722
115.816667,-0.10732,-0.41564,0.00455
115.833333,-0.00353,-0.31314,-0.11034
115.850000,0.00473,0.25970,-0.16552
115.866667,0.04012,0.23912,-0.02371
115.883333,0.16935,0.32021,0.07112
115.900000,0.16854,0.22375,0.03887
115.916667,-0.00726,-0.02176,0.00740
115.933333,-0.13962,-0.08072,-0.06071
115.950000,-0.08784,-0.20199,-0.07718
115.966667,0.00929,-0.07190,-0.01153
115.983333,-0.02378,0.01002,0.12138
116.000000,-0.01049,-0.00657,0.16095
116.016667,0.06011,0.05012,-0.03681
116.033333,0.09111,0.04795,-0.19040
116.050000,0.01391,0.11439,-0.12630
116.066667,-0.13527,0.00812,0.07532
116.083333,-0.04905,-0.19857,0.21265
116.100000,0.10193,-0.10601,0.08055
116.116667,0.05035,0.04384,-0.09968
116.133333,0.00955,0.07423,-0.17089
116.150000,-0.01962,0.05606,-0.09630
116.166667,-0.12031,0.00445,0.12092
116.183333,-0.09201,0.09149,0.10017
116.200000,0.06813,0.14092,-0.02730
116.216667,0.17177,0.01311,-0.01757
116.233333,0.12067,-0.10930,0.01559
116.250000,-0.07814,-0.48503,0.11153
116.266667,-0.09251,-0.49718,0.00020
116.283333,-0.10041,0.45728,-0.15237
116.300000,-0.25042,0.83087,-0.08744
116.316667,0.09620,0.09570,-0.03865
116.333333,0.31094,-0.23302,0.09593
116.350000,0.11939,-0.07185,0.10303
116.366667,0.18423,-0.34206,0.02666
116.383333,-0.13824,-0.42134,0.08550
116.400000,-0.44006,0.18611,-0.07259
116.416667,-0.14050,0.35391,-0.17363
116.433333,0.05565,0.01827,-0.02093
116.450000,0.18490,0.03524,0.06006
116.466667,0.19906,0.10493,0.03389
116.483333,0.09503,-0.02018,-0.01392
116.500000,-0.03318,-0.11398,0.04301
116.516667,-0.15654,-0.12380,0.08696
116.533333,0.05976,-0.08944,0.03919
116.550000,-0.02467,-0.03547,-0.00462
116.566667,-0.26035,0.14860,-0.20083
116.583333,0.05507,0.26561,-0.25012
116.600000,0.07582,0.08199,0.11000
116.616667,-0.00785,-0.20543,0.28005
116.633333,0.26857,-0.29468,0.15236
116.650000,0.05972,-0.04069,0.01112
116.666667,-0.20941,0.16432,-0.21856
116.683333,-0.04690,0.10467,-0.20538
116.700000,-0.04306,0.11019,0.07812
116.716667,-0.05006,0.03595,0.13183
116.733333,0.03043,-0.17025,0.02585
116.750000,0.03975,-0.12937,-0.04483
116.766667,0.12696,0.05445,-0.06381
116.783333,0.02428,0.12398,0.01024
116.800000,-0.13376,0.03868,0.09958
116.816667,0.01503,-0.06268,0.07760
116.833333,0.01982,-0.03493,-0.07072
116.850000,-0.06527,-0.04409,-0.12979
116.866667,0.05678,-0.02225,-0.00944
116.883333,0.00431,0.06932,0.09477
116.900000,-0.08666,0.02438,0.02404
116.916667,0.07200,0.02841,-0.06984
116.933333,0.14498,0.02036,0.00230
116.950000,-0.08183,-0.06957,0.05622
116.966667,-0.13274,-0.03233,0.02505
116.983333,0.07689,-0.02220,-0.05252
117.000000,-0.09680,0.04100,-0.07694
117.016667,-0.05085,0.08984,0.07332
117.033333,0.32872,-0.08268,0.09390
117.050000,-0.04630,-0.04462,0.01960
117.066667,-0.24024,0.11145,-0.08319
117.083333,0.18093,0.01008,-0.21542
117.100000,-0.06768,-0.02412,0.03515
117.116667,-0.21526,-0.00266,0.20006
117.133333,0.24872,-0.14048,0.06110
117.150000,0.02222,-0.08770,0.08875
117.166667,-0.15119,0.10908,-0.09316
117.183333,0.21348,0.10188,-0.24446
117.200000,-0.06370,0.06800,-0.00999
117.216667,-0.17706,0.06416,0.05698
117.233333,0.12116,-0.01455,0.06735
117.250000,0.01403,-0.10067,0.10904
117.266667,-0.02071,-0.12741,0.01025
117.283333,-0.04184,-0.03246,0.00644
117.300000,-0.00109,0.00843,-0.00245
117.316667,0.10552,-0.00731,-0.10048
117.333333,-0.05568,0.13313,-0.12448
117.350000,0.00447,0.14262,-0.00960
117.366667,0.03092,-0.06695,0.11432
117.383333,-0.06943,-0.07954,0.05413
117.400000,-0.01856,0.02182,0.02879
117.416667,-0.01132,-0.05177,0.02526
117.433333,0.06298,-0.02489,-0.05594
117.450000,0.04279,0.08780,-0.02241
117.466667,0.03480,-0.05885,-0.02319
117.483333,-0.05525,-0.10554,0.01521
117.500000,-0.08204,0.00860,0.02992
117.516667,0.04850,-0.01116,-0.07633
117.533333,-0.17049,0.18367,-0.03137
117.550000,0.22192,0.28697,-0.10087
117.566667,0.16751,-0.07289,0.09515
117.583333,-0.55415,-0.22285,0.50188
117.600000,0.32961,-0.22185,-0.01500
117.616667,0.43108,-0.20774,-0.50129
117.633333,-0.46311,0.10076,-0.17833
117.650000,-0.01511,0.23188,-0.01503
117.666667,-0.04361,0.31069,0.18106
117.683333,-0.01749,0.13505,0.33557
117.700000,0.41054,-0.45801,-0.01400
117.716667,-0.22824,-0.17762,-0.20472
117.733333,-0.25857,0.30751,-0.21095
117.750000,-0.10689,0.12459,0.02733
117.766667,-0.18195,-0.05570,0.49739
117.783333,0.80559,-0.34501,0.16140
117.800000,0.56328,-0.15749,-0.50308
117.816667,-0.61434,0.28196,-0.51142
117.833333,-0.51916,0.14731,0.01340
117.850000,-0.27671,0.13214,0.66668
117.866667,0.15719,-0.02309,0.43389
117.883333,0.41272,-0.21168,-0.29421
117.900000,0.05899,0.02646,-0.42275
117.916667,0.22078,-0.00976,-0.27645
117.933333,-0.02702,-0.08868,0.20636
117.950000,-0.50913,0.05643,0.45511
117.966667,-0.20138,0.12658,0.01029
117.983333,0.33339,-0.01774,-0.12905
118.000000,0.49941,-0.09394,-0.13533
118.016667,-0.13992,0.12559,-0.22966
118.033333,-0.39773,-0.08752,-0.06522
118.050000,-0.06175,-0.21117,0.21367
118.066667,-0.05603,0.17254,0.40333
118.083333,0.21721,0.07395,0.01158
118.100000,0.15364,-0.03816,-0.40777
118.116667,-0.17073,0.02560,-0.07044
118.133333,0.02804,-0.00289,0.20295
118.150000,0.02099,0.17872,-0.04719
118.166667,0.09160,0.01068,-0.20164
118.183333,0.11867,-0.25744,0.00776
118.200000,-0.21994,-0.16773,0.28093
118.216667,-0.19224,-0.04285,0.33497
118.233333,0.07511,0.11204,-0.06217
118.250000,0.15767,0.10297,-0.56560
118.266667,-0.11977,0.15570,-0.33117
118.283333,-0.19984,0.20537,0.26628
118.300000,0.25596,-0.16531,0.40078
118.316667,0.44926,-0.24384,0.21906
118.333333,0.01261,0.06245,-0.09854
118.350000,-0.55273,0.04668,-0.34360
118.366667,-0.27286,-0.10743,-0.15783
118.383333,0.20609,-0.00734,0.20434
118.400000,0.08103,0.03099,0.22569
118.416667,0.21998,-0.05609,-0.04575
118.433333,0.10212,0.13180,-0.16166
118.450000,-0.23379,0.19649,-0.20288
118.466667,-0.04688,-0.06553,-0.13352
118.483333,-0.04240,-0.14761,0.38552
118.500000,0.11814,-0.05688,0.50056
118.516667,0.20345,0.03315,-0.17445
118.533333,-0.23887,0.02933,-0.54732
118.550000,-0.16941,-0.03760,-0.23618
118.566667,0.06204,-0.03184,0.28934
118.583333,0.06256,0.00109,0.38790
118.600000,0.17401,0.09835,-0.02961
118.616667,0.05393,0.12367,-0.25224
118.633333,-0.10827,-0.05381,-0.11869
118.650000,-0.07052,-0.15904,0.08590
118.666667,-0.08560,-0.03310,0.16315
118.683333,-0.05707,0.06544,0.00850
118.700000,0.17079,-0.01701,-0.09160
118.716667,0.15473,-0.00640,-0.02447
118.733333,-0.17813,0.08669,-0.03059
118.750000,-0.10215,0.03680,-0.05816
118.766667,0.12755,-0.03484,0.08951
118.783333,-0.04600,-0.01493,0.13917
118.800000,-0.13037,0.04066,-0.08243
118.816667,0.15497,-0.02804,-0.11318
118.833333,0.33186,-0.11696,0.05288
118.850000,-0.07088,0.01714,0.03022
118.866667,-0.48090,0.05409,-0.00044
118.883333,-0.12395,-0.10825,0.08049
118.900000,0.34161,-0.03613,0.05384
118.916667,0.18726,0.14342,-0.12348
118.933333,-0.15417,0.13524,-0.23838
118.950000,-0.11931,0.09909,-0.05905
118.966667,0.09913,0.05504,0.14856
118.983333,0.00750,-0.10912,0.13051
119.000000,-0.10972,-0.29934,0.20888
119.016667,0.11240,-0.27362,0.25772
119.033333,0.20964,0.01008,-0.10047
119.050000,-0.02149,0.24529,-0.50176
119.066667,-0.29443,0.26897,-0.38885
119.083333,-0.29952,0.15812,0.13726
119.100000,0.09797,0.02850,0.36032
119.116667,0.36854,-0.07454,0.16549
119.133333,0.25483,-0.13119,-0.00812
119.150000,-0.01325,-0.12771,-0.10879
119.166667,-0.35199,-0.20117,-0.00496
119.183333,-0.32384,-0.13655,0.19066
119.200000,0.10680,0.05031,0.11460
119.216667,0.39681,0.04258,-0.12915
119.233333,0.23037,0.32164,-0.39916
119.250000,-0.23102,0.48980,-0.40950
119.266667,-0.31045,-0.04889,0.01891
119.283333,-0.17074,-0.28281,0.44683
119.300000,-0.04417,-0.19602,0.55445
119.316667,0.38649,-0.28597,0.30038
119.333333,0.39188,-0.11670,-0.18753
119.350000,-0.04489,0.12294,-0.48283
119.366667,-0.18734,0.20000,-0.39992
119.383333,-0.21335,0.19023,-0.13013
119.400000,-0.15382,0.09762,0.09792
119.416667,-0.07920,0.00779,0.24209
119.433333,0.02746,-0.14992,0.35723
119.450000,0.16710,-0.20759,0.22960
119.466667,0.05831,-0.12858,-0.04079
119.483333,0.06298,-0.01245,-0.15286
119.500000,0.17459,0.18649,-0.21150
119.516667,0.27496,0.30777,-0.27768
119.533333,0.19520,0.35214,-0.39944
119.550000,-0.50982,0.01779,-0.12895
119.566667,-0.81812,-0.49362,0.50737
119.583333,-0.41288,-0.55936,0.67286
119.600000,0.07246,-0.56860,0.67905
119.616667,1.00919,0.08669,0.23987
119.633333,1.22927,1.14057,-0.93429
119.650000,-0.11684,0.70922,-1.39952
119.666667,-1.04113,-0.17867,-0.65595
119.683333,-0.67855,-0.40416,0.76186
119.700000,0.00733,-0.49609,1.49222
119.716667,0.47379,-0.17459,0.58039
119.733333,0.36817,0.11329,-0.52635
119.750000,-0.08034,0.08460,-0.80078
119.766667,-0.30213,0.10443,-0.40235
119.783333,-0.29797,-0.00216,0.31310
119.800000,0.24821,0.03737,0.45253
119.816667,0.58747,0.15084,-0.03971
119.833333,-0.18591,-0.01826,-0.23926
119.850000,-0.36834,-0.14027,0.05865
119.866667,0.10863,-0.03306,0.15065
119.883333,-0.01136,0.02908,-0.06082
119.900000,0.11184,0.00322,-0.17148
119.916667,0.10905,0.14188,-0.22005
119.933333,-0.26246,0.03374,0.02069
119.950000,-0.07434,-0.24506,0.39936
119.966667,0.11383,-0.09700,0.31386
119.983333,0.00533,0.00469,-0.00524
