time_hours,B_magnitude,He,Bz,E1,E2,MPS_LO
0.0083,101.928,-55.7389,76.9159,15374.3,5271.2,1.21489e+06
0.0250,101.904,-55.715,76.8796,15538.4,5290.49,1.28432e+06
0.0417,101.772,-55.5191,76.8508,15610.4,5328.24,1.19908e+06
0.0583,101.523,-55.3442,76.666,15596.2,5344.46,1.20438e+06
0.0750,101.312,-55.2549,76.4887,15631.6,5295,1.31484e+06
0.0917,101.21,-55.3186,76.2899,15554.4,5261.18,1.28055e+06
0.1083,101.138,-55.4055,76.1056,15430.9,5233.67,1.18593e+06
0.1250,101.141,-55.4927,75.9958,15645.1,5306.2,1.30648e+06
0.1417,101.054,-55.4751,75.8799,15702.5,5259.79,1.41222e+06
0.1583,100.963,-55.461,75.7525,15838,5328.78,1.20223e+06
0.1750,100.832,-55.4142,75.6303,15767.1,5314.2,1.19517e+06
0.1917,100.879,-55.5487,75.5832,15727.6,5253.3,1.13748e+06
0.2083,100.857,-55.7196,75.4223,15624.8,5217.15,1.1344e+06
0.2250,100.841,-55.8485,75.3061,15598.6,5260.27,1.22241e+06
0.2417,100.686,-55.8605,75.0744,15587.2,5255.61,1.17098e+06
0.2583,100.529,-55.8635,74.8938,15725.9,5242.35,1.11738e+06
0.2750,100.174,-55.5598,74.6755,15718.1,5277.62,1.02601e+06
0.2917,99.9306,-55.5808,74.3749,15644,5243.64,1.19315e+06
0.3083,99.8623,-55.7773,74.1645,15456.5,5185.15,1.14307e+06
0.3250,100.101,-55.9849,74.2897,15467.7,5173.7,1.21197e+06
0.3417,100.33,-56.1221,74.3847,15394.6,5184.26,1.11535e+06
0.3583,100.287,-56.2319,74.2125,15299.9,5186.68,1.12611e+06
0.3750,100.312,-56.2784,74.2156,15408.3,5232.61,1.18632e+06
0.3917,100.334,-56.2094,74.2899,15518.1,5282.37,1.39026e+06
0.4083,100.4,-56.224,74.2947,15668.8,5269.01,1.57733e+06
0.4250,100.427,-56.3455,74.2029,15502.9,5238.3,1.29e+06
0.4417,100.486,-56.4303,74.2145,15429.3,5268.25,1.27571e+06
0.4583,100.436,-56.3946,74.1695,15470.1,5320.39,1.22167e+06
0.4750,100.337,-56.2848,74.1142,15583.6,5356.63,1.35413e+06
0.4917,100.202,-56.2079,74.016,15578,5341.49,1.50536e+06
0.5083,100.086,-56.1325,73.9169,15603.2,5383.55,1.26375e+06
0.5250,100.049,-56.1711,73.8303,15661.4,5349.82,1.27647e+06
0.5417,99.8953,-56.0879,73.7085,15587.2,5380.5,1.45697e+06
0.5583,99.8664,-56.0839,73.6686,15625.5,5372.76,1.48778e+06
0.5750,99.8595,-56.0841,73.637,15589.1,5402.44,1.10876e+06
0.5917,99.8199,-56.0779,73.5912,15775,5390.93,1.39836e+06
0.6083,99.7923,-56.0778,73.552,15728.3,5362.98,1.41451e+06
0.6250,99.6968,-56.0846,73.4715,15674.8,5345.25,1.35345e+06
0.6417,99.7184,-56.069,73.4752,15754.4,5357.9,1.42781e+06
0.6583,99.6843,-56.0954,73.4095,15704.2,5378.94,1.36731e+06
0.6750,99.659,-56.097,73.3691,15719.9,5372.16,1.15902e+06
0.6917,99.6858,-56.1551,73.3391,15912,5357.34,1.18445e+06
0.7083,99.6418,-56.1599,73.2782,15905.2,5383.62,1.38914e+06
0.7250,99.6342,-56.2404,73.1997,15989.9,5377.68,1.35065e+06
0.7417,99.6402,-56.378,73.0743,15916,5334.19,1.38208e+06
0.7583,99.635,-56.4753,72.9646,15994.3,5351.14,1.44312e+06
0.7750,99.619,-56.5731,72.8596,16007.1,5298.24,1.48042e+06
0.7917,99.6474,-56.5803,72.8813,16009,5321.62,1.14773e+06
0.8083,99.5891,-56.6291,72.7652,16068.6,5320.4,1.26984e+06
0.8250,99.5156,-56.6888,72.6736,16119.6,5280.51,1.33592e+06
0.8417,99.523,-56.7107,72.6485,16010.1,5287.88,1.3639e+06
0.8583,99.4691,-56.6968,72.5889,16171.3,5260.36,1.35682e+06
0.8750,99.4706,-56.7068,72.5538,16134.1,5290.37,1.25042e+06
0.8917,99.4274,-56.7851,72.4325,16191.8,5273.07,1.41506e+06
0.9083,99.3522,-56.7538,72.3486,16254.8,5290.18,1.33268e+06
0.9250,99.2944,-56.704,72.3034,16342.2,5323.16,1.3532e+06
0.9417,99.2801,-56.6843,72.2852,16375.4,5318.65,1.38075e+06
0.9583,99.1645,-56.5632,72.2343,16607.5,5368.52,1.43393e+06
0.9750,99.0487,-56.4235,72.1956,16732.5,5368.81,1.62475e+06
0.9917,98.7449,-56.2573,71.9793,16776.9,5386.69,1.49678e+06
1.0083,98.4555,-56.1814,71.7927,16516.2,5240.11,1.48342e+06
1.0250,98.3736,-56.2884,71.6052,16233.3,5075.87,1.2177e+06
1.0417,98.3587,-56.5293,71.3485,15961.9,5045.65,1.34876e+06
1.0583,98.2731,-56.4789,71.2673,16072.6,5098.98,1.36988e+06
1.0750,98.3193,-56.4957,71.3024,16342.8,5182.18,1.15779e+06
1.0917,98.3189,-56.5073,71.3006,16431.5,5238.64,1.40252e+06
1.1083,98.1677,-56.3971,71.2326,16522.3,5191.73,1.16156e+06
1.1250,98.0822,-56.383,71.1501,16401.1,5100.87,1.2882e+06
1.1417,98.075,-56.4859,71.0278,16231.4,5014.47,1.16786e+06
1.1583,98.0934,-56.7012,70.8169,16109.9,5029.49,1.37799e+06
1.1750,98.0812,-56.6778,70.7945,16359.3,5126.31,1.30096e+06
1.1917,97.9972,-56.4659,70.8883,16617.1,5186.12,1.21604e+06
1.2083,97.8401,-56.3098,70.8197,16654.3,5199.21,1.2805e+06
1.2250,97.7408,-56.361,70.6415,16543.3,5138.36,1.41654e+06
1.2417,97.7303,-56.4748,70.5177,16517.2,5102.68,1.3163e+06
1.2583,97.7173,-56.538,70.4328,16503.5,5033.65,1.42895e+06
1.2750,97.7213,-56.6048,70.3575,16363.3,5071.82,1.57519e+06
1.2917,97.6991,-56.6767,70.2564,16384.2,5069.01,1.47442e+06
1.3083,97.4323,-56.5307,70.0361,16491.8,5114.34,1.36281e+06
1.3250,97.3838,-56.5229,69.9735,16646.3,5116.22,1.64184e+06
1.3417,97.4174,-56.6082,69.9404,16484.9,5066.92,1.61312e+06
1.3583,97.3571,-56.6358,69.8263,16408.6,5010.91,1.67382e+06
1.3750,97.3515,-56.7258,69.7337,16297.2,5000.06,1.41777e+06
1.3917,97.3672,-56.7221,69.7199,16248.7,5032.57,1.51097e+06
1.4083,97.3684,-56.6882,69.7397,16320.9,5021.88,1.55032e+06
1.4250,97.3222,-56.6712,69.7051,16268.9,5079.11,1.59827e+06
1.4417,97.307,-56.6914,69.676,16319.6,5099.98,1.55632e+06
1.4583,97.3291,-56.7982,69.604,16179.7,5049.91,1.51273e+06
1.4750,97.3469,-56.9169,69.5446,16189.3,5065.12,1.56129e+06
1.4917,97.3337,-56.9217,69.5059,16109.5,5102.42,1.64325e+06
1.5083,97.3078,-56.9515,69.4181,16012.4,5117.43,1.45826e+06
1.5250,97.3563,-56.973,69.4399,16156.3,5135.44,1.51146e+06
1.5417,97.3532,-57.0239,69.4094,16081.5,5165.97,1.46035e+06
1.5583,97.3578,-57.0853,69.3635,16067.5,5180.32,1.53502e+06
1.5750,97.2989,-57.0501,69.3063,16007,5155.44,1.50294e+06
1.5917,97.3371,-57.0612,69.3122,16027.8,5201.12,1.58199e+06
1.6083,97.3193,-57.1417,69.2156,15978.6,5216.49,1.48721e+06
1.6250,97.2969,-57.2716,69.1052,16004.2,5231.29,1.58595e+06
1.6417,97.3275,-57.3603,69.0662,16027.6,5249.02,1.42684e+06
1.6583,97.3955,-57.4449,69.023,15959.5,5252.96,1.50666e+06
1.6750,97.5741,-57.4337,69.3303,16100.4,5310.26,1.5667e+06
1.6917,97.5439,-57.3591,69.4179,16036.7,5300.32,1.38316e+06
1.7083,97.3039,-57.5429,68.8777,15971.2,5276.69,1.3619e+06
1.7250,97.2075,-57.2288,69.0706,16088.7,5340.97,1.59215e+06
1.7417,97.0836,-57.2513,68.9628,15946.6,5296.21,1.30103e+06
1.7583,97.1899,-57.6437,68.6748,15497.1,5188.92,1.49979e+06
1.7750,97.1401,-57.4921,68.7527,15673.3,5285.68,1.36633e+06
1.7917,97.0395,-57.317,68.8213,15950.2,5324.57,1.2813e+06
1.8083,97.0563,-57.4337,68.7531,15812.1,5281.9,1.49266e+06
1.8250,97.0297,-57.7694,68.4003,15529.3,5256.21,1.30314e+06
1.8417,97.0124,-57.7972,68.3531,15519.8,5223.3,1.40741e+06
1.8583,97.0417,-57.7352,68.4655,15748.7,5244.87,1.50993e+06
1.8750,97.0523,-57.8371,68.3664,15684.2,5200.75,1.37152e+06
1.8917,97.1076,-57.8952,68.3674,15568.5,5253.56,1.4537e+06
1.9083,97.1262,-57.9138,68.3839,15633.4,5301.67,1.46709e+06
1.9250,97.0455,-57.8715,68.3395,15727.9,5321.77,1.45961e+06
1.9417,96.982,-57.8975,68.2645,15615.2,5299.22,1.51226e+06
1.9583,96.9226,-57.8411,68.2139,15593.3,5222.6,1.32691e+06
1.9750,96.7928,-57.8181,68.0653,15401,5162.94,1.4901e+06
1.9917,96.7435,-57.8444,67.9839,15495.6,5138.43,1.42875e+06
2.0083,96.5736,-57.8208,67.8136,15548.2,5170.65,1.35149e+06
2.0250,96.4485,-57.8667,67.6274,15427.3,5099.65,1.48615e+06
2.0417,96.3627,-57.9721,67.4364,15332.7,5105.5,1.39106e+06
2.0583,96.1954,-57.9031,67.2928,15468.7,5148.09,1.19839e+06
2.0750,95.9186,-57.826,67.0229,15519.5,5122.54,1.29012e+06
2.0917,95.8848,-57.8673,66.9072,15470.3,5110.51,1.45777e+06
2.1083,95.8525,-57.9352,66.8157,15455.9,5075.93,1.26903e+06
2.1250,95.7685,-57.9654,66.7039,15446.1,5063.43,1.38848e+06
2.1417,95.8067,-58.0031,66.6975,15475,5068.45,1.329e+06
2.1583,95.7019,-58.0068,66.5721,15423.7,5048.7,1.53124e+06
2.1750,95.6217,-58.0527,66.439,15384.8,4987.61,1.36495e+06
2.1917,95.6245,-58.0456,66.4271,15359.4,4968.78,1.46411e+06
2.2083,95.6227,-58.1293,66.3589,15376.7,4962.96,1.40926e+06
2.2250,95.6215,-58.2602,66.242,15255.6,4948.65,1.41506e+06
2.2417,95.5741,-58.3444,66.108,15201.7,4877.85,1.36161e+06
2.2583,95.5755,-58.4431,66.0124,15138.9,4859.74,1.2924e+06
2.2750,95.5025,-58.5492,65.8219,15139.9,4842.6,1.3577e+06
2.2917,95.4696,-58.6054,65.732,15165.7,4838.9,1.27719e+06
2.3083,95.4715,-58.6495,65.6696,15231.8,4870.48,1.43399e+06
2.3250,95.3282,-58.6529,65.4886,15207.6,4889.03,1.32483e+06
2.3417,95.1129,-58.6372,65.2222,15162.8,4829.5,1.33884e+06
2.3583,95.087,-58.8481,64.9906,15204.4,4788.56,1.4037e+06
2.3750,94.9437,-58.8875,64.7615,15105.4,4788.52,1.41038e+06
2.3917,94.9997,-59.0666,64.6851,15023,4750.71,1.4377e+06
2.4083,95.0913,-59.2213,64.6717,15013.7,4782.2,1.47847e+06
2.4250,94.9404,-59.1738,64.5379,14947.9,4745.34,1.22646e+06
2.4417,94.7969,-58.9366,64.6051,15080.4,4809.28,1.45679e+06
2.4583,94.6272,-58.4394,64.9395,15353.6,4878.42,1.37342e+06
2.4750,94.7528,-58.9812,64.5842,15072.3,4798.94,1.42653e+06
2.4917,94.7328,-59.0984,64.4202,14842.3,4749.69,1.37193e+06
2.5083,94.6177,-58.6816,64.7412,15108.3,4850.09,1.40816e+06
2.5250,94.5504,-58.9357,64.4562,14870.5,4764.82,1.48131e+06
2.5417,94.6998,-59.0204,64.5415,14782,4743.81,1.37652e+06
2.5583,94.571,-58.7468,64.6503,15015.4,4862.27,1.39961e+06
2.5750,94.473,-58.7661,64.5371,14998.2,4893.45,1.37605e+06
2.5917,94.5677,-59.3345,64.1355,14688.3,4788.5,1.37448e+06
2.6083,94.5708,-59.1193,64.3751,14801.5,4839.41,1.52987e+06
2.6250,94.3811,-58.8274,64.4314,15003,4889.59,1.72485e+06
2.6417,94.2753,-58.8355,64.2808,15003.9,4872.79,1.59004e+06
2.6583,94.2809,-58.942,64.2077,14721.6,4846.98,1.43576e+06
2.6750,93.9981,-58.6133,64.186,14783,4872.76,1.76171e+06
2.6917,93.8048,-58.57,63.9614,14695.5,4897.47,1.63329e+06
2.7083,93.6673,-58.589,63.7782,14519,4856.21,1.6665e+06
2.7250,93.4041,-58.3087,63.707,14481.7,4836.15,1.62245e+06
2.7417,93.1912,-58.3243,63.4506,14463.5,4814.44,1.62207e+06
2.7583,93.084,-58.4405,63.2015,14217.4,4785.53,1.52871e+06
2.7750,92.999,-58.3648,63.1518,14076.2,4749.88,1.57306e+06
2.7917,92.5867,-58.0148,62.988,14277.7,4782.8,1.42903e+06
2.8083,92.3254,-58.1021,62.5881,14141.7,4792.01,1.53137e+06
2.8250,92.7243,-58.4055,62.795,13925.9,4716.43,1.2648e+06
2.8417,92.0848,-58.0799,62.3267,14054.3,4810.48,1.63487e+06
2.8583,92.1371,-58.3428,62.1359,14013.2,4822.29,1.61637e+06
2.8750,92.1285,-58.3893,62.0714,13965.5,4771.03,1.31512e+06
2.8917,91.8458,-58.2814,61.8373,13921.4,4753.81,1.67124e+06
2.9083,91.9247,-58.5326,61.6801,13651.4,4684.4,1.39111e+06
2.9250,91.6726,-58.4859,61.4522,13558,4677.84,1.52317e+06
2.9417,91.5395,-58.5033,61.2658,13498.6,4592.75,1.39031e+06
2.9583,91.4651,-58.5726,61.1071,13382.1,4519.61,1.48933e+06
2.9750,91.1716,-58.1817,61.1178,13347.6,4493.71,1.634e+06
2.9917,91.3931,-58.4292,61.1672,13213,4479.04,1.72441e+06
3.0083,91.195,-58.4044,60.9334,13139.6,4487.6,1.44065e+06
3.0250,91.0048,-58.261,60.8319,13205.3,4483.4,1.61693e+06
3.0417,90.9954,-58.437,60.6427,13130.4,4480.08,1.74774e+06
3.0583,90.9602,-58.4188,60.6378,13111.5,4531.17,1.64703e+06
3.0750,90.8938,-58.2074,60.7555,13155.8,4510.75,1.55875e+06
3.0917,90.9376,-58.4864,60.5481,13031.7,4423.85,1.69687e+06
3.1083,90.9191,-58.5067,60.5171,12945.5,4384.18,1.38627e+06
3.1250,90.8082,-58.4853,60.4055,12978.9,4362.26,1.54406e+06
3.1417,90.5496,-58.264,60.304,13005.8,4409.92,1.48191e+06
3.1583,90.5785,-58.4914,60.1323,12958.3,4328.26,1.59007e+06
3.1750,90.6961,-58.5428,60.2386,12769.6,4324.9,1.37394e+06
3.1917,89.8079,-58.0059,59.6287,12912.3,4388.28,1.40892e+06
3.2083,89.9279,-58.096,59.6856,12836.3,4369.44,1.36633e+06
3.2250,90.0459,-58.1832,59.7694,12772.3,4318.04,1.40482e+06
3.2417,89.8037,-57.9401,59.6825,12763.5,4318.4,1.45444e+06
3.2583,89.3356,-57.6236,59.4035,12720.3,4339.33,1.4173e+06
3.2750,89.4281,-57.6295,59.5157,12724.3,4365.96,1.41381e+06
3.2917,88.5677,-57.1488,58.8981,12685.1,4321.9,1.27234e+06
3.3083,88.5009,-57.1897,58.7935,12719.1,4314.66,1.19627e+06
3.3250,88.1977,-57.0861,58.5273,12535.7,4281.56,1.11274e+06
3.3417,86.9017,-56.3271,57.6007,12232.2,4192.84,1.30188e+06
3.3583,86.4813,-56.1242,57.2749,12264.6,4236.87,1.15645e+06
3.3750,86.1296,-55.6729,57.2581,12244.1,4274.86,1.13171e+06
3.3917,87.1085,-56.6758,57.5841,12113.5,4247.31,1.12307e+06
3.4083,86.0719,-56.1435,56.7751,11966.6,4190.29,1.0463e+06
3.4250,85.9564,-55.73,57.0318,12041.1,4219.04,1.15231e+06
3.4417,86.4067,-55.7399,57.6113,12121.7,4240.5,3.24612e+06
3.4583,87.0333,-55.9189,58.2448,12113.5,4248.38,7.24876e+06
3.4750,86.0658,-55.2378,57.651,11959.6,4228.32,1.69849e+07
3.4917,86.3761,-55.3392,57.9728,11933.8,4230.07,6.85661e+06
3.5083,86.3672,-54.998,58.2908,12132,4318.48,1.78608e+07
3.5250,86.7764,-54.8181,58.9728,12182.4,4302.48,2.71228e+07
3.5417,87.4057,-54.9275,59.6595,12128,4262.13,2.2349e+07
3.5583,86.9429,-54.3926,59.5742,12009.7,4254.88,2.30666e+07
3.5750,87.7781,-55.0636,59.9901,11849.8,4184.78,2.57785e+07
3.5917,88.2746,-55.1393,60.5535,11760.1,4202.77,2.84835e+07
3.6083,88.0497,-55.1213,60.2727,11741,4211.43,2.72423e+07
3.6250,88.2326,-55.5771,60.0709,11653.6,4212.35,2.74239e+07
3.6417,86.9338,-54.5758,59.3542,11437,4114.16,2.6719e+07
3.6583,87.0118,-54.1457,59.8681,11306.1,4161.84,2.44018e+07
3.6750,87.5619,-54.6724,60.1067,11133.4,4074.92,2.56496e+07
3.6917,86.6759,-54.0905,59.5488,11030,4074.32,2.49546e+07
3.7083,86.1595,-53.776,59.171,10922,3983.76,2.26356e+07
3.7250,87.809,-55.0946,60.027,10735.7,3935.04,2.35552e+07
3.7417,86.2658,-53.6784,59.3883,10646,3901.12,2.36894e+07
3.7583,86.6432,-53.4256,60.0852,10718.1,3957.6,2.27747e+07
3.7750,86.7369,-53.3711,60.2573,10699.9,3921.34,2.10921e+07
3.7917,86.8209,-53.4754,60.2545,10732.1,3923.3,1.99982e+07
3.8083,87.1099,-53.5614,60.5306,10712.5,3941.15,2.06483e+07
3.8250,86.243,-52.5369,60.3629,10786.4,3968.06,1.86612e+07
3.8417,85.938,-52.9101,59.6508,10690.2,3975.92,1.85363e+07
3.8583,86.1537,-53.5702,59.3242,10607.1,3944.62,1.81394e+07
3.8750,86.307,-53.4272,59.6432,10685,3957.09,1.74349e+07
3.8917,87.2314,-53.8158,60.4525,10892.7,4126.58,1.74937e+07
3.9083,86.5739,-53.3074,60.0795,10926.6,4141.75,1.91156e+07
3.9250,86.2283,-52.7791,60.0943,11213.3,4241.62,2.09367e+07
3.9417,87.2491,-53.6231,60.5988,11452.1,4340.29,2.23969e+07
3.9583,86.7819,-53.649,59.9968,11424.5,4327.32,2.18062e+07
3.9750,87.2976,-54.1393,60.1876,11500.9,4354.39,2.20927e+07
3.9917,87.0621,-53.9359,60.0769,11694.3,4387.01,2.06296e+07
4.0083,87.1784,-54.4346,59.7776,11698.5,4339.72,2.05371e+07
4.0250,86.9195,-54.5008,59.3852,11646.7,4336.23,2.0281e+07
4.0417,86.9718,-54.3644,59.5912,11702,4341.47,1.98303e+07
4.0583,87.345,-54.6041,59.8497,11759.2,4367.59,1.99129e+07
4.0750,87.42,-54.9445,59.6304,11713.9,4359.54,1.93173e+07
4.0917,86.811,-54.2287,59.5055,11846.2,4387.78,1.85943e+07
4.1083,87.2907,-54.2766,60.068,11956.4,4439.9,1.89546e+07
4.1250,86.5201,-54.3066,59.0466,11789.1,4350.63,1.85135e+07
4.1417,86.5299,-54.3334,59.0673,11684,4342.81,1.96852e+07
4.1583,87.4415,-54.8905,59.7227,11784.6,4377.52,1.97262e+07
4.1750,87.488,-54.8447,59.8017,11849.9,4402.17,1.90879e+07
4.1917,87.4064,-55.2251,59.3309,11672.7,4384.49,1.87842e+07
4.2083,87.1945,-55.049,59.2416,11576.9,4333.27,1.89235e+07
4.2250,87.9272,-55.2828,59.9583,11689.6,4390.82,1.94783e+07
4.2417,87.9879,-55.2633,60.0543,11630.7,4365.84,1.89137e+07
4.2583,88.2301,-54.834,60.749,11764,4387.09,1.88474e+07
4.2750,89.2898,-55.3639,61.5906,11897.5,4398.99,1.92232e+07
4.2917,89.5419,-56.2831,61.0436,11752.8,4305.26,1.80012e+07
4.3083,89.1945,-56.1716,60.7264,11735.3,4326.04,1.81966e+07
4.3250,90.0299,-56.234,61.7278,11815.4,4409.38,1.85771e+07
4.3417,89.7139,-56.1241,61.4479,11843.1,4382.07,1.84178e+07
4.3583,89.6172,-56.3475,61.1161,11854.6,4372.11,1.86459e+07
4.3750,89.8992,-56.1542,61.6246,12000.7,4453.23,1.91273e+07
4.3917,89.9686,-55.941,61.921,12092.3,4492.8,1.88012e+07
4.4083,89.7722,-55.7564,61.8495,12341.6,4489.97,1.75174e+07
4.4250,90.1612,-56.1423,61.9694,12306.8,4467.89,1.78451e+07
4.4417,90.6834,-56.6402,62.1682,12317.6,4520.43,1.78734e+07
4.4583,90.4081,-56.8052,61.6847,12249.2,4477.71,1.73883e+07
4.4750,89.2753,-56.0239,60.9848,12216.6,4384.83,1.74905e+07
4.4917,89.2629,-56.1487,60.8519,12277,4406.61,1.73742e+07
4.5083,89.721,-56.5204,61.0801,12396.4,4452.37,1.864e+07
4.5250,89.8236,-56.4649,61.2611,12543.8,4496.82,1.79244e+07
4.5417,90.0203,-56.3513,61.6157,12679.6,4526.24,1.80458e+07
4.5583,89.5932,-56.3355,61.0836,12740.6,4546.72,1.69646e+07
4.5750,89.5009,-56.0956,61.1913,12849.6,4609.57,1.75165e+07
4.5917,90.1133,-56.2945,61.7857,13031.7,4616.47,1.83091e+07
4.6083,90.6672,-56.8504,61.9639,13115.9,4651.25,1.86214e+07
4.6250,90.7092,-57.0121,61.8609,13301.1,4648.03,1.88635e+07
4.6417,90.5663,-56.9811,61.7056,13407.4,4692.54,1.90774e+07
4.6583,90.6576,-57.0928,61.713,13664.5,4762.83,1.91951e+07
4.6750,90.7371,-57.2865,61.629,13872.5,4819.84,1.9389e+07
4.6917,90.9435,-57.6032,61.5889,13982.4,4828.37,1.93121e+07
4.7083,90.8969,-57.5531,61.5797,14045.6,4867.85,1.92502e+07
4.7250,90.8777,-57.8202,61.3048,14132.1,4829.67,1.90568e+07
4.7417,90.9179,-57.6329,61.5322,14299.3,4858.97,1.86821e+07
4.7583,91.5063,-58.1708,61.7622,14484.7,4890.41,1.86538e+07
4.7750,91.3456,-58.1694,61.5711,14459.9,4912.96,1.78554e+07
4.7917,90.8549,-57.8958,61.1985,14542.7,4833.62,1.72585e+07
4.8083,90.6544,-57.866,60.9635,14649,4826.63,1.75046e+07
4.8250,90.9695,-58.3076,60.9436,14613.2,4767.33,1.74143e+07
4.8417,90.3907,-58.2297,60.2718,14569.6,4743.21,1.80673e+07
4.8583,90.0873,-58.076,60.0281,14570.3,4653.23,1.74315e+07
4.8750,90.4364,-58.4229,60.1402,14500.3,4625.19,1.7435e+07
4.8917,90.6901,-58.4487,60.4395,14603.5,4621.01,1.80995e+07
4.9083,91.223,-58.8208,60.7661,14514.4,4565.48,1.82483e+07
4.9250,91.3585,-58.868,60.8935,14456.7,4506.29,1.82949e+07
4.9417,91.1343,-58.51,60.9488,14583.3,4465.18,1.84121e+07
4.9583,91.4143,-58.6668,61.1571,14517,4392.47,1.86517e+07
4.9750,91.5022,-58.7577,61.1798,14504.5,4314.7,1.79656e+07
4.9917,91.4413,-58.5736,61.2771,14532.1,4291.79,1.7866e+07
5.0083,91.6069,-58.5195,61.5402,14386.1,4237.88,1.81942e+07
5.0250,91.763,-58.6887,61.5763,14189.1,4174.42,1.79191e+07
5.0417,91.8656,-58.7371,61.6592,14018.2,4123.33,1.84532e+07
5.0583,91.6203,-58.4588,61.609,13921.1,4074.76,1.76834e+07
5.0750,90.8913,-58.1148,60.9996,13812.8,4086.72,1.78465e+07
5.0917,91.3463,-58.5042,61.2064,13761.9,4051.24,1.76323e+07
5.1083,91.0037,-58.296,60.9643,13687.3,3992.36,1.70017e+07
5.1250,90.6773,-58.247,60.5881,13538.6,3950.93,1.67728e+07
5.1417,90.5463,-58.3085,60.356,13527.9,3942.58,1.66058e+07
5.1583,90.6948,-58.184,60.6668,13483,4009.01,1.67794e+07
5.1750,90.7733,-58.2506,60.7002,13469.5,4006.27,1.7308e+07
5.1917,90.7227,-58.3433,60.5408,13369.2,3971.41,1.67383e+07
5.2083,90.7219,-58.4461,60.4373,13314.5,3956.78,1.61765e+07
5.2250,91.187,-58.7014,60.7895,13264.1,4006.84,1.62546e+07
5.2417,91.4261,-58.7228,61.0743,13175,3979.2,1.749e+07
5.2583,90.7285,-58.3646,60.517,13104,3973.8,1.68795e+07
5.2750,90.6621,-58.3829,60.409,13039.9,3972.59,1.71169e+07
5.2917,90.7696,-58.4227,60.5074,13063.5,4000.59,1.61357e+07
5.3083,90.8066,-58.4839,60.4939,12994.9,4009.81,1.6676e+07
5.3250,91.0108,-58.606,60.6368,12812.9,4001.04,1.63634e+07
5.3417,91.2409,-58.7262,60.8132,12705.9,4004.6,1.58447e+07
5.3583,91.0521,-58.6754,60.6156,12583.4,4037.65,1.5618e+07
5.3750,91.3708,-58.6546,61.0445,12482.7,4053.59,1.51808e+07
5.3917,91.5078,-58.6591,61.2131,12396.9,4064.01,1.51936e+07
5.4083,91.6822,-58.7554,61.3411,12309.5,4097.01,1.50279e+07
5.4250,91.7347,-58.8013,61.3595,12196.2,4085.32,1.53202e+07
5.4417,91.7292,-58.6288,61.5165,12035.4,4118.54,1.52243e+07
5.4583,91.6736,-58.5891,61.4766,11899.6,4122.6,1.47423e+07
5.4750,91.7163,-58.6245,61.4916,11689.5,4158.71,1.47814e+07
5.4917,91.511,-58.3752,61.4656,11458,4092.35,1.4799e+07
5.5083,91.7332,-58.4799,61.6477,11385.8,4154.86,1.46098e+07
5.5250,91.7672,-58.2714,61.8869,11214.7,4206.36,1.45199e+07
5.5417,91.8906,-58.3921,61.9248,11153.9,4192.37,1.45045e+07
5.5583,92.1034,-58.5767,62.0185,11065.7,4184.66,1.40808e+07
5.5750,92.2219,-58.5642,62.1786,10902.2,4237.05,1.37979e+07
5.5917,92.4539,-58.8319,62.2156,10885.2,4247.38,1.39336e+07
5.6083,92.4516,-58.9306,62.1127,10822.6,4265.09,1.3781e+07
5.6250,92.2623,-58.8016,61.9874,10783.2,4267.85,1.38052e+07
5.6417,92.3937,-58.9427,62.0141,10758.5,4269.93,1.44354e+07
5.6583,92.4486,-58.9909,62.036,10730.8,4306.34,1.40777e+07
5.6750,92.2948,-58.9427,61.8821,10631.6,4314.51,1.36478e+07
5.6917,92.0355,-58.7373,61.7447,10614.1,4345.79,1.40416e+07
5.7083,92.1701,-58.8022,61.8499,10579.8,4343.72,1.40562e+07
5.7250,92.3388,-58.8113,62.0541,10498.9,4340.54,1.45847e+07
5.7417,92.0182,-58.3605,62.0732,10489.6,4367.31,1.38647e+07
5.7583,92.3787,-58.5495,62.3503,10431,4410.41,1.36789e+07
5.7750,92.5815,-58.6679,62.495,10377.8,4383.81,1.40816e+07
5.7917,92.7456,-58.8092,62.565,10314.3,4447.16,1.39018e+07
5.8083,92.7341,-58.7417,62.6106,10282.5,4448.31,1.33604e+07
5.8250,92.7993,-58.7442,62.6876,10350.7,4436.73,1.41253e+07
5.8417,92.8113,-58.7342,62.7048,10342.6,4505.92,1.42382e+07
5.8583,92.8437,-58.6187,62.8538,10368.6,4505.15,1.37349e+07
5.8750,92.9866,-58.5511,63.0969,10360.4,4515.94,1.38389e+07
5.8917,93.3147,-58.6484,63.4179,10362.3,4504.46,1.38197e+07
5.9083,93.5861,-58.6942,63.7129,10465.4,4544.8,1.49267e+07
5.9250,93.6545,-58.7478,63.7483,10459.4,4586.48,1.45912e+07
5.9417,93.7192,-58.7461,63.8293,10529.9,4599.94,1.56634e+07
5.9583,93.8658,-58.7759,63.9781,10652.6,4615.02,1.53216e+07
5.9750,93.8448,-58.7355,63.9818,10629.8,4602.99,1.52126e+07
5.9917,93.8863,-58.7411,64.0247,10688.3,4605.94,1.61947e+07
6.0083,93.9127,-58.7811,64.0156,10680.8,4619.69,1.56583e+07
6.0250,93.9643,-58.887,63.9717,10748.8,4589.7,1.56891e+07
6.0417,94.0179,-58.9614,63.9637,10791.7,4613.22,1.5125e+07
6.0583,93.8987,-58.8754,63.8858,10792.1,4596.92,1.57893e+07
6.0750,93.8644,-58.7198,63.9861,10855.8,4596.6,1.53512e+07
6.0917,93.8606,-58.634,64.0584,10936.3,4582,1.52804e+07
6.1083,94.1483,-58.8778,64.186,10906.4,4515.57,1.52393e+07
6.1250,94.2505,-58.9674,64.2239,10965,4533.03,1.52782e+07
6.1417,94.3165,-58.9805,64.2935,10999.9,4511.22,1.51981e+07
6.1583,94.3003,-58.9368,64.3083,11032.2,4495.21,1.50204e+07
6.1750,94.4344,-58.9548,64.454,11017,4484.2,1.45451e+07
6.1917,94.4339,-58.9573,64.4412,11016.4,4495.16,1.5465e+07
6.2083,94.5419,-58.9955,64.5414,11068.2,4465.65,1.49181e+07
6.2250,94.6329,-59.0377,64.6097,11139.5,4438.12,1.52899e+07
6.2417,94.7521,-59.0616,64.7331,11222.1,4472.84,1.48721e+07
6.2583,94.7529,-59.0729,64.7128,11300.5,4414.92,1.50441e+07
6.2750,94.6225,-59.0441,64.5599,11291.3,4419.65,1.55906e+07
6.2917,94.8134,-59.1194,64.7286,11379.7,4384.56,1.52653e+07
6.3083,94.8594,-59.0926,64.8121,11454.9,4385.09,1.52019e+07
6.3250,94.8701,-59.0759,64.8402,11513.9,4361.33,1.52697e+07
6.3417,94.8329,-58.9907,64.8672,11630.8,4364.96,1.41636e+07
6.3583,94.8633,-59.0028,64.8906,11557.8,4333.53,1.37914e+07
6.3750,94.9251,-59.0441,64.926,11619.5,4275.61,1.35877e+07
6.3917,95.2049,-59.2696,65.0618,11756.4,4260.68,1.383e+07
6.4083,95.2348,-59.2926,65.0726,11810.1,4211.84,1.41458e+07
6.4250,95.1766,-59.2305,65.0511,11848.4,4193.77,1.3865e+07
6.4417,95.1428,-59.0693,65.1476,11935.5,4191.5,1.36916e+07
6.4583,95.0873,-58.9294,65.1871,11953.5,4185.24,1.35938e+07
6.4750,94.9708,-58.7448,65.2027,11945.9,4143.62,1.35337e+07
6.4917,94.9943,-58.5973,65.3807,12025.2,4141.82,1.40026e+07
6.5083,95.3219,-58.7814,65.6206,12116.2,4134.5,1.33491e+07
6.5250,95.4404,-58.9165,65.6411,12126.5,4123.49,1.32841e+07
6.5417,95.5583,-59.0277,65.6816,12088.8,4075.28,1.30977e+07
6.5583,95.6987,-59.208,65.688,12175.5,4079.86,1.31163e+07
6.5750,95.72,-59.2563,65.6556,12207.9,4076.36,1.31322e+07
6.5917,95.7218,-59.2626,65.6495,12227.6,4086.3,1.35409e+07
6.6083,95.7751,-59.3431,65.6288,12192.8,4046.81,1.36512e+07
6.6250,95.742,-59.2801,65.6338,12202.3,4029.95,1.36e+07
6.6417,95.7261,-59.2221,65.6402,12284.2,4044.97,1.31167e+07
6.6583,95.6694,-59.1186,65.6508,12356.8,4052.58,1.29155e+07
6.6750,95.5575,-58.9946,65.5959,12409.8,4056.72,1.25253e+07
6.6917,95.7348,-59.0526,65.7645,12511.6,4050.52,1.27935e+07
6.7083,95.7841,-59.0844,65.7883,12486.3,4005.19,1.24636e+07
6.7250,95.8441,-59.1156,65.8317,12637.1,4030.65,1.21724e+07
6.7417,95.9504,-59.1272,65.9537,12590.6,4018.78,1.20621e+07
6.7583,96.0581,-59.2299,65.9907,12628.1,4032.74,1.23135e+07
6.7750,96.19,-59.2767,66.107,12684,4046.04,1.19729e+07
6.7917,96.0271,-59.1043,66.057,12707.4,4047.68,1.17953e+07
6.8083,96.0046,-59.0287,66.0912,12731.3,4100.13,1.18651e+07
6.8250,96.0422,-59.0576,66.1057,12839.6,4115.63,1.19658e+07
6.8417,95.965,-59.0201,66.0442,12913.3,4121.54,1.17397e+07
6.8583,96.1135,-59.1337,66.1209,12914.5,4155.87,1.14989e+07
6.8750,96.0837,-59.0616,66.1526,13047.4,4155.71,1.18905e+07
6.8917,96.0819,-59.032,66.1656,13092.4,4162.71,1.19213e+07
6.9083,96.0703,-58.9719,66.1976,13092.7,4124.74,1.15267e+07
6.9250,96.2081,-59.0459,66.3068,13140.4,4174.86,1.13691e+07
6.9417,96.047,-58.9246,66.2124,13315.6,4160.56,1.16388e+07
6.9583,96.1788,-59.0492,66.2568,13347.2,4222.64,1.15235e+07
6.9750,96.1406,-58.9674,66.2838,13508.5,4205.53,1.14536e+07
6.9917,96.1852,-58.9383,66.3682,13492.2,4214.49,1.20563e+07
7.0083,96.1059,-58.8539,66.3547,13589,4199.26,1.17506e+07
7.0250,96.2508,-58.9327,66.4591,13608.1,4225.56,1.18689e+07
7.0417,96.3065,-58.995,66.4781,13632.3,4217.53,1.19717e+07
7.0583,96.3682,-59.092,66.4677,13690.5,4233.02,1.21352e+07
7.0750,96.3957,-59.1427,66.4568,13728.3,4252.16,1.17574e+07
7.0917,96.4096,-59.1471,66.4625,13763.3,4236.92,1.18724e+07
7.1083,96.4167,-59.0687,66.5355,13861.2,4231.57,1.18744e+07
7.1250,96.4778,-59.0861,66.5876,13834.1,4235.29,1.1971e+07
7.1417,96.4888,-59.068,66.6066,13872.5,4222.05,1.22214e+07
7.1583,96.5266,-59.081,66.6384,13885.2,4263.53,1.26985e+07
7.1750,96.3985,-58.9937,66.5395,13906.6,4212.7,1.25793e+07
7.1917,96.4146,-59.0505,66.4788,13923.3,4244.33,1.26457e+07
7.2083,96.4406,-58.9688,66.6027,13847.3,4237.29,1.2205e+07
7.2250,96.2684,-58.787,66.5688,13871.3,4238.5,1.24379e+07
7.2417,96.3679,-58.8019,66.6833,13773.1,4213.6,1.23381e+07
7.2583,96.347,-58.8004,66.6468,13743,4184.26,1.24428e+07
7.2750,96.4788,-58.8631,66.756,13708.8,4188.2,1.24594e+07
7.2917,96.5654,-58.924,66.8148,13672,4192.56,1.26027e+07
7.3083,96.646,-59.0354,66.8177,13569.5,4163.59,1.23546e+07
7.3250,96.7259,-59.1427,66.8104,13429.7,4165.35,1.17864e+07
7.3417,96.9144,-59.2371,66.9584,13283.7,4142.48,1.18456e+07
7.3583,96.9983,-59.292,67.0038,13160.5,4157.49,1.21264e+07
7.3750,96.9902,-59.2441,67.0204,13086.7,4105.79,1.19567e+07
7.3917,97.0323,-59.2179,67.0838,12995.6,4116.1,1.2074e+07
7.4083,97.2001,-59.2866,67.2258,12860.7,4124.55,1.21275e+07
7.4250,97.2601,-59.3378,67.2513,12758.5,4111.65,1.15575e+07
7.4417,97.3865,-59.4638,67.2612,12716.1,4086.18,1.15057e+07
7.4583,97.5839,-59.6122,67.377,12516.9,4049.78,1.20792e+07
7.4750,97.6117,-59.6371,67.3723,12469,4100.06,1.17312e+07
7.4917,97.6565,-59.602,67.4486,12503,4053.36,1.13749e+07
7.5083,97.5991,-59.5021,67.456,12440.6,4118.85,1.15082e+07
7.5250,97.631,-59.4519,67.5337,12411.3,4075.17,1.11354e+07
7.5417,97.7781,-59.4407,67.7117,12286.8,4078.56,1.12697e+07
7.5583,97.8809,-59.3737,67.8872,12274.6,4080.8,1.09724e+07
7.5750,97.9364,-59.2844,68.0233,12120.8,4085.23,1.07924e+07
7.5917,97.9397,-59.2486,68.0562,11978.9,4036.59,1.06977e+07
7.6083,97.961,-59.1634,68.1493,11891.5,4050.48,1.09965e+07
7.6250,97.9845,-59.0797,68.2366,11774.2,4050.36,1.09203e+07
7.6417,98.0318,-59.068,68.2828,11791.4,4061.84,1.08505e+07
7.6583,98.2911,-59.23,68.4524,11661.3,4076.96,1.08316e+07
7.6750,98.3812,-59.233,68.5474,11593.5,4080.2,1.07744e+07
7.6917,98.5138,-59.1933,68.7271,11600.8,4054.68,1.06749e+07
7.7083,98.4925,-59.1128,68.7523,11522.8,4072.33,1.1214e+07
7.7250,98.5329,-59.0192,68.8758,11418.7,4074.37,1.12357e+07
7.7417,98.6246,-59.053,68.9617,11427.4,4093.7,1.0996e+07
7.7583,98.7102,-59.1168,69.0031,11353.8,4112.56,1.13092e+07
7.7750,98.6887,-59.0603,69.0095,11253.9,4059.82,1.11131e+07
7.7917,98.8229,-59.0851,69.1296,11326.3,4096.25,1.09397e+07
7.8083,98.8924,-59.0148,69.2694,11318.8,4142.46,1.11128e+07
7.8250,98.9413,-59.0011,69.3338,11311.7,4136.75,1.08446e+07
7.8417,98.9606,-58.9841,69.3702,11324.1,4142.99,1.1053e+07
7.8583,98.9691,-59.0182,69.3417,11265.6,4135.39,1.06841e+07
7.8750,99.0334,-59.0681,69.378,11180.9,4132.63,1.13642e+07
7.8917,99.1353,-59.1885,69.352,11096.8,4114.14,1.14327e+07
7.9083,99.305,-59.1903,69.5415,11143.7,4119.06,1.08807e+07
7.9250,99.4015,-59.1585,69.6789,11108,4155.2,1.12512e+07
7.9417,99.6326,-59.2339,69.8949,10965.4,4182.72,1.09958e+07
7.9583,99.8071,-59.3011,70.0588,10960.8,4182.51,1.05545e+07
7.9750,99.9286,-59.2648,70.2133,11032.8,4161.59,1.09062e+07
7.9917,99.9226,-59.2059,70.2421,10971.9,4167.8,1.04554e+07
8.0083,99.9237,-59.0979,70.3216,10904.6,4199.89,1.08307e+07
8.0250,99.9632,-58.9992,70.4523,11003.6,4204.23,1.06384e+07
8.0417,100.056,-59.0227,70.5497,10929.9,4244.22,1.03551e+07
8.0583,100.146,-59.0406,70.6295,10933.1,4218.71,1.08318e+07
8.0750,100.003,-58.8629,70.5859,10881.2,4225.29,1.07993e+07
8.0917,100.027,-58.7301,70.7062,10888.3,4225.66,1.07817e+07
8.1083,99.9839,-58.6527,70.7069,10823.9,4222.45,1.05368e+07
8.1250,99.9702,-58.5777,70.7386,10877.5,4214.4,1.00839e+07
8.1417,99.9952,-58.5401,70.8021,10883.6,4218.91,9.98045e+06
8.1583,100.072,-58.5348,70.9071,10798.7,4227.42,1.0344e+07
8.1750,100.2,-58.5829,71.0157,10869.3,4193.99,1.03694e+07
8.1917,100.077,-58.4491,70.9825,10932.2,4235.67,1.02024e+07
8.2083,100.098,-58.3737,71.0589,10937.1,4229,1.04494e+07
8.2250,100.088,-58.3028,71.1126,11048.6,4220.34,1.02549e+07
8.2417,100.087,-58.1503,71.222,11084.8,4237.24,1.06753e+07
8.2583,100.064,-58.0743,71.2529,11125.4,4197.4,1.04445e+07
8.2750,99.9908,-58.0277,71.2097,11068.2,4239.79,1.04013e+07
8.2917,99.9627,-57.9676,71.2304,11082.8,4216.69,1.05855e+07
8.3083,99.9881,-57.962,71.3051,11064.8,4209.45,1.06333e+07
8.3250,99.9783,-58.0852,71.185,11054.5,4181.78,1.10046e+07
8.3417,100.079,-58.2337,71.191,11052,4210.84,1.11281e+07
8.3583,100.17,-58.3248,71.239,11126.5,4193.59,1.09067e+07
8.3750,100.166,-58.3242,71.2645,11155.1,4193.26,1.11177e+07
8.3917,100.365,-58.4235,71.4563,11161.7,4212.95,1.13059e+07
8.4083,100.492,-58.5329,71.5146,11127.7,4182.34,1.11201e+07
8.4250,100.655,-58.6533,71.6009,11127.3,4229.51,1.12309e+07
8.4417,100.876,-58.777,71.7529,11162.4,4188.54,1.0898e+07
8.4583,100.962,-58.6726,71.9365,11239.4,4200.05,1.10246e+07
8.4750,101.124,-58.6282,72.1512,11319.7,4193.55,1.0711e+07
8.4917,101.362,-58.6661,72.3902,11294.4,4199.1,1.13875e+07
8.5083,101.346,-58.5249,72.4755,11303.8,4222.72,1.12594e+07
8.5250,101.397,-58.49,72.5522,11328.5,4179.29,1.09874e+07
8.5417,101.531,-58.5053,72.6824,11249.4,4156.39,1.07392e+07
8.5583,101.341,-58.3333,72.5815,11181.1,4141.13,1.06471e+07
8.5750,101.445,-58.33,72.72,11175.1,4140.18,1.07927e+07
8.5917,101.471,-58.2767,72.7681,11220.7,4130.75,1.08812e+07
8.6083,101.601,-58.1889,72.9818,11192.8,4172.08,1.04975e+07
8.6250,101.547,-58.0036,73.0608,11348.6,4161.17,1.0693e+07
8.6417,101.54,-57.8586,73.1685,11282.8,4208.66,1.06617e+07
8.6583,101.524,-57.7294,73.2942,11398,4192.74,1.08165e+07
8.6750,101.72,-57.8213,73.4997,11439.7,4188.88,1.05976e+07
8.6917,101.818,-57.7895,73.6446,11497.8,4207.44,1.07165e+07
8.7083,101.808,-57.657,73.7322,11540.7,4200.79,1.09251e+07
8.7250,101.92,-57.6063,73.9058,11593.2,4220.75,1.05884e+07
8.7417,102.05,-57.5442,74.1218,11549.5,4221.54,1.01056e+07
8.7583,102.159,-57.533,74.264,11575.2,4231.92,1.02934e+07
8.7750,102.229,-57.4203,74.426,11585.5,4242.51,1.03991e+07
8.7917,102.233,-57.3849,74.4826,11621.2,4211.25,1.0256e+07
8.8083,102.22,-57.2714,74.5555,11681.9,4237.71,1.0486e+07
8.8250,102.194,-57.1801,74.6304,11685.9,4287.02,1.01608e+07
8.8417,102.143,-57.0778,74.6656,11747.1,4260.77,1.03775e+07
8.8583,102.178,-56.9931,74.8032,11788,4274.75,1.05612e+07
8.8750,102.11,-56.9165,74.7989,11832.4,4286.3,9.96172e+06
8.8917,102.251,-57.0572,74.8488,11844,4301.12,1.09768e+07
8.9083,102.251,-57.0551,74.853,11916.8,4288.25,1.01448e+07
8.9250,102.103,-56.9569,74.7698,12026.4,4279.91,1.04206e+07
8.9417,102.206,-56.9942,74.8506,12045.7,4291.21,9.87132e+06
8.9583,102.191,-56.7653,74.9957,12137.5,4311.7,9.99016e+06
8.9750,102.3,-56.8115,75.0827,12186.8,4313.95,9.86524e+06
8.9917,102.379,-56.694,75.2391,12132.2,4294.04,1.01496e+07
9.0083,102.446,-56.5526,75.4186,12121.1,4329.84,1.03026e+07
9.0250,102.365,-56.4764,75.3998,12171.5,4347.68,1.06565e+07
9.0417,102.383,-56.3682,75.5007,12086.6,4324.7,1.06129e+07
9.0583,102.414,-56.2028,75.6565,12045.5,4382.09,1.08896e+07
9.0750,102.474,-56.0904,75.8003,12060.7,4384.04,1.06121e+07
9.0917,102.452,-55.9029,75.9099,12071.7,4411.8,1.09135e+07
9.1083,102.407,-55.6659,76.0645,12065.5,4422.9,1.09121e+07
9.1250,102.34,-55.5147,76.0888,11992.4,4429.45,1.09315e+07
9.1417,102.356,-55.3809,76.2073,11928.9,4427.94,1.12885e+07
9.1583,102.491,-55.5162,76.2513,11994.3,4435.56,1.12477e+07
9.1750,102.414,-55.3766,76.2858,11958.9,4419.3,1.16373e+07
9.1917,102.612,-55.3139,76.5953,11954.6,4367.93,1.14173e+07
9.2083,102.826,-55.4749,76.7417,11953.1,4401.2,1.15847e+07
9.2250,102.904,-55.5382,76.789,11971.3,4405.58,1.19124e+07
9.2417,103.121,-55.7317,76.9238,11947.9,4422.35,1.13925e+07
9.2583,103.406,-55.8257,77.2007,12068.3,4411.92,1.13643e+07
9.2750,103.599,-55.9158,77.3611,12169.5,4430.68,1.1404e+07
9.2917,103.785,-56.0123,77.487,12213.4,4405.22,1.11578e+07
9.3083,103.918,-56.0701,77.6052,12287.9,4415.1,1.13735e+07
9.3250,104.049,-56.0998,77.755,12291.9,4397.6,1.12895e+07
9.3417,104.049,-56.0685,77.7889,12298.1,4361.77,1.11746e+07
9.3583,104.151,-56.0882,77.9728,12241.8,4356.06,1.13852e+07
9.3750,104.294,-56.2186,78.0466,12138.7,4325.85,1.10799e+07
9.3917,104.709,-56.4985,78.3513,12139.1,4348.42,1.07028e+07
9.4083,104.828,-56.4796,78.5038,12290.4,4379.19,1.08494e+07
9.4250,104.999,-56.4077,78.7902,12369.5,4401.1,1.11642e+07
9.4417,105.196,-56.5002,78.9711,12295.4,4389.96,1.12034e+07
9.4583,105.314,-56.329,79.1783,12214.9,4372.24,1.15216e+07
9.4750,105.408,-56.1196,79.4884,12347.6,4372.11,1.08198e+07
9.4917,105.571,-56.0433,79.7511,12380.7,4389.09,1.15063e+07
9.5083,105.886,-56.2137,79.9772,12134,4360.01,1.10042e+07
9.5250,105.897,-56.0916,80.0012,12131.4,4350.18,1.07385e+07
9.5417,105.767,-55.7949,80.0737,12158.6,4366.71,1.06738e+07
9.5583,105.554,-55.5701,80.0177,12122.5,4350.43,1.0787e+07
9.5750,105.479,-55.5408,79.9563,11992.6,4335.72,1.07463e+07
9.5917,105.441,-55.5334,79.8532,11877,4296.05,1.0902e+07
9.6083,105.345,-55.2682,79.9656,11920.3,4328.67,1.10921e+07
9.6250,105.377,-55.3014,80.0692,11990.7,4302.19,1.08071e+07
9.6417,105.397,-55.3236,80.1378,11851.4,4326.57,1.04681e+07
9.6583,105.417,-55.3222,80.2188,11910.6,4341.49,1.02443e+07
9.6750,105.439,-55.2458,80.3633,11945.1,4324.04,9.96088e+06
9.6917,105.427,-55.1517,80.4399,11919.3,4343.49,1.02104e+07
9.7083,105.422,-55.1013,80.4823,11954.9,4376.67,1.00782e+07
9.7250,105.363,-54.9665,80.5381,11977.5,4385.12,9.98519e+06
9.7417,105.308,-54.8492,80.5816,12022.2,4425.82,9.37541e+06
9.7583,105.25,-54.7858,80.5775,12021.7,4414.4,9.26432e+06
9.7750,105.123,-54.6462,80.5486,11989.6,4390.17,9.26451e+06
9.7917,104.757,-54.4298,80.308,11965,4445.72,8.89914e+06
9.8083,104.557,-54.2699,80.2208,11970.6,4458.16,8.89805e+06
9.8250,104.41,-54.1398,80.1824,11958.2,4464.61,8.65276e+06
9.8417,104.477,-54.0123,80.3558,11966.2,4532.1,8.07752e+06
9.8583,104.438,-53.8652,80.4377,12070.4,4527.47,7.74836e+06
9.8750,104.302,-53.7833,80.3697,11943.9,4577.1,7.56118e+06
9.8917,104.297,-53.7631,80.4379,11987.5,4564.43,6.7385e+06
9.9083,104.212,-53.6401,80.3841,12028.3,4585.4,6.75596e+06
9.9250,104.265,-53.6889,80.4343,12058.7,4608.86,6.71132e+06
9.9417,104.152,-53.5788,80.4108,12120,4677.5,6.56573e+06
9.9583,104.24,-53.5094,80.54,12059.2,4689.42,6.71461e+06
9.9750,104.17,-53.4456,80.5338,12027.1,4677.28,6.12756e+06
9.9917,104.15,-53.444,80.501,12102.3,4698.25,6.55123e+06
10.0083,104.149,-53.413,80.5547,12138.2,4737.03,6.48629e+06
10.0250,104.257,-53.6318,80.5475,12160.7,4674.47,7.18374e+06
10.0417,104.399,-53.7585,80.6484,12048.3,4686.55,5.89991e+06
10.0583,104.241,-53.5974,80.5947,12060.7,4675.25,5.84784e+06
10.0750,104.407,-53.7461,80.7537,12016.7,4672.18,5.56018e+06
10.0917,104.465,-53.72,80.8112,12076.8,4648.11,5.5829e+06
10.1083,104.637,-53.8201,80.9294,12130.2,4634.56,5.30676e+06
10.1250,104.589,-53.4986,81.0933,12242.1,4643.75,5.47446e+06
10.1417,104.595,-53.5523,81.1351,12129.2,4622.76,5.16257e+06
10.1583,104.644,-53.4546,81.2099,12069.8,4568.31,4.78583e+06
10.1750,104.49,-53.3114,81.1645,12091,4568.85,5.0485e+06
10.1917,104.445,-53.3688,81.125,12141.1,4503.92,4.88523e+06
10.2083,104.55,-53.5969,81.1063,12099,4432.74,4.96777e+06
10.2250,104.678,-53.8345,81.1709,12227.3,4410.15,5.21193e+06
10.2417,104.498,-53.8052,80.9516,12256.1,4347.54,5.4426e+06
10.2583,104.719,-53.9654,81.1736,12338.3,4292.37,5.13533e+06
10.2750,104.611,-53.8752,81.1301,12412.5,4258.94,5.22935e+06
10.2917,104.993,-53.9245,81.5788,12595.6,4281.46,5.02226e+06
10.3083,105.363,-53.7861,82.0729,12821.2,4311.4,5.26989e+06
10.3250,105.439,-53.5137,82.285,12986.8,4347.53,5.73259e+06
10.3417,105.584,-53.434,82.4445,13269.6,4364.42,6.11223e+06
10.3583,105.573,-53.6622,82.4502,13437.8,4310.84,6.27055e+06
10.3750,105.707,-53.9469,82.5218,13349,4264.7,5.64923e+06
10.3917,105.681,-54.0912,82.4579,12897.8,4213.67,4.98466e+06
10.4083,105.725,-54.096,82.5924,12812.3,4216.7,4.70907e+06
10.4250,105.612,-53.9537,82.6754,12890.1,4197.44,5.21156e+06
10.4417,105.577,-53.9932,82.7431,12792.6,4144.24,5.17469e+06
10.4583,105.752,-54.2314,82.9122,12370.6,4161.05,4.12683e+06
10.4750,105.96,-54.4939,82.9037,12105.4,4093.7,3.4523e+06
10.4917,106.043,-54.3355,82.9891,12256.6,4152.73,4.00261e+06
10.5083,106.027,-54.1126,83.1493,12722.2,4189.9,4.31657e+06
10.5250,105.845,-53.8696,83.1918,12792.7,4213.69,4.8213e+06
10.5417,106.453,-54.4045,83.6056,12384,4216.62,3.72471e+06
10.5583,106.166,-54.3173,83.2724,12124.2,4215.5,3.03036e+06
10.5750,106.288,-54.2858,83.5776,12254.5,4213.07,3.43789e+06
10.5917,106.319,-54.4213,83.6222,12375.9,4253.93,3.99365e+06
10.6083,106.61,-54.9623,83.6109,12310.8,4299.11,3.84502e+06
10.6250,106.715,-55.3333,83.448,12160.6,4303.31,3.59126e+06
10.6417,106.805,-55.3893,83.4986,12231,4313.15,3.50251e+06
10.6583,106.803,-55.328,83.5449,12354.5,4330.07,3.6714e+06
10.6750,106.857,-55.3218,83.6255,12447.1,4332.85,3.90506e+06
10.6917,106.983,-55.4973,83.7174,12436,4340.95,3.41401e+06
10.7083,106.907,-55.212,83.7348,12531,4394.16,3.40755e+06
10.7250,107,-55.0907,83.8983,12679.3,4422.97,3.73079e+06
10.7417,107.343,-55.1271,84.1895,12975.1,4431.01,3.56411e+06
10.7583,107.569,-54.9035,84.5476,13258.9,4441.33,3.83141e+06
10.7750,107.672,-55.1579,84.6802,13325.1,4434.16,3.75312e+06
10.7917,107.89,-55.1586,84.9693,13352.9,4404.13,4.20381e+06
10.8083,107.987,-55.2077,85.0687,13427.1,4424.52,4.15909e+06
10.8250,107.959,-55.0862,85.2332,13402,4453,4.09466e+06
10.8417,107.971,-54.9348,85.504,13242,4461.72,3.82504e+06
10.8583,107.973,-55.0287,85.5977,13067.2,4505.94,3.24114e+06
10.8750,108.058,-55.0509,85.8143,13040.7,4551.15,2.83619e+06
10.8917,107.945,-54.7888,85.7924,13110.2,4642.35,2.9102e+06
10.9083,108.027,-54.8181,85.9264,13204.2,4686.42,2.83734e+06
10.9250,107.981,-55.0806,85.8765,13193.2,4709.59,2.84533e+06
10.9417,108.123,-55.138,86.0701,13214.4,4756.67,2.49531e+06
10.9583,108.195,-55.1885,86.1983,13347.6,4741.37,2.43765e+06
10.9750,108.146,-54.9542,86.2188,13714.9,4709.75,2.7103e+06
10.9917,108.182,-54.9017,86.3248,14076.8,4721.65,2.44861e+06
11.0083,108.407,-54.9648,86.6313,14148.8,4640.64,2.26088e+06
11.0250,108.509,-55.0863,86.695,14361.3,4614.05,2.36506e+06
11.0417,108.596,-54.9053,86.962,14611.2,4580.74,2.32689e+06
11.0583,108.559,-54.7504,86.9328,14916.8,4617.47,2.18072e+06
11.0750,108.66,-54.7134,87.0385,15209.5,4548.25,2.20941e+06
11.0917,108.74,-54.5801,87.2277,15427.4,4515.15,2.31468e+06
11.1083,108.794,-54.6658,87.2719,15547.7,4414.08,2.17229e+06
11.1250,108.685,-54.5914,87.2485,15544.2,4350.67,2.11782e+06
11.1417,108.648,-54.4133,87.337,15608.1,4311.89,1.84732e+06
11.1583,108.769,-54.3906,87.469,15717.3,4300.36,2.09845e+06
11.1750,108.719,-54.2321,87.5075,15634.7,4187.88,1.89217e+06
11.1917,108.59,-54.0277,87.4854,15525.7,4156.94,2.17001e+06
11.2083,108.851,-54.2385,87.7147,15412.9,4159.28,2.04883e+06
11.2250,109.002,-54.5238,87.8279,15042,4153.73,2.02397e+06
11.2417,109.223,-54.5184,88.0337,14746,4176.72,1.99118e+06
11.2583,109.303,-54.2714,88.2107,14565,4179.19,2.12509e+06
11.2750,109.352,-54.226,88.3257,14233.6,4148.48,2.01933e+06
11.2917,109.243,-54.2054,88.2926,13828.9,4123.45,2.00692e+06
11.3083,109.271,-53.9364,88.5534,13338.4,4131.04,2.05346e+06
11.3250,109.043,-53.8806,88.4454,13053.1,4150.39,1.94915e+06
11.3417,109.042,-53.8188,88.4949,12972.2,4130.46,1.97194e+06
11.3583,109.012,-53.7819,88.5107,12773.3,4143.53,2.09716e+06
11.3750,109.137,-53.6957,88.7721,12722.5,4105.42,2.24701e+06
11.3917,109.048,-53.6134,88.7988,12545.1,4105.71,2.45184e+06
11.4083,109.098,-53.5806,88.8886,12492.6,4192.98,2.12737e+06
11.4250,109.06,-53.6372,88.8647,12274,4168.11,2.17122e+06
11.4417,109.228,-53.7587,89.0301,12352.6,4161.67,2.24347e+06
11.4583,109.167,-53.6046,89.1135,12339.6,4169.34,2.21208e+06
11.4750,109.291,-53.5088,89.3691,12352.8,4155.91,2.41391e+06
11.4917,109.409,-53.7461,89.4339,12171.3,4182.79,1.83328e+06
11.5083,109.651,-53.9313,89.6283,12226.9,4194.61,1.95861e+06
11.5250,109.664,-53.7903,89.7181,12485.3,4214.3,2.18029e+06
11.5417,109.651,-53.8188,89.8115,12667.9,4214.31,1.80579e+06
11.5583,109.755,-53.7285,90.0085,12674.8,4191.35,1.6638e+06
11.5750,109.748,-53.669,90.0835,12814,4194.55,1.905e+06
11.5917,109.8,-53.6879,90.1785,13131.3,4197.34,2.05533e+06
11.6083,109.869,-53.4681,90.3932,13481.5,4207.42,2.08379e+06
11.6250,110.015,-53.4953,90.5768,13649.5,4157,1.90885e+06
11.6417,110.056,-53.4339,90.7002,13813.9,4130.66,1.91484e+06
11.6583,109.953,-53.201,90.7798,14050.2,4158.95,2.18081e+06
11.6750,109.777,-53.1624,90.6705,14036.7,4138.9,1.97392e+06
11.6917,109.922,-53.2881,90.8711,13917.2,4113.28,2.02848e+06
11.7083,110.202,-53.4706,91.1396,13894.9,4117.18,2.3699e+06
11.7250,110.405,-53.3138,91.3893,14348.7,4135.94,1.98584e+06
11.7417,110.607,-53.2407,91.6297,14666.9,4145.46,2.23353e+06
11.7583,110.749,-53.1623,91.796,14678.3,4142.45,2.01833e+06
11.7750,110.62,-52.939,91.8076,14601.7,4127.7,1.83564e+06
11.7917,110.367,-52.7156,91.7798,14406,4141.49,2.16044e+06
11.8083,110.06,-52.4697,91.6025,14185.9,4146.35,2.35381e+06
11.8250,110.007,-52.3731,91.6922,13905.2,4146.3,1.96519e+06
11.8417,109.912,-52.2298,91.7274,13727.4,4154.76,2.12594e+06
11.8583,109.981,-52.1429,91.8996,13785.1,4153.59,2.22316e+06
11.8750,109.798,-52.006,91.8074,13794.7,4151.12,2.15743e+06
11.8917,110.076,-52.0059,92.1683,13738.4,4195.86,2.15562e+06
11.9083,110.153,-51.7194,92.4657,13748.7,4195.81,1.9518e+06
11.9250,110.07,-51.5669,92.5605,13672.1,4194.23,2.05732e+06
11.9417,110.008,-51.5887,92.5483,13344.7,4170.52,2.06224e+06
11.9583,109.931,-51.4009,92.6619,12912.4,4150,2.07387e+06
11.9750,109.617,-51.0538,92.6163,12568.3,4155.32,1.95865e+06
11.9917,109.387,-51.0014,92.5088,12385.6,4182.66,2.02595e+06
12.0083,109.274,-51.0001,92.5349,11974.9,4148.19,1.97348e+06
12.0250,108.858,-50.8306,92.3172,11662.3,4140.99,1.81429e+06
12.0417,108.654,-50.862,92.2355,11424.6,4149.61,1.9658e+06
12.0583,108.833,-51.1685,92.3543,11275.6,4129.27,2.04061e+06
12.0750,109.066,-51.6575,92.4115,11185,4117.1,1.87394e+06
12.0917,109.077,-51.4473,92.6154,11147.6,4113.98,1.90699e+06
12.1083,109.181,-51.5539,92.7868,11142.2,4139.32,2.02485e+06
12.1250,109.375,-51.7261,93.0236,11006.5,4128.92,2.05379e+06
12.1417,109.398,-51.5908,93.07,11110.4,4105.34,1.95109e+06
12.1583,109.52,-51.4816,93.3086,11160.5,4140.75,1.89514e+06
12.1750,109.557,-51.5017,93.429,10961.9,4136.4,1.94103e+06
12.1917,109.763,-51.79,93.7289,10739.6,4087,2.06382e+06
12.2083,109.866,-51.6278,93.953,10728.2,4080.12,1.98408e+06
12.2250,109.624,-51.6356,93.7267,10784.3,4080.85,1.93944e+06
12.2417,109.701,-51.8086,93.8354,10562.5,4066.48,1.94826e+06
12.2583,109.666,-51.9461,93.8447,10309.8,3996.51,2.07517e+06
12.2750,109.623,-51.7264,93.9086,10213.7,4058.22,2.05666e+06
12.2917,109.343,-51.5253,93.7918,10215.3,4060.69,2.07654e+06
12.3083,109.344,-51.4572,93.8752,10355.1,4101.37,2.06197e+06
12.3250,109.454,-51.6334,93.9682,10168.1,4138.92,1.9064e+06
12.3417,109.195,-51.1936,93.9783,9988.29,4043.09,1.97327e+06
12.3583,109.25,-51.3081,94.1736,9902.51,4028.75,2.13223e+06
12.3750,109.027,-51.1954,94.0164,9799.71,4064.83,1.95151e+06
12.3917,109.044,-51.2272,94.0726,9801.76,4098.73,2.18407e+06
12.4083,109.069,-51.2396,94.1966,9744.88,4068.37,2.05178e+06
12.4250,109.124,-51.3302,94.2635,9728.06,4055.55,1.81691e+06
12.4417,109.071,-51.035,94.3429,9790.24,4048.01,2.2577e+06
12.4583,109.055,-50.9177,94.4442,9729.29,4104.98,2.31802e+06
12.4750,109.175,-51.1249,94.5372,9643.48,4101.69,2.18035e+06
12.4917,109.189,-50.9061,94.7101,9627.29,4051.93,2.06084e+06
12.5083,108.992,-50.7253,94.6092,9518.31,4033.04,2.32716e+06
12.5250,109.134,-50.5667,94.9223,9615.67,4045.18,2.27489e+06
12.5417,109.114,-50.4412,94.9408,9571.49,4094.58,2.66681e+06
12.5583,109.103,-50.3126,95.0806,9628.17,4165.42,2.62514e+06
12.5750,109.222,-50.2626,95.3089,9544.96,4087.14,2.4287e+06
12.5917,109.502,-50.3722,95.6331,9581.01,4055.13,2.69439e+06
12.6083,109.353,-50.286,95.5089,9588.27,4024.94,2.56668e+06
12.6250,109.778,-50.5222,95.9443,9491.97,4116.67,2.41854e+06
12.6417,109.874,-50.4033,96.1619,9461.75,4133.67,2.46121e+06
12.6583,109.977,-50.4083,96.3379,9526.31,4133.51,2.53317e+06
12.6750,110.119,-50.3022,96.5772,9525.77,4010.42,2.66609e+06
12.6917,110.458,-50.6502,96.9692,9455.31,4025.38,2.77939e+06
12.7083,110.328,-50.5958,96.8808,9346.41,4068.84,2.78552e+06
12.7250,110.46,-50.7184,97.0428,9434.71,4071.29,2.92932e+06
12.7417,110.647,-50.6756,97.3376,9429.78,4063.91,2.82397e+06
12.7583,110.597,-50.7074,97.3885,9344.53,3989.49,2.99112e+06
12.7750,110.6,-50.8319,97.3434,9311.59,3981.05,3.02994e+06
12.7917,110.523,-50.7407,97.374,9275.5,3989.78,3.11034e+06
12.8083,110.495,-50.6744,97.4463,9302.19,4028.3,3.55249e+06
12.8250,110.401,-50.8852,97.3211,9253.31,3921.51,3.76379e+06
12.8417,110.321,-50.4941,97.445,9228.14,3931.62,4.08187e+06
12.8583,110.37,-50.5306,97.5172,9230.1,3918.89,3.96854e+06
12.8750,110.208,-50.5228,97.4294,9169.57,3968.52,3.6395e+06
12.8917,110.308,-50.4319,97.6367,9199.32,3952.61,3.55767e+06
12.9083,110.399,-50.2459,97.9101,9128.67,3917.97,3.59379e+06
12.9250,110.393,-50.3555,98.03,9159.31,3885.91,3.63499e+06
12.9417,110.489,-50.4334,98.1081,9092.22,3887.74,3.54816e+06
12.9583,110.22,-50.062,97.9224,9033.05,3872.82,3.84033e+06
12.9750,110.303,-50.022,98.0608,9031.18,3898.12,3.26229e+06
12.9917,110.297,-50.1439,98.1875,9012.75,3854.27,2.63538e+06
13.0083,110.448,-50.1418,98.4208,8920.71,3841.69,2.65136e+06
13.0250,110.545,-49.9365,98.6955,8971.18,3846.3,2.74776e+06
13.0417,110.598,-49.8396,98.8413,9005.64,3874.88,3.10913e+06
13.0583,110.651,-49.7584,98.9098,8991.82,3911.73,3.53976e+06
13.0750,110.687,-49.6385,99.0613,9037.22,3857.77,3.42688e+06
13.0917,111.112,-49.8279,99.574,9030.98,3821.5,3.14457e+06
13.1083,111.298,-49.8687,99.8819,8943.38,3849.01,2.98185e+06
13.1250,111.456,-49.7935,100.079,9032.19,3912.9,3.32673e+06
13.1417,111.235,-49.3764,99.9827,9107.9,3952.13,3.52525e+06
13.1583,111.434,-49.5561,100.199,9035.57,3891.21,3.53397e+06
13.1750,111.614,-49.6747,100.464,8954.87,3865.29,3.46884e+06
13.1917,111.85,-49.624,100.871,8982.72,3846.22,3.08531e+06
13.2083,111.929,-49.5501,101.112,8988,3914.47,3.69627e+06
13.2250,112.05,-49.5358,101.33,9076.32,3960.19,3.59297e+06
13.2417,112.223,-49.7259,101.468,9075.03,3943.08,3.44052e+06
13.2583,112.498,-49.786,101.729,9076.86,3896.85,3.31347e+06
13.2750,112.582,-49.8528,101.934,9041.87,3880.82,3.40016e+06
13.2917,112.593,-49.9247,102.042,9050.95,3908.15,4.09931e+06
13.3083,112.627,-49.9651,102.163,9069.27,3983.05,4.33827e+06
13.3250,112.49,-49.8159,102.108,9116.86,4003.53,4.53093e+06
13.3417,112.364,-49.7481,102.055,9165.58,3918.33,4.35208e+06
13.3583,112.293,-49.606,102.057,9076.93,3883.15,4.10418e+06
13.3750,112.309,-49.5378,102.162,9054.24,3908.55,3.59621e+06
13.3917,112.221,-49.5381,102.168,9074.08,3955.69,3.42907e+06
13.4083,112.423,-49.466,102.465,9190.96,3990.49,3.47415e+06
13.4250,112.461,-49.324,102.547,9342.66,3992.29,4.25804e+06
13.4417,112.653,-49.1288,102.841,9486.04,3978.22,4.703e+06
13.4583,112.938,-49.2531,103.211,9470,3940.28,4.39165e+06
13.4750,113.171,-49.197,103.522,9413.54,4000.05,4.70189e+06
13.4917,113.303,-49.2827,103.673,9396.43,4010.76,4.08109e+06
13.5083,113.522,-49.2377,103.989,9525.52,4017.49,4.19606e+06
13.5250,113.639,-49.2409,104.181,9631.72,3965.44,4.1252e+06
13.5417,113.683,-49.2197,104.256,9664.45,3958.99,4.31183e+06
13.5583,113.739,-49.2381,104.375,9590.94,3931.33,4.17623e+06
13.5750,113.505,-49.3367,104.256,9351.79,3922.8,4.06033e+06
13.5917,113.279,-49.0711,104.181,9334.04,3929.78,3.1435e+06
13.6083,113.122,-49.0481,104.111,9383.62,3942.68,3.20177e+06
13.6250,113.004,-49.0315,104.072,9464.73,3935.02,3.39338e+06
13.6417,112.703,-48.8113,103.823,9493.1,3900.57,3.45506e+06
13.6583,112.654,-48.7329,103.905,9342.35,3898.39,2.95348e+06
13.6750,112.743,-48.7418,104.078,9171.78,3842.11,2.91396e+06
13.6917,112.649,-48.499,104.101,9227.02,3871.47,3.24778e+06
13.7083,112.65,-48.352,104.237,9395.84,3860.82,3.02233e+06
13.7250,112.674,-48.3688,104.271,9444.05,3901.05,2.84368e+06
13.7417,112.653,-48.3016,104.279,9355.95,3804.62,2.7464e+06
13.7583,112.956,-48.411,104.734,9248.04,3788.05,2.6591e+06
13.7750,113.099,-48.4989,104.998,9194.75,3793.21,2.6007e+06
13.7917,113.245,-48.7009,105.21,9203.17,3813.82,2.4267e+06
13.8083,113.137,-48.7268,105.135,9288.2,3808.24,2.37313e+06
13.8250,113.091,-48.716,105.123,9277.09,3779.37,2.34719e+06
13.8417,112.967,-48.7677,105.082,9082.73,3730.32,2.31783e+06
13.8583,112.599,-48.6202,104.81,9026.99,3754.68,2.57581e+06
13.8750,112.367,-48.3737,104.706,9071.37,3778.94,2.17555e+06
13.8917,111.776,-47.6726,104.259,9158.59,3830.58,2.26577e+06
13.9083,111.848,-47.1698,104.436,9243.91,3837.55,2.45468e+06
13.9250,111.934,-46.9387,104.579,9313.22,3852.09,2.49223e+06
13.9417,112.247,-46.7442,104.978,9493.14,3858.79,2.37626e+06
13.9583,112.507,-46.4525,105.433,9628.09,3853.12,2.44842e+06
13.9750,113.192,-46.9768,106.201,9708.69,3851.96,2.70709e+06
13.9917,113.571,-47.3058,106.6,9764.3,3853.57,2.54556e+06
14.0083,113.795,-47.6014,106.83,9922.94,3868.04,2.42045e+06
14.0250,113.554,-47.4299,106.646,10022.9,3850.01,2.41166e+06
14.0417,113.539,-47.4446,106.643,10041.9,3818.71,2.5567e+06
14.0583,113.783,-47.7092,106.898,9878.63,3808.67,2.50507e+06
14.0750,113.454,-47.4602,106.691,9943.92,3798.64,2.58244e+06
14.0917,113.52,-47.4064,106.88,9926.08,3799.92,2.33034e+06
14.1083,113.54,-47.4192,106.963,10067.7,3794.7,2.47438e+06
14.1250,113.568,-47.6279,107.06,10074,3795,2.55475e+06
14.1417,113.572,-47.8027,107.17,10087.3,3781.94,2.44607e+06
14.1583,113.347,-47.9439,106.964,9939.77,3774.17,2.64886e+06
14.1750,113.059,-47.8151,106.715,9817.55,3736.22,2.4509e+06
14.1917,113.069,-47.6478,106.86,9775.38,3731.57,2.51719e+06
14.2083,113.113,-47.3687,106.976,9831.75,3715.59,2.7029e+06
14.2250,113.15,-47.2312,107.108,9974.69,3735.61,2.65932e+06
14.2417,113.375,-47.1778,107.414,10033.6,3694.99,2.33957e+06
14.2583,113.574,-47.5344,107.619,9865.39,3675.65,2.43245e+06
14.2750,113.914,-47.82,107.988,9871.66,3678.44,2.70108e+06
14.2917,113.552,-47.6552,107.721,9813.94,3659.96,2.48758e+06
14.3083,113.828,-48.1646,108.083,9808.95,3665.31,2.52334e+06
14.3250,113.755,-48.4809,108.086,9846.81,3640.12,2.70613e+06
14.3417,114.067,-48.3296,108.454,9808,3625.97,2.45231e+06
14.3583,114.232,-48.1665,108.741,9754.78,3589.39,2.61052e+06
14.3750,114.567,-48.1233,109.162,9776.33,3586.37,2.49157e+06
14.3917,113.849,-47.3103,108.6,9765.7,3589.61,2.51661e+06
14.4083,113.506,-46.9718,108.387,9706.8,3625.9,2.95666e+06
14.4250,113.007,-46.4234,107.915,9672.24,3616.11,2.66798e+06
14.4417,112.681,-46.2788,107.528,9623.11,3637.77,2.74784e+06
14.4583,112.253,-46.0527,107.22,9504.72,3619.46,2.75956e+06
14.4750,111.858,-46.0136,106.882,9266.13,3573.52,2.87783e+06
14.4917,111.841,-46.207,106.951,9095.46,3609.93,2.7694e+06
14.5083,111.416,-46.4586,106.616,8977.45,3620.66,2.85789e+06
14.5250,111.873,-47.2455,107.157,8941.65,3577.99,2.84519e+06
14.5417,112.187,-47.0064,107.518,9266.35,3603.21,2.98805e+06
14.5583,111.713,-46.8718,107.137,9390.13,3596.19,3.07962e+06
14.5750,112.883,-48.3827,108.393,9294.86,3571.64,3.36872e+06
14.5917,113.975,-48.9528,109.466,9609.18,3602.18,2.91022e+06
14.6083,114.812,-49.4605,110.16,9790.35,3577.66,2.54817e+06
14.6250,115.53,-49.9299,110.867,9821.24,3613.1,2.53082e+06
14.6417,113.263,-48.3284,108.748,9752.16,3602.09,2.74616e+06
14.6583,114.597,-48.5438,110.259,9704.13,3624.72,3.16301e+06
14.6750,114.633,-47.2797,110.296,10070.6,3653.94,3.10615e+06
14.6917,115.261,-46.3469,111.033,10569.5,3743.31,3.12536e+06
14.7083,115.203,-45.8826,111.009,10390.4,3755.91,3.01352e+06
14.7250,114.543,-45.6888,110.438,10366.6,3770.2,2.88235e+06
14.7417,114.785,-46.1075,110.771,10215,3725.78,3.36293e+06
14.7583,114.825,-46.5505,110.815,10091.1,3697.61,3.0409e+06
14.7750,114.919,-46.9557,110.989,10064.4,3591.49,3.08646e+06
14.7917,114.866,-46.6859,110.954,9952.21,3625.12,2.89716e+06
14.8083,115.179,-46.8855,111.332,9670.96,3646.3,3.2853e+06
14.8250,115.254,-47.3526,111.383,9671.72,3671.06,3.2539e+06
14.8417,115.016,-47.5698,111.197,9662.97,3653.52,3.0738e+06
14.8583,114.656,-47.5918,110.887,9791.32,3584.94,3.2435e+06
14.8750,114.235,-47.1576,110.611,9508.62,3553.18,3.02963e+06
14.8917,113.823,-47.7544,110.253,9267.08,3561.25,3.00075e+06
14.9083,113.45,-47.6289,109.95,9140.92,3594.59,3.30783e+06
14.9250,112.657,-46.9307,109.144,9177.55,3606.17,3.08369e+06
14.9417,112.47,-46.6892,109.02,9136.66,3595.16,3.30519e+06
14.9583,112.57,-46.5788,109.118,9188.56,3620.72,3.3832e+06
14.9750,112.545,-46.0537,109.157,9301.76,3595.08,3.09389e+06
14.9917,113.296,-45.9621,109.91,9361.49,3623.08,3.15762e+06
15.0083,113.624,-45.8931,110.282,9333.4,3609.35,3.09074e+06
15.0250,114.278,-46.2635,110.999,9337.08,3594.53,3.26296e+06
15.0417,114.855,-46.6766,111.767,9232.07,3566.26,3.10361e+06
15.0583,115.346,-47.3605,112.359,9013.96,3545.53,3.59244e+06
15.0750,115.562,-48.3453,112.586,8948.35,3525.5,3.35528e+06
15.0917,115.47,-48.8741,112.545,8736.62,3503.57,3.37638e+06
15.1083,114.84,-48.8399,111.94,8592.08,3424.13,3.35703e+06
15.1250,114.169,-48.7099,111.331,8415.07,3481.36,3.34438e+06
15.1417,113.423,-47.8106,110.612,8399.07,3508.4,3.40038e+06
15.1583,112.764,-47.1732,109.96,8307.6,3511.12,3.32899e+06
15.1750,112.689,-46.9538,109.97,8282.4,3522.6,3.54274e+06
15.1917,112.481,-46.8116,109.909,8338.53,3500.73,3.33799e+06
15.2083,112.874,-47.0631,110.309,8327.8,3499.63,3.32912e+06
15.2250,113.847,-47.8842,111.303,8184.34,3487.21,3.15854e+06
15.2417,114.781,-48.0659,112.286,8250.87,3482.95,2.86857e+06
15.2583,114.955,-47.8998,112.524,8265.64,3471.09,2.89982e+06
15.2750,115.93,-47.8296,113.6,8291.46,3489.51,3.30123e+06
15.2917,114.378,-46.6373,112.051,8305.03,3429.29,3.09973e+06
15.3083,113.926,-46.7624,111.768,8116.49,3431.4,3.45275e+06
15.3250,112.887,-46.0135,110.777,7955.13,3474.85,3.71196e+06
15.3417,111.882,-45.8061,109.766,7692.89,3457.68,3.67974e+06
15.3583,111.538,-45.9549,109.507,7625.72,3437.48,3.67824e+06
15.3750,111.325,-46.3245,109.381,7615.32,3420.7,3.54694e+06
15.3917,110.993,-46.5269,108.995,7753.09,3418.4,3.38625e+06
15.4083,110.877,-46.6441,108.969,7658.74,3393.64,3.5615e+06
15.4250,110.877,-46.7428,109.024,7529.99,3419.59,3.49192e+06
15.4417,110.764,-46.1348,108.953,7557.69,3461.73,3.55297e+06
15.4583,110.623,-45.9484,108.841,7645.71,3496.46,3.55712e+06
15.4750,110.526,-45.7598,108.828,7701.82,3480.01,3.71118e+06
15.4917,110.925,-46.0162,109.258,7815.97,3509.55,3.64542e+06
15.5083,110.235,-45.7721,108.581,7822.68,3446.64,3.50871e+06
15.5250,110.935,-46.364,109.426,7657.43,3440.46,3.85736e+06
15.5417,110.559,-47.0022,109.023,7473.72,3432.67,3.35021e+06
15.5583,110.732,-46.7631,109.294,7450.63,3461.52,3.69679e+06
15.5750,110.617,-46.3551,109.147,7531.1,3489.9,3.57685e+06
15.5917,110.517,-46.6405,109.112,7533.38,3443.34,3.82596e+06
15.6083,110.606,-46.9157,109.271,7423.26,3442.4,3.67904e+06
15.6250,110.558,-46.763,109.249,7470.16,3413.08,3.69021e+06
15.6417,110.707,-47.0767,109.383,7469.14,3427.4,3.88622e+06
15.6583,110.711,-46.9453,109.414,7473.54,3452.77,3.75783e+06
15.6750,111.357,-47.2192,110.132,7425.93,3463.41,3.88942e+06
15.6917,111.089,-46.7337,109.894,7433.74,3416.5,4.01916e+06
15.7083,111.348,-47.1827,110.209,7407.7,3406.02,3.69534e+06
15.7250,111.947,-47.6362,110.833,7404.63,3422.73,3.67128e+06
15.7417,112.074,-47.6607,110.993,7480.67,3418.93,3.42195e+06
15.7583,113.125,-48.0619,112.056,7545.91,3423.81,3.49404e+06
15.7750,114.169,-48.5843,113.133,7690.69,3444.45,4.49667e+06
15.7917,115.439,-49.1054,114.431,7705.47,3409.92,5.13337e+06
15.8083,117.108,-49.599,116.156,7837.56,3356.64,4.81908e+06
15.8250,118.333,-49.6734,117.423,8036.26,3341.76,5.47285e+06
15.8417,119.428,-48.9823,118.551,8396.82,3401.86,6.41812e+06
15.8583,119.943,-47.6563,119.02,8521.5,3516.28,6.49567e+06
15.8750,118.967,-46.1849,117.975,8456.08,3576.95,6.25865e+06
15.8917,117.797,-45.4123,116.786,8245.72,3562.89,5.99875e+06
15.9083,117.003,-45.202,116.042,7993.7,3493.04,5.22979e+06
15.9250,116.803,-45.4336,115.878,7850.69,3498.25,5.36006e+06
15.9417,116.799,-45.7954,115.921,7757.53,3474.88,5.10932e+06
15.9583,116.905,-45.8942,116.056,7704.06,3456.27,4.93317e+06
15.9750,116.899,-45.8925,116.051,7639.14,3492.52,5.23869e+06
15.9917,117.015,-46.4961,116.188,7659.98,3427.98,5.06992e+06
16.0083,117.109,-46.7366,116.338,7615.11,3395.53,5.01378e+06
16.0250,117.147,-46.7568,116.408,7544.37,3387.13,5.35349e+06
16.0417,117.016,-46.598,116.307,7484.6,3401.74,5.03916e+06
16.0583,117.018,-46.7341,116.349,7526.25,3384.21,5.35324e+06
16.0750,117.017,-46.9173,116.377,7504.96,3350.4,4.98214e+06
16.0917,116.895,-47.0722,116.291,7445.44,3317.66,5.20516e+06
16.1083,116.845,-47.144,116.278,7269.92,3224,5.0728e+06
16.1250,116.953,-47.3469,116.415,7193.44,3293.53,4.97733e+06
16.1417,116.972,-47.431,116.457,7140.59,3272.57,5.40706e+06
16.1583,117.087,-47.4262,116.581,7220.03,3335.34,5.14166e+06
16.1750,116.972,-47.3342,116.461,7241.07,3312.69,5.18564e+06
16.1917,116.756,-47.3247,116.253,7115.6,3250.68,5.27023e+06
16.2083,116.872,-47.5468,116.392,7061.91,3229.28,4.68311e+06
16.2250,116.852,-47.6456,116.402,7032.93,3236.31,4.70311e+06
16.2417,116.706,-47.5637,116.278,6973.06,3256.32,5.19156e+06
16.2583,116.667,-47.56,116.251,6917.43,3275.26,5.06357e+06
16.2750,116.701,-47.6505,116.299,6914.86,3234.44,4.72896e+06
16.2917,116.768,-47.6925,116.38,6889.89,3257.82,4.77586e+06
16.3083,116.81,-47.7727,116.438,6838.34,3269.4,4.5363e+06
16.3250,116.938,-47.8908,116.583,6867.39,3269.07,4.71698e+06
16.3417,117.009,-47.9109,116.668,6871.26,3295.42,4.83817e+06
16.3583,117.062,-47.9517,116.731,6816.1,3295.78,4.85205e+06
16.3750,117.262,-47.9698,116.934,6818.26,3287.24,4.64268e+06
16.3917,117.324,-47.9821,117,6862.41,3287.87,4.73898e+06
16.4083,117.274,-47.8444,116.957,6967.51,3312.06,4.77492e+06
16.4250,117.212,-47.8842,116.91,6920.08,3299.43,5.23157e+06
16.4417,117.14,-47.8114,116.846,6875.91,3328.26,4.52052e+06
16.4583,117.011,-47.8262,116.723,6790.73,3349,4.56643e+06
16.4750,117.025,-47.7343,116.746,6791.36,3346.95,4.76416e+06
16.4917,117.13,-47.7943,116.86,6917.6,3320.08,4.61332e+06
16.5083,117.052,-47.6378,116.782,6957.83,3377.56,4.67004e+06
16.5250,117.119,-47.7872,116.861,6874.72,3367.48,4.47988e+06
16.5417,117.059,-47.7785,116.805,6911.24,3396.43,4.8663e+06
16.5583,117.051,-47.6295,116.805,6940.46,3381.28,4.89214e+06
16.5750,116.971,-47.4848,116.728,6957.52,3380.22,4.61052e+06
16.5917,117.009,-47.5411,116.776,6923.9,3397.49,4.73756e+06
16.6083,116.962,-47.5533,116.734,6976.3,3397.58,4.77409e+06
16.6250,117.005,-47.5323,116.785,7056.53,3386.34,4.77506e+06
16.6417,116.957,-47.5257,116.744,7034.37,3387.15,4.79472e+06
16.6583,116.993,-47.587,116.785,7082.87,3401.63,4.76401e+06
16.6750,116.898,-47.53,116.698,7045.75,3397.31,4.47831e+06
16.6917,117.038,-47.6595,116.847,7077.33,3387.43,4.45839e+06
16.7083,116.996,-47.6714,116.811,7181.03,3395.59,4.3195e+06
16.7250,116.811,-47.6628,116.634,7179.02,3384.42,4.51478e+06
16.7417,116.951,-47.7453,116.781,7197.34,3369.67,4.47046e+06
16.7583,116.823,-47.7245,116.659,7160.71,3373.76,4.56144e+06
16.7750,116.819,-47.8196,116.666,7214.94,3346.67,4.54677e+06
16.7917,116.835,-47.875,116.686,7246.56,3322.24,4.55025e+06
16.8083,116.819,-47.7861,116.667,7323.29,3318.46,4.62374e+06
16.8250,116.728,-47.6381,116.572,7385.91,3327.15,4.75147e+06
16.8417,116.76,-47.7088,116.608,7358.78,3328.41,4.61556e+06
16.8583,116.77,-47.7173,116.62,7429.45,3330.39,4.58685e+06
16.8750,116.802,-47.6979,116.651,7503.96,3295.52,4.70459e+06
16.8917,116.761,-47.6566,116.608,7551.08,3326.73,4.43924e+06
16.9083,116.89,-47.7194,116.737,7612.48,3319.91,4.64205e+06
16.9250,116.937,-47.8181,116.787,7592.72,3322.29,4.37476e+06
16.9417,117.101,-47.8575,116.946,7657.94,3288.43,4.81408e+06
16.9583,117.149,-47.8663,116.991,7730.08,3258.05,4.72105e+06
16.9750,116.975,-47.6605,116.807,7717.1,3282.89,4.99914e+06
16.9917,116.936,-47.7671,116.771,7743.36,3276.98,4.91278e+06
17.0083,116.737,-47.6637,116.566,7744.97,3292.88,4.74863e+06
17.0250,116.605,-47.6385,116.434,7779.03,3232.32,5.11487e+06
17.0417,116.624,-47.8099,116.458,7807.83,3255.54,5.09746e+06
17.0583,116.584,-47.7963,116.411,7779.97,3244.55,5.23762e+06
17.0750,116.696,-47.7947,116.509,7860.4,3229.47,5.46652e+06
17.0917,116.786,-47.8935,116.594,7879.92,3226.7,5.36913e+06
17.1083,116.858,-47.9536,116.655,7855.27,3210.88,5.2367e+06
17.1250,116.91,-47.963,116.701,7883.84,3224.74,5.58563e+06
17.1417,116.88,-47.8226,116.658,7940.97,3208.3,5.76778e+06
17.1583,116.873,-47.7506,116.64,7930.79,3223.11,5.34943e+06
17.1750,116.729,-47.5755,116.482,7914.06,3198.4,5.6393e+06
17.1917,116.493,-47.603,116.248,7874.04,3182.84,5.62086e+06
17.2083,116.327,-47.7053,116.085,7831.94,3166.7,5.76557e+06
17.2250,116.309,-47.7406,116.054,7838.9,3184.21,5.22728e+06
17.2417,116.194,-47.7551,115.931,7802.12,3173.39,5.22931e+06
17.2583,116.13,-47.6531,115.854,7811.83,3163.23,5.1992e+06
17.2750,116.134,-47.7256,115.853,7792.49,3149.97,5.15848e+06
17.2917,116.063,-47.7436,115.774,7660.42,3151.63,5.26814e+06
17.3083,116.019,-47.8091,115.725,7648.29,3124.94,5.14472e+06
17.3250,115.924,-47.7403,115.617,7660.41,3143.14,5.2758e+06
17.3417,115.797,-47.6523,115.481,7612.43,3117.16,5.08543e+06
17.3583,115.803,-47.6801,115.474,7631.08,3162.42,5.45058e+06
17.3750,115.652,-47.603,115.307,7594.51,3163.13,5.3695e+06
17.3917,115.591,-47.4985,115.222,7610.82,3152.54,5.33785e+06
17.4083,115.589,-47.4897,115.201,7618.32,3148.67,5.42293e+06
17.4250,115.506,-47.4819,115.104,7624.72,3157.06,5.2446e+06
17.4417,115.681,-47.6413,115.264,7562.95,3147.83,5.39503e+06
17.4583,115.747,-47.5602,115.311,7609.17,3132.47,5.39233e+06
17.4750,115.812,-47.5162,115.351,7663.45,3138.64,5.241e+06
17.4917,115.906,-47.6355,115.431,7703.02,3147.25,5.61243e+06
17.5083,115.899,-47.5767,115.39,7626.34,3125.81,5.20746e+06
17.5250,116.014,-47.7086,115.482,7638.06,3136.34,5.23638e+06
17.5417,115.89,-47.6109,115.344,7663.15,3167.92,5.09053e+06
17.5583,116.091,-47.7014,115.512,7654.96,3157.32,5.34738e+06
17.5750,116.07,-47.6365,115.463,7717.46,3158.79,4.9759e+06
17.5917,115.909,-47.5829,115.276,7648.52,3152.83,5.11335e+06
17.6083,115.984,-47.7435,115.332,7716.77,3152.35,5.00528e+06
17.6250,115.936,-47.6978,115.262,7701.85,3171.58,5.24523e+06
17.6417,115.661,-47.4363,114.959,7664.57,3201.82,5.15878e+06
17.6583,115.448,-47.3483,114.72,7609.02,3172.71,5.12091e+06
17.6750,115.406,-47.3698,114.663,7547.53,3165.74,5.34986e+06
17.6917,115.221,-47.2057,114.451,7613.97,3179.89,5.20443e+06
17.7083,115.3,-47.3044,114.504,7624.62,3185.76,5.25724e+06
17.7250,115.318,-47.3591,114.502,7550.57,3180.82,5.5852e+06
17.7417,115.383,-47.5578,114.549,7567.29,3189,5.30127e+06
17.7583,115.376,-47.4211,114.506,7579.05,3167.18,4.91051e+06
17.7750,115.284,-47.3543,114.387,7591.23,3199.49,4.86482e+06
17.7917,115.311,-47.3541,114.393,7574.12,3182.42,4.95798e+06
17.8083,115.232,-47.329,114.284,7558.22,3173.34,4.97509e+06
17.8250,115.162,-47.2859,114.188,7552.08,3202.61,4.91285e+06
17.8417,115.045,-47.2843,114.042,7509.24,3205.99,4.50982e+06
17.8583,114.944,-47.2436,113.958,7500.5,3185.97,4.72541e+06
17.8750,115.042,-47.445,114.021,7459.61,3195.72,4.73403e+06
17.8917,115.062,-47.5291,114.011,7406.96,3177.34,4.77026e+06
17.9083,114.926,-47.4007,113.808,7380.03,3158.9,4.57147e+06
17.9250,114.81,-47.3637,113.658,7333.02,3176.82,4.6813e+06
17.9417,114.679,-47.2805,113.487,7336.5,3166.02,4.88281e+06
17.9583,114.632,-47.4229,113.403,7227.03,3156.77,4.48124e+06
17.9750,114.617,-47.4627,113.356,7227.67,3148.77,4.70532e+06
17.9917,114.577,-47.4969,113.282,7222.3,3167.46,4.53434e+06
18.0083,114.474,-47.4752,113.145,7180.74,3139.97,4.63691e+06
18.0250,114.507,-47.6251,113.143,7137.43,3153.26,4.7518e+06
18.0417,114.469,-47.6321,113.081,7136.88,3155.16,4.85027e+06
18.0583,114.415,-47.5976,112.99,7100.94,3159.96,4.63314e+06
18.0750,114.403,-47.5309,112.945,7105.85,3134.59,4.29418e+06
18.0917,114.521,-47.5906,113.018,7156.86,3130.43,4.39651e+06
18.1083,114.8,-47.7012,113.269,7098.91,3172.51,4.50815e+06
18.1250,114.713,-47.6002,113.151,7095.65,3157.7,4.47667e+06
18.1417,114.807,-47.6124,113.215,7070.57,3148.62,4.47357e+06
18.1583,114.847,-47.8548,113.196,6978.65,3138.67,4.48197e+06
18.1750,114.778,-47.9659,113.074,6997.63,3121.49,4.73801e+06
18.1917,114.54,-47.9285,112.781,6927.8,3120.05,4.31739e+06
18.2083,114.468,-47.7679,112.715,6849.64,3127.14,4.518e+06
18.2250,114.204,-47.6265,112.417,6820.69,3120.43,4.58691e+06
18.2417,114.237,-47.8025,112.416,6775.41,3128.29,4.47433e+06
18.2583,114.085,-47.834,112.242,6745.99,3106.48,4.51907e+06
18.2750,113.841,-47.8205,111.962,6629.7,3095.66,4.60643e+06
18.2917,113.589,-47.9024,111.671,6551.06,3074.45,4.44101e+06
18.3083,113.354,-47.9291,111.402,6509.75,3074.62,4.53412e+06
18.3250,113.628,-47.9847,111.613,6493.55,3071,4.55618e+06
18.3417,115.68,-47.8703,113.589,7052.11,3157.51,4.32254e+06
18.3583,116.255,-46.7724,114.145,7534.05,3218.87,4.42189e+06
18.3750,118.84,-47.4247,116.483,7640.07,3276.64,4.43441e+06
18.3917,119.603,-47.4794,117.123,7670.47,3256.6,4.09981e+06
18.4083,120.644,-47.4192,118.058,7861.42,3282.9,4.39435e+06
18.4250,121.043,-47.0183,118.418,8038.44,3292.69,4.25662e+06
18.4417,121.662,-47.704,119.033,7972.46,3272.44,3.99937e+06
18.4583,121.648,-48.2466,119.003,7716.88,3269.5,4.18055e+06
18.4750,121.672,-48.6131,118.992,7581.95,3233.78,4.76871e+06
18.4917,121.467,-48.411,118.793,7522.56,3210.39,4.73198e+06
18.5083,121.444,-48.1763,118.72,7379.76,3199.6,4.55657e+06
18.5250,121.353,-48.2557,118.596,7197.92,3239.86,4.40528e+06
18.5417,121.196,-48.3269,118.381,6992.41,3221.16,4.51191e+06
18.5583,121.731,-48.5255,118.878,6935.16,3227.51,4.58719e+06
18.5750,121.651,-48.1188,118.81,7044.35,3188.82,4.56409e+06
18.5917,121.983,-48.0911,119.081,7043.59,3234.18,4.2023e+06
18.6083,122.034,-48.3259,119.06,6959.73,3187.68,4.48688e+06
18.6250,122.522,-48.6925,119.485,6802.82,3164.17,4.75736e+06
18.6417,122.702,-48.5453,119.61,6900.35,3196.3,4.31658e+06
18.6583,123.127,-48.383,119.927,7003.56,3230.5,4.18964e+06
18.6750,123.728,-48.6806,120.466,7015.59,3220.93,3.98715e+06
18.6917,123.737,-48.7064,120.418,6986.18,3228.29,4.55387e+06
18.7083,123.778,-48.7376,120.408,6963.71,3189.78,4.9137e+06
18.7250,123.892,-48.7753,120.489,6993.17,3179.76,4.81843e+06
18.7417,123.854,-48.4392,120.401,6993.93,3181.44,4.90641e+06
18.7583,123.823,-48.5654,120.302,6954.41,3211.04,4.4622e+06
18.7750,123.686,-48.5199,120.098,6770.54,3221.92,4.76846e+06
18.7917,123.278,-48.5599,119.643,6731.06,3172.48,4.47781e+06
18.8083,122.568,-48.4574,118.924,6642.04,3129.75,5.0169e+06
18.8250,122.663,-48.548,118.992,6603.38,3166.59,4.5228e+06
18.8417,121.961,-48.2575,118.235,6519.33,3154.24,4.27721e+06
18.8583,122.226,-48.1956,118.482,6493.98,3181.16,4.20648e+06
18.8750,121.797,-48.2871,118.04,6431.21,3170.32,4.15052e+06
18.8917,121.65,-48.5887,117.825,6398.27,3129,4.14874e+06
18.9083,121.936,-48.7509,117.971,6360.2,3144.89,4.40848e+06
18.9250,121.958,-48.4214,117.935,6436.16,3184.54,4.14008e+06
18.9417,122.165,-48.1701,118.046,6472.82,3167.21,4.36423e+06
18.9583,122.625,-48.4377,118.455,6496.97,3195.72,4.20348e+06
18.9750,122.843,-48.3318,118.598,6494.37,3179.94,4.40848e+06
18.9917,123.151,-48.6475,118.834,6438.3,3160.59,4.10022e+06
19.0083,123.678,-48.8393,119.227,6561.78,3212.77,4.19955e+06
19.0250,123.343,-48.6567,118.796,6551.29,3213.49,3.97249e+06
19.0417,122.95,-48.2061,118.356,6625.73,3243.77,4.09758e+06
19.0583,122.659,-48.4169,118.029,6552,3218.25,4.36725e+06
19.0750,122.369,-48.3252,117.709,6528.65,3210.76,3.88869e+06
19.0917,122.313,-48.4803,117.588,6540.06,3236.13,3.92289e+06
19.1083,122.468,-48.6465,117.651,6625.39,3221.49,3.83622e+06
19.1250,122.522,-48.4928,117.647,6685.88,3252.77,3.67043e+06
19.1417,122.408,-48.5244,117.477,6691.81,3253.79,3.84432e+06
19.1583,122.111,-48.2423,117.115,6676.14,3266.7,3.82928e+06
19.1750,121.787,-47.9604,116.772,6710.48,3260.45,3.83001e+06
19.1917,121.607,-48.281,116.51,6624.09,3235.85,3.64736e+06
19.2083,120.846,-48.3712,115.673,6534,3215.82,3.73468e+06
19.2250,120.121,-48.4022,114.927,6388.06,3205.38,3.33324e+06
19.2417,119.438,-47.7376,114.209,6479.04,3229.77,3.20205e+06
19.2583,119.169,-47.368,113.92,6528.2,3229.42,3.34522e+06
19.2750,119.231,-47.4136,113.967,6553.55,3226.11,3.52358e+06
19.2917,119.158,-47.7033,113.85,6401.2,3208.69,2.98836e+06
19.3083,119.249,-48.1444,113.79,6386.76,3183.64,3.09548e+06
19.3250,119.275,-48.0837,113.71,6389.31,3161.64,2.86068e+06
19.3417,119.248,-48.0729,113.636,6414.32,3158.98,2.94171e+06
19.3583,119.118,-48.0012,113.471,6449.39,3169.91,2.8905e+06
19.3750,118.827,-47.605,113.146,6473.62,3159.96,2.90106e+06
19.3917,119.182,-47.4172,113.386,6530.94,3187.75,2.56658e+06
19.4083,119.216,-47.394,113.383,6555.73,3129.08,2.53319e+06
19.4250,120.361,-48.0194,114.487,6596.79,3141.44,2.45111e+06
19.4417,121.069,-48.0374,115.031,6640.86,3123.7,2.66571e+06
19.4583,121.594,-48.5091,115.499,6707.99,3128.75,2.70868e+06
19.4750,121.513,-48.3871,115.332,6728.99,3151.26,2.73488e+06
19.4917,121.701,-48.4884,115.422,6685.77,3106,2.57193e+06
19.5083,121.574,-48.7169,115.337,6656.98,3090.09,2.71975e+06
19.5250,121.855,-48.5081,115.535,6746.19,3094.74,2.64976e+06
19.5417,122.025,-48.7663,115.577,6892.13,3078.82,2.43979e+06
19.5583,122.195,-49.283,115.634,6890.17,3085.34,2.64778e+06
19.5750,122.123,-48.9957,115.364,6967.21,3123.23,2.69982e+06
19.5917,121.6,-48.6704,114.708,6974.4,3128.04,2.87026e+06
19.6083,121.291,-48.7725,114.34,6970.76,3127.74,2.89765e+06
19.6250,121.388,-48.7589,114.41,6984.97,3123.12,2.98692e+06
19.6417,121.543,-49.2862,114.431,7037.78,3088.74,2.7943e+06
19.6583,121.138,-49.2485,113.835,7094.64,3098.93,2.7732e+06
19.6750,121.006,-49.1598,113.537,7187.07,3136.67,2.95451e+06
19.6917,120.716,-48.8249,113.161,7304.17,3145.16,2.58093e+06
19.7083,120.895,-48.5406,113.294,7412.19,3122.87,2.41447e+06
19.7250,121.134,-48.6655,113.357,7455.38,3166.43,2.81139e+06
19.7417,121.406,-48.9309,113.542,7588.81,3149.9,2.46899e+06
19.7583,121.482,-48.5227,113.625,7656.28,3167.65,2.58342e+06
19.7750,121.493,-48.9408,113.651,7581.35,3150.71,2.84077e+06
19.7917,121.625,-49.0333,113.732,7572.59,3127.8,2.79256e+06
19.8083,121.077,-48.8418,113.1,7567.43,3165.39,3.02948e+06
19.8250,120.661,-48.9588,112.569,7532.34,3110.76,2.87325e+06
19.8417,120.223,-48.9305,111.989,7473.29,3101.65,3.0999e+06
19.8583,120.015,-49.0181,111.605,7463.4,3096.6,3.07856e+06
19.8750,120.015,-48.9152,111.489,7635.78,3134.68,2.83632e+06
19.8917,119.934,-48.3064,111.338,7876.19,3137.13,2.84902e+06
19.9083,119.965,-48.1498,111.347,8033.25,3153.5,2.87014e+06
19.9250,119.794,-48.0195,111.109,8128.47,3184.07,2.84342e+06
19.9417,119.265,-48.2778,110.575,8009.58,3160.38,3.02016e+06
19.9583,118.098,-48.4768,109.399,7724,3128.27,2.92943e+06
19.9750,117.706,-48.7833,108.947,7459.08,3077,2.84908e+06
19.9917,116.945,-48.5723,108.208,7521.66,3083.79,2.86606e+06
20.0083,116.443,-48.2046,107.601,7580.74,3092.14,2.82e+06
20.0250,116.147,-47.8135,107.278,7656.11,3090.62,2.79903e+06
20.0417,116.222,-47.9735,107.183,7587.52,3096.06,2.87022e+06
20.0583,116.468,-48.0837,107.288,7595.94,3070.16,2.57482e+06
20.0750,117.497,-48.9031,108.062,7645.22,3033.58,2.83424e+06
20.0917,116.931,-48.0195,107.468,7840.38,3065.86,2.73238e+06
20.1083,117.082,-48.1833,107.531,7855.21,3077.18,2.89412e+06
20.1250,117.147,-48.7568,107.506,7796.52,3105.11,2.71786e+06
20.1417,117.167,-48.5662,107.424,7627.07,3044.22,2.54889e+06
20.1583,117.23,-48.7431,107.241,7691.48,3061.79,2.48448e+06
20.1750,117.288,-48.4735,107.374,7812,3040.32,2.68452e+06
20.1917,117.269,-48.2861,107.168,7910.09,3069.35,2.55336e+06
20.2083,117.001,-48.1873,106.826,7964.03,3090.59,2.73161e+06
20.2250,117.09,-48.8314,106.863,7976.3,3040.41,2.6775e+06
20.2417,117.385,-48.9105,106.953,7896.42,3084.39,2.90944e+06
20.2583,117.673,-49.0648,107.028,8015.62,3086.28,2.61797e+06
20.2750,117.856,-48.7999,107.077,8290.59,3085.14,2.62483e+06
20.2917,117.857,-48.8081,107.043,8357.42,3097.44,2.72794e+06
20.3083,118.247,-49.1353,107.21,8448.8,3093.66,2.75619e+06
20.3250,118.421,-49.2149,107.211,8516.25,3096.14,2.69111e+06
20.3417,118.246,-49.1477,106.96,8643.18,3140.55,2.7212e+06
20.3583,117.691,-48.6491,106.436,8707.03,3150.7,2.75413e+06
20.3750,117.786,-48.9821,106.589,8574.29,3090.79,2.69129e+06
20.3917,117.977,-49.4562,106.747,8458.9,3078.1,2.8269e+06
20.4083,118.305,-49.3379,106.733,8363.46,3117.87,2.65164e+06
20.4250,118.339,-49.7946,106.61,8497.73,3120.73,2.9034e+06
20.4417,117.951,-49.5163,106.182,8740.85,3098.46,2.85386e+06
20.4583,117.669,-49.2437,105.877,8824.87,3095.17,2.95467e+06
20.4750,117.369,-49.1458,105.635,8786.46,3091.04,3.08104e+06
20.4917,117.272,-49.5123,105.552,8713.33,3084.09,2.82376e+06
20.5083,117.235,-49.6012,105.428,8708.26,3085.97,2.8531e+06
20.5250,117.395,-49.9423,105.428,8774.56,3073.61,3.0207e+06
20.5417,117.56,-50.2082,105.395,8817.98,3062.61,2.93939e+06
20.5583,117.454,-50.1764,105.146,8963.55,3079.31,2.76416e+06
20.5750,117.511,-50.3424,105.119,8985.14,3071.77,3.24609e+06
20.5917,117.762,-50.535,105.319,9176.14,3112.98,3.05052e+06
20.6083,117.921,-50.7407,105.244,9378.51,3093.57,2.78504e+06
20.6250,118.223,-50.7169,105.383,9516.5,3099.56,2.91555e+06
20.6417,118.25,-50.5331,105.269,9816.14,3150.82,3.16453e+06
20.6583,118.213,-50.3432,105.202,10215.4,3176.54,2.83157e+06
20.6750,118.004,-50.3291,105.094,10280.7,3179.61,2.76089e+06
20.6917,117.945,-50.59,105.047,10028.2,3138.01,2.93647e+06
20.7083,117.617,-51.0181,104.606,9817.56,3091.54,3.02485e+06
20.7250,117.257,-50.9368,104.072,9695.04,3066.34,2.93048e+06
20.7417,116.974,-50.8423,103.57,9884.58,3086.21,3.05972e+06
20.7583,116.722,-50.6024,103.217,10377,3159.66,3.07261e+06
20.7750,116.63,-50.6251,103.094,10895,3187.31,3.11851e+06
20.7917,116.864,-50.8805,103.224,11029.4,3118.67,3.05476e+06
20.8083,117.099,-51.2776,103.291,10933.4,3064.9,2.91284e+06
20.8250,117.441,-51.5847,103.418,10833,3049.32,3.01738e+06
20.8417,117.569,-51.6913,103.433,11030.9,3077.77,3.14424e+06
20.8583,117.386,-51.5915,103.285,11310.1,3112.75,2.55819e+06
20.8750,117.253,-51.5635,103.196,11462.6,3083.99,2.83402e+06
20.8917,117.416,-52.1256,103.278,11604.3,3043.02,2.84979e+06
20.9083,117.894,-52.3966,103.493,11787.6,3020.4,2.9164e+06
20.9250,118.175,-52.2373,103.632,12319.6,3021.19,2.8303e+06
20.9417,118.203,-52.1482,103.578,12846.5,3088.84,2.77614e+06
20.9583,118.123,-52.3056,103.402,13161.8,3138.3,2.61931e+06
20.9750,118.157,-52.4438,103.419,13245,3121.28,2.85734e+06
20.9917,118.33,-52.805,103.506,13425.3,3078.62,3.22368e+06
21.0083,118.487,-53.0247,103.495,13665.8,3074.36,3.0572e+06
21.0250,118.4,-52.8911,103.341,14247,3041.84,2.90018e+06
21.0417,117.668,-52.5447,102.686,14619.8,3062.69,3.05043e+06
21.0583,116.283,-52.9826,101.366,13941.7,2990.72,2.85346e+06
21.0750,114.929,-53.4409,99.9005,12302.6,2934.04,2.89557e+06
21.0917,114.024,-53.9174,98.8782,11164.5,2884.17,2.66617e+06
21.1083,113.276,-53.9647,98.013,10924.2,2872.83,2.65776e+06
21.1250,112.813,-53.4346,97.2918,11708.8,2931.8,2.70392e+06
21.1417,112.793,-52.33,97.155,13262.3,2950.56,2.72915e+06
21.1583,112.456,-51.9066,96.8639,15038.5,2991.47,2.53622e+06
21.1750,112.358,-51.9907,96.7358,15213.5,2988.78,2.72989e+06
21.1917,112.204,-52.6852,96.5223,13986.1,2906.87,2.81758e+06
21.2083,112.466,-53.3703,96.7118,12741.2,2905.82,2.95647e+06
21.2250,112.404,-53.4474,96.5285,11993.6,2883.05,2.98068e+06
21.2417,112.173,-53.157,96.2368,12461.2,2898.19,2.70175e+06
21.2583,112.048,-52.8053,95.9793,13654.9,2914.36,2.79983e+06
21.2750,111.928,-52.1281,96.0814,15083.5,2911.05,2.42527e+06
21.2917,112.057,-51.9765,96.2221,15665.4,2924.21,2.58311e+06
21.3083,112.121,-52.0978,96.3041,15074.9,2893.44,2.76694e+06
21.3250,112.032,-52.0444,96.2396,14074.6,2852.45,2.75584e+06
21.3417,111.876,-51.9606,96.2484,13214.3,2869.92,2.77222e+06
21.3583,111.682,-52.2877,96.0318,13025.9,2825.84,2.7183e+06
21.3750,112.002,-52.8399,96.1429,13316.8,2807.08,2.68219e+06
21.3917,112.159,-53.4199,95.97,13112.8,2783.65,2.8322e+06
21.4083,112.133,-53.283,95.6961,12674.3,2808.76,2.89974e+06
21.4250,111.911,-53.1255,95.3501,12713.6,2771.62,2.61613e+06
21.4417,112.047,-53.0491,95.5242,13765.7,2768.19,2.63409e+06
21.4583,111.946,-52.9933,95.4336,14505.7,2774.41,3.00491e+06
21.4750,111.663,-52.9762,95.2301,13676,2789.22,2.7395e+06
21.4917,111.705,-53.3016,95.3095,12066,2774.12,2.89678e+06
21.5083,111.852,-53.72,95.3383,10870.2,2761.96,3.13958e+06
21.5250,111.889,-53.9271,95.1458,10805.1,2774.34,2.75092e+06
21.5417,111.651,-53.5566,94.8069,11629.3,2788.93,2.44431e+06
21.5583,111.479,-53.162,94.5692,13027.5,2769.13,2.86314e+06
21.5750,111.208,-52.8004,94.3949,14098.1,2758.75,2.6382e+06
21.5917,111.343,-53.0929,94.4382,13078.2,2737.53,2.68115e+06
21.6083,111.243,-53.0203,94.4123,11349.6,2794.51,2.52401e+06
21.6250,111.14,-53.216,94.2641,10643.3,2768.79,2.7559e+06
21.6417,111.043,-53.3589,94.0978,10453.7,2757.71,2.77613e+06
21.6583,110.975,-53.6737,93.74,10668.6,2754.54,2.80288e+06
21.6750,110.843,-53.5117,93.4407,11389.5,2755.58,2.96457e+06
21.6917,110.358,-53.2086,93.0816,12032.3,2737.33,2.74071e+06
21.7083,110.496,-53.2541,93.0863,11694.6,2731.26,3.0692e+06
21.7250,110.404,-53.1632,93.0739,11117.2,2757.3,3.00588e+06
21.7417,110.286,-53.2326,92.7704,10362.9,2772.08,2.68551e+06
21.7583,110.432,-53.6422,92.8444,10238.4,2724.4,2.62068e+06
21.7750,110.158,-53.1577,92.5345,10517.2,2711.58,2.50057e+06
21.7917,110.4,-53.6847,92.6599,10898.4,2707.27,2.45889e+06
21.8083,110.213,-53.5295,92.3602,10756.6,2709.75,2.65392e+06
21.8250,110.196,-53.9052,92.1365,10261.3,2720.26,2.64168e+06
21.8417,109.91,-53.631,91.8398,9927.18,2697.62,2.73243e+06
21.8583,110.031,-53.7967,91.7239,9772.08,2704.64,2.67691e+06
21.8750,110.008,-53.8191,91.5522,9940.18,2699.52,2.5962e+06
21.8917,109.827,-53.4399,91.4548,10188.4,2738.83,2.5973e+06
21.9083,109.683,-53.3769,91.2476,10315.3,2699.73,2.62846e+06
21.9250,109.581,-53.4092,91.0561,10012.2,2695.52,2.51785e+06
21.9417,109.668,-53.7046,91.0374,9572.92,2719.4,2.55636e+06
21.9583,109.577,-53.9786,90.7487,9115.08,2693.23,2.74979e+06
21.9750,109.712,-54.2447,90.7134,8919.57,2692.9,2.46346e+06
21.9917,109.983,-54.4953,90.754,9087.67,2712.77,2.59247e+06
22.0083,109.759,-54.1706,90.595,9574.27,2721.51,2.50912e+06
22.0250,109.611,-53.7274,90.4635,9935.83,2755.42,2.47474e+06
22.0417,109.474,-53.7521,90.425,9799.42,2754.51,2.55665e+06
22.0583,109.733,-53.5148,90.6497,9392.59,2748.25,2.67286e+06
22.0750,109.716,-53.8143,90.7372,8865.12,2746.46,2.70182e+06
22.0917,110.009,-54.2611,90.746,8329.96,2735.26,2.43742e+06
22.1083,110.193,-55.0444,90.5143,7899.11,2694.3,2.65043e+06
22.1250,110.55,-55.412,90.5043,7849.56,2706.72,2.52547e+06
22.1417,110.313,-55.1998,90.1595,8342.01,2738.38,2.59539e+06
22.1583,110.049,-54.7483,90.0198,8816.9,2752.43,2.44909e+06
22.1750,109.659,-54.4387,89.7032,9013.17,2733.26,2.621e+06
22.1917,109.546,-54.3562,89.6584,8701.01,2690.74,2.63532e+06
22.2083,109.769,-54.9234,89.5956,8253.3,2682.97,2.5997e+06
22.2250,110.158,-55.2043,89.7921,7856.84,2652.31,2.63342e+06
22.2417,110.115,-55.4676,89.4554,7883.49,2663.27,2.62419e+06
22.2583,109.58,-54.9932,89.0984,8132.07,2685.43,2.64641e+06
22.2750,109.442,-54.8668,88.8913,8422.6,2699.82,2.60785e+06
22.2917,109.275,-54.8858,88.7277,8553.4,2683.1,3.29511e+06
22.3083,109.186,-54.8851,88.4463,8399.07,2662.44,3.12521e+06
22.3250,108.791,-54.9982,88.0435,8070.47,2625.71,3.28447e+06
22.3417,108.63,-54.7371,87.8073,7910.64,2675.01,2.94536e+06
22.3583,108.934,-54.9966,87.984,7999.96,2717.43,2.75046e+06
22.3750,108.549,-54.7137,87.6725,8341.33,2736.73,2.92765e+06
22.3917,108.281,-54.4384,87.4072,8627.5,2760.36,2.91245e+06
22.4083,107.995,-54.2887,87.1348,8613.77,2713.3,2.74861e+06
22.4250,108.135,-54.5062,87.0933,8303.52,2678.05,2.83345e+06
22.4417,108.157,-54.7085,87.1726,8047.21,2686.63,2.7524e+06
22.4583,108.248,-54.7356,87.1052,7811.78,2710.84,2.7183e+06
22.4750,108.047,-54.7689,86.9142,7899.47,2744.83,2.87201e+06
22.4917,107.639,-54.3185,86.4539,8117.36,2717.47,3.11828e+06
22.5083,107.166,-54.0224,86.0644,8262.63,2777.53,2.87434e+06
22.5250,106.839,-53.859,85.8178,8250.25,2848.16,3.34081e+06
22.5417,106.602,-53.8379,85.6523,8050.54,2812.56,3.45181e+06
22.5583,106.462,-53.8707,85.4584,7791.9,2769.76,3.43071e+06
22.5750,106.556,-54.338,85.2645,7639.27,2722.15,3.81273e+06
22.5917,106.516,-54.3296,85.1037,7667.59,2749.23,3.39584e+06
22.6083,106.491,-54.3923,84.9371,7956.53,2849.94,3.53948e+06
22.6250,106.372,-54.4382,84.6949,8218.65,2914.94,3.79516e+06
22.6417,105.766,-53.8271,84.1683,8530.89,2933.04,3.86803e+06
22.6583,105.633,-54.5774,83.7188,8523.86,2820.37,3.84778e+06
22.6750,104.941,-53.6443,83.2532,8221,2748.59,3.93385e+06
22.6917,104.404,-54.123,82.6209,7901.84,2717.16,3.88904e+06
22.7083,103.765,-53.5749,82.17,7668.62,2663.63,3.8655e+06
22.7250,103.937,-54.1895,81.9847,7618.3,2644.46,3.0529e+06
22.7417,103.442,-53.923,81.6529,7751.23,2622.84,3.68188e+06
22.7583,103.116,-53.4911,81.1413,7993.57,2665.14,4.34534e+06
22.7750,102.664,-53.4779,80.8012,8172.73,2657.6,3.99673e+06
22.7917,103.138,-53.6944,80.8917,8325.25,2628.01,3.68197e+06
22.8083,103.424,-53.9625,81.2438,8473.32,2612.58,3.83246e+06
22.8250,104.056,-53.9854,81.6156,8726.33,2624.63,3.5328e+06
22.8417,103.85,-53.9384,81.339,8890.5,2587.41,3.20894e+06
22.8583,104.082,-54.393,81.3032,8887.94,2541.07,3.32183e+06
22.8750,103.295,-53.7333,80.9698,8894.51,2575.7,3.26332e+06
22.8917,102.984,-53.5179,80.7372,8869.9,2553.98,3.20515e+06
22.9083,102.563,-53.3472,80.4672,8975.34,2509.21,3.10037e+06
22.9250,102.586,-53.5901,80.2249,9072.28,2485.3,2.90837e+06
22.9417,102.375,-53.36,79.9939,9264.62,2486.94,2.85703e+06
22.9583,102.501,-53.4802,79.9334,9534.75,2481.73,2.86969e+06
22.9750,102.038,-52.8554,79.6149,9733.77,2467.72,2.81095e+06
22.9917,102.242,-53.3734,79.7393,9795.79,2494.46,2.72459e+06
23.0083,102.225,-53.3142,79.671,9674.27,2461.22,2.84497e+06
23.0250,101.944,-53.5876,79.3546,9420.29,2402.16,2.75242e+06
23.0417,102.003,-53.7311,79.44,9025.32,2397.05,2.50929e+06
23.0583,102.252,-53.9741,79.3771,8943.61,2417.3,2.71812e+06
23.0750,102.235,-53.942,79.4163,9175.75,2403.92,2.74298e+06
23.0917,102.182,-54.0023,79.0158,9388.73,2395.46,2.6974e+06
23.1083,102.123,-53.8159,79.0701,9570.33,2396.37,2.75175e+06
23.1250,101.979,-53.6973,78.851,9668.62,2415.77,2.79586e+06
23.1417,101.969,-54.0882,78.7373,9518.81,2397.6,2.6005e+06
23.1583,101.936,-53.7073,78.8371,9317.05,2421.29,2.57845e+06
23.1750,101.984,-54.1963,78.642,9253.84,2397.8,2.40047e+06
23.1917,101.734,-53.6217,78.5497,9275.78,2414.26,2.6043e+06
23.2083,101.195,-53.7319,77.9791,9297.29,2413.07,2.50696e+06
23.2250,100.853,-53.4644,77.7116,9504.07,2398.63,2.72023e+06
23.2417,100.688,-53.1792,77.7719,9606.91,2402.16,2.31101e+06
23.2583,100.441,-53.064,77.5552,9601.79,2399.92,2.44229e+06
23.2750,100.206,-52.9268,77.306,9418.59,2402.95,2.43214e+06
23.2917,100.363,-53.4953,77.1673,9184.78,2395.97,2.61611e+06
23.3083,100.616,-53.6381,77.2407,9053.92,2393.04,2.70725e+06
23.3250,100.172,-53.6438,76.8007,8941.71,2401.12,2.69646e+06
23.3417,100.426,-53.772,76.8386,8939.47,2385.38,2.61863e+06
23.3583,100.254,-53.7668,76.7466,9072.87,2393.92,2.63985e+06
23.3750,100.137,-53.7854,76.662,9073.86,2409.09,2.58282e+06
23.3917,100.067,-53.7525,76.5742,9038.91,2393.03,2.38794e+06
23.4083,100.248,-53.9168,76.6187,8612.93,2401.4,2.57464e+06
23.4250,100.349,-54.3282,76.4698,8265.42,2379.35,2.43524e+06
23.4417,100.535,-54.4834,76.5209,8182.92,2401.09,2.37544e+06
23.4583,100.483,-54.3306,76.4897,8348.34,2370.37,2.52387e+06
23.4750,100.442,-54.2499,76.4783,8569.4,2385.03,2.53885e+06
23.4917,100.548,-54.2773,76.5514,8719.02,2359.06,2.39688e+06
23.5083,100.761,-54.3547,76.6102,8759.6,2380.04,2.26966e+06
23.5250,101.035,-54.369,76.7976,8736.53,2373.01,2.56356e+06
23.5417,100.756,-54.2069,76.5789,8649.17,2369.23,2.71763e+06
23.5583,100.397,-54.3655,76.1395,8516.7,2416.54,2.61258e+06
23.5750,100.644,-54.3051,76.3866,8315.89,2402.54,2.6122e+06
23.5917,100.463,-54.6036,76.063,8243.61,2378.94,2.52819e+06
23.6083,100.525,-54.8888,76.1728,8089.37,2366.48,2.35763e+06
23.6250,100.522,-54.8275,76.107,7837.01,2369.11,2.67505e+06
23.6417,100.47,-55.0457,75.8875,7581.28,2353.06,2.64929e+06
23.6583,100.464,-54.9866,75.8698,7606.06,2359.77,2.51967e+06
23.6750,100.395,-55.0209,75.7571,7668.01,2389.35,2.45478e+06
23.6917,100.463,-54.8222,75.8226,7868.17,2360.69,2.57899e+06
23.7083,100.327,-54.7471,75.7138,7932.38,2379.84,2.4647e+06
23.7250,100.042,-54.4155,75.5117,7851.06,2377.48,2.69557e+06
23.7417,99.4716,-54.0127,75.2144,7604.74,2347.23,2.47372e+06
23.7583,99.2465,-54.2806,74.865,7324.49,2356.98,2.58073e+06
23.7750,99.3377,-54.2141,74.9561,7145.71,2368.25,2.53887e+06
23.7917,99.4172,-54.3989,74.981,6979.68,2371.89,2.29389e+06
23.8083,99.7506,-54.5041,75.2384,6980.45,2367.96,2.55993e+06
23.8250,99.2131,-53.9983,74.9102,7040.45,2397.51,2.56022e+06
23.8417,99.2543,-53.9715,74.9869,7002.02,2390.63,2.43239e+06
23.8583,98.6615,-53.6546,74.5245,6950.67,2351.55,2.55714e+06
23.8750,98.7541,-53.8707,74.5084,6842.62,2360.27,2.4866e+06
23.8917,98.3501,-53.7437,74.1596,6607.33,2363.61,2.18205e+06
23.9083,97.9515,-53.3805,74.0022,6436.82,2353.16,2.4515e+06
23.9250,97.9373,-53.5302,73.8988,6279.1,2350.33,2.34248e+06
23.9417,97.7125,-53.4077,73.7141,6102.29,2368.26,2.03103e+06
23.9583,97.1865,-53.0739,73.3631,5948.03,2374.77,2.06217e+06
23.9750,96.89,-53.1518,72.9495,5864.17,2380.39,2.01043e+06
23.9917,96.5711,-52.6547,72.8363,5864.77,2382.87,2.07672e+06
24.0083,96.2811,-52.7827,72.4765,5811.58,2375.71,2.04685e+06
24.0250,95.6694,-52.2589,72.1007,5720.39,2354.75,2.05934e+06
24.0417,95.3374,-52.1171,71.8347,5677.81,2363.87,1.8536e+06
24.0583,94.9678,-52.0413,71.4283,5515.17,2355.58,1.97257e+06
24.0750,95.0456,-52.125,71.5153,5511.01,2348.94,1.891e+06
24.0917,94.5507,-51.9506,71.1471,5513.75,2362.15,1.72932e+06
24.1083,93.8235,-51.5433,70.5844,5444.71,2334.31,1.56617e+06
24.1250,93.4424,-51.3288,70.3058,5392.33,2342.81,1.5723e+06
24.1417,93.0174,-51.2783,69.8498,5289.91,2327.1,1.43912e+06
24.1583,92.8528,-51.4773,69.5569,5210.95,2316.87,1.55248e+06
24.1750,92.7385,-51.6252,69.2093,5173.53,2309.28,1.30433e+06
24.1917,92.5215,-51.4994,69.185,5148.81,2342.6,1.24309e+06
24.2083,92.1465,-51.5147,68.6252,5126.21,2306.96,1.20214e+06
24.2250,92.4445,-51.739,68.8076,5157.97,2320.98,1.18803e+06
24.2417,92.4102,-51.9946,68.5349,5118.48,2295.78,1.19961e+06
24.2583,92.2307,-51.9276,68.3678,5176.41,2300.23,1.19042e+06
24.2750,92.3328,-52.6091,67.9199,5121.67,2272.5,1.18449e+06
24.2917,91.5647,-52.1698,67.3576,5141.71,2261.87,1.16338e+06
24.3083,91.1325,-52.2819,66.7783,5158.08,2245.24,1.22439e+06
24.3250,90.807,-52.1868,66.5306,5102.64,2242.52,1.0967e+06
24.3417,90.4185,-52.2041,65.9958,5062.44,2231.3,1.11558e+06
24.3583,90.3113,-52.5821,65.6505,5085.9,2255.23,975005
24.3750,90.3524,-52.6893,65.5935,5025.33,2253.68,1.05731e+06
24.3917,90.3404,-52.8993,65.4344,5079.86,2226.26,1.03336e+06
24.4083,90.2811,-53.255,65.0646,5060.6,2231.83,1.15292e+06
24.4250,90.0667,-53.1718,64.8641,5079.13,2204.74,903053
24.4417,90.1507,-53.6127,64.5883,5085.65,2226.63,1.1541e+06
24.4583,90.2365,-53.9467,64.3813,5085.52,2207.3,997648
24.4750,89.9138,-53.777,64.1952,5113.5,2206.18,955998
24.4917,89.8001,-53.813,63.9396,5099.58,2174.89,996691
24.5083,89.4677,-53.7376,63.562,5168.72,2193.53,1.01079e+06
24.5250,89.5127,-53.6978,63.6023,5245.76,2173.35,936760
24.5417,89.4694,-54.0342,63.1654,5211.45,2184.68,954300
24.5583,89.4465,-53.792,63.3983,5221.18,2205,986044
24.5750,89.3616,-53.8912,63.1119,5224.11,2198.57,940735
24.5917,89.3101,-53.7918,63.1754,5206.53,2229.55,940955
24.6083,89.226,-53.9711,62.8838,5230.91,2217.12,1.01522e+06
24.6250,88.9835,-53.6101,62.9315,5279.21,2219.11,915348
24.6417,88.8421,-53.8093,62.4655,5204.63,2197.09,960541
24.6583,88.7462,-53.8168,62.3133,5249.09,2213.4,936168
24.6750,88.642,-53.6881,62.1693,5336.01,2187.8,1.02917e+06
24.6917,88.5083,-53.9618,61.7228,5519.62,2137.49,945400
24.7083,88.2729,-54.0149,61.3368,5678.03,2120.55,1.04006e+06
24.7250,88.2254,-54.1172,61.0512,6018.39,2140.91,858149
24.7417,87.6135,-53.8094,60.5016,6198.3,2102.09,933438
24.7583,87.3236,-54.1833,59.8458,6271.37,2152.92,738332
24.7750,87.1612,-54.3343,59.6481,6186.42,2163.75,973127
24.7917,87.1956,-54.8699,59.3132,5933.59,2153.27,902910
24.8083,87.2724,-54.7555,59.5546,5677.98,2183.3,913648
24.8250,87.1501,-54.9929,59.0438,5523.25,2134.14,782707
24.8417,87.1497,-54.8725,59.0151,5575.53,2145.22,827059
24.8583,86.4363,-54.7995,58.1622,5578.17,2130.97,790485
24.8750,86.1139,-55.0648,57.618,5633.32,2170.7,804686
24.8917,86.2174,-55.3218,57.4653,5606.98,2153.01,582552
24.9083,86.4731,-55.9123,57.2994,5641.54,2147.46,737854
24.9250,86.5955,-55.948,57.3891,5699.43,2129.29,793997
24.9417,85.8373,-55.6779,56.7053,5741.11,2050.02,768537
24.9583,84.942,-55.2885,55.7877,5780.66,2060.18,658409
24.9750,84.8089,-55.3796,55.4703,5690.22,2070.04,695524
24.9917,83.1149,-54.7143,54.1441,5484.51,1993.69,743347
25.0083,81.3172,-53.7802,52.6574,5347.08,1936.61,595954
25.0250,80.5414,-53.3961,52.11,5470.22,1884.03,594578
25.0417,79.4115,-53.0131,50.97,5562.85,1856.17,593237
25.0583,77.5105,-52.0448,49.4764,5523.62,1831.1,593981
25.0750,76.597,-51.6269,48.6222,5332.33,1798.84,597444
25.0917,75.7325,-51.5049,47.6059,5154.11,1786.48,753992
25.1083,75.0535,-51.053,47.1108,5002.96,1755.52,619138
25.1250,73.9958,-50.8136,46.0023,5044.22,1751.3,563163
25.1417,73.126,-50.6147,45.0565,5123.47,1734.81,614746
25.1583,72.9537,-50.7834,44.6521,5085.36,1718.15,667823
25.1750,73.0291,-50.9733,44.7782,5167.1,1734.18,583669
25.1917,70.5223,-50.0311,42.4188,4781.69,1629.69,479956
25.2083,68.7452,-49.1449,41.0121,4280.39,1580.58,628459
25.2250,68.6597,-51.9487,38.1768,3815.03,1465.04,509620
25.2417,74.6463,-59.6717,36.5092,3491.33,1434.32,877382
25.2583,75.4521,-52.7275,46.7295,4655.81,1680.95,3.4608e+07
25.2750,77.9358,-49.6954,52.4295,5262.33,1875.8,3.84367e+07
25.2917,77.5483,-48.6158,52.3606,6766.19,1870.97,3.05723e+07
25.3083,81.4132,-50.0947,55.054,6844.43,1960.62,3.14881e+07
25.3250,82.6396,-51.7298,54.642,4958.67,1995.12,2.22149e+07
25.3417,82.9926,-51.1186,54.9758,4876.45,2019.8,2.64733e+07
25.3583,82.9376,-52.661,54.0569,5048.97,2014.01,5.4399e+07
25.3750,82.7696,-53.4493,53.4503,4678.15,2002.92,4.06559e+07
25.3917,83.2657,-53.3364,54.5709,4607.9,1955.63,1.77029e+07
25.4083,85.5062,-54.7432,55.4076,4822.55,2034.34,2.19208e+07
25.4250,84.8226,-56.6198,53.4195,4535.26,2042.26,1.89318e+07
25.4417,84.8828,-57.5905,52.3947,4426.09,2094.41,1.84255e+07
25.4583,84.5153,-56.7581,53.0306,4390.41,2118.77,1.90638e+07
25.4750,84.8057,-56.9449,53.2754,4340.83,2113.11,2.02259e+07
25.4917,85.2796,-55.7816,54.7775,4306.37,2161.93,1.74665e+07
25.5083,85.2877,-55.041,55.4652,4151.29,2151.74,1.5685e+07
25.5250,85.5476,-55.6031,55.3678,4084.82,2186,1.69664e+07
25.5417,85.1991,-55.0661,55.5914,3996.71,2176.63,1.73042e+07
25.5583,85.4812,-53.6235,57.6883,3984.25,2219.68,1.78669e+07
25.5750,87.7501,-54.8765,59.3223,4154.65,2270.35,2.12798e+07
25.5917,88.4963,-54.5773,60.5588,4334.24,2317.04,1.59408e+07
25.6083,88.8177,-54.5458,61.0212,4432.31,2301.84,1.46158e+07
25.6250,89.1866,-54.6286,61.3626,4359.3,2327.43,1.31108e+07
25.6417,90.7746,-54.4771,63.353,4710.65,2376.66,1.40049e+07
25.6583,89.503,-54.3562,62.1547,5022.81,2281.85,1.75212e+07
25.6750,89.5981,-55.378,61.2894,4681.49,2309.34,1.71846e+07
25.6917,88.758,-56.8938,59.1548,4299.19,2263.02,1.60754e+07
25.7083,89.9441,-56.1883,61.0151,4380.92,2291.73,1.68113e+07
25.7250,89.2249,-57.0652,59.4448,4125.47,2244.28,1.56594e+07
25.7417,89.8012,-57.5893,59.6396,3961.54,2258.64,1.35931e+07
25.7583,90.1552,-57.1832,60.1067,3902.28,2290.73,1.30926e+07
25.7750,92.1196,-54.7453,64.6006,5358.18,2362.64,1.46634e+07
25.7917,91.4447,-53.9744,64.336,6730.11,2313.34,1.40359e+07
25.8083,89.3699,-54.3042,61.5837,4802.84,2302.83,1.62637e+07
25.8250,90.8184,-54.9545,63.0043,6322.16,2281.28,1.40968e+07
25.8417,90.9998,-54.5124,63.5437,6336.47,2241.05,1.54803e+07
25.8583,89.5772,-55.673,60.5793,5112.44,2219.74,1.70324e+07
25.8750,88.3919,-56.1542,58.6913,4265.1,2199.22,1.65723e+07
25.8917,87.9032,-56.6393,57.7267,4068.03,2147.63,1.65607e+07
25.9083,88.533,-58.208,57.4375,3796.82,2072.3,1.43443e+07
25.9250,85.9395,-60.8013,51.761,3331.53,2009.77,1.32142e+07
25.9417,87.7556,-61.7732,52.9504,3444.31,2081.01,1.40404e+07
25.9583,88.9317,-60.8255,55.1806,3700.27,2106.94,1.31356e+07
25.9750,90.4213,-59.9694,57.6662,4070.49,2165.2,1.26507e+07
25.9917,90.926,-61.836,56.3994,3778.03,2200.35,1.32574e+07
26.0083,90.9373,-62.3134,55.7977,3724.77,2221.92,1.42237e+07
26.0250,91.0477,-62.5289,55.4403,3631.97,2225.09,1.50367e+07
26.0417,90.8414,-62.1389,55.5843,3607.74,2218.63,1.31758e+07
26.0583,91.8495,-62.9517,56.0417,3707,2385.88,1.26926e+07
26.0750,91.3811,-62.3629,55.8971,3733.08,2419.5,1.2433e+07
26.0917,90.7113,-62.1769,55.2824,3679.47,2466.24,1.34195e+07
26.1083,90.7659,-60.4779,56.8797,3826.86,2603.97,1.30332e+07
26.1250,91.2239,-59.7148,58.4007,3874.54,2623.86,1.03751e+07
26.1417,90.2891,-60.1499,56.9815,3889.53,2755.54,8.79283e+06
26.1583,89.2073,-59.8725,56.1256,3949.89,2981.98,9.34652e+06
26.1750,90.0565,-60.3319,56.8094,4080.92,3217.46,9.37914e+06
26.1917,91.2812,-59.6944,58.7944,4246,3463.86,8.51578e+06
26.2083,91.7554,-59.6387,59.3079,4418.73,3752.37,7.28471e+06
26.2250,90.9802,-57.5823,60.0974,4943.63,4193.11,7.18456e+06
26.2417,91.3584,-57.0754,61.074,5350.74,4609.25,7.81497e+06
26.2583,89.8859,-57.5816,58.8138,5198.2,4999.21,6.32403e+06
26.2750,89.2455,-59.6812,56.1179,5176.32,5111.31,6.64071e+06
26.2917,91.1023,-61.4733,56.6831,5420.89,5412.32,6.78809e+06
26.3083,91.0402,-60.2782,57.9026,5711.95,5793.09,6.69837e+06
26.3250,90.0492,-58.7959,58.2888,6157.2,6232.35,6.27249e+06
26.3417,90.4408,-58.9136,58.5771,6484.99,6595.63,6.22269e+06
26.3583,90.5293,-58.7299,58.8162,6786.16,6849.19,5.73735e+06
26.3750,90.5938,-58.8241,58.6707,7139.12,7103.6,5.77632e+06
26.3917,91.142,-58.4762,59.9369,7549.85,7729.38,6.38478e+06
26.4083,91.1815,-59.037,59.6418,7960.12,7876.25,6.53039e+06
26.4250,91.3722,-57.9091,60.8384,8530.01,8439.69,7.82351e+06
26.4417,91.2266,-56.1727,62.0687,9118.42,9200.54,7.99552e+06
26.4583,91.8602,-56.3283,62.5135,9805.19,9842.13,8.11988e+06
26.4750,91.0756,-56.7383,61.2323,10552.1,10057.8,7.4147e+06
26.4917,90.4831,-57.9025,59.5311,11222,10057.1,7.53086e+06
26.5083,90.0463,-57.2431,59.4934,12042.3,10916.3,7.52252e+06
26.5250,91.134,-57.9041,60.1375,13003.5,12003,7.22289e+06
26.5417,90.6363,-58.4885,59.1766,13750.3,12952.3,6.72604e+06
26.5583,90.5322,-59.7256,57.9591,14659.8,13457.8,6.87541e+06
26.5750,89.6523,-59.5489,56.9776,15847.4,14067.6,6.57896e+06
26.5917,89.2132,-58.0407,57.686,17074.1,15297.6,6.40099e+06
26.6083,89.7264,-59.0659,57.4266,18076.2,15167.7,6.33567e+06
26.6250,89.5401,-60.3578,55.9486,18698.3,13994.4,6.42238e+06
26.6417,87.868,-60.278,53.9423,19849.5,13618.7,6.98379e+06
26.6583,87.6832,-60.1661,53.8387,21495.7,14669.6,6.66242e+06
26.6750,86.8666,-58.8602,54.0688,23759.2,16136.6,6.50347e+06
26.6917,87.058,-58.3456,54.8214,25824.2,17692.7,6.01492e+06
26.7083,87.5066,-58.0073,55.7972,27832,19103.8,6.48739e+06
26.7250,88.2691,-58.3662,56.3505,30044.9,19638.1,6.76391e+06
26.7417,87.5848,-58.194,55.4323,31992.3,20021.4,6.18775e+06
26.7583,88.7415,-59.0727,56.2278,33869.9,20335.2,5.90808e+06
26.7750,89.3186,-59.4143,56.7051,35783.3,20993.8,6.39937e+06
26.7917,89.5517,-58.7002,57.475,39523,21203,7.81325e+06
26.8083,88.7381,-58.0884,57.2454,40535.7,20866.9,7.85528e+06
26.8250,88.4072,-58.2659,56.6179,42534.4,20691.3,7.95971e+06
26.8417,89.0793,-58.5452,57.1148,44061.8,20085.3,6.62026e+06
26.8583,89.1581,-58.0368,57.7309,45886,19965.1,7.48594e+06
26.8750,89.126,-57.43,58.3281,47161.9,19616.4,9.82564e+06
26.8917,88.5739,-57.1216,57.9426,48780.3,19115.2,9.70969e+06
26.9083,87.4525,-57.1216,56.5107,49871.9,18297.6,9.34647e+06
26.9250,86.8656,-57.927,55.088,51456.2,17206.3,9.4744e+06
26.9417,87.0521,-58.6715,54.7846,53710.6,16552.9,6.67005e+06
26.9583,88.2798,-58.6218,56.4341,55955,16565.2,6.5783e+06
26.9750,88.2232,-57.0817,57.6772,58290.6,16692.1,9.03643e+06
26.9917,88.3862,-56.7476,58.1047,60465.9,16420.7,9.52333e+06
27.0083,88.2766,-57.1247,57.6961,61483.9,15721.4,9.45041e+06
27.0250,88.1823,-57.7212,57.1533,62197,14857,8.25838e+06
27.0417,88.214,-57.801,57.1456,63426.2,14297.7,7.78107e+06
27.0583,88.8023,-57.4696,58.2201,65535.1,14328.6,8.67173e+06
27.0750,88.8962,-57.3321,58.5087,67005.7,14103.4,9.04159e+06
27.0917,88.811,-57.5543,58.1667,68364.6,13302.5,8.18849e+06
27.1083,89.0278,-57.9423,58.096,69543.9,12805.2,7.58339e+06
27.1250,89.899,-58.6039,58.5913,70708.3,12342.1,7.9333e+06
27.1417,90.1022,-58.4826,58.9104,72878.1,12674.1,8.44874e+06
27.1583,89.2698,-58.1573,58.1629,74989.4,13823.5,8.31521e+06
27.1750,89.6554,-59.0156,57.8585,75803.2,15095,8.46816e+06
27.1917,90.935,-60.0522,58.498,76091,16241.5,8.08651e+06
27.2083,91.2365,-60.0491,58.8866,77296.2,17020.8,8.14554e+06
27.2250,91.1051,-59.8784,58.8326,78964.9,18060.4,8.31239e+06
27.2417,91.2087,-60.0293,58.7814,81401.3,17635.1,8.305e+06
27.2583,91.9231,-61.2126,58.4231,82885.5,17906.1,8.65756e+06
27.2750,92.3808,-61.8247,58.4632,84354,18906.2,8.23412e+06
27.2917,92.0859,-61.5528,58.477,85210.5,19389.8,8.15512e+06
27.3083,90.8747,-60.4059,58.022,86441.1,19379.2,7.71334e+06
27.3250,90.0066,-59.5454,57.764,88059.9,19408.5,7.85549e+06
27.3417,89.4606,-59.2108,57.5232,89442.6,19682.8,7.62139e+06
27.3583,88.0808,-58.3963,56.4781,90625.6,19322.1,7.38722e+06
27.3750,88.0282,-58.1802,56.6523,92348.7,19426,7.52066e+06
27.3917,88.2824,-58.3365,56.8198,93321.4,19409.7,7.23687e+06
27.4083,87.145,-57.7517,55.8323,93186.2,19113,7.38236e+06
27.4250,86.4387,-57.4549,55.2567,93426.2,19584.3,7.23675e+06
27.4417,85.9804,-57.1709,54.9183,93820.9,19405.3,7.2293e+06
27.4583,86.1598,-57.6771,54.6572,94260.7,19638.3,7.10877e+06
27.4750,86.2365,-58.3517,54.0972,95038.2,20081.5,7.17199e+06
27.4917,87.1448,-59.4433,54.1283,95641.6,20437.3,7.89879e+06
27.5083,88.3851,-60.9125,54.242,96617.8,20954.9,8.04487e+06
27.5250,88.9503,-62.0193,53.8192,97469.4,20503.4,8.40416e+06
27.5417,89.1925,-62.5971,53.4919,97732.8,19894.1,8.35905e+06
27.5583,89.046,-62.822,53.0858,95465.4,19083.5,8.86154e+06
27.5750,88.4038,-62.7402,52.3458,94656.5,18412.4,8.63183e+06
27.5917,88.3568,-62.9639,51.9931,93592.7,16632,8.79673e+06
27.6083,87.9397,-63.1415,51.2147,91809.6,15437,8.84112e+06
27.6250,87.8243,-63.3135,50.858,90284.5,14142.9,8.67229e+06
27.6417,87.828,-63.4611,50.6461,89121.2,13160.2,8.19036e+06
27.6583,88.0078,-63.6657,50.647,87886.1,12290,9.02442e+06
27.6750,88.3483,-64.0297,50.7109,86545.4,11892.3,9.2044e+06
27.6917,88.1497,-64.0751,50.3729,85591.2,11819.9,9.41328e+06
27.7083,87.781,-63.9828,49.9217,83529.8,11461.1,9.41744e+06
27.7250,87.9842,-64.3109,49.76,81814.7,11288.3,9.60116e+06
27.7417,87.7923,-64.1871,49.6119,79931.6,11178.1,1.01045e+07
27.7583,87.6971,-64.3319,49.321,78549.7,11055.4,1.03465e+07
27.7750,87.5944,-64.5253,48.9609,78045.6,10867.6,1.0052e+07
27.7917,87.5263,-64.6717,48.6468,76402.1,10901.8,1.08596e+07
27.8083,87.6639,-65.0002,48.4557,75177.4,10886.4,1.09422e+07
27.8250,88.2047,-65.7746,48.3029,74346.7,10906.2,1.13858e+07
27.8417,88.4141,-66.2218,48.0443,74111.9,10611.6,1.18053e+07
27.8583,88.234,-66.3321,47.6325,73521.4,10420.2,1.23856e+07
27.8750,88.0157,-66.5479,47.0703,72437.9,9971.23,1.21304e+07
27.8917,88.1229,-66.9333,46.7546,73060.7,9759.07,1.25781e+07
27.9083,88.2559,-67.1636,46.6626,71394.3,9463.09,1.3821e+07
27.9250,87.8589,-66.9601,46.2915,72166.9,9414.28,1.41229e+07
27.9417,88.3206,-67.7676,45.8987,71016.8,9174.08,1.50352e+07
27.9583,88.3636,-68.2152,45.3434,70115.4,8930.32,1.55064e+07
27.9750,88.0797,-67.9044,45.2996,70517.9,8589.5,1.68912e+07
27.9917,87.8378,-67.8735,44.984,69429.4,8240.22,1.79922e+07
28.0083,88.0701,-68.5736,44.4272,67514.8,7731.99,1.79821e+07
28.0250,88.6652,-69.4927,44.0929,66757.3,7287.68,1.75743e+07
28.0417,88.8473,-69.937,43.7548,65227.1,6876.04,1.63545e+07
28.0583,88.2758,-69.7238,43.1432,63530.6,6703,1.60622e+07
28.0750,88.6042,-70.2594,42.8368,62888.5,6462.48,1.50656e+07
28.0917,88.4496,-70.4944,42.285,61121.4,6232.77,1.34869e+07
28.1083,88.602,-71.0768,41.7044,58301.1,5956.58,1.29825e+07
28.1250,89.1896,-71.882,41.474,57085.3,5725.52,1.47952e+07
28.1417,89.0894,-72.1159,40.9724,56293.9,5585.74,1.47217e+07
28.1583,89.5492,-72.762,40.7704,54756.4,5426.97,1.60993e+07
28.1750,90.6665,-73.9749,40.7473,51434.5,5167.94,1.59381e+07
28.1917,90.5671,-74.1611,40.211,49841.5,5056.53,1.51803e+07
28.2083,90.425,-74.3786,39.589,46470.7,5003.95,1.87493e+07
28.2250,90.4813,-74.765,39.0758,44636.8,5052.59,2.01327e+07
28.2417,90.2552,-75.0281,38.2986,43192.3,4961.09,1.81858e+07
28.2583,90.3952,-75.6469,37.5876,41859.1,4716.11,1.5612e+07
28.2750,91.9976,-77.4541,37.5119,36376.3,3866.68,1.78244e+07
28.2917,92.7005,-78.3941,37.1825,29263.4,3093.72,1.86772e+07
28.3083,92.867,-78.7163,36.8497,23688.1,2997.7,2.00562e+07
28.3250,93.4485,-79.299,36.7322,19797.5,2779.29,1.90715e+07
28.3417,94.087,-80.046,36.5292,18834.1,2236,2.1553e+07
28.3583,95.8556,-81.7614,36.7223,14307.5,1664.44,2.92085e+07
28.3750,98.2305,-83.9904,37.0718,9331.46,1502.69,4.24627e+07
28.3917,101.044,-86.5273,37.6749,5683.8,1134.78,4.55798e+07
28.4083,103.652,-88.4832,38.5682,2435.09,445.256,3.69224e+07
28.4250,105.953,-90.7717,39.1942,1486.6,254.913,2.67235e+07
28.4417,106.8,-91.5347,39.5655,921.652,119.511,2.45056e+07
28.4583,107.227,-92.0214,39.6309,576.315,61.8254,2.39518e+07
28.4750,107.55,-92.3747,39.5844,270.901,28.8884,2.23157e+07
28.4917,107.682,-92.4993,39.5022,231.964,24.2236,2.18111e+07
28.5083,108.039,-93.8884,38.1367,544.111,87.3748,2.1874e+07
28.5250,111.546,-95.3493,42.2894,1273.27,616.375,2.56745e+07
28.5417,106.647,-87.1428,43.375,10967.7,1442.55,5.46767e+07
28.5583,91.4352,-73.3968,40.1114,16661.1,2137.3,6.56981e+07
28.5750,97.7601,-82.5351,38.6798,16278.9,3583.6,5.92193e+07
28.5917,100.571,-85.744,38.8775,11820.4,2349.46,5.35163e+07
28.6083,94.4058,-76.4623,38.4586,20443.8,2736.16,5.91781e+07
28.6250,96.3081,-76.3957,43.6666,23609.3,2245.91,1.0082e+08
28.6417,95.9239,-77.7819,42.9289,27204.3,4323.68,8.81378e+07
28.6583,95.2136,-78.1762,41.0594,19967.9,4630.16,6.65593e+07
28.6750,97.7061,-82.3488,38.9968,17695.6,4103.42,6.54495e+07
28.6917,97.6729,-81.8873,39.7104,19128.8,4464.88,5.54496e+07
28.7083,97.5453,-81.7988,39.455,20237.5,5085.43,5.30588e+07
28.7250,96.3717,-81.3357,38.9865,19337.3,5117.8,6.00315e+07
28.7417,94.0056,-79.3518,38.1755,19568.2,4719.15,6.06323e+07
28.7583,94.5574,-80.8916,36.6281,12964.6,2137.86,5.74597e+07
28.7750,97.9277,-84.4282,36.349,8898.25,1670.5,4.85601e+07
28.7917,106.937,-93.4118,36.4325,4384.48,890.22,3.90452e+07
28.8083,102.77,-88.9915,36.6307,9284.83,1573,3.96571e+07
28.8250,96.7632,-79.3571,40.6503,27849.2,4120.37,2.38209e+07
28.8417,90.8003,-74.3331,38.2457,46305,4279.13,2.93254e+07
28.8583,96.7436,-78.7765,43.4369,34062.6,3774.89,3.69553e+07
28.8750,98.1921,-81.7008,40.6194,18685.1,4219.4,3.96578e+07
28.8917,97.4763,-79.5352,43.4351,23391.1,5329.13,2.94691e+07
28.9083,98.0349,-80.8135,42.7062,23666.2,5478.49,2.47267e+07
28.9250,98.0768,-81.8963,41.0402,20725.3,4968.42,2.15533e+07
28.9417,98.0465,-82.4624,40.1947,18181.9,4829.43,2.34275e+07
28.9583,99.0551,-84.5401,38.2175,16672.1,3642.12,2.6685e+07
28.9750,100.899,-87.1527,36.853,9529.02,1560.52,4.00315e+07
28.9917,100.783,-86.6589,36.9507,8916.56,1547.94,4.59169e+07
29.0083,98.085,-83.4203,37.906,10393,1791.56,3.69896e+07
29.0250,96.5406,-82.2102,36.9409,8046.85,994.902,4.27766e+07
29.0417,98.5552,-83.7989,39.0618,8056.7,397.363,3.1238e+07
29.0583,97.3195,-84.1968,35.7946,3937.16,441.086,3.23918e+07
29.0750,92.8714,-78.4968,37.4329,5701.99,818.103,3.50154e+07
29.0917,92.6548,-78.4043,37.3478,10791.1,1550.45,3.62335e+07
29.1083,92.0685,-76.5662,38.951,11624.3,1521.16,3.85556e+07
29.1250,93.1376,-77.6724,38.8924,11350.9,1514.81,3.9866e+07
29.1417,90.7453,-75.8785,37.3507,11413.3,1529.98,4.15299e+07
29.1583,90.4467,-75.2816,37.8435,11356,1379.15,3.20317e+07
29.1750,91.6298,-76.491,38.285,11182.8,1371.45,3.33441e+07
29.1917,92.3814,-78.0701,36.8473,11013.3,1317.38,3.52833e+07
29.2083,93.0813,-79.0875,35.3774,11518.8,1406.25,3.46176e+07
29.2250,101.614,-82.7774,41.1371,6620.36,789.61,2.79791e+07
29.2417,95.8175,-77.7673,40.9787,10737.9,1252.96,2.86818e+07
29.2583,91.3227,-73.783,40.3759,11532,1296.58,2.76824e+07
29.2750,90.5221,-73.205,40.2034,11363.8,1257.71,2.61977e+07
29.2917,89.4259,-72.6257,39.6767,11414.9,1312.7,2.51279e+07
29.3083,88.1766,-71.7024,39.2743,11854.4,1379.65,2.38103e+07
29.3250,87.0451,-70.8478,38.9947,12245.2,1378.05,2.34269e+07
29.3417,86.9785,-70.902,39.1105,11924.3,1339.13,2.23323e+07
29.3583,87.0703,-71.2249,38.9317,11648.2,1326.84,2.25109e+07
29.3750,87.4209,-71.6021,39.0672,11623.2,1350.29,2.25627e+07
29.3917,88.2936,-72.6289,38.973,11150.1,1367.07,2.67168e+07
29.4083,88.5089,-72.9847,38.791,11536.3,1401.63,2.64584e+07
29.4250,88.027,-72.9776,37.9763,11531.9,1331.24,2.50856e+07
29.4417,88.4096,-73.7198,37.4883,10368.4,1146.48,2.72077e+07
29.4583,88.5259,-73.6996,37.7156,9228.98,1034.78,2.8386e+07
29.4750,89.6261,-74.597,38.226,8275.95,947.554,2.91627e+07
29.4917,89.5412,-74.8125,37.7194,7820.1,917.287,2.96231e+07
29.5083,89.7367,-75.1578,37.493,7500.67,876.933,3.12801e+07
29.5250,90.4768,-76.1678,37.1237,7049.57,810.948,2.98145e+07
29.5417,90.7002,-76.6995,36.6241,6688.41,762.202,2.62922e+07
29.5583,89.9621,-76.276,35.9885,6252.8,709.819,2.58861e+07
29.5750,90.2728,-76.6992,35.849,5764.04,684.95,2.58639e+07
29.5917,91.2611,-77.7232,35.9175,5369.39,662.655,2.4939e+07
29.6083,93.1697,-79.6981,36.0472,4772.05,577.905,2.20362e+07
29.6250,95.2595,-81.5848,36.6558,4108.58,505.278,2.04403e+07
29.6417,95.9523,-82.2436,36.713,3612.35,439.657,1.95338e+07
29.6583,96.1632,-82.1507,36.8684,3413.43,407.412,1.96069e+07
29.6750,94.9601,-80.8462,36.3805,3594.51,446.446,2.02487e+07
29.6917,94.8768,-80.5151,36.3568,3468.16,444.56,2.06232e+07
29.7083,93.4612,-78.4828,36.6686,3619.78,464.001,2.09246e+07
29.7250,91.2059,-76.461,36.1607,3985.44,527.192,2.12217e+07
29.7417,89.1206,-74.4299,36.2332,4444.84,601.218,2.16039e+07
29.7583,89.4078,-75.72,35.2986,5073.57,535.311,2.89468e+07
29.7750,88.4181,-74.4198,35.4814,5350.22,763.962,4.27267e+07
29.7917,89.2354,-75.3751,35.1179,5205.32,786.778,4.1373e+07
29.8083,90.5793,-76.8683,34.7322,5108.3,771.794,2.38434e+07
29.8250,90.8333,-76.9016,35.1847,4703.33,762.29,2.39852e+07
29.8417,91.3358,-77.5844,34.8007,4208.97,711.803,2.26498e+07
29.8583,88.5173,-74.0364,35.5461,4307.09,1007.75,2.90481e+07
29.8750,87.6793,-72.7363,36.294,4329.04,1078.66,3.56593e+07
29.8917,88.1587,-72.7649,37.0775,4587.9,934.238,3.31594e+07
29.9083,87.942,-72.3663,37.3827,4588.42,640.633,3.61188e+07
29.9250,87.8686,-72.4051,37.3818,4451.9,802.173,3.4482e+07
29.9417,88.4689,-73.0392,37.4379,4728.33,882.442,3.66011e+07
29.9583,88.987,-73.8465,37.1442,5451.53,871.39,3.45444e+07
29.9750,88.3398,-73.4904,36.5584,5796.6,846.302,3.57696e+07
29.9917,88.9721,-74.0678,36.7883,5728.69,822.575,3.45841e+07
30.0083,89.826,-74.8476,37.1239,5696.68,739.905,3.24655e+07
30.0250,89.8633,-75.0537,36.9904,5882.83,741.074,3.05038e+07
30.0417,89.4239,-74.7623,36.7861,5965.68,795.055,3.06287e+07
30.0583,89.0289,-74.3986,36.7692,6268.95,865.177,3.08837e+07
30.0750,89.0475,-74.1422,37.1957,6721.62,897.141,3.22833e+07
30.0917,89.4385,-74.3351,37.5579,6906.71,876.653,3.36582e+07
30.1083,89.4411,-74.3808,37.634,7191.37,912.14,3.36069e+07
30.1250,89.6394,-74.5675,37.7964,7378.16,945.377,3.18083e+07
30.1417,89.1463,-74.1289,37.694,7353.86,904.012,3.16806e+07
30.1583,89.5182,-74.4311,37.8711,7437,906.556,3.02297e+07
30.1750,89.6379,-74.3473,38.2023,7551.68,916.627,2.95351e+07
30.1917,89.6056,-73.9947,38.6564,7814.59,921.198,3.17458e+07
30.2083,89.7761,-74.0067,38.8918,7624.12,853.952,3.08787e+07
30.2250,89.7063,-73.9012,38.9193,6993.78,736.859,3.08207e+07
30.2417,89.3271,-73.5926,38.7709,6343.37,650.565,2.96951e+07
30.2583,89.3293,-73.5689,38.8066,6041.15,619.702,3.06346e+07
30.2750,89.2113,-73.5014,38.6938,5661.37,564.911,3.02284e+07
30.2917,89.3367,-73.658,38.6483,5220.74,532.031,3.252e+07
30.3083,89.5273,-73.819,38.6495,4846.45,488.692,3.46882e+07
30.3250,89.6385,-73.9518,38.5074,4749.93,490.893,3.4477e+07
30.3417,89.493,-73.8345,38.3586,4681.06,470.32,3.34569e+07
30.3583,89.51,-73.9452,38.1614,4420.58,442.528,3.19547e+07
30.3750,89.6295,-74.1233,38.1019,4221.2,413.865,3.16281e+07
30.3917,89.4867,-74.0797,37.973,4059.24,401.042,3.21622e+07
30.4083,89.3088,-73.8939,37.9896,4063.92,403.233,3.27567e+07
30.4250,89.3098,-73.8734,38.0229,4264.93,407.753,3.28494e+07
30.4417,89.2211,-74.0476,37.6717,4390.08,419.792,3.3312e+07
30.4583,89.339,-74.2842,37.5826,4361.42,420.276,3.21677e+07
30.4750,89.2713,-74.248,37.5663,4448.93,412.507,3.2891e+07
30.4917,89.2478,-74.2937,37.456,4403.2,402.612,2.98579e+07
30.5083,89.7571,-74.9285,37.3554,4265.86,385.176,3.14019e+07
30.5250,90.2032,-75.2651,37.6524,4056.42,372.46,3.06657e+07
30.5417,90.3959,-75.4662,37.7163,3894.53,381.584,2.85811e+07
30.5583,90.4613,-75.6641,37.5445,3975.2,373.917,2.86845e+07
30.5750,90.5736,-75.773,37.5898,3955.41,360.755,2.85093e+07
30.5917,90.8184,-75.9251,37.79,3800.44,362.553,3.13085e+07
30.6083,90.9571,-76.0326,37.8521,3787.95,370.187,3.15244e+07
30.6250,90.7628,-75.8601,37.8087,3849.06,371.417,3.11992e+07
30.6417,90.5987,-75.7432,37.7179,3889.61,360.849,3.02549e+07
30.6583,90.6523,-75.7625,37.7994,3902.63,360.883,2.97126e+07
30.6750,90.8393,-75.9521,37.8288,3844.39,346.234,2.78259e+07
30.6917,91.3357,-76.2929,38.1668,3812.58,357.822,2.73893e+07
30.7083,91.8345,-76.8063,38.2073,3816.82,374.195,2.6281e+07
30.7250,92.0786,-77.0763,38.1915,3696.18,361.751,2.78879e+07
30.7417,92.1089,-77.0781,38.2444,3493.83,342.029,3.14212e+07
30.7583,92.5746,-77.4172,38.5538,3511.87,339.97,2.44183e+07
30.7750,92.7491,-77.4694,38.815,3651.4,340.653,2.22376e+07
30.7917,92.6618,-77.3478,38.8646,3674.41,344.487,2.53265e+07
30.8083,92.4778,-77.1022,38.9461,3683.05,354.258,2.39278e+07
30.8250,92.1752,-76.7773,38.93,3690.22,352.533,2.24133e+07
30.8417,92.0031,-76.552,38.9931,3741.57,340.726,2.07188e+07
30.8583,91.7324,-76.2599,38.9896,3813.8,347.326,2.00583e+07
30.8750,91.7,-76.1148,39.1721,3812.23,360.075,2.05153e+07
30.8917,91.7256,-76.0302,39.3739,3797.58,360.517,2.04025e+07
30.9083,92.098,-76.3273,39.5525,3743.71,352.145,2.02129e+07
30.9250,92.3287,-76.5414,39.6187,3606.11,346.125,2.09036e+07
30.9417,92.0705,-76.2607,39.641,3279.72,310.647,2.04328e+07
30.9583,91.7099,-75.8679,39.6411,2896.33,288.106,2.07949e+07
30.9750,91.4807,-75.6042,39.6177,2670.66,245.995,2.02472e+07
30.9917,91.4672,-75.5199,39.6704,2511.83,225.918,2.06704e+07
31.0083,91.2392,-75.2589,39.6389,2122.26,177.886,2.16078e+07
31.0250,91.1183,-75.1428,39.6339,1630.75,127.898,2.14988e+07
31.0417,91.1237,-75.126,39.7261,1051.98,144.307,2.15308e+07
31.0583,91.4401,-75.4358,39.7784,1108.79,183.631,2.22081e+07
31.0750,91.6855,-75.6828,39.7664,1347.23,116.17,2.13623e+07
31.0917,91.956,-75.9527,39.8233,855.978,59.0698,2.15826e+07
31.1083,92.1607,-76.2663,39.7272,654.868,88.1893,2.20321e+07
31.1250,92.5655,-76.6216,39.8897,787.397,78.524,2.24293e+07
31.1417,92.9541,-77.0087,39.9536,802.89,83.9572,2.27268e+07
31.1583,92.8712,-77.0072,39.8482,890.84,79.5105,2.13993e+07
31.1750,92.1995,-76.29,39.885,1126.03,43.3055,2.21278e+07
31.1917,91.8253,-75.9416,39.855,1290.99,55.7131,2.28898e+07
31.2083,91.9175,-75.9502,40.0138,845.616,144.045,2.26833e+07
31.2250,91.8357,-75.7594,40.1473,1613.08,321.402,2.17314e+07
31.2417,91.5373,-75.429,40.121,3856.53,359.417,2.25439e+07
31.2583,91.0731,-75.0372,39.9868,4629.74,427.413,2.24709e+07
31.2750,90.8647,-74.8236,40.0031,5877.6,506.753,2.34791e+07
31.2917,90.7297,-74.6165,40.0865,7384.55,384.124,2.46556e+07
31.3083,90.3112,-74.1774,39.9984,8953.73,349.313,2.60291e+07
31.3250,89.2323,-73.4607,39.3114,10311.7,461.718,2.74011e+07
31.3417,89.6516,-73.7721,39.5291,8448.11,869.765,2.95197e+07
31.3583,89.8476,-73.7224,39.9983,13314.4,961.094,3.06176e+07
31.3750,90.1724,-73.8983,40.3006,17224.2,1554.5,3.22591e+07
31.3917,90.5287,-74.101,40.6029,18879,1692.66,3.64669e+07
31.4083,91.2023,-74.9931,40.3267,20165.4,1862.83,4.8052e+07
31.4250,92.5962,-77.0419,39.3108,15019.2,1602.66,4.95527e+07
31.4417,92.9452,-77.2144,39.728,18131.5,2095.09,5.55215e+07
31.4583,92.4328,-76.2078,40.5335,32050.1,2954.05,5.31761e+07
31.4750,92.0578,-75.5583,40.9996,48046.6,3399.3,5.29164e+07
31.4917,93.0072,-77.5531,39.4748,37997.8,2020.42,6.11709e+07
31.5083,95.2111,-82.5572,34.4187,11421.1,464.214,8.18427e+07
31.5250,92.1932,-77.5095,37.8269,46897.4,1602.94,7.15343e+07
31.5417,91.0423,-75.839,38.7155,54919.1,1793.46,7.03588e+07
31.5583,93.5399,-78.6215,38.4268,28906.1,935.548,5.88983e+07
31.5750,94.3943,-79.3164,38.8665,23127.3,748.85,5.73312e+07
31.5917,94.8609,-79.7777,38.9096,17710.4,763.214,4.67181e+07
31.6083,93.9268,-78.2638,39.8386,23067.7,1416.59,4.97159e+07
31.6250,93.5022,-77.7849,39.8815,27111.1,1741.03,5.71567e+07
31.6417,93.6026,-77.7515,40.1933,25866.6,1382.23,5.41239e+07
31.6583,92.7526,-76.4793,40.8417,30726.8,1634.75,5.12496e+07
31.6750,92.1014,-75.2861,41.5999,35218,1855.86,5.0344e+07
31.6917,92.094,-75.2158,41.7195,38428,2167.58,5.1373e+07
31.7083,92.4914,-76.2275,40.8397,37572.7,2354.34,4.90902e+07
31.7250,92.6802,-75.0537,42.9814,44432.3,3026.28,4.42086e+07
31.7417,92.9578,-74.5797,44.2063,50774.1,3015.33,4.77962e+07
31.7583,93.3704,-74.2941,45.3086,58764.5,3136.95,4.68368e+07
31.7750,93.6612,-73.979,46.1869,67605.6,3567.61,4.65431e+07
31.7917,93.9474,-73.9611,46.6414,72311.4,3639.74,4.58773e+07
31.8083,93.98,-74.1237,46.4502,71626.1,3287.98,5.06201e+07
31.8250,94.0907,-74.4209,46.161,69398.9,3319.47,5.0545e+07
31.8417,94.1342,-74.4862,46.1833,64417.4,3109.78,5.24752e+07
31.8583,94.3017,-74.5094,46.3668,64961.2,3370.47,5.02758e+07
31.8750,94.5059,-74.3916,46.8103,69336.6,3602.56,4.92668e+07
31.8917,94.4192,-74.2575,46.8946,67746.3,3162.37,4.45481e+07
31.9083,94.6748,-74.4671,46.9502,66001.8,2631.76,4.49288e+07
31.9250,94.6532,-74.4156,47.0294,65455.4,2601.55,4.06496e+07
31.9417,94.74,-74.3542,47.2512,64367.8,2959.6,3.72121e+07
31.9583,95.139,-74.5509,47.591,63851.1,3348.63,3.50054e+07
31.9750,95.084,-74.1762,48.0661,66497.3,3282.78,3.37519e+07
31.9917,95.3502,-73.8788,48.7641,71942.4,3023.52,3.16928e+07
32.0083,95.4493,-74.1531,48.5689,76080.4,2470.02,3.01688e+07
32.0250,95.3844,-74.2283,48.5157,80766,2091.09,3.07347e+07
32.0417,95.8171,-74.0964,49.3072,84616.9,1873.79,3.10604e+07
32.0583,95.7212,-73.5255,49.927,87020.4,1790.92,3.76794e+07
32.0750,95.6927,-73.1439,50.2975,90447.3,1766.08,3.78264e+07
32.0917,95.7073,-72.9491,50.5151,88754.9,1735.13,3.77013e+07
32.1083,95.4776,-72.5863,50.588,95212.1,1792.88,3.57389e+07
32.1250,95.6423,-72.319,51.1116,98395.5,1792.21,3.61201e+07
32.1417,95.6233,-71.8107,51.7492,101674,1846.51,3.52216e+07
32.1583,95.7029,-71.7907,51.8804,108299,1846.02,3.56957e+07
32.1750,95.6679,-71.2968,52.5718,110633,1921.08,3.50401e+07
32.1917,95.7706,-71.1855,52.6719,114934,2006.66,3.43589e+07
32.2083,95.8013,-70.9515,53.12,118209,2061.76,3.48594e+07
32.2250,96.0022,-70.8512,53.483,111474,2305.27,3.47727e+07
32.2417,96.172,-70.8408,53.6684,98786.4,2565.57,3.39804e+07
32.2583,96.5019,-70.8784,54.1402,87490.4,2807.43,3.33615e+07
32.2750,97.0591,-71.3261,54.3516,88172.6,2829.29,3.27821e+07
32.2917,97.1936,-71.2695,54.6171,86708.9,3092.79,3.60513e+07
32.3083,97.4366,-71.2839,54.9009,86160.9,3874.36,3.63604e+07
32.3250,97.7149,-71.19,55.3913,86922.2,4733,3.70169e+07
32.3417,98.2223,-71.6542,55.4762,89067.5,5210.6,3.83047e+07
32.3583,98.4189,-71.5629,55.8816,94249,4938.13,3.96328e+07
32.3750,98.6252,-71.9103,55.6977,101510,4805.62,4.57156e+07
32.3917,98.5741,-71.7019,55.8893,111046,4999.48,4.29838e+07
32.4083,98.5761,-71.4362,56.3021,121981,5081.14,4.43363e+07
32.4250,98.8096,-71.4439,56.6763,126944,5217.29,4.09342e+07
32.4417,98.8308,-70.8379,57.2644,134647,5456.32,4.07463e+07
32.4583,98.7497,-70.0716,57.8835,143563,5505.38,4.13228e+07
32.4750,98.6855,-69.9501,58.1206,144035,5231.14,4.08418e+07
32.4917,98.6808,-69.4511,58.6113,148394,5183.08,3.87767e+07
32.5083,98.4847,-68.8245,59.0107,153003,5069.12,3.67453e+07
32.5250,98.3626,-68.2354,59.3372,158286,5106.33,3.40211e+07
32.5417,98.1207,-67.8434,59.4897,161554,5259.69,3.14127e+07
32.5583,97.9484,-67.4789,59.5485,167207,5720.4,2.62245e+07
32.5750,97.8188,-67.1114,59.7912,169357,6267.43,2.5578e+07
32.5917,97.9708,-67.0334,60.0732,171077,7140.09,2.49293e+07
32.6083,98.0207,-66.9661,60.2026,169439,7694.46,2.39299e+07
32.6250,98.0502,-66.8236,60.4048,168113,7924.57,2.32018e+07
32.6417,98.0084,-66.5796,60.5386,173570,7609.75,2.3909e+07
32.6583,97.8249,-66.234,60.7218,176109,7144.95,2.41628e+07
32.6750,97.7665,-65.8711,60.9652,176166,6979.61,2.49277e+07
32.6917,97.6251,-65.5744,61.1078,180669,6802.59,2.32692e+07
32.7083,97.5209,-65.3081,61.1837,186914,6728.96,2.30036e+07
32.7250,97.1153,-64.6536,61.3684,195606,6509.76,2.07519e+07
32.7417,97.0283,-64.287,61.6043,201712,6378.25,2.04131e+07
32.7583,96.9205,-63.9999,61.8305,203008,6137.45,1.85966e+07
32.7750,97.084,-63.7863,62.2346,200675,5920.44,1.93064e+07
32.7917,97.307,-63.6302,62.6448,199333,5795.53,1.86617e+07
32.8083,97.4139,-63.4055,62.9743,197352,5535.15,1.77938e+07
32.8250,97.5928,-63.1434,63.4602,197407,5385.3,1.62621e+07
32.8417,97.9131,-63.2147,63.8144,194479,5286.25,1.58333e+07
32.8583,98.1457,-63.2244,64.1176,188408,5228.57,1.51112e+07
32.8750,98.2684,-63.1669,64.3677,182230,5263.84,1.55589e+07
32.8917,98.3556,-62.9795,64.6076,175235,5304.83,1.53203e+07
32.9083,98.5324,-63.0161,64.8655,165155,5359.35,1.56659e+07
32.9250,98.5972,-62.9616,64.9548,155224,5442.51,1.63594e+07
32.9417,98.383,-62.6277,64.9732,148551,5624.79,1.58961e+07
32.9583,98.3207,-62.5637,65.0786,137944,5673.34,1.60189e+07
32.9750,98.8708,-62.7307,65.473,130056,5781.22,1.62417e+07
32.9917,98.9001,-62.3442,65.8258,127967,5896.14,1.68577e+07
33.0083,98.8421,-61.8652,66.1133,123020,5958.39,1.96563e+07
33.0250,98.6603,-61.2904,66.3353,118429,6126.5,2.21768e+07
33.0417,98.6518,-60.8057,66.7008,113927,6217.41,2.04802e+07
33.0583,98.4258,-60.1922,66.911,110686,6294.76,2.16767e+07
33.0750,98.2474,-59.9781,66.9094,104885,6292.24,2.13577e+07
33.0917,98.1952,-60.2641,66.6801,96595,6241.52,2.04034e+07
33.1083,98.3606,-60.7815,66.5086,85198.1,6066.27,1.88134e+07
33.1250,98.6839,-61.3035,66.4469,74656.1,5876.67,1.92546e+07
33.1417,98.9798,-61.2002,66.6891,71472.3,6004.43,1.84198e+07
33.1583,98.8096,-60.5805,66.8819,71684.9,6219.98,1.90201e+07
33.1750,98.4325,-59.9655,67.009,72745.2,6332.08,1.98413e+07
33.1917,98.3936,-59.8737,67.1546,67573,6354.3,2.08882e+07
33.2083,98.3948,-59.7641,67.1884,60618,6330.24,1.99288e+07
33.2250,98.3741,-59.4403,67.3908,58783.2,6432.07,1.99307e+07
33.2417,98.4921,-59.0798,67.7743,58436.2,6705.59,2.06092e+07
33.2583,98.5081,-58.5409,68.2505,57208.1,6915.25,2.01293e+07
33.2750,98.4916,-58.288,68.3847,54082.5,7059.43,1.90734e+07
33.2917,98.3696,-57.8371,68.5083,52433.8,7250.31,1.93661e+07
33.3083,98.3774,-57.6711,68.7689,50768.4,7238.03,1.78481e+07
33.3250,98.6476,-57.6219,68.9421,48989.5,7373.22,1.96741e+07
33.3417,98.6733,-57.5962,68.9881,47709.7,7546.19,1.91385e+07
33.3583,98.9758,-57.8486,69.28,44227.9,7425.31,1.72894e+07
33.3750,99.4418,-57.7533,69.9335,43327.6,7582.89,1.71759e+07
33.3917,99.7301,-57.7699,70.3644,41005.8,7672.89,1.73451e+07
33.4083,99.8415,-57.5915,70.446,39363.8,7633.18,1.72134e+07
33.4250,99.2416,-57.2588,69.857,37119.2,7661.07,1.66117e+07
33.4417,98.9998,-57.1913,69.4984,35625.8,7507.56,1.62012e+07
33.4583,99.5559,-57.4208,70,34307.4,7516.76,1.75889e+07
33.4750,100.21,-57.5352,70.9325,33859.7,7545.36,1.9074e+07
33.4917,100.482,-57.465,71.5231,33832.3,7624.25,1.88414e+07
33.5083,100.133,-57.2139,71.3857,33539.5,7514.84,1.93599e+07
33.5250,100.047,-57.1598,71.2328,33480.2,7511.86,1.77901e+07
33.5417,100.266,-57.0735,71.469,34137.8,7628.81,1.54533e+07
33.5583,100.352,-56.7567,71.8512,34359.4,7783.46,1.73036e+07
33.5750,99.5801,-56.5007,71.1886,34516.8,7846.48,1.5066e+07
33.5917,99.8671,-56.8475,70.9741,35194.6,7848.05,1.41706e+07
33.6083,100.925,-57.4508,71.9212,35773.3,8210.64,1.52202e+07
33.6250,101.394,-57.0049,72.9339,37229.6,8646.28,1.97258e+07
33.6417,101.45,-57.5849,72.7305,37437.3,8582.88,1.74806e+07
33.6583,100.302,-57.076,71.6437,37088.9,8427.99,1.48291e+07
33.6750,100.532,-57.3237,71.4217,37210.4,8335.31,1.3831e+07
33.6917,100.623,-57.2043,71.5711,37708.2,8401.9,1.31643e+07
33.7083,101.53,-57.21,72.8176,39113.1,8769.25,1.39839e+07
33.7250,101.882,-57.1182,73.5276,40414.5,9147.42,1.77537e+07
33.7417,101.555,-57.1642,72.9726,40434.4,9079.23,1.65459e+07
33.7583,100.807,-57.2775,71.9373,39797.3,8839.68,1.3896e+07
33.7750,100.41,-57.1321,71.5325,40297.2,8760.07,1.32517e+07
33.7917,100.642,-57.1196,71.5512,41362.1,8804.15,1.23416e+07
33.8083,100.617,-56.7394,71.7186,41416.8,8846.03,1.2842e+07
33.8250,100.989,-56.6562,72.3046,41922.3,8950.08,1.27091e+07
33.8417,101.354,-56.6944,72.8942,42588.4,9019.08,1.32696e+07
33.8583,101.529,-57.1031,73.0972,43073.6,9036.09,1.38559e+07
33.8750,101.636,-56.8429,73.3894,43042.7,9083.75,1.38279e+07
33.8917,101.176,-56.4373,73.0627,43408.3,8910.44,1.40978e+07
33.9083,100.518,-56.2885,72.2868,43848,8823.7,1.31278e+07
33.9250,100.346,-56.1118,72.0059,44308.3,8579.32,1.12468e+07
33.9417,100.458,-55.8717,72.4091,44548.2,8437.99,1.12915e+07
33.9583,100.516,-56.0245,72.5333,44789.4,8192.36,1.11036e+07
33.9750,100.455,-55.8125,72.7486,44870.8,8062.82,1.12161e+07
33.9917,100.545,-55.5551,73.275,44759.2,8116.7,1.22292e+07
34.0083,101.047,-55.7403,73.3251,45175.4,8196.35,1.28989e+07
34.0250,100.248,-55.5613,72.6521,45661.9,8063.01,1.16152e+07
34.0417,99.779,-55.4142,72.3402,45610.7,7784.7,9.96971e+06
34.0583,99.9712,-55.6122,72.3564,45763,7642.7,1.00086e+07
34.0750,100.761,-55.8384,73.4473,46525.9,7671.59,8.51775e+06
34.0917,101.114,-55.9424,73.7481,47025.1,7578.24,8.06015e+06
34.1083,100.349,-55.304,73.245,46968.4,7387.79,8.42615e+06
34.1250,100.551,-55.2033,73.7646,46968,7298.16,8.23371e+06
34.1417,101.585,-55.3884,74.8767,47171.9,7331.44,8.67424e+06
34.1583,101.527,-55.0978,74.9699,46572.2,7372.87,1.07489e+07
34.1750,101.222,-55.1514,74.8368,46455.4,7205.57,9.92092e+06
34.1917,101.003,-55.3546,74.437,46906.5,6961.77,9.21559e+06
34.2083,100.477,-55.3021,73.9014,47030.4,6728.88,8.60121e+06
34.2250,100.16,-55.0174,73.7762,46587.9,6617.88,9.59565e+06
34.2417,100.213,-54.7605,74.0088,46930.9,6581.63,9.68764e+06
34.2583,99.9853,-54.4497,74.117,47065.4,6601.31,8.98679e+06
34.2750,99.8436,-54.5464,73.9159,46932.4,6577.41,9.77908e+06
34.2917,99.952,-54.7336,73.9447,46928.1,6567.15,9.85611e+06
34.3083,100.135,-54.7969,74.0804,46685.2,6595.87,8.76319e+06
34.3250,100.34,-54.6288,74.4829,47070.7,6657.8,9.56032e+06
34.3417,100.444,-54.5834,74.7291,47197.5,6674.04,9.80675e+06
34.3583,100.704,-54.7131,74.9424,47447.9,6733.37,9.83226e+06
34.3750,100.649,-54.8912,75.0435,47559.9,6727.99,1.05231e+07
34.3917,100.542,-54.9241,74.9685,47262.9,6739.21,1.05775e+07
34.4083,100.58,-54.9473,74.9002,47627.8,6766.46,1.05509e+07
34.4250,100.42,-55.0263,74.7576,47657.8,6787.46,1.01557e+07
34.4417,100.342,-54.8735,74.7751,47823.2,6783.57,9.26939e+06
34.4583,100.298,-54.4376,75.1847,48382.7,6895.7,1.0975e+07
34.4750,100.563,-54.3608,75.6437,48986,7024.84,1.10668e+07
34.4917,100.168,-54.3368,75.296,48857.4,6988.32,1.107e+07
34.5083,99.7337,-54.5194,74.8592,48415.6,6965.36,9.97442e+06
34.5250,99.4932,-54.3265,74.6851,48177.3,6941.85,9.87923e+06
34.5417,99.3344,-54.1944,74.6567,48360.5,7068,9.6741e+06
34.5583,99.1024,-54.0748,74.512,49043.6,7317.25,8.51911e+06
34.5750,99.465,-54.1034,74.7996,49404.2,7359.91,8.509e+06
34.5917,99.5975,-53.7645,75.2818,50253.4,7536.73,9.68688e+06
34.6083,99.6654,-53.6268,75.4274,50572.8,7708.59,1.04063e+07
34.6250,100.253,-53.7799,76.1007,50563.9,7677.84,1.10352e+07
34.6417,100.139,-53.5184,76.2963,50327.1,7770.77,1.11097e+07
34.6583,99.8027,-53.5808,75.8138,49582.9,7453.9,1.05193e+07
34.6750,99.3588,-53.8637,75.1535,48255,7132.78,9.482e+06
34.6917,99.3921,-54.0467,75.2119,46824,7104.4,7.90054e+06
34.7083,99.4613,-53.5534,75.5547,44649.9,7115.59,9.38987e+06
34.7250,99.5903,-53.2261,75.9837,43454.2,7083.48,1.0331e+07
34.7417,99.6821,-53.1658,76.1985,42176.4,7084.49,1.07981e+07
34.7583,99.8519,-53.2318,76.2499,41930.4,7035.24,1.07647e+07
34.7750,99.8789,-53.1419,76.5924,43203.8,6952.93,1.10851e+07
34.7917,99.6202,-53.1795,76.228,43526.3,6928.43,1.07058e+07
34.8083,99.5389,-53.538,75.9015,44347.1,7009,9.67926e+06
34.8250,99.1522,-53.3183,75.7137,45046.1,7107.91,9.99718e+06
34.8417,99.059,-52.9278,75.8511,44250.9,7169.99,1.08804e+07
34.8583,98.6349,-52.9946,75.6816,45598.6,7311.69,1.10785e+07
34.8750,98.4915,-53.5548,75.1091,42449.6,7187.3,1.0082e+07
34.8917,98.0518,-53.4409,74.7438,42599.3,7223.62,9.01915e+06
34.9083,97.7077,-53.2164,74.5634,42274.9,7125.57,9.53696e+06
34.9250,97.511,-53.1538,74.4684,42516.6,7092.13,9.49573e+06
34.9417,97.2973,-53.0245,74.3403,42538.4,6988.09,1.02563e+07
34.9583,97.3642,-53.0678,74.4398,43156.1,6864.96,9.85497e+06
34.9750,97.4026,-52.9832,74.7698,43282.6,6660.3,9.73969e+06
34.9917,97.4002,-53.0167,74.6862,44049.2,6453.72,9.43565e+06
35.0083,96.9741,-52.7247,74.5049,44668,6308.71,8.51246e+06
35.0250,96.7389,-52.6902,74.2261,44357.3,6152.15,8.03754e+06
35.0417,96.4677,-52.7369,73.935,42562.3,6031.9,1.1438e+07
35.0583,96.4325,-52.637,74.1163,42051.8,5869.49,1.15386e+07
35.0750,96.5362,-52.4227,74.4321,41850.3,5765.49,1.22028e+07
35.0917,96.6599,-52.3778,74.5138,41996.1,5779.58,1.12991e+07
35.1083,96.7913,-52.0609,74.9736,44931,5847.94,1.21825e+07
35.1250,96.8945,-52.1171,75.2336,43893.1,5790.23,1.19504e+07
35.1417,96.791,-52.0575,75.1628,44322.6,5678.2,1.15665e+07
35.1583,96.7155,-52.0333,75.1494,44942.4,5642.96,9.55605e+06
35.1750,96.4685,-51.965,75.013,45605.8,5523.8,1.05367e+07
35.1917,96.4545,-51.9241,75.0186,45953.7,5550.84,1.16929e+07
35.2083,96.6778,-51.962,75.2553,46124.2,5460.79,1.15166e+07
35.2250,96.6602,-51.7079,75.5196,47625.8,5627.79,1.50595e+07
35.2417,96.6535,-51.6824,75.4702,47653.3,5599.91,1.28975e+07
35.2583,96.4936,-51.6841,75.431,46751.2,5555.15,1.32129e+07
35.2750,96.5685,-51.7455,75.4776,45701.3,5532.39,1.25252e+07
35.2917,96.6765,-51.839,75.6374,44595.9,5512.84,1.08242e+07
35.3083,96.7732,-51.7539,75.8911,43597.7,5591.27,7.42084e+06
35.3250,96.8586,-51.5264,76.0476,42707.3,5674.49,8.52077e+06
35.3417,96.8876,-51.5384,76.3084,41232.1,5811.01,8.20321e+06
35.3583,97.0159,-51.3573,76.5773,40763.1,5963.91,8.9404e+06
35.3750,97.0568,-51.5395,76.4827,39363.9,5910.2,7.80301e+06
35.3917,97.1066,-51.4773,76.627,37705.3,5920.34,7.76218e+06
35.4083,97.1322,-51.0866,76.8099,36650.5,5944.95,9.38276e+06
35.4250,97.2481,-50.9639,77.2502,35394.3,5943.3,1.01664e+07
35.4417,97.1575,-50.8891,77.1866,34367.8,6020.55,9.04858e+06
35.4583,97.212,-51.2581,76.9985,32549.1,5824.16,7.90307e+06
35.4750,97.1185,-50.9053,77.0843,31884.3,5882.31,7.61809e+06
35.4917,97.153,-50.8142,77.1838,31498,5911.91,7.74056e+06
35.5083,97.1599,-50.7216,77.4569,31837.2,5914.48,7.69251e+06
35.5250,97.2565,-50.5488,77.7255,32673.2,5982.39,7.86818e+06
35.5417,97.2308,-50.6692,77.6803,32027.8,5974.91,7.50346e+06
35.5583,97.0083,-50.6276,77.4697,31393.7,6027.47,7.00489e+06
35.5750,97.062,-50.6441,77.4857,30588.7,5923.85,6.84107e+06
35.5917,96.7548,-50.0036,77.7049,30889.5,6042.24,8.0105e+06
35.6083,96.5588,-49.8033,77.5808,30635,5992.67,8.4212e+06
35.6250,96.4913,-49.8518,77.6446,30177.7,5978.59,7.11487e+06
35.6417,96.4338,-50.0087,77.4759,29870.9,5984.79,7.12624e+06
35.6583,96.4701,-50.1895,77.4695,29429.2,5997.39,6.77435e+06
35.6750,96.5687,-50.0198,77.7034,29836.6,6062.2,7.0358e+06
35.6917,96.6522,-49.8781,77.9329,29513.7,6101.18,6.81503e+06
35.7083,96.5882,-49.7549,78.0606,29303.2,6143.83,6.63787e+06
35.7250,96.5932,-49.6948,78.1226,29128.3,6185.86,6.2984e+06
35.7417,96.5816,-49.674,78.1898,28350.3,6195.13,5.90779e+06
35.7583,96.708,-49.6088,78.4132,27850.4,6289.02,6.43258e+06
35.7750,96.8648,-49.5748,78.6265,28203.4,6356.69,6.28131e+06
35.7917,96.7808,-49.558,78.6838,27900.6,6390.09,6.44714e+06
35.8083,96.8971,-49.4403,78.9104,28211.7,6459.17,5.85828e+06
35.8250,97.1068,-49.2282,79.3701,28650.4,6573.09,5.89836e+06
35.8417,97.3175,-48.9735,79.7426,30017.3,6719,6.06264e+06
35.8583,97.3875,-49.0328,79.8534,30082.1,6676.19,6.22601e+06
35.8750,97.3515,-49.0159,79.9518,30074.9,6619.98,6.24965e+06
35.8917,97.5223,-49.2206,79.9479,29988.6,6576.55,6.38434e+06
35.9083,97.4473,-48.9372,80.2881,30502.8,6514.93,6.26683e+06
35.9250,97.4834,-48.7528,80.4573,30815.6,6348.14,6.2045e+06
35.9417,97.7663,-48.83,80.7271,30954.6,6094.86,6.28909e+06
35.9583,98.01,-48.7495,81.1651,30868.6,5851.71,7.08247e+06
35.9750,98.1249,-48.6607,81.2851,31058.6,5799.77,6.86712e+06
35.9917,98.1751,-48.9693,81.4077,31142.9,5722.28,7.17062e+06
36.0083,98.1359,-49.0307,81.3603,31935.6,5715.9,7.75732e+06
36.0250,98.3048,-49.2169,81.5302,31860.3,5772.04,7.8072e+06
36.0417,98.2592,-49.1195,81.683,33097.7,6027.2,8.57027e+06
36.0583,98.6113,-49.4056,81.8517,33767.8,6183.03,8.17049e+06
36.0750,98.4749,-49.3882,81.9925,37301.2,6839.78,1.06576e+07
36.0917,98.8844,-49.6895,82.1604,39468.2,6941.21,1.03093e+07
36.1083,98.8444,-49.6096,82.2679,45195.9,7483.51,1.08092e+07
36.1250,98.8223,-49.6685,82.2622,51987.2,7775.21,1.21919e+07
36.1417,98.8185,-49.8855,82.176,56270.2,7868.52,1.21488e+07
36.1583,98.6075,-49.9283,82.1403,67541.8,8211.39,1.5094e+07
36.1750,98.78,-50.1394,82.1218,74295.2,8193.77,1.33124e+07
36.1917,98.3314,-49.9986,81.9758,88694.2,8268.89,1.55191e+07
36.2083,98.3634,-50.0534,81.9083,97563.2,7991.62,1.50612e+07
36.2250,98.1183,-49.7407,81.871,119200,7996.37,1.49712e+07
36.2417,98.1311,-49.5149,82.0786,134593,7799.04,1.48689e+07
36.2583,98.0703,-49.3536,82.1336,150566,7868.22,1.37771e+07
36.2750,97.9271,-49.1144,82.2034,161119,7718.06,1.29392e+07
36.2917,97.7408,-48.9526,82.1217,168423,7903.61,1.21788e+07
36.3083,97.2841,-48.5971,81.9629,178891,8100.66,1.1686e+07
36.3250,97.2398,-48.6278,81.9299,185049,8064.88,1.13647e+07
36.3417,97.3676,-48.5446,82.1838,195558,8246.75,1.1044e+07
36.3583,97.7072,-48.7272,82.5058,196503,8035.21,1.06426e+07
36.3750,97.9935,-48.8761,82.8914,201063,7972.98,1.08675e+07
36.3917,97.9637,-48.9253,82.8317,199499,7903.01,1.00721e+07
36.4083,97.9633,-48.9748,82.8092,201492,7920.94,1.05937e+07
36.4250,98.2215,-49.102,83.1443,204374,7908.58,1.00508e+07
36.4417,98.577,-49.4882,83.581,210109,7897.09,1.03484e+07
36.4583,99.0255,-49.8667,84.0264,217956,7989.31,9.96884e+06
36.4750,98.8951,-50.1563,83.7925,216854,7628.26,9.74513e+06
36.4917,98.5305,-49.9298,83.7007,215840,7377.24,1.00617e+07
36.5083,98.4139,-49.9056,83.6504,211344,7065.85,9.09401e+06
36.5250,98.6571,-49.9931,83.9563,211626,6978.09,9.35911e+06
36.5417,98.9607,-50.0676,84.5759,215245,6877.67,1.0635e+07
36.5583,99.017,-50.1226,84.6567,220179,6825.77,1.02155e+07
36.5750,98.9271,-49.92,84.783,227650,6731.91,1.04298e+07
36.5917,98.8562,-49.8675,84.8494,226588,6677.4,1.00686e+07
36.6083,98.5918,-49.8126,84.5725,220587,6590.33,9.60568e+06
36.6250,98.8563,-49.9069,85.0292,214857,6541.02,8.65659e+06
36.6417,98.9199,-49.8403,85.3098,219071,6566.06,9.51343e+06
36.6583,98.61,-49.4917,85.34,224609,6577.88,9.33563e+06
36.6750,98.795,-49.0445,85.8249,225710,6568.85,9.15945e+06
36.6917,99.1573,-49.0309,86.2113,229156,6661.78,9.16822e+06
36.7083,99.0006,-48.189,86.4046,229596,6764.55,9.63753e+06
36.7250,98.8663,-47.9968,86.3408,224810,6673.12,9.62959e+06
36.7417,98.685,-48.143,86.1941,215036,6610.6,9.07348e+06
36.7583,98.6048,-48.4894,85.9694,207564,6478.11,9.39969e+06
36.7750,98.4008,-48.5394,85.83,192159,6299.74,9.67856e+06
36.7917,98.2534,-48.0502,85.8557,196499,6374.14,9.89473e+06
36.8083,98.5987,-47.7843,86.351,202489,6486.59,9.95698e+06
36.8250,98.8809,-48.3763,86.583,190992,6456.92,8.69901e+06
36.8417,98.8078,-49.5909,86.3279,179208,6276.6,9.24981e+06
36.8583,99.0207,-49.4637,86.5882,179524,6327.38,9.61271e+06
36.8750,99.289,-48.861,87.0071,182323,6485.31,9.9497e+06
36.8917,99.1871,-48.7828,87.0782,179378,6529.45,9.92019e+06
36.9083,98.8694,-48.4021,86.8994,172576,6552.38,9.80618e+06
36.9250,98.7984,-48.3527,86.9329,160834,6562.18,8.985e+06
36.9417,98.8968,-48.5593,87.059,152398,6523.77,8.65098e+06
36.9583,99.1404,-48.6308,87.4167,147359,6516.04,8.11858e+06
36.9750,99.3102,-48.4577,87.681,146792,6613.49,7.54374e+06
36.9917,99.4246,-48.3001,87.8244,143033,6715.09,7.73127e+06
37.0083,99.4325,-48.2104,87.9858,139438,6764.72,7.38983e+06
37.0250,99.6629,-48.259,88.3089,133891,6836.22,6.9379e+06
37.0417,99.8594,-48.1534,88.5102,133350,6944.24,7.02277e+06
37.0583,100.024,-47.6192,88.911,134168,7006.09,7.32473e+06
37.0750,100.187,-47.5059,89.1059,135041,7151.26,6.81643e+06
37.0917,100.217,-47.8086,89.1275,128235,7182.84,6.85854e+06
37.1083,100.415,-47.9244,89.3531,122514,7237.66,6.49307e+06
37.1250,100.656,-47.615,89.5864,120792,7366.49,6.42095e+06
37.1417,101.15,-46.9678,90.4177,128664,7622.98,7.11393e+06
37.1583,101.823,-46.7382,91.2539,131225,7808.93,7.35768e+06
37.1750,101.896,-47.4963,91.2773,119534,7557.04,6.87963e+06
37.1917,102.461,-49.0618,91.6428,101263,7241.84,7.04214e+06
37.2083,102.698,-49.4546,91.6712,105119,7182.85,7.73699e+06
37.2250,102.741,-49.0652,91.6176,111215,7309.99,8.11596e+06
37.2417,102.017,-48.6665,91.0802,100102,7233.9,8.09828e+06
37.2583,101.744,-48.2793,90.8665,92086.9,7158.47,7.28257e+06
37.2750,101.691,-47.5873,91.0233,93485.8,7304.21,7.66365e+06
37.2917,101.841,-47.4067,91.4824,98316.6,7469.28,8.08151e+06
37.3083,101.825,-47.3297,91.4109,97164.1,7481.71,7.62393e+06
37.3250,101.785,-47.9273,91.4535,90233.1,7397.14,9.661e+06
37.3417,101.995,-48.3829,91.6874,85158,7284.55,1.02802e+07
37.3583,102.074,-47.4279,91.7189,90944.2,7436.79,7.8151e+06
37.3750,101.922,-47.6663,91.8186,86504.2,7422.7,9.85943e+06
37.3917,102.104,-48.4988,92.0013,80768.1,7321.07,1.01456e+07
37.4083,102.279,-47.6398,92.2248,86776.5,7462.37,1.08185e+07
37.4250,102.399,-47.3261,92.4105,86472.8,7552.88,1.05177e+07
37.4417,101.799,-47.4595,92.0711,80097,7418.81,1.11336e+07
37.4583,101.973,-47.6201,92.225,78318.1,7441.73,1.1007e+07
37.4750,101.879,-47.3148,92.2299,79265.5,7487.91,1.07317e+07
37.4917,102.097,-47.3418,92.6086,75891.3,7525.78,1.06619e+07
37.5083,102.571,-47.7523,93.055,72821.9,7571.23,1.0582e+07
37.5250,102.689,-47.554,93.2455,72625.6,7562.89,1.00572e+07
37.5417,102.731,-47.2437,93.4989,69947,7565.95,9.54222e+06
37.5583,102.577,-46.871,93.3503,68565.8,7637.2,1.03007e+07
37.5750,102.395,-46.783,93.2885,65931.6,7620.77,1.00233e+07
37.5917,102.465,-46.9079,93.4603,61289.5,7648.24,9.48728e+06
37.6083,102.845,-46.7825,93.8751,60883.1,7675.47,9.27105e+06
37.6250,103.058,-46.4325,94.1211,62292.8,7906.29,9.50505e+06
37.6417,103.306,-46.349,94.5427,60692.6,8039.82,9.022e+06
37.6583,103.248,-46.5664,94.4407,57023.8,7989.96,9.22017e+06
37.6750,103.313,-46.5348,94.6306,56875.9,8047.8,8.64055e+06
37.6917,103.414,-46.4769,94.8156,57133.5,8226.98,8.63852e+06
37.7083,103.398,-46.2006,94.9046,57810.7,8291.02,8.5191e+06
37.7250,103.454,-46.2105,95.1552,56364.5,8447.56,8.18278e+06
37.7417,103.777,-46.3922,95.5453,55282.1,8437.55,7.77819e+06
37.7583,103.822,-46.138,95.6157,56255.7,8680.12,7.71399e+06
37.7750,104.093,-46.0005,96.0095,57526.4,8815.39,8.14403e+06
37.7917,104.367,-46.0949,96.2434,56750.4,8791.04,7.86566e+06
37.8083,104.502,-46.0528,96.469,58001.2,9004.79,7.92317e+06
37.8250,104.846,-45.9995,96.9418,59827.7,9188.42,7.89987e+06
37.8417,105.965,-46.1962,98.0536,62510.5,9631.6,7.61427e+06
37.8583,107.1,-46.653,99.1412,65343.1,9862.82,7.78305e+06
37.8750,108.24,-46.5509,100.374,68603.2,10466.6,7.91362e+06
37.8917,108.838,-46.0871,100.989,68679.5,10586.3,7.67677e+06
37.9083,109.025,-45.8914,101.41,67906.2,10641,7.8855e+06
37.9250,108.88,-45.515,101.349,69776.9,10780.5,8.26354e+06
37.9417,108.625,-45.4731,101.211,68012.4,10766.4,8.21754e+06
37.9583,108.556,-45.2745,101.278,67838.8,10751.5,7.71479e+06
37.9750,108.677,-45.303,101.368,67927.5,10795.4,8.11333e+06
37.9917,108.576,-45.263,101.358,66332.8,10793.4,7.61999e+06
38.0083,108.785,-45.1737,101.598,66352.5,10944.8,7.87416e+06
38.0250,108.712,-44.8674,101.633,66776.6,11072,7.59933e+06
38.0417,108.916,-44.5735,101.893,66080,11230.1,8.02086e+06
38.0583,109.008,-44.3585,102.116,65475.9,11438.8,8.35301e+06
38.0750,108.906,-44.3776,102.097,62348.6,11239.9,8.64151e+06
38.0917,108.987,-44.5589,102.196,62038.8,11382.1,8.46643e+06
38.1083,108.742,-44.2426,102.042,60858.4,11297.1,7.51992e+06
38.1250,108.611,-44.3781,102.076,59254,11295.9,7.82484e+06
38.1417,109.033,-44.4611,102.549,59440.9,11297,8.01942e+06
38.1583,109.302,-44.5139,102.875,59418.7,11355.5,8.26275e+06
38.1750,109.43,-44.3789,103.146,59776.6,11320.7,8.65211e+06
38.1917,109.965,-44.4723,103.61,58977.7,11355.5,7.78452e+06
38.2083,109.776,-44.129,103.659,57722.6,11223.4,8.27221e+06
38.2250,110.145,-44.2261,103.992,57075.4,11298,8.21832e+06
38.2417,110.716,-44.3485,104.615,56609,11497.5,8.12053e+06
38.2583,110.889,-44.4627,104.916,55311.9,11394.6,9.24177e+06
38.2750,111.397,-44.8766,105.329,54903.7,11313.4,8.12674e+06
38.2917,111.586,-44.6131,105.58,56013.1,11595.5,8.59288e+06
38.3083,111.633,-44.4142,105.793,56593.9,11522.3,8.70266e+06
38.3250,111.593,-44.4298,105.747,57035.2,11723.8,8.52794e+06
38.3417,111.982,-44.1376,106.286,57515.6,11997.2,8.65422e+06
38.3583,112.724,-44.7076,107.152,56797.2,12009.5,8.13885e+06
38.3750,112.525,-44.8555,107.008,55614.1,11642,7.63805e+06
38.3917,112.774,-45.4489,107.25,54500.3,11587,6.9518e+06
38.4083,112.402,-45.4995,106.783,54717.9,11594.9,7.11335e+06
38.4250,111.649,-45.5605,106.358,53776.3,11295.5,7.41475e+06
38.4417,111.25,-45.9503,105.816,50426.9,10770.3,6.53331e+06
38.4583,110.337,-46.4576,104.878,49188.2,10149.1,5.99438e+06
38.4750,109.995,-45.1269,104.745,51740.7,11004.4,6.6466e+06
38.4917,110.409,-45.3051,104.928,51959.9,10834,5.92498e+06
38.5083,110.801,-45.4521,105.541,52913.9,10742.7,6.16662e+06
38.5250,111.325,-44.7996,106.348,56243.6,11793.5,6.63145e+06
38.5417,110.787,-43.9361,105.592,57197.3,11906.5,6.84336e+06
38.5583,110.05,-43.8742,105.054,57700.3,11637.1,6.84373e+06
38.5750,109.588,-44.3314,104.756,57706.4,11847.6,6.44031e+06
38.5917,109.551,-45.1757,104.476,57158.3,11037.7,6.07905e+06
38.6083,109.931,-46.1825,105.13,57271.6,11074.6,6.60762e+06
38.6250,109.481,-45.9867,104.567,57636.9,11015.9,6.10981e+06
38.6417,110.774,-45.5563,105.835,59591.1,10705.6,6.3861e+06
38.6583,110.807,-44.657,106.04,62265,12042.6,6.75991e+06
38.6750,110.128,-43.8858,105.491,62098.9,11614.4,6.36227e+06
38.6917,109.943,-43.7472,105.409,61145.4,11041.6,6.2983e+06
38.7083,109.972,-43.7642,105.686,62789.8,11835.2,6.52076e+06
38.7250,111.132,-44.6682,106.677,65035.2,11750.8,6.29039e+06
38.7417,111.916,-45.0058,107.356,66194.4,11742.1,5.90294e+06
38.7583,112.628,-44.9573,108.216,66217.3,12378,7.49572e+06
38.7750,112.988,-44.3493,108.401,68294.3,12444.5,6.87428e+06
38.7917,113.256,-44.1161,108.75,68732.1,12300.6,6.62383e+06
38.8083,113.494,-44.1303,109.168,67894.1,12462.8,6.91528e+06
38.8250,113.639,-44.1599,109.323,68708.2,12226.3,6.51996e+06
38.8417,113.48,-44.2218,109.284,67949.2,11875.7,6.86792e+06
38.8583,114.974,-45.1807,110.673,68914.8,12230.7,6.93184e+06
38.8750,117.113,-47.0451,112.534,71184.9,12999.3,7.28111e+06
38.8917,118.846,-49.1098,114.349,68451.7,12559.2,7.47641e+06
38.9083,121.343,-49.9621,116.563,71659.2,13116.2,7.26727e+06
38.9250,124.504,-50.4516,119.178,74519.7,13959.7,6.9969e+06
38.9417,127.318,-50.8303,122.249,74572.9,14126.6,9.85395e+06
38.9583,129.189,-50.0498,124.492,77658.8,14406.2,1.12088e+07
38.9750,130.546,-49.3997,125.727,79701.7,14753.8,9.49591e+06
38.9917,130.772,-49.0112,125.902,74630.1,14628.9,8.84688e+06
39.0083,129.589,-48.2559,125.259,74180.1,14128.1,1.03161e+07
39.0250,130.517,-48.4878,125.944,73283.8,14324,9.18826e+06
39.0417,131.44,-48.8634,126.712,73798.4,14508.8,8.85584e+06
39.0583,131.438,-48.0216,127.089,75793.1,14580.8,1.01769e+07
39.0750,131.232,-48.3989,126.876,75707.5,14397.7,9.40144e+06
39.0917,131.685,-48.3289,127.284,75734,14514.4,7.73597e+06
39.1083,132.186,-48.4946,127.966,72671.8,14576,8.58327e+06
39.1250,132.619,-48.8154,128.754,75260.4,14506.7,9.50686e+06
39.1417,133.356,-49.1676,129.402,73391.3,14063.6,8.11911e+06
39.1583,132.81,-48.7479,129.015,69911.6,13996.2,8.94849e+06
39.1750,132.008,-48.7295,128.473,70557.4,13914.1,1.01673e+07
39.1917,130.913,-49.0986,127.308,63939.5,13532.6,7.09576e+06
39.2083,129.614,-48.7995,126.045,68455.1,13617.6,7.49578e+06
39.2250,129.697,-48.5419,126.315,64767.4,13771.3,8.1011e+06
39.2417,130.9,-47.8137,127.481,66647.4,13970,7.78994e+06
39.2583,132.315,-48.7033,128.892,70401.3,14170.9,7.64366e+06
39.2750,135.852,-51.4907,132.617,75490.6,14170.6,8.3858e+06
39.2917,134.544,-47.0245,131.21,75692.5,14649.3,9.35705e+06
39.3083,130.012,-47.4824,127.139,65619.1,13783,8.14615e+06
39.3250,132.049,-51.1906,129.101,64869.6,13057.8,6.99356e+06
39.3417,137.342,-51.3548,134.05,71078.2,13445.8,7.66883e+06
39.3583,141.139,-53.1508,137.889,66781.8,12385.2,7.99348e+06
39.3750,135.91,-51.8478,132.652,61436.6,11689.8,6.98352e+06
39.3917,131.58,-49.8215,128.714,62963.9,11766.8,7.0622e+06
39.4083,127.005,-47.5159,124.333,57160.8,11308.3,6.61381e+06
39.4250,124.923,-47.2305,122.22,54108.9,11113.5,5.10291e+06
39.4417,124.679,-47.6358,122.363,54368.9,10575.9,5.77134e+06
39.4583,125.669,-48.5899,123.488,54616.2,10781.8,5.49057e+06
39.4750,125.778,-47.9644,123.581,58779.1,11608.1,6.24366e+06
39.4917,128.76,-48.7522,126.629,61066.6,12066.6,6.99146e+06
39.5083,132.249,-48.4742,129.731,65026.1,12846.5,6.81052e+06
39.5250,132.367,-46.0885,129.165,65668.7,13044.7,6.57533e+06
39.5417,130.091,-41.5512,126.815,68882,14145.5,7.52938e+06
39.5583,129.098,-37.3691,125.671,72402,14661.5,8.48032e+06
39.5750,127.724,-38.7266,124.27,69307.8,14543.9,7.90954e+06
39.5917,130.049,-41.4588,126.247,68163.8,14116.4,6.77308e+06
39.6083,129.431,-36.5141,125.597,71243,14176.5,8.84646e+06
39.6250,129.527,-35.8527,126.569,64090,13402.4,8.71542e+06
39.6417,133.226,-44.5341,131.858,56459.8,12130.7,7.18277e+06
39.6583,135.614,-50.118,134.324,62463.4,13648.6,7.25029e+06
39.6750,136.081,-47.3574,134.25,68891.9,14219,8.22986e+06
39.6917,134.575,-47.0501,132.242,57678.7,12867.3,6.59885e+06
39.7083,133.767,-45.7059,131.199,58804,13176.4,5.58252e+06
39.7250,133.805,-44.0432,131.21,56222.2,12172.9,5.66417e+06
39.7417,135.333,-43.3871,132.776,56015.3,12142.2,6.8209e+06
39.7583,135.964,-43.2804,133.363,71455.5,15140.2,8.86881e+06
39.7750,137.491,-48.765,135.139,67243.3,13594,6.20027e+06
39.7917,139.494,-51.4482,137.337,51026.2,11775.7,6.57042e+06
39.8083,136.393,-48.7845,134.456,58604.6,13512.1,8.38972e+06
39.8250,134.387,-50.8297,132.581,45866.9,12324.9,4.8226e+06
39.8417,134.267,-52.9959,132.846,43310.6,11590.6,4.63606e+06
39.8583,138.203,-54.702,137.047,49455.7,13245.8,6.65511e+06
39.8750,141.927,-56.6376,140.788,55452.9,13303.8,6.70358e+06
39.8917,147.013,-59.1298,145.923,51354,12582.2,5.06072e+06
39.9083,147.515,-56.6322,146.412,57108.6,12718.3,6.42893e+06
39.9250,146.13,-52.3347,144.678,64507.4,14313.3,6.92057e+06
39.9417,143.349,-48.5203,141.449,65461.5,16311.2,5.72285e+06
39.9583,140.675,-47.3586,138.656,68341.8,17716.3,5.76141e+06
39.9750,139.102,-47.391,137.329,70084.6,16860.3,6.44349e+06
39.9917,140.773,-48.5666,139.008,67526.9,16714.1,5.91333e+06
40.0083,141.769,-48.8424,139.977,71699.2,17393.3,6.37234e+06
40.0250,143.258,-49.0805,141.389,71749.4,17861.6,6.28683e+06
40.0417,143.405,-48.9455,141.528,72933,17199,6.29701e+06
40.0583,142.086,-47.7024,140.274,76325.2,18133.7,6.4159e+06
40.0750,141.26,-47.0641,139.359,73215.1,18541.6,6.60195e+06
40.0917,141.297,-46.8452,139.369,73502.8,17236.9,6.23649e+06
40.1083,141.013,-47.0275,139.239,75257.3,18644.7,5.98438e+06
40.1250,141.482,-47.2835,139.784,79859.2,20094.6,6.31755e+06
40.1417,141.081,-48.6046,139.451,71713.4,16768.7,5.87903e+06
40.1583,140.353,-48.5346,138.795,66145.8,17564,5.58471e+06
40.1750,140.377,-48.2608,138.912,72718.9,18207,6.40038e+06
40.1917,140.906,-47.9267,139.384,72253.4,17468.4,6.52609e+06
40.2083,141.302,-47.7374,139.658,69023.7,17209.8,5.67156e+06
40.2250,140.848,-47.7729,139.347,69433.5,17577.1,5.97828e+06
40.2417,140.112,-48.1165,138.748,72462.3,17772,6.1935e+06
40.2583,139.665,-47.7634,138.22,66914.1,16339,5.82382e+06
40.2750,138.219,-47.0645,136.751,63615.4,15837.9,5.09672e+06
40.2917,136.867,-46.1511,135.468,67474.6,16116.3,5.3446e+06
40.3083,134.537,-45.9727,133.209,66846.5,15700.9,5.63524e+06
40.3250,133.908,-45.7231,132.52,59508.2,14911,4.7002e+06
40.3417,134.382,-46.2497,133.116,64778.2,15541.6,5.08657e+06
40.3583,134.68,-46.7956,133.504,64044.3,15596.7,5.28738e+06
40.3750,133.278,-47.416,132.205,60651.8,15196.8,5.03021e+06
40.3917,131.606,-47.4837,130.67,57945.3,14704.3,4.20947e+06
40.4083,131.43,-47.6845,130.543,62509.6,15762.3,4.39464e+06
40.4250,131.188,-47.3408,130.235,63570.9,16192,4.6062e+06
40.4417,130.733,-48.0723,129.821,58353.4,15319.8,4.36362e+06
40.4583,130.609,-47.9026,129.79,56317.6,15098.5,4.19763e+06
40.4750,132.155,-48.039,131.348,64320.7,16422,4.41277e+06
40.4917,133.921,-49.2921,133.118,64060.1,16201.9,4.38264e+06
40.5083,135.476,-49.8074,134.628,64507.6,16307.4,4.47208e+06
40.5250,134.473,-48.7955,133.664,69254.6,16884.9,4.77942e+06
40.5417,134.156,-47.6695,133.249,67312.2,16512.8,4.64506e+06
40.5583,133.549,-46.822,132.555,65905.5,17210,4.35173e+06
40.5750,132.844,-46.7664,131.912,67488.2,17012.7,4.72493e+06
40.5917,133.202,-46.9409,132.261,66637.1,16706.3,4.51888e+06
40.6083,132.481,-46.7837,131.541,64290,16570.8,4.316e+06
40.6250,131.692,-46.5956,130.804,68379.8,16979.6,4.20162e+06
40.6417,133.315,-48.0509,132.528,66998.3,16867.6,4.55841e+06
40.6583,135.756,-49.0336,134.97,70412.2,17370,4.6297e+06
40.6750,137.214,-48.8668,136.344,72633,17536.2,4.20857e+06
40.6917,138.67,-48.8841,137.727,71607.6,17481.8,4.46892e+06
40.7083,140.799,-48.9269,139.763,71765.3,17550.3,4.75308e+06
40.7250,142.587,-47.9183,141.32,73513,17545.4,4.96256e+06
40.7417,142.183,-48.0477,140.955,73862,18091.6,4.70588e+06
40.7583,144.544,-50.0114,143.462,70942.3,17309.1,5.21836e+06
40.7750,147.006,-50.1005,145.804,72712.3,17218.1,5.51547e+06
40.7917,145.239,-48.0928,143.85,70752.2,17492.4,5.33359e+06
40.8083,141.526,-46.3444,140.093,69496.8,17795.1,4.24317e+06
40.8250,137.923,-46.2203,136.68,69061,17997.1,4.42491e+06
40.8417,135.767,-47.2397,134.777,67709.9,17000.7,4.07671e+06
40.8583,137.373,-49.1682,136.541,65718.7,16075.7,3.84897e+06
40.8750,140.924,-49.881,140.004,65269.6,16207.9,4.37699e+06
40.8917,145.072,-50.6654,144.039,63955.8,16362.5,4.63847e+06
40.9083,148.202,-49.4487,146.828,64987.7,16186.3,5.04424e+06
40.9250,146.58,-47.6539,145.025,66031.7,16339.8,5.20738e+06
40.9417,143.912,-46.5023,142.313,67965,16969,4.95899e+06
40.9583,142.483,-48.2166,141.221,66913.5,16222.3,4.68538e+06
40.9750,141.015,-48.8944,139.941,65014.6,15598.1,4.20707e+06
40.9917,141.711,-48.7459,140.573,64487.7,15645.2,4.324e+06
41.0083,140.51,-47.2824,139.221,64742,15447.9,4.22528e+06
41.0250,134.87,-44.7398,133.545,65384.5,15221,4.41451e+06
41.0417,136.084,-47.1028,135.026,65545.1,14601,3.84829e+06
41.0583,136.346,-46.5473,135.148,67444.3,14538.3,4.39122e+06
41.0750,134.998,-43.8945,133.478,67207,14499.8,4.43701e+06
41.0917,174.248,-48.9048,170.346,104171,11981.7,3.39988e+07
41.1083,93.5852,-12.8318,73.9322,10757.3,1110.26,5.78293e+08
41.1250,103.573,-4.93344,59.1526,6914.82,691.954,4.84764e+08
41.1417,70.5294,19.4345,2.29231,6426.86,556.971,5.66216e+08
41.1583,75.44,0.0557113,-2.61963,6103.58,384.614,5.84472e+08
41.1750,67.7679,-1.52732,12.8274,4042.03,235.911,2.20226e+08
41.1917,75.1981,1.33759,9.25734,2876.23,208.293,2.23769e+08
41.2083,102.226,9.79615,-3.76369,2004.76,187.515,1.02955e+08
41.2250,130.022,4.90743,10.0872,1577.33,142.501,6.59131e+07
41.2417,175.075,19.7815,-52.1405,2130.47,258.605,2.4108e+08
41.2583,167.597,32.8328,-100.873,1808.85,224.797,1.1542e+08
41.2750,170.343,42.9488,-139.409,1987.75,281.006,5.09983e+07
41.2917,163.625,42.4216,-141.543,2345.1,348.936,5.43857e+07
41.3083,137.689,33.9113,-126.672,2386.46,357.588,4.84117e+07
41.3250,130.961,32.1942,-115.175,2560.38,376.389,5.98328e+07
41.3417,114.144,27.6546,-102.917,2854.93,414.473,1.15755e+08
41.3583,103.731,28.4678,-100.728,2810.72,417.009,1.35561e+08
41.3750,119.308,30.6124,-108.991,2748.54,413.604,8.30051e+07
41.3917,124.325,26.6037,-103.716,2723.94,404.631,5.40889e+07
41.4083,111.481,28.7201,-91.8933,2700.15,394.465,6.00394e+07
41.4250,110.865,21.4168,-95.0567,2808.83,408.325,7.30371e+07
41.4417,96.9531,24.5651,-86.0187,2996.2,416.1,9.31192e+07
41.4583,94.4633,23.6658,-82.724,2853.47,389.789,8.53737e+07
41.4750,98.5577,32.3244,-88.5867,2648.46,375.481,6.07498e+07
41.4917,116.563,43.1994,-107.319,2715.66,387.762,5.29014e+07
41.5083,119.219,46.1733,-115.141,2676.61,384.353,5.19391e+07
41.5250,125.67,43.606,-120.522,2617.73,403.595,4.36542e+07
41.5417,113.363,30.2237,-109.321,2699.78,411.91,4.45187e+07
41.5583,122.131,29.6712,-113.425,2708.09,407.24,4.55184e+07
41.5750,112.6,36.3425,-104.546,2805.29,410.42,5.58958e+07
41.5917,117.869,45.0969,-112.159,2690.46,381.713,4.95345e+07
41.6083,114.989,45.0673,-101.125,2698.64,382.553,4.91867e+07
41.6250,96.1856,15.3399,-66.5094,3029.81,387.662,1.28582e+08
41.6417,97.9629,-0.129924,-60.7942,2974,352.477,1.80928e+08
41.6583,94.9326,17.9874,-80.6483,2716.1,340.194,1.40838e+08
41.6750,81.3958,3.73539,-55.5033,2965.36,351.15,2.16246e+08
41.6917,90.5422,14.8958,-74.6124,2661.93,339.271,1.80998e+08
41.7083,130.666,4.80638,-37.4647,3002.01,399.817,8.37913e+07
41.7250,98.9173,6.91152,-49.5302,3441.07,432.053,1.42103e+08
41.7417,111.645,-2.29571,-26.7354,3262.08,405.75,2.56553e+08
41.7583,143.557,8.28812,-90.2704,1921.73,273.209,1.0657e+08
41.7750,163.494,19.4279,-139.265,1468.31,217.983,1.35143e+08
41.7917,171.352,28.4834,-158.814,1547.09,232.814,8.76342e+07
41.8083,154.635,23.277,-141.483,1561.14,229.261,4.41462e+07
41.8250,100.82,14.918,-85.8354,1502.22,201.616,6.45541e+07
41.8417,118.438,30.1774,-113.72,1453.21,206.833,5.33745e+07
41.8583,111.392,16.1382,-88.5272,1607.26,221.619,8.59092e+07
41.8750,58.5489,2.5867,-33.843,1672.97,213.803,1.21219e+08
41.8917,129.525,-4.39635,-39.2867,1563.82,192.63,7.49883e+07
41.9083,135.188,-10.3623,-40.8645,1653.3,201.638,1.29849e+08
41.9250,130.098,-3.25645,-58.6398,1583.04,182.149,1.182e+08
41.9417,127.811,2.91237,-78.8143,1128.51,132.03,8.02377e+07
41.9583,140.523,7.86662,-94.7702,1050.81,123.742,5.31985e+07
41.9750,164.828,19.8391,-143.963,825.576,101.236,3.96885e+07
41.9917,191.818,9.36384,-148.158,668.362,80.4152,8.97569e+07
42.0083,190.772,2.54477,-137.178,580.367,69.9985,1.55593e+08
42.0250,192.461,14.9934,-159.547,625.224,74.124,1.84635e+08
42.0417,183.798,16.3796,-156.719,616.301,69.9815,8.79018e+07
42.0583,184.923,20.4817,-160.956,612.366,72.7888,1.52609e+08
42.0750,184.993,21.2244,-168.615,587.931,67.3835,1.09139e+08
42.0917,185.691,23.4089,-170.943,577.839,72.0383,1.37626e+08
42.1083,180.402,29.7039,-172.489,612.366,73.8959,1.19192e+08
42.1250,177.342,30.0042,-170.281,572.612,64.88,1.15862e+08
42.1417,177.975,35.9127,-171.985,623.706,74.1285,8.70162e+07
42.1583,191.422,39.1449,-184.638,648.933,76.8029,4.20884e+07
42.1750,194.869,43.5307,-187.895,630.777,76.7505,2.69295e+07
42.1917,181.325,44.6519,-175.684,646.077,74.9339,5.49466e+07
42.2083,174.727,37.2779,-166.642,619.467,74.7637,6.04918e+07
42.2250,179.388,35.443,-169.867,517.54,61.33,2.83029e+07
42.2417,170.57,19.2083,-156.233,486.943,55.4235,2.78996e+07
42.2583,164.71,5.54674,-131.691,433.301,35.018,3.18577e+07
42.2750,172.043,-7.06945,-105.95,415.984,32.1295,8.78095e+06
42.2917,179.103,-7.29363,-106.437,420.94,28.0346,6.74347e+06
42.3083,183.221,-12.6454,-90.1884,382.433,21.8675,3.86084e+06
42.3250,184.518,-16.1089,-89.2899,377.263,22.5971,3.56526e+06
42.3417,182.086,-18.9006,-84.0873,375.877,21.6665,2.9951e+06
42.3583,181.789,-18.8333,-98.1748,378.012,24.5891,3.88347e+06
42.3750,187.335,-21.8778,-108.458,371.464,24.6442,4.42528e+06
42.3917,188.254,-31.0165,-86.5751,355.801,19.8407,3.13982e+06
42.4083,188.24,-31.9959,-85.6007,329.707,15.3792,2.87741e+06
42.4250,187.078,-21.2892,-121.214,328.674,19.0485,5.28381e+06
42.4417,209.657,-35.3331,-118.67,389.977,16.7664,6.20733e+06
42.4583,94.8683,-9.41291,0.749504,469.318,21.8192,8.15202e+07
42.4750,89.5027,2.08928,73.4275,371.216,20.608,3.24003e+07
42.4917,107.517,23.8195,49.3859,401.569,22.7799,3.01808e+07
42.5083,108.239,44.5464,-8.33413,388.778,22.0951,2.34221e+07
42.5250,109.01,43.5791,-63.6176,372.291,21.2477,5.00318e+07
42.5417,143.564,51.4822,-95.256,326.167,21.5965,1.33447e+07
42.5583,188.693,44.8262,-180.54,281.121,22.672,0
42.5750,198.716,46.5269,-192.048,271.639,19.3207,0
42.5917,207.141,41.6085,-200.161,279.788,20.9669,0
42.6083,239.03,49.0045,-231.173,257.567,23.5395,0
42.6250,226.104,41.4724,-218.198,255.47,20.8836,2.27517e+07
42.6417,213.458,36.8651,-205.741,248.929,20.6523,2.85216e+07
42.6583,216.288,38.8244,-208.158,257.94,23.1212,3.74232e+07
42.6750,216.969,34.7182,-208.724,251.928,24.484,3.85704e+07
42.6917,215.257,32.6144,-207.23,259.725,22.0634,4.30136e+07
42.7083,213.818,32.1422,-205.722,265.827,24.8643,4.05827e+07
42.7250,218.09,32.7774,-209.591,276.038,21.607,7.37443e+07
42.7417,214.673,32.974,-206.036,263.738,21.9489,9.47867e+07
42.7583,212.817,30.6358,-205.652,271.059,23.5192,9.83855e+07
42.7750,212.592,39.0126,-204.47,267.022,22.5852,7.27667e+07
42.7917,214.615,35.5809,-205.381,233.31,22.7612,4.99258e+07
42.8083,219.108,36.2621,-210.348,236.43,21.2089,3.59934e+07
42.8250,222.736,34.2148,-213.955,259.734,24.318,4.53664e+07
42.8417,217.573,37.0695,-208.545,250.216,20.6106,7.23937e+07
42.8583,213.538,27.1102,-206.018,280.567,21.427,6.90519e+07
42.8750,218.329,32.3526,-211.647,270.108,21.0013,9.59823e+07
42.8917,210.278,26.8703,-203.016,272.065,24.2661,9.34489e+07
42.9083,217.408,26.1873,-209.515,268.384,21.1608,8.79177e+07
42.9250,218.725,27.4115,-210.87,275.912,23.1148,1.18837e+08
42.9417,214.399,29.6482,-207.215,267.247,22.1601,1.45821e+08
42.9583,200.081,29.8093,-192.445,236.622,21.2022,8.05162e+07
42.9750,170.061,25.7272,-161.726,273.883,20.7631,5.51496e+07
42.9917,150.026,-34.2027,26.5211,268.179,21.0568,1.19905e+07
43.0083,138.474,-34.6889,-31.2821,303.927,19.8882,8.28751e+06
43.0250,149.582,-28.878,-73.4619,295.124,20.4382,6.9127e+06
43.0417,168.445,-32.8695,-77.5586,277.261,19.0759,1.30384e+07
43.0583,168.312,-21.5139,-96.7225,278.424,19.2592,2.02846e+07
43.0750,174.023,-21.8052,-105.062,232.958,16.7168,1.30326e+07
43.0917,184.819,-32.2772,-84.9135,227.511,16.2741,1.00512e+07
43.1083,184.855,-49.0241,-39.5344,224.39,15.9111,6.67191e+06
43.1250,196.085,-63.4445,12.5169,255.884,16.2434,4.37618e+06
43.1417,198.419,-61.5612,4.48151,249.831,15.7524,4.89333e+06
43.1583,193.529,-55.5387,-13.633,254.792,16.4166,1.5694e+07
43.1750,200.833,-57.6608,-2.16901,256.393,15.486,9.69028e+06
43.1917,204.127,-49.7443,-27.1932,245.893,16.3679,1.47245e+07
43.2083,207.205,-51.215,-26.814,243.63,16.2609,1.5258e+07
43.2250,208.453,-65.329,31.9385,227.863,15.5341,8.83552e+06
43.2417,209.093,-67.677,46.6553,232.688,14.286,4.13734e+06
43.2583,219.977,-71.1183,47.6746,205.684,15.8834,3.00426e+06
43.2750,225.464,-74.1794,45.3339,211.711,15.7453,5.75325e+06
43.2917,223.724,-71.0958,64.1013,218.058,19.435,9.44297e+06
43.3083,179.214,-72.8477,82.6552,212.833,13.684,3.64812e+06
43.3250,220.218,-83.0855,103.327,187.261,15.1883,2.49886e+06
43.3417,228.867,-88.0609,113.349,258.934,17.5782,3.08366e+07
43.3583,210.865,-82.9171,80.6438,237.589,17.9407,1.14678e+07
43.3750,243.641,-87.6513,78.4624,231.752,15.9044,4.91928e+06
43.3917,247.293,-83.8538,63.8355,214.78,15.7971,3.14189e+06
43.4083,246.651,-81.6153,62.025,215.494,17.1769,3.24741e+06
43.4250,248.147,-85.3668,62.1042,208.838,17.5019,4.53146e+06
43.4417,247.173,-98.7218,92.6119,229.904,15.4652,9.08403e+06
43.4583,239.473,-89.7122,82.2251,251.688,17.9345,7.80194e+07
43.4750,235.085,-100.163,120.294,212.817,14.5937,1.18556e+07
43.4917,223.863,-106.561,143.962,355.987,17.7271,5.17757e+07
43.5083,221.031,-103.428,146.091,483.246,22.4652,8.01345e+07
43.5250,220.011,-102.421,149.378,350.777,23.6198,1.07673e+08
43.5417,213.951,-108.763,155.504,474.757,24.5678,1.1243e+08
43.5583,203.213,-113.271,158.059,658.542,25.5435,1.77596e+08
43.5750,211.558,-104.206,170.345,753.799,32.3598,1.92648e+08
43.5917,217.339,-102.589,165.884,539.719,18.7062,1.44099e+08
43.6083,242.019,-118.725,150.592,256.255,15.5103,3.12475e+07
43.6250,259.946,-109.815,117.628,245.665,16.3298,2.8543e+07
43.6417,202.13,-80.2303,23.352,232.279,16.2745,7.47175e+06
43.6583,164.083,-66.219,86.8241,233.99,16.4747,9.15307e+06
43.6750,222.898,-89.479,128.244,208.622,17.4188,4.54934e+06
43.6917,218.864,-72.9806,-1.70588,198.808,16.9137,4.5969e+06
43.7083,237.21,-84.9814,25.0791,185.526,17.1559,5.01053e+06
43.7250,266.065,-112.074,135.334,180.03,14.4515,8.0048e+06
43.7417,287.303,-126.547,166.384,273.209,16.7688,4.21107e+06
43.7583,275.477,-124.641,172.376,308.933,17.6301,1.39224e+07
43.7750,238.207,-73.8738,-2.84039,225.613,17.0559,1.05248e+07
43.7917,224.901,-38.9294,-128.999,209.131,17.0348,2.03731e+07
43.8083,201.965,-34.8122,-120.986,178.437,12.7779,3.79374e+07
43.8250,216.151,-30.9674,-132.116,160.012,14.8768,1.49996e+07
43.8417,215.996,-52.5678,-123.626,164.568,13.6875,2.9803e+07
43.8583,209.963,-34.8663,-127.564,166.418,13.2174,4.57289e+07
43.8750,221.211,-33.8374,-125.025,188.136,20.0055,1.75389e+07
43.8917,215.108,-31.1292,-142.099,162.514,16.3223,1.33462e+07
43.9083,218.341,-38.136,-153.519,155.15,13.0577,2.9141e+07
43.9250,214.705,-30.8998,-162.724,160.103,15.0742,3.01744e+07
43.9417,218.442,-28.5701,-168.338,169.39,14.6076,2.43469e+07
43.9583,210.051,-23.5531,-169.056,192.574,19.6769,2.57005e+07
43.9750,216.567,-27.9605,-119.825,285.644,25.0304,1.6673e+07
43.9917,206.002,-93.4673,110.642,200.425,18.408,1.65517e+07
44.0083,207.886,-96.8883,98.2896,182.539,16.0463,1.36645e+07
44.0250,231.578,-76.6334,136.429,198.884,17.7129,1.49187e+07
44.0417,192.43,-66.296,132.727,181.835,18.8265,2.38157e+07
44.0583,180.286,-86.9269,132.689,417.843,44.6219,4.69906e+07
44.0750,183.267,-104.13,117.798,902.704,71.816,3.13492e+07
44.0917,183.488,-66.7619,55.0128,320.378,23.0114,3.98318e+07
44.1083,185.767,-46.2267,-60.6406,227.531,16.7897,3.39083e+07
44.1250,193.833,5.59688,-146.474,286.798,17.6683,1.28773e+07
44.1417,203.086,43.2195,-195.6,250.499,19.6162,1.45255e+07
44.1583,203.732,49.3574,-192.4,168.104,15.8835,1.66223e+07
44.1750,207.122,45.8207,-190.73,156.604,15.918,3.17103e+07
44.1917,214.027,64.4408,-183.185,145.714,14.7006,4.29185e+07
44.2083,214.275,83.8971,-158.008,130.704,12.5079,2.64841e+07
44.2250,209.842,66.0032,-169.122,134.934,11.0695,3.80236e+07
44.2417,201.864,81.1847,-134.746,134.96,10.4398,1.60097e+07
44.2583,192.299,80.7311,-130.069,144.023,11.8787,1.02891e+07
44.2750,189.432,82.2445,-113.765,137.725,11.2906,5.28873e+06
44.2917,206.309,93.2628,-125.932,138.576,10.7858,5.56131e+06
44.3083,204.993,94.47,-134.802,143.438,9.95239,6.39399e+06
44.3250,207.772,95.4508,-130.088,138.721,11.6608,6.8359e+06
44.3417,203.896,90.9275,-124.949,139.368,11.104,5.71372e+06
44.3583,203.974,95.0669,-124.159,141.153,9.66898,6.62425e+06
44.3750,200.127,87.1714,-142.024,142.038,10.4331,7.87039e+06
44.3917,181.626,58.9074,-160.717,145.739,10.5369,9.38057e+06
44.4083,176.956,49.9931,-156.172,148.211,10.7962,1.20659e+07
44.4250,177.04,20.5722,-172.316,145.786,11.8611,1.9312e+07
44.4417,169.319,43.9457,-155.266,161.973,11.0004,1.89698e+07
44.4583,161.49,41.5735,-139.119,183.539,11.7887,1.97815e+07
44.4750,131.79,43.5386,-107.743,190.868,9.63787,1.87965e+07
44.4917,177.989,81.6315,-104.488,184.974,10.8794,1.21789e+07
44.5083,171.718,79.6559,-93.7345,194.306,9.85245,2.31563e+07
44.5250,126.885,30.568,-111.961,219.198,11.0767,2.53419e+07
44.5417,124.73,42.2764,-100.505,212.276,9.76967,4.73373e+07
44.5583,113.169,38.9528,-94.062,202.017,9.71403,4.36413e+07
44.5750,105.512,36.2337,-85.8267,201.427,10.513,3.46672e+07
44.5917,101.916,36.0145,-83.7467,202.967,10.2606,3.16739e+07
44.6083,83.1366,29.6578,-68.5509,185.781,11.2358,2.40841e+07
44.6250,113.884,48.7978,-84.0427,194.487,8.17536,1.52699e+07
44.6417,137.974,35.0801,-123.541,231.216,10.6169,1.23369e+07
44.6583,151.7,42.4198,-132.42,230.997,9.87672,9.48398e+06
44.6750,148.657,31.2709,-139.2,195.762,12.9582,8.96053e+06
44.6917,153.834,37.6355,-144.769,191.349,12.1487,9.47131e+06
44.7083,160.864,33.6368,-151.587,196.032,11.3842,9.90358e+06
44.7250,161.032,36.0743,-147.591,180.862,11.1249,8.91868e+06
44.7417,153.139,35.6959,-136.718,187.692,10.2157,1.19387e+07
44.7583,152.217,37.8505,-135.834,191.092,10.1014,8.59014e+06
44.7750,156.51,30.3153,-142.234,191.162,10.6546,1.09563e+07
44.7917,152.472,25.8206,-143.055,187.147,12.0106,1.05811e+07
44.8083,142.648,15.3975,-137.002,192.091,10.4511,1.12101e+07
44.8250,155.351,20.956,-147.055,185.097,11.9001,8.5585e+06
44.8417,162.101,23.3648,-149.956,181.136,12.6438,9.31263e+06
44.8583,165.503,37.369,-151.885,161.906,10.4679,7.39406e+06
44.8750,155.753,31.1287,-144.184,173.689,11.9033,7.09714e+06
44.8917,164.982,22.5268,-156.466,185.864,9.50331,7.27571e+06
44.9083,172.807,20.2561,-162.608,177.763,10.7483,6.1084e+06
44.9250,158.158,21.3492,-145.991,173.483,9.97366,6.30388e+06
44.9417,159.483,12.0045,-152.02,160.25,10.129,5.6123e+06
44.9583,158.603,-11.1649,-144.969,304.334,19.0863,5.46816e+06
44.9750,154.867,-107.039,-5.5257,2102.09,20.1862,3.62571e+08
44.9917,185.45,-151.322,34.6316,4000.98,39.4452,6.09037e+08
45.0083,147.001,-92.6128,41.592,3905.36,24.7206,4.93802e+08
45.0250,87.7802,-67.7041,0.67,3785.58,52.9392,9.79613e+08
45.0417,69.7051,-41.6461,23.1759,3973.59,47.4176,1.04393e+09
45.0583,80.9479,-18.1989,36.323,2982.21,45.0928,8.77992e+08
45.0750,149.065,-107.042,51.0831,2334.83,37.7157,4.96956e+08
45.0917,197.689,-168.273,68.0955,1704.71,21.226,3.27311e+08
45.1083,222.25,-196.426,75.2425,640.559,13.311,1.78082e+08
45.1250,241.822,-223.642,86.0048,203.748,12.2491,3.72263e+07
45.1417,233.779,-225.819,61.0915,178.506,13.2589,3.54151e+07
45.1583,212.18,-199.936,73.3046,424.974,30.9551,2.14496e+08
45.1750,204.845,-186.674,82.3162,407.482,12.4398,2.51325e+07
45.1917,220.842,-202.325,79.523,296.182,12.353,5.99885e+06
45.2083,236.978,-187.087,28.1664,190.213,11.8862,3.55423e+06
45.2250,242.062,-219.117,51.289,194.691,12.7199,2.89768e+06
45.2417,252.271,-228.984,53.7881,174.867,12.4599,2.64766e+06
45.2583,265.039,-242.187,45.5086,162.509,11.7409,2.39523e+06
45.2750,268.641,-248.482,39.2468,183.287,13.2935,2.56442e+06
45.2917,268.322,-248.267,37.1065,202.24,14.0165,2.59546e+06
45.3083,273.546,-248.641,39.7462,192.007,14.1823,2.44828e+06
45.3250,279.022,-249.291,29.5311,185.851,13.4698,2.53659e+06
45.3417,287.472,-249.469,12.546,183.517,12.4774,2.39775e+06
45.3583,286.016,-251.711,-6.60215,176.506,13.2276,2.5066e+06
45.3750,291.32,-235.111,-24.3507,170.737,13.8228,2.31717e+06
45.3917,291.25,-224.098,-8.3391,169.659,13.2277,2.24747e+06
45.4083,294.959,-226.601,5.41215,165.693,12.3492,2.58996e+06
45.4250,290.57,-207.268,-8.99992,166.484,12.5359,2.35148e+06
45.4417,286.511,-205.265,1.18115,178.041,12.6575,2.15959e+06
45.4583,289.126,-207.155,29.7997,156.885,12.1178,2.32405e+06
45.4750,288.961,-210.496,29.4465,157.757,10.8518,2.55284e+06
45.4917,288.88,-206.192,7.4809,165.471,12.5293,1.92596e+06
45.5083,288.832,-216.679,-23.925,162.581,13.1101,2.05409e+06
45.5250,285.396,-218.159,-23.966,178.277,13.7778,2.1776e+06
45.5417,289.695,-214.919,-15.5058,182.582,12.8128,1.97299e+06
45.5583,293.302,-221.536,-11.2895,175.693,13.3763,1.88887e+06
45.5750,298.131,-224.408,-8.59811,160.554,12.3838,1.86178e+06
45.5917,301.81,-220.527,-16.9197,156.323,11.8858,2.03196e+06
45.6083,305.143,-225.079,-9.20468,136.32,10.4062,1.8882e+06
45.6250,306.936,-225.056,-7.33442,137.655,11.2184,1.97303e+06
45.6417,306.948,-225.365,-3.42363,136.16,12.0351,1.88709e+06
45.6583,305.401,-230.878,-2.7448,145.666,12.3911,2.01006e+06
45.6750,307.559,-240.299,-1.91902,155.623,11.2946,2.01215e+06
45.6917,288.918,-223.665,-7.34862,158.093,13.0964,1.94717e+06
45.7083,263.566,-217.962,27.2652,153.856,11.9862,4.63819e+06
45.7250,263.584,-248.907,63.4113,153.998,11.7166,5.25823e+06
45.7417,260.706,-252.872,55.0627,301.197,11.9861,4.25529e+07
45.7583,254.334,-243.344,64.8685,239.262,11.8546,3.48358e+07
45.7750,250.92,-237.876,80.5448,175.167,12.8789,7.98353e+06
45.7917,257.003,-242.079,70.4947,167.85,11.8857,2.71252e+06
45.8083,253.306,-242.219,50.8153,165.639,14.4242,2.3152e+06
45.8250,258.565,-244.622,51.4276,170.729,13.9229,2.21527e+06
45.8417,261.603,-245.194,36.1296,170.479,10.541,2.13877e+06
45.8583,262.027,-241.575,34.6899,162.369,13.1135,2.17164e+06
45.8750,262.465,-245.702,21.5844,156.206,12.9614,2.30425e+06
45.8917,264.501,-244.062,20.5933,154.158,12.2352,2.26351e+06
45.9083,267.382,-245.052,20.7386,162.801,13.1516,2.02638e+06
45.9250,270.063,-245.664,15.9524,153.168,13.055,2.06913e+06
45.9417,267.828,-242.541,18.5043,149.088,13.7772,2.05998e+06
45.9583,266.93,-240.819,18.5411,148.963,12.8886,1.99482e+06
45.9750,260.548,-235.893,20.9252,142.791,11.9617,2.25398e+06
45.9917,256.455,-233.898,24.2821,134.745,13.1651,2.62067e+06
46.0083,258.168,-236.115,27.0396,137.43,12.9445,2.41684e+06
46.0250,263.028,-237.233,22.8793,144.831,13.5182,2.32097e+06
46.0417,266.424,-236.385,18.8521,149.422,12.975,2.04167e+06
46.0583,283.985,-244.78,7.01884,130.418,10.838,2.35709e+06
46.0750,294.034,-241.356,-15.4972,131.069,10.302,2.63687e+06
46.0917,295.466,-233.462,-22.6938,130.041,11.512,2.16753e+06
46.1083,303.023,-232.794,-36.7153,139.938,10.862,2.39463e+06
46.1250,309.218,-230.43,-50.3927,132.083,10.7687,2.23067e+06
46.1417,317.607,-236.526,-59.6706,136.534,11.7098,2.02869e+06
46.1583,315.546,-239.817,-44.8569,130.834,12.1868,2.21587e+06
46.1750,313.01,-243.237,-34.8459,131.935,11.5955,2.01569e+06
46.1917,314.499,-249.394,-28.3374,134.193,10.5339,2.24504e+06
46.2083,314.726,-251.077,-27.3089,134.691,10.5687,2.2468e+06
46.2250,322.114,-256.097,-32.3871,147.213,12.4183,2.17447e+06
46.2417,326.571,-253.566,-38.176,148.645,11.0319,2.23436e+06
46.2583,320.644,-245.91,-36.3653,144.084,10.1187,2.28562e+06
46.2750,305.838,-238.92,-26.173,146.878,10.3231,2.27991e+06
46.2917,302.152,-242.486,-21.5397,138.626,11.1634,2.68779e+06
46.3083,302.977,-243.813,-24.947,151.088,11.0561,2.8251e+06
46.3250,300.597,-241.209,-24.6532,142.637,11.0351,2.2358e+06
46.3417,300.01,-241.758,-25.9184,142.517,9.7383,2.28126e+06
46.3583,290.329,-234.391,-25.0992,141.208,9.14689,2.00486e+06
46.3750,288.87,-237.429,-22.6419,147.802,11.336,2.13877e+06
46.3917,289.827,-236.069,-25.9451,139.117,10.6306,2.12167e+06
46.4083,292.082,-238.187,-28.2525,137.163,9.75892,1.83698e+06
46.4250,305.329,-241.165,-33.7975,153.262,10.0778,1.94977e+06
46.4417,300.475,-230.393,-37.156,148.708,11.2253,1.95887e+06
46.4583,294.078,-227.82,-35.5317,143.696,10.2607,1.73607e+06
46.4750,292.178,-231.816,-33.7565,125.359,9.49272,1.87457e+06
46.4917,289.53,-232.522,-31.9858,120.565,10.4954,1.80683e+06
46.5083,300.269,-242.845,-34.0964,116.397,10.9387,2.03162e+06
46.5250,315.163,-250.701,-39.887,126.367,10.1429,1.86184e+06
46.5417,329.486,-253.161,-41.9571,128.849,9.67271,1.90758e+06
46.5583,341.09,-257.251,-48.7165,117.549,9.05015,2.02239e+06
46.5750,394.368,-302.428,-60.292,106.607,9.23703,3.10029e+06
46.5917,397.158,-280.713,-83.1944,80.2234,7.89819,5.21543e+06
46.6083,358.366,-233.873,-53.8463,85.1463,8.81848,3.17417e+06
46.6250,309.85,-232.556,-23.4539,109.816,10.0597,2.11411e+06
46.6417,330.951,-262.942,-31.6327,110.851,10.1704,1.96135e+06
46.6583,331.892,-256.586,-32.8181,109.192,8.46215,2.04701e+06
46.6750,336.427,-259.387,-35.8139,114.795,8.92196,2.24172e+06
46.6917,328.598,-247.689,-38.4702,109.877,8.76321,1.91601e+06
46.7083,324.079,-243.909,-40.4602,117.099,9.98044,1.93245e+06
46.7250,318.737,-243.688,-35.0113,122.378,9.9526,1.85748e+06
46.7417,314.78,-244.923,-32.5677,118.493,9.01216,2.18902e+06
46.7583,320.529,-250.933,-35.3757,112.013,10.4297,1.99786e+06
46.7750,327.844,-251.692,-29.4862,113.583,9.70021,2.34677e+06
46.7917,314.137,-240.119,-16.912,105.686,9.03984,2.2097e+06
46.8083,300.852,-236.731,-11.6017,104.779,8.70085,2.3769e+06
46.8250,312.5,-249.397,-12.3992,91.1907,9.59671,2.27673e+06
46.8417,315.519,-248.648,-12.3365,100.017,6.68798,2.11665e+06
46.8583,310.444,-247.381,-12.6056,90.8628,7.22391,2.59934e+06
46.8750,290.266,-238.998,-10.9387,98.8262,8.64538,6.54995e+06
46.8917,278.576,-245.487,-9.94542,114.254,7.35882,1.20803e+07
46.9083,281.709,-254.863,-4.17693,85.6425,8.74907,7.77466e+06
46.9250,285.022,-255.566,-1.49344,116.199,9.87331,1.84747e+07
46.9417,283.97,-252.112,4.50976,98.7892,8.89485,1.00833e+07
46.9583,288.352,-256.093,7.12422,97.4586,9.28498,1.20602e+07
46.9750,290.439,-255.955,15.8114,113.469,8.24082,2.72686e+07
46.9917,291.195,-255.751,16.66,194.597,11.1733,5.10184e+07
47.0083,289.203,-260.664,10.3066,289.201,12.7064,1.29646e+08
47.0250,288.206,-262.072,14.2353,856.27,59.9355,2.16175e+08
47.0417,247.489,-203.867,5.34319,45043,3123.85,9.15219e+08
47.0583,253.163,-197.024,39.9351,20343.9,1430.83,7.72181e+08
47.0750,285.669,-241.352,47.3374,10512.6,735.289,3.74054e+08
47.0917,280.757,-238.367,47.481,19601.1,1297.21,5.96628e+08
47.1083,291.839,-252.684,51.4947,19247.6,1256.55,5.15082e+08
47.1250,289.042,-245.002,86.4854,27095.5,1747.83,3.61209e+08
47.1417,276.906,-239.913,109.94,32485,2220.25,2.29998e+08
47.1583,243.473,-197.997,108.483,35205.2,2372.94,3.79304e+08
47.1750,210.938,-178.864,89.3149,29085.8,1955.53,4.18357e+08
47.1917,215.484,-197.96,59.7169,16225.2,1740.67,4.02872e+08
47.2083,222.352,-208.721,61.2718,11374.6,1415.7,3.81719e+08
47.2250,237.527,-219.453,79.3835,9532.31,938.342,3.48628e+08
47.2417,234.813,-215.181,79.4138,10463.6,852.73,3.69856e+08
47.2583,218.221,-199.537,60.4923,21033.6,1273.97,3.69204e+08
47.2750,209.92,-191.298,51.3396,15857.7,801.197,3.66794e+08
47.2917,215.459,-195.405,61.0721,11635.4,588.264,4.03351e+08
47.3083,215.752,-194.712,70.9273,7634.1,363.33,3.39907e+08
47.3250,195.436,-159.498,85.8866,13394.3,558.14,4.33622e+08
47.3417,179.899,-133.325,89.037,22664.9,874.04,4.84783e+08
47.3583,175.48,-109.876,95.7612,28573.2,1103.61,3.91963e+08
47.3750,171.083,-103.616,95.1346,26813.9,1094.13,3.36527e+08
47.3917,175.408,-136.428,76.359,18193.7,705.067,3.14388e+08
47.4083,178.434,-149.888,68.97,12947.3,437.734,3.25985e+08
47.4250,179.029,-144.45,70.1968,14387.4,499.98,4.15888e+08
47.4417,182.613,-146.042,67.9173,14421.6,439.466,4.71405e+08
47.4583,182.314,-135.568,72.1591,11988.3,332.496,4.80338e+08
47.4750,184.458,-140.188,71.1526,11052.4,309.885,4.77939e+08
47.4917,188.883,-152.509,71.1059,4630.51,138.943,2.80564e+08
47.5083,172.147,-148.583,56.1177,4848.36,145.557,2.52589e+08
47.5250,161.989,-143.427,52.2443,7018.87,242.819,1.95502e+08
47.5417,160.299,-140.499,50.8479,7365.63,340.915,1.84185e+08
47.5583,166.692,-150.347,42.3796,5368.09,253.836,1.91202e+08
47.5750,168.41,-154.464,40.6149,3552.7,143.319,1.54259e+08
47.5917,162.674,-149.506,41.9535,2908.26,95.577,1.38196e+08
47.6083,155.714,-141.043,40.4612,4207.11,155.061,1.5752e+08
47.6250,158.013,-144.383,39.5034,4000.78,192.679,1.37585e+08
47.6417,171.09,-161.746,36.1659,2267.3,113.386,1.60432e+08
47.6583,180.799,-174.627,29.1519,1375.55,74.2782,1.71139e+08
47.6750,178.308,-172.008,26.2821,1925.67,91.1054,1.47778e+08
47.6917,174.623,-167.121,30.4091,1471.29,65.1432,1.55973e+08
47.7083,157.087,-147.782,31.0485,913.299,55.8683,2.46415e+08
47.7250,201.125,-188.132,24.7786,246.415,18.959,1.16103e+08
47.7417,238.712,-218.599,29.447,97.5901,7.21745,3.52821e+07
47.7583,231.667,-212.146,30.505,117.992,9.04326,2.78189e+07
47.7750,230.454,-217.812,21.0868,126.163,9.21948,4.15796e+07
47.7917,231.546,-219.595,19.8402,122.964,8.88791,4.94273e+07
47.8083,227.065,-213.601,17.9869,125.628,7.9713,4.44682e+07
47.8250,226.25,-212.84,22.5571,112.333,7.92601,3.41854e+07
47.8417,226.173,-212.854,20.0472,113.561,7.34549,3.2474e+07
47.8583,226.262,-210.332,20.7217,107.033,8.63858,3.36746e+07
47.8750,227.501,-211.803,15.3662,109.439,7.17606,2.27118e+07
47.8917,227.007,-208.898,12.7478,125.005,7.69412,1.78597e+07
47.9083,228.58,-209.064,11.4626,109.521,9.2649,3.29063e+07
47.9250,228.043,-211.368,15.8635,100.796,8.56279,2.49071e+07
47.9417,226.204,-212.229,8.08962,121.874,7.98863,2.1555e+07
47.9583,224.694,-212.009,5.92876,121.544,8.52793,1.96497e+07
47.9750,226.365,-213.564,7.2776,121.866,7.46978,2.83029e+07
47.9917,231.073,-219.828,6.10465,125.828,8.04729,2.90175e+07
48.0083,236.904,-222.487,6.22205,129.006,8.37913,3.11955e+07
48.0250,245.399,-230.005,15.2536,129.108,8.59018,3.11597e+07
48.0417,245.65,-230.737,20.0833,158.558,9.46561,4.77328e+07
48.0583,247.055,-231.061,9.39357,133.959,8.69046,3.13567e+07
48.0750,248.945,-227.652,11.9985,508.196,24.8143,1.60237e+08
48.0917,242.073,-226.08,16.7256,865.034,35.7782,2.62973e+08
48.1083,223.106,-218.457,25.129,1438.8,67.3401,3.42336e+08
48.1250,226.488,-218.94,22.192,1060.97,57.6777,3.77063e+08
48.1417,231.698,-226.362,11.356,1077.61,68.9043,4.44661e+08
48.1583,236.645,-232.647,14.1716,1214.62,86.8341,3.71416e+08
48.1750,234.569,-227.485,15.88,1304.95,75.0339,3.79416e+08
48.1917,231.713,-224.775,17.1538,2101.26,108.249,4.2127e+08
48.2083,234.038,-225.508,11.0605,2969.07,208.085,3.62755e+08
48.2250,231.369,-220.393,12.4244,3159.54,190.254,3.64866e+08
48.2417,228.52,-218.114,10.2581,3884.54,186.133,3.52835e+08
48.2583,240.395,-228.359,15.0064,4378.69,184.404,3.92446e+08
48.2750,230.889,-222.992,27.1206,5059.77,233.696,4.68994e+08
48.2917,225.892,-218.16,22.5645,4830.45,198.052,3.79052e+08
48.3083,224.165,-216.1,15.346,4485.61,148.424,4.31373e+08
48.3250,228.526,-226.009,-3.97101,3718.06,115.853,4.51851e+08
48.3417,243.355,-242.48,-12.9694,3238.56,82.3426,4.17895e+08
48.3583,259.63,-258.56,-9.42052,2796.43,65.9463,3.74853e+08
48.3750,259.031,-252.795,20.1276,6165.05,252.003,5.02939e+08
48.3917,219.561,-202.232,54.7167,19234.6,872.408,8.33249e+08
48.4083,237.752,-220.129,53.8153,17567,893.682,5.84899e+08
48.4250,256.012,-244.361,50.4412,12175.9,591.745,5.03564e+08
48.4417,242.468,-221.761,68.6104,12083.1,555.413,6.08611e+08
48.4583,268.339,-251.015,68.6732,7443.75,304.084,5.01326e+08
48.4750,282.513,-266.688,63.8839,6337.41,239.613,4.15767e+08
48.4917,291.274,-275.897,64.6897,6731.01,236.424,4.79105e+08
48.5083,293.448,-277.579,61.5226,6734.16,190.398,5.03549e+08
48.5250,301.584,-288.516,57.6514,6958.66,171.301,4.19105e+08
48.5417,303.188,-290.989,53.1421,5829.36,125.335,6.25649e+08
48.5583,286.388,-272.492,56.762,5066.05,117.22,7.92834e+08
48.5750,292.156,-276.982,60.5331,5924.18,128.476,6.80541e+08
48.5917,290.861,-265.321,87.4507,6573.83,126.335,6.13783e+08
48.6083,273.026,-233.595,106.452,9728.1,186.783,3.74129e+08
48.6250,267.005,-231.126,94.7373,9404.23,161.718,4.55681e+08
48.6417,247.461,-225.941,76.3707,9795.54,157.125,5.62314e+08
48.6583,225.767,-210.947,57.037,8918.78,167.183,7.30564e+08
48.6750,230.507,-217.449,49.3148,8677.67,165.145,6.87027e+08
48.6917,244.728,-232.255,44.4648,8717.33,171.821,6.18372e+08
48.7083,212.691,-197.531,52.2611,16732.7,321.889,8.21914e+08
48.7250,194.125,-180.518,48.1911,29262.9,523.843,9.37498e+08
48.7417,193.928,-170.865,70.7344,32140.6,588.319,7.80815e+08
48.7583,201.897,-179.562,71.1657,34206.8,614.049,6.80808e+08
48.7750,202.695,-181.287,70.0087,39741.1,623.317,6.93506e+08
48.7917,203.578,-182.858,68.7102,36879.4,457.758,7.09113e+08
48.8083,211.398,-197.327,51.0214,25028.2,285.069,6.99772e+08
48.8250,234.79,-225.162,36.2592,13543.1,144.68,5.32918e+08
48.8417,246.711,-238.454,31.7725,9615.19,100.166,4.71801e+08
48.8583,260.452,-253.658,29.1278,8230.99,76.99,4.98064e+08
48.8750,263.996,-254.541,39.5651,8096.2,71.0419,4.76253e+08
48.8917,253.367,-242.8,43.9252,11035.3,97.31,4.92424e+08
48.9083,243.371,-233.456,41.1167,11944.6,107.98,5.33618e+08
48.9250,231.883,-223.968,30.4318,14591.2,137.748,5.61755e+08
48.9417,237.808,-223.909,38.6571,20290.9,201.318,5.39715e+08
48.9583,263.986,-251.837,35.0947,12480.9,99.5767,4.76894e+08
48.9750,270.577,-259.183,30.5221,9845.89,72.0237,4.72017e+08
48.9917,267.57,-258.077,28.9378,9749.9,74.1955,5.06272e+08
49.0083,280.804,-265.719,26.2575,3031.48,31.9016,6.25739e+08
49.0250,286.973,-275.175,18.6705,2617.17,27.8364,5.92696e+08
49.0417,288.257,-276.343,27.4108,2606.23,26.7126,5.28153e+08
49.0583,280.388,-269.14,32.2155,3356.59,30.7398,6.15761e+08
49.0750,277.542,-269.628,15.7928,3783.9,36.8399,5.85058e+08
49.0917,270.983,-262.603,23.0645,3747.96,39.4163,6.23624e+08
49.1083,271.507,-263.355,16.3119,2825.49,46.1828,6.08359e+08
49.1250,280.113,-272.313,11.8038,2892.44,47.3321,5.68779e+08
49.1417,290.348,-280.667,9.32549,2849.86,53.7449,5.89277e+08
49.1583,303.204,-291.038,4.6029,3726.34,84.031,5.40442e+08
49.1750,297.493,-286.238,0.109107,3918.16,90.7694,5.10479e+08
49.1917,283.872,-273.921,12.9197,3123.85,61.7988,4.97717e+08
49.2083,289.155,-277.952,3.37656,3271.44,69.0634,4.86731e+08
49.2250,300.686,-287.444,4.26319,4333.43,90.8967,4.17352e+08
49.2417,299.086,-291.558,11.1466,5662.51,114.206,4.75874e+08
49.2583,297.967,-290.816,9.85245,5655.3,102.228,5.51401e+08
49.2750,306.936,-299.333,5.33873,5489.32,103.816,5.21124e+08
49.2917,309.808,-301.912,4.13811,5651.41,112.989,4.5583e+08
49.3083,308.044,-297.971,-1.65425,6471.1,134.696,4.40162e+08
49.3250,303.581,-289.44,-8.89755,6097.68,134.946,4.38036e+08
49.3417,302.514,-285.78,-9.54531,5815.72,121.238,4.57224e+08
49.3583,305.572,-288.592,-11.4123,6367.87,128.995,4.34502e+08
49.3750,300.155,-286.111,-4.64509,6205.07,114.394,4.31204e+08
49.3917,296.864,-286.483,-0.276663,6457.31,104.725,4.74952e+08
49.4083,290.511,-282.213,3.77484,5693.43,94.4755,4.4225e+08
49.4250,283.98,-276.646,6.83922,6500.36,100.457,4.36657e+08
49.4417,280.891,-273.009,5.63024,6690.17,95.163,4.79245e+08
49.4583,293.538,-281.764,1.28581,6632.94,83.3473,4.33936e+08
49.4750,287.393,-274.894,-1.4725,5204.78,56.5507,3.87715e+08
49.4917,282.797,-271.681,-4.77296,4093.3,45.9558,3.30996e+08
49.5083,288.38,-278.517,-8.73531,4013.51,44.6678,3.38317e+08
49.5250,299.497,-288.487,-15.3028,4716.58,46.1238,4.86434e+08
49.5417,304.606,-292.27,-17.2472,3920.58,35.9784,4.13867e+08
49.5583,308.003,-297.369,-16.6254,3800.42,34.7195,3.08212e+08
49.5750,309.337,-300.845,-15.0291,3603.69,32.9443,2.64654e+08
49.5917,311.896,-305.725,-15.1934,2724.72,37.5643,2.47489e+08
49.6083,315.18,-311.497,-15.1196,2303.2,40.0364,2.30997e+08
49.6250,310.036,-305.845,-9.97542,2622.51,41.7361,2.37309e+08
49.6417,307.049,-303.055,-10.9177,2946.34,43.6785,2.38848e+08
49.6583,306.878,-302.906,-11.364,3164.65,49.3524,2.35893e+08
49.6750,302.921,-300.053,-8.74638,3428.58,44.448,2.462e+08
49.6917,300.625,-298.801,-12.8256,3454.81,40.1576,2.27411e+08
49.7083,299.806,-298.062,-17.7309,3423.42,36.3075,2.22192e+08
49.7250,294.392,-291.851,-21.8553,3584.35,35.835,2.30587e+08
49.7417,290.225,-288.326,-25.4289,3463.87,28.1957,2.27755e+08
49.7583,293.381,-291.11,-41.6007,3460.43,36.9311,2.01438e+08
49.7750,295.624,-293.19,-47.4895,3371.3,33.1145,1.90408e+08
49.7917,299.35,-296.987,-51.3056,3155.49,31.9453,1.7901e+08
49.8083,309.792,-306.587,-60.8596,2978.48,29.2572,1.7134e+08
49.8250,322.727,-318.18,-72.585,3036.79,29.2473,1.64754e+08
49.8417,319.408,-314.418,-68.787,4224.81,36.1165,2.02812e+08
49.8583,311.673,-307.023,-53.1357,5161.48,43.3351,2.68847e+08
49.8750,304.819,-298.541,-45.6152,5673.09,46.0003,2.8698e+08
49.8917,304.919,-299.121,-50.07,4985.23,47.3855,2.265e+08
49.9083,310.838,-303.483,-42.3691,4227.84,54.6499,2.29026e+08
49.9250,316.818,-305.393,-40.6098,4230.27,69.4092,2.48194e+08
49.9417,317.594,-306.668,-45.06,10642.8,257.866,3.47932e+08
49.9583,326.069,-307.707,-37.0449,12150.6,284.792,2.16513e+08
49.9750,331.297,-310.791,-34.9595,9904.84,235.715,1.11977e+08
49.9917,332.758,-313.298,-39.8681,9640.83,228.923,1.06592e+08
50.0083,331.433,-314.012,-44.8835,9414.74,208.98,1.01282e+08
50.0250,326.349,-310.042,-47.3648,9347.29,213.507,1.16207e+08
50.0417,315.697,-306.81,-36.8795,9911.95,198.815,1.45624e+08
50.0583,301.863,-297.354,-17.1703,11054.6,171.186,1.46727e+08
50.0750,290.183,-284.896,-10.2665,8882.54,139.413,1.4192e+08
50.0917,284.557,-279.756,0.0649935,4837.84,54.0301,1.28212e+08
50.1083,269.058,-261.15,9.74103,4783.39,55.0825,1.24719e+08
50.1250,270.029,-262.451,13.2356,3067.5,32.7749,1.0572e+08
50.1417,279.967,-272.056,11.784,1922.82,31.85,8.9152e+07
50.1583,282.586,-273.439,18.677,1305.22,26.3212,8.76663e+07
50.1750,283.689,-273.708,23.1269,1231.29,32.3605,8.83575e+07
50.1917,283.944,-271.498,31.4765,1066.16,30.9694,8.12895e+07
50.2083,279.362,-266.577,31.4406,959.112,31.7956,7.84734e+07
50.2250,276.056,-263.693,28.0338,663.519,25.0161,9.30253e+07
50.2417,274.884,-264.386,29.9957,391.797,17.6277,9.68513e+07
50.2583,277.346,-262.703,44.3529,352.528,16.9187,9.03624e+07
50.2750,274.543,-258.897,50.1356,316.593,16.2891,6.20693e+07
50.2917,276.012,-257.937,57.2762,348.164,16.1582,6.31172e+07
50.3083,274.129,-256.059,57.3528,321.381,16.8432,5.87464e+07
50.3250,270.032,-253.326,52.3143,313.254,18.2756,4.85962e+07
50.3417,265.76,-247.061,59.0668,265.043,18.3582,4.87958e+07
50.3583,264.124,-245.651,56.86,287.496,17.8877,6.83559e+07
50.3750,262.81,-247.057,49.3077,301.544,20.5099,7.05232e+07
50.3917,264.233,-253.043,36.021,263.728,16.3421,7.84564e+07
50.4083,266.118,-259.304,20.7033,233.946,17.5252,6.21843e+07
50.4250,267.366,-263.372,6.6695,221.486,16.8645,1.01702e+08
50.4417,267.892,-264.192,6.21046,219.218,17.1863,1.5501e+08
50.4583,270.468,-266.044,10.2024,201.168,15.7717,1.23787e+08
50.4750,274,-268.629,14.4536,202.941,16.0037,2.21001e+08
50.4917,277.854,-273.954,6.49221,196.335,16.2425,3.56773e+08
50.5083,282.316,-279.242,1.32079,198.687,17.3352,2.7925e+08
50.5250,286.121,-283.623,-3.71502,188.787,17.2973,3.06265e+08
50.5417,288.344,-285.694,-9.65986,200.263,17.6781,1.51405e+08
50.5583,287.754,-284.106,-9.27596,208.567,18.2484,7.253e+07
50.5750,278.778,-274.776,0.0549634,190.139,18.6429,1.14743e+08
50.5917,265.275,-261.303,7.37373,182.734,17.6366,1.2662e+08
50.6083,267.492,-261.754,16.8999,169.117,17.066,8.73251e+07
50.6250,269.213,-262.075,22.4978,177.568,16.3121,7.65352e+07
50.6417,268.114,-259.636,24.3255,184.235,18.7018,6.98059e+07
50.6583,263.804,-253.685,30.0018,205.461,20.0442,6.9401e+07
50.6750,252.382,-241.226,32.4017,232.09,22.2169,8.57163e+07
50.6917,253.583,-243.296,31.9725,240.624,23.3345,7.47335e+07
50.7083,262.022,-249.219,42.9561,238.756,23.5799,7.97822e+07
50.7250,264.376,-251.249,44.6834,213.86,20.6191,7.83552e+07
50.7417,265.193,-248.689,53.3657,273.282,23.144,8.78719e+07
50.7583,267.721,-250.832,53.96,280.89,24.4486,9.21414e+07
50.7750,267.658,-247.31,61.9986,267.4,25.1231,9.4819e+07
50.7917,262.011,-240.079,64.6739,266.925,22.8882,1.14841e+08
50.8083,264.14,-238.723,72.0417,240.707,24.1926,1.1555e+08
50.8250,265.009,-241.436,66.7592,233.318,24.0609,1.33001e+08
50.8417,265.574,-237.33,75.9809,254.272,23.726,1.24538e+08
50.8583,264.086,-235.841,76.7443,597.484,53.7432,9.67845e+07
50.8750,261.653,-238.062,64.4361,602.363,53.8318,1.08568e+08
50.8917,250.259,-230.226,53.1277,4300,229.091,1.305e+08
50.9083,230.828,-204.296,58.3962,11727.1,399.515,1.20216e+08
50.9250,254.091,-223.623,65.4107,8535,251.579,1.26958e+08
50.9417,235.584,-208.078,70.2126,9957.94,275.18,9.47739e+07
50.9583,224.607,-201.357,67.9192,10434.5,289.01,8.83056e+07
50.9750,210.108,-191.087,58.3826,7907.77,238.343,1.64116e+08
50.9917,205.273,-182.125,64.5048,8911.4,271.607,1.58167e+08
51.0083,223.841,-197.538,72.6559,9571.58,312.258,2.1194e+08
51.0250,233.054,-195.782,93.0509,8240.12,292.189,2.53555e+08
51.0417,228.951,-188.205,95.0745,22713.2,785.058,2.47478e+08
51.0583,244.455,-201.04,94.7608,26276.7,875.265,1.6548e+08
51.0750,248.001,-207.177,94.71,29418,933.118,1.4839e+08
51.0917,248.102,-205.56,100.491,27314.4,1118.52,1.34773e+08
51.1083,264.455,-232.939,84.5312,7599.76,253.097,1.15546e+08
51.1250,239.049,-200.119,89.3968,16872.3,589.542,2.07789e+08
51.1417,244.522,-210.007,79.9492,10989.3,414.753,7.03381e+07
51.1583,243.334,-214.275,71.7139,10949.9,349.577,1.12752e+08
51.1750,240.287,-216.396,69.8778,12970.9,329.299,1.60712e+08
51.1917,239.157,-219.551,59.8631,8584.86,194.937,2.08143e+08
51.2083,238.15,-218.179,58.5502,11132.6,298.482,2.81039e+08
51.2250,229.424,-203.852,73.32,21578.9,729.895,3.62515e+08
51.2417,221.186,-177.042,104.152,15866.2,595.428,2.21376e+08
51.2583,211.368,-187.998,65.745,9494.71,322.518,1.33398e+08
51.2750,209.891,-190.884,57.5984,9935,248.694,2.01466e+08
51.2917,211.656,-192.928,56.7491,8814.91,164.739,3.02119e+08
51.3083,212.819,-190.514,65.1494,7835.89,141.361,3.61288e+08
51.3250,217.947,-199.853,56.6885,5937.9,118.769,2.70484e+08
51.3417,210.817,-191.974,57.9949,5857.3,118.365,3.49173e+08
51.3583,207.29,-187.264,60.3523,5016.63,112.289,3.72197e+08
51.3750,207.947,-192.263,49.7434,4319.79,109.726,3.35802e+08
51.3917,208.164,-193.254,47.332,4706.54,139.417,2.56274e+08
51.4083,206.333,-191.553,46.1058,6167.91,139.173,2.37825e+08
51.4250,206.939,-192.788,43.0649,5759.62,127.788,2.31898e+08
51.4417,212.465,-199.554,38.8801,5084.04,130.762,1.98244e+08
51.4583,214.436,-202.176,36.6407,5765.43,136.878,1.74604e+08
51.4750,217.645,-205.315,36.1929,6545.68,157.483,1.50591e+08
51.4917,225.291,-211.209,39.4864,7007.98,159.266,1.29934e+08
51.5083,220.276,-207.815,38.9055,9474.23,218.454,1.43383e+08
51.5250,214.718,-199.787,47.5397,15090.5,301.729,2.0415e+08
51.5417,209.496,-190.576,57.1888,19493.5,537.45,2.21581e+08
51.5583,198.907,-184.725,44.8013,19164.6,533.318,3.04279e+08
51.5750,198.779,-185.435,43.1819,17630.6,463.709,3.0236e+08
51.5917,214.839,-199.302,49.2349,13602.6,387.328,2.17667e+08
51.6083,209.801,-196.278,44.036,15863.1,345.345,2.14357e+08
51.6250,213.021,-196.541,52.2208,18907.1,419.665,2.16025e+08
51.6417,213.683,-197.564,51.2516,21199.6,368.57,2.16784e+08
51.6583,209.872,-193.945,50.4367,23494.6,391.592,2.64002e+08
51.6750,214.096,-201.766,40.5233,18316.7,305.56,2.3271e+08
51.6917,215.667,-200.98,46.6599,18474.3,305.869,3.00772e+08
51.7083,215.256,-201.564,44.789,18565.4,229.204,2.82249e+08
51.7250,214.725,-202.544,40.4861,17446,184.872,2.75835e+08
51.7417,219.822,-206.737,42.9766,14812.8,150.137,2.26571e+08
51.7583,216.239,-203.348,42.6485,13746.2,152.893,1.75652e+08
51.7750,218.542,-206.782,38.1024,12473.8,125.583,2.01202e+08
51.7917,218.521,-209.324,30.4524,14349.6,165.742,2.30329e+08
51.8083,215.919,-205.734,31.0727,15985.6,233.292,2.05791e+08
51.8250,211.349,-201.952,31.2369,13484.2,181.141,2.13048e+08
51.8417,209.333,-199.526,32.8354,14784.3,173.787,1.77373e+08
51.8583,209.293,-201.327,26.6667,13736.7,171.842,1.72073e+08
51.8750,208.771,-200.663,26.5176,13522.2,193.719,1.74547e+08
51.8917,205.78,-197.664,24.9383,12478.2,201.325,1.76582e+08
51.9083,210.388,-202.693,23.9139,10393.2,166.804,1.66801e+08
51.9250,214.389,-206.197,24.9725,9604.26,118.706,1.64954e+08
51.9417,215.926,-207.406,26.2188,9466.2,114.547,1.69416e+08
51.9583,214.312,-205.553,27.4628,10514.5,131.331,2.14409e+08
51.9750,212.519,-203.769,28.0842,10169.3,135.619,2.08062e+08
51.9917,210.779,-202.102,28.8016,7489.07,124.93,1.94089e+08
52.0083,212.652,-203.333,31.3149,7016.85,135.19,2.40576e+08
52.0250,208.573,-198.883,32.6766,8134.73,179.037,2.45796e+08
52.0417,206.65,-197.545,30.7288,8709.12,197.589,2.16467e+08
52.0583,206.669,-197.626,30.5159,9182.77,191.709,2.46794e+08
52.0750,206.761,-197.896,29.74,10951.5,224.505,2.1715e+08
52.0917,210.394,-201.085,31.2084,10126.9,194.666,1.6481e+08
52.1083,204.283,-195.282,30.199,12297.5,221.153,1.90838e+08
52.1250,197.319,-188.33,29.4785,11585.1,222.684,1.97438e+08
52.1417,188.701,-176.957,35.4712,13621.4,306.631,3.54718e+08
52.1583,182.328,-171.683,34.7171,23643.6,468.303,7.6087e+08
52.1750,180.831,-173.559,24.0679,19655.4,350.448,7.64172e+08
52.1917,195.856,-188.634,23.983,16878,311.347,5.77845e+08
52.2083,207.392,-200.522,22.561,15298,277.85,4.48103e+08
52.2250,216.121,-209.751,20.2991,13474.5,252.837,3.52468e+08
52.2417,220.939,-214.138,21.4044,12924.2,300.73,2.41795e+08
52.2583,224.452,-216.79,23.5366,12359.2,391.229,2.23399e+08
52.2750,224.725,-219.503,14.2846,15149,692.804,3.61282e+08
52.2917,223.565,-220.168,5.48697,24774.6,927.611,2.49427e+08
52.3083,224.516,-221.341,4.08323,26202.6,967.603,2.14862e+08
52.3250,232.418,-229.239,3.47785,19362.1,947.262,1.77891e+08
52.3417,244.448,-242.173,-4.02798,13217.4,782.716,1.40598e+08
52.3583,249.895,-247.875,-6.92539,10471.9,708.648,1.60664e+08
52.3750,251.204,-249.264,-7.94909,10668.8,747.258,1.62322e+08
52.3917,246.661,-244.353,-4.37327,12529.5,794.633,1.5154e+08
52.4083,239.664,-237.393,-3.75393,14340.7,827.122,1.42668e+08
52.4250,234.177,-231.621,-3.11993,16449.7,748.588,1.26022e+08
52.4417,229.822,-227.036,-0.413107,16679.3,608.358,1.34479e+08
52.4583,225.821,-223.277,-0.271427,16524,529.374,1.46877e+08
52.4750,233.709,-231.827,-6.53488,18617.6,730.51,1.54916e+08
52.4917,246.763,-245.282,-10.9911,26137.7,799.675,1.8501e+08
52.5083,242.85,-239.706,0.651275,47885.5,1023.05,1.88814e+08
52.5250,218.624,-212.646,16.7151,113260,1983.66,3.78839e+08
52.5417,203.795,-198.618,14.6382,107729,1775.01,7.56805e+08
52.5583,192.917,-185.766,22.6395,131687,2410.32,5.33809e+08
52.5750,181.872,-174.757,21.8311,124871,2277.84,4.75902e+08
52.5917,172.626,-167.418,15.9952,79941.4,1585.03,7.1359e+08
52.6083,182.645,-177.891,14.1755,61245.6,1420.99,5.55503e+08
52.6250,190.342,-187.684,3.26318,56843.1,1413.8,5.23724e+08
52.6417,194.749,-192.737,-1.24639,48905.6,1340.9,4.60629e+08
52.6583,200.548,-198.331,-1.09109,40684.7,1281.58,4.65362e+08
52.6750,203.205,-200.727,-0.0642713,44309.1,1321.21,4.4748e+08
52.6917,209.982,-207.54,-2.03399,44371.3,1248.65,4.86732e+08
52.7083,223.156,-221.46,-7.98758,39240.4,1129.38,5.44278e+08
52.7250,231.785,-230.311,-9.946,38204.1,1170.83,5.19518e+08
52.7417,233.251,-232.288,-15.3178,43797.3,1394.42,4.29195e+08
52.7583,219.147,-217.997,-13.4792,61349.9,1676.01,5.12413e+08
52.7750,210.349,-209.56,-19.79,57344.2,1686.55,4.97883e+08
52.7917,220.146,-219.128,-27.3082,54728.4,1743.62,4.40208e+08
52.8083,222.026,-221.504,-28.9995,46196.8,1354.7,3.94729e+08
52.8250,214.147,-212.843,-11.0688,20823,487.812,3.62635e+08
52.8417,214.979,-212.527,-1.17781,20840.9,686.77,3.58731e+08
52.8583,227.647,-225.232,-1.21236,12595.2,661.263,2.74483e+08
52.8750,231.504,-230.081,-9.42988,10405.8,562.678,2.47903e+08
52.8917,237.809,-237.249,-19.483,8095.83,359.853,1.99584e+08
52.9083,239.795,-238.84,-14.7886,11671,437.336,1.98177e+08
52.9250,243.706,-242.359,-11.6072,13479.5,446.782,1.92952e+08
52.9417,247.956,-247.067,-18.9563,9259.33,387.785,1.53419e+08
52.9583,238.547,-238.329,-35.6287,8062.52,353.605,1.74657e+08
52.9750,233.691,-233.498,-39.3091,9589.75,415.359,1.82422e+08
52.9917,238.081,-237.822,-32.2193,11014.2,478.555,1.54208e+08
53.0083,238.494,-238.086,-28.417,14719.6,499.395,1.6439e+08
53.0250,240.595,-240.198,-25.3893,13867,576.819,1.62707e+08
53.0417,242.687,-242.304,-30.0477,11843.8,467.112,1.54668e+08
53.0583,244.622,-244.145,-30.1876,12142.4,424.422,1.59019e+08
53.0750,243.817,-243.269,-27.8707,14571.8,460.04,1.77918e+08
53.0917,240.936,-240.58,-29.2783,14884.1,430.046,1.82589e+08
53.1083,235.908,-235.689,-31.1999,17632.9,440.076,2.02069e+08
53.1250,232.723,-232.621,-30.6308,23497.4,440.339,2.25038e+08
53.1417,229.924,-229.63,-23.1767,26901.1,450.397,2.4976e+08
53.1583,222.198,-220.437,-11.1282,30553.5,416.944,3.18007e+08
53.1750,219.096,-216.059,-4.22565,31266.2,302.433,3.21915e+08
53.1917,214.976,-213.534,-9.77303,27862.5,255.509,3.72017e+08
53.2083,219.227,-218.041,-11.7579,20512.1,210.348,4.01723e+08
53.2250,222.579,-221.741,-15.4911,26206.9,262.778,3.79154e+08
53.2417,233.03,-232.445,-19.7181,21064.9,274.874,3.97626e+08
53.2583,239.219,-238.914,-24.1495,21742.2,323.442,4.10155e+08
53.2750,254.118,-253.855,-28.6891,16067.9,248.241,3.38116e+08
53.2917,267.821,-267.675,-33.2144,6576.37,119.972,2.18184e+08
53.3083,266.099,-265.703,-26.3335,4729.73,115.126,1.59803e+08
53.3250,257.775,-257.233,-24.1899,3971.49,98.1315,1.37229e+08
53.3417,252.862,-252.242,-26.0936,4444.84,119.797,1.9165e+08
53.3583,245.569,-244.693,-23.853,6525.53,187.513,2.31144e+08
53.3750,235.317,-234.757,-21.9902,14056.5,368.337,2.99256e+08
53.3917,227.029,-225.715,-10.2037,18566.7,423.087,3.9133e+08
53.4083,222.588,-220.851,-6.05088,15546.8,343.579,5.22797e+08
53.4250,222.203,-221.41,-14.9972,13165.9,273.167,4.77666e+08
53.4417,223.841,-223.168,-16.6826,12583.3,243.014,4.60024e+08
53.4583,237.414,-237.029,-23.155,4645.54,112.69,2.95307e+08
53.4750,241.55,-240.766,-18.7741,5417.71,122.763,3.2096e+08
53.4917,241.071,-239.673,-15.6495,7117.92,166.711,3.31593e+08
53.5083,240.178,-237.955,-12.5665,8138.8,184.055,2.51712e+08
53.5250,240.122,-237.573,-15.51,7771.05,170.413,1.99961e+08
53.5417,241.139,-238.016,-13.4156,6923.03,137.16,1.71271e+08
53.5583,243.245,-240.36,-17.1333,5675.49,115.107,1.51183e+08
53.5750,247.208,-244.794,-21.6313,4682.74,92.815,1.60599e+08
53.5917,248.444,-246.193,-25.37,4336.65,82.6624,1.5936e+08
53.6083,247.317,-245.509,-34.0313,4815.22,89.2279,1.49145e+08
53.6250,244.541,-243.006,-33.7459,6218.7,116.019,1.41915e+08
53.6417,239.436,-238.007,-32.4859,7828.06,142.884,1.50849e+08
53.6583,236.327,-235.103,-33.1183,7738.82,138.615,1.50663e+08
53.6750,232.765,-231.835,-34.1873,7172.54,121.786,1.55774e+08
53.6917,235.205,-234.586,-35.0454,5533.22,87.9139,1.47024e+08
53.7083,240.609,-240.405,-37.9315,4279.77,58.2789,1.68322e+08
53.7250,243.865,-243.636,-35.3521,3737.24,52.5129,1.58025e+08
53.7417,243.439,-243.234,-33.5116,2836.49,48.5314,1.65997e+08
53.7583,243.107,-243.049,-36.4719,2376.53,52.8416,1.83098e+08
53.7750,244.196,-244.134,-41.2128,2195.82,59.7703,1.75029e+08
53.7917,247.59,-247.46,-38.951,2269.86,69.4229,1.95583e+08
53.8083,249.781,-249.468,-34.3999,2247.09,72.0591,2.2642e+08
53.8250,256.069,-255.61,-36.3052,2342.77,82.7809,3.16327e+08
53.8417,259.858,-259.387,-32.7829,2342.52,86.5767,3.22595e+08
53.8583,267.402,-266.859,-31.0285,1456.49,69.6379,2.82672e+08
53.8750,270.348,-269.51,-27.0724,1100.46,59.9571,1.96956e+08
53.8917,272.317,-271.832,-29.9244,817.3,48.1256,1.66083e+08
53.9083,274.037,-273.596,-30.32,671.502,43.6313,1.60221e+08
53.9250,275.244,-274.912,-31.4136,728.274,45.4861,1.46534e+08
53.9417,275.616,-275.389,-33.5755,789.368,45.7942,1.25377e+08
53.9583,274.144,-274.044,-38.7938,1067.52,53.5544,1.13369e+08
53.9750,272.21,-272.165,-37.4702,1545.01,70.0315,1.02865e+08
53.9917,267.007,-266.977,-37.0554,2470.09,111.343,1.16096e+08
54.0083,260.21,-260.154,-39.0391,3494.62,242.528,1.38611e+08
54.0250,256.538,-256.46,-43.1555,4880,548.313,1.37203e+08
54.0417,254.973,-254.892,-44.0042,4236.53,591.385,1.27785e+08
54.0583,253.95,-253.913,-39.9479,5672.5,406.055,1.23982e+08
54.0750,252.805,-252.705,-34.5806,8163.28,223.571,1.44349e+08
54.0917,252.61,-252.543,-34.6507,6506.37,216.031,1.48893e+08
54.1083,252.945,-252.91,-35.7054,5789.31,180.605,1.58104e+08
54.1250,253.872,-253.796,-33.7883,5702.1,139.478,1.76843e+08
54.1417,257.495,-257.16,-30.2028,2962.68,88.0385,1.79409e+08
54.1583,262.806,-262.146,-30.1205,1519.78,124.084,1.57416e+08
54.1750,266.662,-265.807,-28.0261,1078.66,103.738,1.29724e+08
54.1917,265.114,-264.549,-27.6282,1180.02,111.382,1.25665e+08
54.2083,270.765,-270.305,-29.2539,1487.44,115.913,1.20603e+08
54.2250,274.488,-273.737,-31.6045,1453.59,90.5408,1.16042e+08
54.2417,275.558,-273.95,-30.2866,1705.98,75.7991,1.15452e+08
54.2583,275.412,-273.1,-28.1415,1689.19,70.3742,1.04955e+08
54.2750,275.609,-272.834,-27.4586,1585.76,63.1883,1.03084e+08
54.2917,274.777,-271.501,-28.5984,1606.03,56.5011,1.03134e+08
54.3083,273.991,-270.286,-29.5125,1640.98,49.7514,1.00626e+08
54.3250,273.274,-269.406,-29.0733,1540.73,48.3918,1.05947e+08
54.3417,271.949,-267.949,-30.0445,1487.85,47.6552,1.11299e+08
54.3583,270.557,-266.368,-31.0869,1454.96,46.3089,1.17106e+08
54.3750,271.032,-266.358,-33.6642,1407.42,49.1256,1.19765e+08
54.3917,271.28,-264.549,-33.032,1139.92,48.2671,1.16959e+08
54.4083,274.149,-265.404,-34.0393,1071.62,47.8693,1.21079e+08
54.4250,274.559,-265.281,-33.7503,946.977,50.0035,1.17448e+08
54.4417,272.677,-262.94,-35.1379,947.235,49.4223,1.2192e+08
54.4583,271.367,-262.268,-38.2649,972.045,52.5502,1.32948e+08
54.4750,265.128,-256.793,-38.3796,1005.63,55.4261,1.36646e+08
54.4917,260.013,-253.787,-36.2837,1010.94,59.7227,1.2213e+08
54.5083,256.958,-251.47,-33.9942,924.101,52.502,1.16217e+08
54.5250,254.144,-248.812,-32.5848,838.5,40.953,1.35073e+08
54.5417,252.221,-246.36,-32.442,692.125,47.4402,1.65649e+08
54.5583,251.69,-245.382,-31.6506,681.383,48.0842,1.87214e+08
54.5750,252.729,-246.377,-33.7054,373.047,27.172,2.57536e+08
54.5917,253.24,-246.892,-34.3949,175.24,20.4114,4.54638e+08
54.6083,253.393,-247.519,-33.8707,160.271,24.9675,5.2148e+08
54.6250,253.728,-248.018,-33.3672,149.044,21.4321,7.27076e+08
54.6417,253.441,-247.801,-33.4819,140.412,22.3831,7.01586e+08
54.6583,252.012,-246.263,-31.1776,163.235,19.7404,6.77797e+08
54.6750,253.192,-247.786,-29.8492,172.534,22.9402,7.04983e+08
54.6917,256.63,-250.751,-31.0087,218.616,30.4824,6.46891e+08
54.7083,257.509,-250.367,-31.2116,361.938,61.8756,4.59193e+08
54.7250,261.901,-252.524,-24.6683,871.934,148.837,4.1702e+08
54.7417,264.969,-255.114,-22.3363,600.318,83.7761,4.29397e+08
54.7583,270.549,-260.729,-26.7815,306.388,39.2214,4.62516e+08
54.7750,277.898,-268.439,-25.0444,201.692,25.7048,4.40803e+08
54.7917,278.309,-267.53,-25.0035,182.863,20.2005,4.23697e+08
54.8083,285.438,-270.568,-23.1524,181.977,24.7222,4.38861e+08
54.8250,293.822,-275.209,-6.49143,187.63,22.2346,4.30091e+08
54.8417,297.846,-275.26,7.11729,276.183,35.0879,3.37212e+08
54.8583,289.246,-263.572,22.9908,1929.33,279.133,3.08945e+08
54.8750,260.445,-231.514,0.293111,5183.61,719.863,3.43508e+08
54.8917,260.004,-233.221,6.90259,8466.96,1082.98,3.50795e+08
54.9083,246.272,-219.806,32.0826,17465.8,2726.22,3.48842e+08
54.9250,236.037,-200.684,20.6018,16321.2,2478.37,3.50756e+08
54.9417,255.011,-227.331,-6.00708,5293.81,821.99,3.88716e+08
54.9583,268.947,-258.335,-14.9941,7711.32,1629.68,3.81336e+08
54.9750,279.711,-270.666,3.88659,12665.8,2968.41,1.76413e+08
54.9917,284.696,-275.439,14.4961,16760.8,3139.31,1.52402e+08
55.0083,274.361,-259.988,17.3274,37889.9,5932.09,1.8707e+08
55.0250,268.621,-249.863,16.0348,38606,5533.86,1.96105e+08
55.0417,267.116,-248.416,4.67845,30786.2,4563.58,2.2626e+08
55.0583,282.077,-271.984,-4.97359,26803.9,4048.66,1.70436e+08
55.0750,280.428,-269.46,2.67837,33938.8,5494.9,1.6405e+08
55.0917,284.962,-276.834,3.19253,35904.5,5266.54,1.77689e+08
55.1083,279.841,-267.638,13.7932,24408.3,4069.13,2.52232e+08
55.1250,272.658,-252.974,37.5228,21905.8,4448.45,2.91911e+08
55.1417,254.148,-234.696,44.0665,30914.9,5580.43,3.58227e+08
55.1583,244.954,-232.663,26.2958,47118.7,7628.59,4.01548e+08
55.1750,255.292,-246.622,11.7865,54964.5,9654.83,3.09054e+08
55.1917,261.171,-257.073,1.00743,56928.8,9706.16,2.79008e+08
55.2083,253.373,-244.644,26.077,52986.9,6453.24,3.57456e+08
55.2250,248.222,-220.373,70.3344,105608,7495.65,2.55553e+08
55.2417,242.594,-187.169,86.0193,160979,14385.7,3.50587e+08
55.2583,257.386,-193.637,97.7117,183458,16141.1,2.70264e+08
55.2750,271.384,-210.708,100.828,167859,16236.4,2.0696e+08
55.2917,266.988,-222.567,86.9576,167358,17926.8,2.75461e+08
55.3083,245.639,-214.145,78.7272,218487,26942,4.39122e+08
55.3250,223.816,-205.391,49.6389,187869,24750.1,5.06695e+08
55.3417,229.035,-218.606,29.5458,162383,21840.7,4.00332e+08
55.3583,209.81,-198.466,33.8648,236480,33347.6,4.29713e+08
55.3750,212.253,-198.629,34.4318,230592,28511.5,4.8795e+08
55.3917,201.575,-176.997,56.5445,252481,28914.2,5.26536e+08
55.4083,185.513,-161.677,56.3256,276438,27545.2,5.48257e+08
55.4250,203.49,-184.152,50.3301,258971,18184.2,4.91751e+08
55.4417,223.241,-207.369,45.2038,183095,10680.9,4.26916e+08
55.4583,235.1,-221.162,41.6423,167840,10449.4,4.00492e+08
55.4750,229.536,-211.124,52.9779,174561,11884.8,3.96987e+08
55.4917,214.127,-197.491,47.8292,205607,16811.2,5.04608e+08
55.5083,221.7,-208.291,37.4319,170851,13465.1,5.13952e+08
55.5250,231.27,-215.449,42.9109,141397,11205.5,4.68557e+08
55.5417,227.06,-210.158,46.35,151188,13456.1,4.21057e+08
55.5583,220.739,-204.204,44.8991,180587,12192.8,3.97679e+08
55.5750,225.173,-205.629,55.1176,163262,11324.2,3.43183e+08
55.5917,234.139,-223.457,26.7881,112090,7974.67,2.89263e+08
55.6083,267.985,-262.577,7.31932,29433.4,1479.59,1.00255e+08
55.6250,266.306,-255.627,30.4275,28952.3,1698.65,1.27366e+08
55.6417,262.997,-251.727,33.7031,29946.3,2123.04,1.95493e+08
55.6583,261.343,-249.697,34.9081,28472.7,2154.05,2.14574e+08
55.6750,253.812,-241.803,34.403,37839.1,2514.74,2.26885e+08
55.6917,249.715,-239.732,28.7253,43997.9,2496.36,2.02547e+08
55.7083,249.117,-238.498,31.2597,37051.3,1990.38,1.72845e+08
55.7250,248.158,-239.617,25.9344,32865.6,1528.38,1.46697e+08
55.7417,263.113,-256.057,18.1646,25519.4,1545.42,1.18951e+08
55.7583,275.512,-266.487,22.1363,25205,1557.84,1.27297e+08
55.7750,274.627,-266.722,17.4238,28611.4,1545.28,1.46859e+08
55.7917,260.647,-251.462,19.3261,52881.3,2259.94,1.97885e+08
55.8083,256.584,-247.081,19.4363,50150.8,2248.36,2.08301e+08
55.8250,247.823,-238.395,21.876,46778.9,2808.65,1.58697e+08
55.8417,236.666,-224.933,36.7881,67494.5,4291.1,2.13599e+08
55.8583,242.02,-229.649,41.408,120907,2012.03,1.92799e+08
55.8750,247.838,-234.267,45.753,121792,1692.96,2.16737e+08
55.8917,248.643,-235.767,43.0626,101835,1474.72,1.9697e+08
55.9083,253.831,-241.326,41.0045,90018.9,1285.55,1.88139e+08
55.9250,263.763,-250.249,44.636,68433.9,965.312,1.68468e+08
55.9417,269.59,-254.129,50.6651,58799.6,882.364,1.47359e+08
55.9583,265.664,-251.962,46.3854,56600.1,841.458,1.51175e+08
55.9750,252.994,-241.426,36.0964,64554.9,941.637,1.56446e+08
55.9917,237.384,-227.372,31.6165,62057.9,855.562,1.53067e+08
56.0083,236.625,-227.188,32.5673,44201.9,551.36,1.60292e+08
56.0250,240.298,-229.442,36.6326,26671.4,351.201,1.75389e+08
56.0417,245.542,-235.535,32.8249,21351,328.709,1.60923e+08
56.0583,246.878,-237.76,29.823,21588.5,333.367,1.48133e+08
56.0750,241.295,-232.966,28.4435,24548,334.418,1.51114e+08
56.0917,247.859,-238.834,31.3166,25124.2,354.156,1.56324e+08
56.1083,249.967,-236.73,45.2004,35696.6,446.245,1.99753e+08
56.1250,249.689,-234.083,52.7839,25993.5,346.597,2.15363e+08
56.1417,247.898,-233.134,50.2106,27774,335.01,1.93441e+08
56.1583,239.764,-227.942,40.7858,30235.6,268.512,1.73532e+08
56.1750,229.903,-221.252,30.5535,20056.3,154.336,1.35892e+08
56.1917,223.367,-215.142,28.9974,15171.4,150.453,1.27652e+08
56.2083,227.637,-219.818,26.7659,9718.44,104.645,1.34567e+08
56.2250,238.319,-231.908,19.3821,4984.31,98.3154,1.95901e+08
56.2417,241.951,-234.75,18.9302,3360.35,93.2385,2.14419e+08
56.2583,256.336,-250.123,13.9829,580.145,37.8961,1.49344e+08
56.2750,253.785,-246.366,21.4792,2016.69,73.4538,2.37508e+08
56.2917,254.955,-247.565,23.594,1381.79,57.0762,2.23042e+08
56.3083,258.214,-251.261,23.2815,1706.53,75.3561,2.62183e+08
56.3250,290.443,-284.364,18.4434,593.522,42.4257,1.2692e+08
56.3417,299.004,-292.572,17.5869,163.723,23.7945,2.62714e+07
56.3583,293.656,-280.9,38.9127,188.448,23.5002,6.0167e+07
56.3750,279.72,-265.18,44.4415,394.184,35.9271,1.84585e+08
56.3917,258.816,-243.718,49.2536,2438.47,72.6866,3.13003e+08
56.4083,275.236,-254.186,64.7544,1185.93,49.8553,1.76529e+08
56.4250,277.284,-255.638,68.8835,877.36,51.7981,2.00172e+08
56.4417,284.12,-265.069,64.1357,1564.15,70.8929,2.09756e+08
56.4583,290.018,-278.046,43.2547,215.283,24.4621,3.41612e+07
56.4750,290.25,-281.608,28.8206,375.007,29.9491,6.20899e+07
56.4917,297.031,-289.001,23.4231,258.763,25.2267,2.57443e+07
56.5083,309.537,-293.944,40.0613,148.754,21.0956,1.32767e+07
56.5250,311.394,-294.884,42.7089,134.6,22.7978,5.64349e+06
56.5417,304.261,-289.373,37.5655,131.262,22.9326,7.19381e+06
56.5583,302.987,-291.122,15.8487,125.554,22.3896,1.10439e+07
56.5750,300.184,-286,4.17042,165.167,21.6701,5.0094e+07
56.5917,294.945,-281.986,0.0422864,156.098,21.722,2.96065e+07
56.6083,293.342,-280.396,-5.71898,124.794,21.1271,9.60301e+06
56.6250,272.977,-262.011,16.5287,128.298,20.7984,1.80101e+07
56.6417,255.691,-251.177,5.99897,130.154,19.9542,2.74567e+07
56.6583,259.231,-254.957,8.28886,123.243,19.3003,1.57402e+07
56.6750,266.001,-262.462,-5.87885,118.978,20.1861,6.06843e+06
56.6917,268.37,-262.023,-1.49981,122.529,22.587,6.77222e+06
56.7083,270.753,-262.795,-4.74869,127.446,21.6044,7.08407e+06
56.7250,270.858,-259.987,-8.62309,119.087,19.1655,6.09245e+06
56.7417,263.925,-250.207,-4.76617,123.811,22.4798,5.53438e+06
56.7583,255.212,-242.619,0.230424,120.546,21.5457,5.17338e+06
56.7750,250.931,-237.683,4.8125,128.143,22.663,5.8348e+06
56.7917,249.646,-235.672,3.96169,125.629,23.2339,5.632e+06
56.8083,248.333,-233.428,0.881706,124.723,22.1338,5.34136e+06
56.8250,246.439,-229.529,2.342,128.682,19.8817,5.63643e+06
56.8417,241.178,-223.512,2.91146,123.379,21.186,5.39368e+06
56.8583,234.927,-217.18,1.72316,121.113,20.719,5.00571e+06
56.8750,233.64,-215.812,1.55189,129.426,21.6155,4.8088e+06
56.8917,234.241,-215.804,8.07129,123.579,20.5009,5.29753e+06
56.9083,236.782,-218.373,14.3557,117.765,20.4838,5.17127e+06
56.9250,240.052,-219.726,19.3734,121.482,22.6839,5.09153e+06
56.9417,241.549,-217.056,22.616,126.027,20.1341,5.51939e+06
56.9583,241.49,-211.537,29.9763,124.458,21.6946,5.09008e+06
56.9750,239.907,-204.978,37.7111,118.667,19.9441,5.84584e+06
56.9917,239.443,-203.043,40.793,116.537,18.7404,5.51093e+06
57.0083,240.883,-205.075,45.496,123.284,19.6088,6.40415e+06
57.0250,240.923,-208.313,45.4075,561.923,70.3125,7.75058e+07
57.0417,242.751,-210.917,49.6199,272.685,38.0492,6.08689e+07
57.0583,232.006,-199.347,52.5625,1450.45,286.244,1.00248e+08
57.0750,218.12,-181.548,59.8919,4582.64,847.014,1.31035e+08
57.0917,206.482,-174.92,66.0115,9261.15,1066.42,1.92119e+08
57.1083,211.021,-176.122,91.3003,18401.6,1713.82,1.6487e+08
57.1250,193.149,-164.636,77.8349,34389.6,3416.92,2.04248e+08
57.1417,190.517,-172.434,58.9592,27759.9,2756.07,1.8353e+08
57.1583,195.062,-173.618,64.0809,16687,1316.13,3.372e+08
57.1750,200.279,-178.743,64.6103,17698.7,1495.23,2.98561e+08
57.1917,193.273,-173.289,61.8921,28014.4,2917.7,3.15282e+08
57.2083,192.782,-174.419,58.2576,28316.2,2560.77,3.20156e+08
57.2250,183.762,-160.162,68.4822,33370.7,2645.48,3.10481e+08
57.2417,185.534,-153.093,84.1431,46588.8,2309.82,3.44037e+08
57.2583,181.507,-146.137,89.9383,59829.8,2119.39,1.70354e+08
57.2750,183.908,-151.344,86.8301,57487.1,1814.99,1.77117e+08
57.2917,185.222,-151.029,88.3609,42591,1494.15,1.93004e+08
57.3083,185.94,-153.014,85.5473,31413.1,1367.21,1.90496e+08
57.3250,196.651,-166.695,84.5305,30890.6,1243.98,1.95688e+08
57.3417,197.485,-151.396,109.059,61718.9,2291.04,1.554e+08
57.3583,192.675,-137.912,118.612,76816.4,2326.29,1.65e+08
57.3750,189.318,-131.674,120.154,77409.4,2696,1.57118e+08
57.3917,180.896,-124.577,115.75,89648.1,3410.27,1.33719e+08
57.4083,182.387,-137.142,103.825,72308.2,2694.01,1.64209e+08
57.4250,184.665,-142.612,97.8305,68017.4,2743.57,1.51195e+08
57.4417,178.901,-123.845,113.743,92893.4,4297.56,1.30994e+08
57.4583,172.495,-122.27,108.087,136414,4422.36,1.8646e+08
57.4750,170.492,-126.515,100.501,131759,3800.63,1.63708e+08
57.4917,165.795,-111.911,105.531,149141,5133.17,1.83092e+08
57.5083,164.822,-121.2,93.9418,119518,3661.73,1.4777e+08
57.5250,166.891,-126.205,91.1647,107228,3412.84,1.20258e+08
57.5417,164.774,-119.899,99.201,124664,4855.9,1.75594e+08
57.5583,167.275,-129.659,92.074,99417.6,4390.02,1.48361e+08
57.5750,171.946,-135.139,90.0255,137920,5752.94,2.01879e+08
57.5917,176.41,-132.521,96.4519,276973,11408.2,2.08938e+08
57.6083,195.6,-152.006,105.346,292600,11967.7,3.23478e+08
57.6250,218.059,-182.904,96.0862,332543,17482.7,2.33712e+08
57.6417,240.301,-204.651,102.264,246223,15234.9,2.81452e+08
57.6583,284.01,-245.712,112.363,5815.75,487.032,1.67001e+08
57.6750,315.799,-279.305,99.289,676.035,87.2958,2.29657e+07
57.6917,338.49,-299.82,99.4865,1109.28,170.367,2.71204e+07
57.7083,346.517,-285.108,131.03,5749.25,904.585,2.13243e+08
57.7250,326.381,-245.08,169.324,55482.8,8265.93,4.99245e+08
57.7417,264.861,-171.582,181.858,191358,31343.2,9.05254e+08
57.7583,256.324,-166.895,175.551,353564,52157.2,6.89478e+08
57.7750,274.202,-195.223,168.805,343363,45695.4,5.15784e+08
57.7917,265.027,-163.688,172.523,456721,55426.5,4.94224e+08
57.8083,239.556,-172.114,120.925,778842,72747.9,4.8216e+08
57.8250,238.527,-183.63,118.809,581741,48360.6,4.44933e+08
57.8417,244.205,-190.089,129.307,613984,41908.2,3.57951e+08
57.8583,233.849,-174.003,132.624,872385,63691,3.615e+08
57.8750,238.178,-178.719,124.856,748955,58552.2,3.97941e+08
57.8917,250.003,-199.632,113.366,527238,40596.8,3.32086e+08
57.9083,268.195,-214.517,128.843,379027,34805.2,2.92927e+08
57.9250,260.914,-194.752,133.692,705271,115796,2.67626e+08
57.9417,254.755,-199.255,131.559,989824,116533,1.95785e+08
57.9583,257.548,-199.314,139.917,487136,53404.6,6.26165e+08
57.9750,244.199,-177.508,141.745,533263,67487.2,7.72982e+08
57.9917,275.026,-225.708,136.628,376755,37787.9,4.17951e+08
58.0083,240.491,-183.363,137.103,674315,55304.9,4.60367e+08
58.0250,238.272,-186.224,130.334,538873,46218.2,4.97119e+08
58.0417,240.873,-170.766,155.062,639930,57378.7,3.35235e+08
58.0583,221.735,-155.085,139.213,938447,86411.9,3.67705e+08
58.0750,221.527,-157.123,136.533,921299,79379.2,3.30858e+08
58.0917,217.897,-152.486,131.481,880163,71484.4,2.9824e+08
58.1083,216.061,-120.216,150.733,1.08226e+06,111255,3.65576e+08
58.1250,213.503,-123.89,148.955,1.07552e+06,98240.3,3.31774e+08
58.1417,218.374,-135.058,145.085,860086,75979.4,3.25886e+08
58.1583,221.745,-153.537,126.561,730751,72052,3.31177e+08
58.1750,230.422,-161.496,129.37,832770,83770.6,3.42678e+08
58.1917,240.386,-172.854,131.566,888713,91055,2.4946e+08
58.2083,230.88,-183.105,104.581,629459,71422.9,2.87877e+08
58.2250,215.845,-182.975,84.8905,589439,60346.2,3.00607e+08
58.2417,209.23,-185.144,78.4229,565174,55293.8,2.50331e+08
58.2583,214.423,-181.244,89.9451,481174,40890.7,2.1543e+08
58.2750,220.041,-182.094,100.779,419393,36319.5,1.84764e+08
58.2917,220.589,-180.062,108.146,413048,36215.2,1.57931e+08
58.3083,229.175,-190.276,106.006,398000,34857.3,1.61496e+08
58.3250,233.783,-196.264,105.631,479352,46774.9,1.64422e+08
58.3417,233.021,-196.069,96.0933,495434,52717.9,1.78314e+08
58.3583,227.54,-193.715,92.6741,537584,56519.3,1.82675e+08
58.3750,219.058,-188.379,88.3473,586529,58113.1,1.74311e+08
58.3917,202.638,-173.994,80.1012,668095,59500.8,2.22981e+08
58.4083,202.451,-177.857,78.9013,663857,56327.4,2.29797e+08
58.4250,206.253,-181.13,84.3805,631957,59395,1.87523e+08
58.4417,203.943,-174.835,92.1369,756317,82419.1,2.01755e+08
58.4583,202.952,-170.639,98.4102,932799,116256,1.93679e+08
58.4750,219.094,-181.636,109.905,1.12259e+06,130185,1.54895e+08
58.4917,214.563,-174.218,111.101,983342,87101.4,1.45915e+08
58.5083,211.785,-176.503,107.315,797472,63345.1,1.58026e+08
58.5250,202.332,-175.445,89.5846,551448,41781,1.56008e+08
58.5417,180.477,-156.165,80.8707,479710,29951,1.52223e+08
58.5583,190.357,-166.327,85.0363,467634,20531.2,1.39887e+08
58.5750,195.182,-166.46,93.1652,498698,23705.6,1.34438e+08
58.5917,191.546,-160.89,94.1979,540235,30540.3,1.55462e+08
58.6083,194.166,-156.384,101.044,761394,56711.7,1.78581e+08
58.6250,192.662,-152.764,103.166,887927,72682.4,2.06164e+08
58.6417,194.746,-154.808,100.602,746795,53795.1,1.75893e+08
58.6583,193.216,-164.602,88.2671,494221,33990.7,1.7542e+08
58.6750,198.427,-178.234,78.388,532546,26605.4,1.87226e+08
58.6917,204.294,-178.77,89.1256,563980,29579.1,1.93002e+08
58.7083,183.18,-154.702,89.4389,612123,35089.6,2.28819e+08
58.7250,168.902,-144.885,79.2989,568912,32937.5,2.56468e+08
58.7417,185.818,-166.23,76.8329,440574,22308.5,2.27545e+08
58.7583,189.419,-174.358,68.5939,440184,16708.4,2.22478e+08
58.7750,177.594,-156.865,77.3032,525351,21327.8,2.43848e+08
58.7917,181.096,-155.517,87.1431,578931,24622,2.38263e+08
58.8083,179.134,-151.562,89.9352,721386,34891.8,2.47625e+08
58.8250,176.052,-148.299,87.995,597823,24350.7,2.2102e+08
58.8417,179.197,-159.262,76.9352,417701,12852.2,1.84224e+08
58.8583,174.941,-159.499,67.9048,296174,10523.1,1.5518e+08
58.8750,159.976,-146.939,59.2741,286244,8738.79,1.76585e+08
58.8917,153.618,-139.859,56.6128,375198,2899.7,1.64871e+08
58.9083,149.195,-133.691,61.3841,298615,790.083,1.94859e+08
58.9250,154.009,-140.445,59.0686,284530,1006.36,2.02167e+08
58.9417,150.383,-137.338,59.2195,315494,1194.6,2.02289e+08
58.9583,149.761,-137.604,57.3274,274641,1463.64,2.0028e+08
58.9750,153.748,-142.554,55.9361,241683,2146.92,1.76682e+08
58.9917,160.496,-147.342,60.4111,375902,4979.3,1.85504e+08
59.0083,147.939,-126.129,71.5728,499014,9411.02,1.91763e+08
59.0250,155.556,-137.649,68.6594,579611,13991.1,2.07378e+08
59.0417,148.412,-126.096,69.6851,711461,9765.72,2.11936e+08
59.0583,141.869,-113.876,81.9923,650844,5825.24,2.30531e+08
59.0750,145.272,-131.743,59.2148,541484,4781.38,2.89209e+08
59.0917,160.414,-150.095,55.4557,384450,7161.83,2.00895e+08
59.1083,170.716,-158.193,45.8614,334424,9622.95,2.04497e+08
59.1250,166.017,-154.659,45.3047,307190,10877.6,1.7658e+08
59.1417,166.595,-153.799,53.3871,99472.3,3245.12,1.85888e+08
59.1583,159.351,-147.239,58.0332,27292.2,1063.05,2.59776e+08
59.1750,173.389,-151.329,83.1171,13357.4,541.553,1.95999e+08
59.1917,169.525,-146.846,81.9208,30746.9,1357.11,2.52742e+08
59.2083,147.76,-126.637,76.985,109473,3431.56,4.3389e+08
59.2250,138.678,-115.827,76.8217,181499,3191.68,5.33144e+08
59.2417,154.525,-127.92,87.3711,167245,2503.31,4.54319e+08
59.2583,172.732,-143.315,97.0825,307836,2504.38,3.6106e+08
59.2750,162.751,-137.027,89.1544,366479,2570.78,2.99677e+08
59.2917,156.587,-134.234,81.704,438674,2502.47,2.54743e+08
59.3083,157.561,-137.311,78.569,353344,1557.22,2.39177e+08
59.3250,156.806,-134.659,82.6011,372526,1769.24,2.34386e+08
59.3417,149.75,-127.452,80.9952,416811,2388.14,2.29604e+08
59.3583,140.187,-116.716,78.7605,486032,3499.35,2.85733e+08
59.3750,149.218,-115.662,93.1726,399932,3555.52,2.80763e+08
59.3917,155.175,-121.329,96.629,379592,3526.92,3.11365e+08
59.4083,156.298,-120.284,99.4603,364246,3485.01,2.96222e+08
59.4250,142.764,-109.688,89.8618,355238,2812.6,2.6323e+08
59.4417,137.88,-103.258,90.3625,375936,2487.68,3.12275e+08
59.4583,138.089,-112.17,80.8823,404907,2604.84,3.68047e+08
59.4750,143.952,-106.339,98.4033,382600,4810.46,5.50445e+08
59.4917,151.827,-98.2695,113.278,396687,8410,5.62432e+08
59.5083,164.863,-96.4219,126.722,238094,6659.41,4.73522e+08
59.5250,169.632,-105.311,120.383,114945,1816.29,3.927e+08
59.5417,151.51,-115.309,94.5968,166833,1265.83,3.8568e+08
59.5583,151.706,-126.685,87.5602,116117,310.581,3.18412e+08
59.5750,135.405,-109.175,83.2962,71605.9,414.703,2.543e+08
59.5917,132.73,-89.3234,99.9841,201851,3411.82,4.18098e+08
59.6083,135.556,-76.9134,104.654,204560,5317.72,6.98553e+08
59.6250,150.51,-81.0758,98.0866,216374,4846.48,6.41057e+08
59.6417,165.189,-99.0362,112.489,189488,3211.23,5.23077e+08
59.6583,170.783,-99.8848,123.586,173097,2892.89,5.09521e+08
59.6750,157.225,-83.8862,114.75,236961,4134.49,5.27631e+08
59.6917,147.816,-83.8211,110.627,128578,3060.69,5.07963e+08
59.7083,149.332,-85.1805,114.186,93493.2,4089.52,3.67584e+08
59.7250,153.428,-90.3858,114.945,82566.7,5507.2,2.8675e+08
59.7417,148.783,-79.6147,110.307,96588.4,7331.7,2.67299e+08
59.7583,142.828,-73.5277,109.607,93539.5,7026.99,3.67736e+08
59.7750,143.71,-72.1412,110.523,60780.8,4268.53,4.14839e+08
59.7917,146.789,-84.5254,115.749,52663.1,4949.88,3.59031e+08
59.8083,141.452,-81.3428,113.784,47688.8,5110.05,3.2491e+08
59.8250,136.965,-84.4596,102.36,58202.6,7292.12,3.2897e+08
59.8417,112.697,-83.18,73.6805,55630.9,6084.76,3.61227e+08
59.8583,112.589,-67.0451,85.2865,65029.5,6575.28,4.41614e+08
59.8750,112.517,-65.9042,86.4532,72599.3,7025.03,3.66771e+08
59.8917,127.236,-59.2418,97.5275,68872.6,7178.67,3.14544e+08
59.9083,140.315,-42.0723,120.562,83973.6,9836.32,3.06715e+08
59.9250,120.094,-38.1719,105.467,35096.8,3462.69,3.03302e+08
59.9417,128.928,-69.0142,108.995,29313.6,3648.25,2.55121e+08
59.9583,113.14,-63.7724,88.7587,41441.2,4469.1,3.10933e+08
59.9750,127.561,-84.781,93.6487,44804.8,4556.44,2.72048e+08
59.9917,143.091,-132.346,52.4159,3287.26,322.618,2.38286e+08
60.0083,151.822,-132.987,69.0856,3500.63,311.998,3.25321e+08
60.0250,130.054,-104.114,67.2941,8148.99,751.404,5.70713e+08
60.0417,130.027,-98.5812,73.4891,7631.47,778.112,6.0759e+08
60.0583,125.579,-97.2306,72.0429,7760.85,855.474,6.54083e+08
60.0750,116.699,-85.6648,66.66,9344.55,1031.37,6.81628e+08
60.0917,119.226,-85.1546,76.617,8786.5,920.704,6.05412e+08
60.1083,130.603,-85.9458,70.7338,10903.1,1119.26,4.2175e+08
60.1250,151.315,-89.3779,99.2716,3563.54,365.456,4.1792e+08
60.1417,152.471,-93.1877,93.7575,3265.06,295.234,4.57282e+08
60.1583,146.985,-83.7585,96.5234,5733.32,583.664,3.92862e+08
60.1750,116.931,-70.6927,69.9996,17105.1,1823.27,5.32633e+08
60.1917,110.149,-76.6788,61.9273,19234.9,2230.46,4.88823e+08
60.2083,107.294,-66.4251,68.742,18717.6,1631.33,4.54459e+08
60.2250,117.893,-70.8361,67.9165,10761.4,653.296,4.46853e+08
60.2417,119.224,-67.0965,65.8144,14556.8,790.142,5.47619e+08
60.2583,130.794,-77.5557,79.9754,11397.5,608.55,5.31157e+08
60.2750,137.287,-81.6232,78.2205,5163.91,319.373,5.39452e+08
60.2917,157.391,-89.3593,82.8197,1966.35,171.866,5.74697e+08
60.3083,157.671,-89.784,76.2527,1140.92,103.432,6.7866e+08
60.3250,156.21,-84.4877,85.8498,1141.16,121.358,7.47948e+08
60.3417,155.468,-83.7145,89.3951,1026.48,117.348,6.57943e+08
60.3583,154.233,-88.9417,86.0647,1130.52,173.852,6.66874e+08
60.3750,150.561,-87.6878,83.6162,1653.08,231.528,7.19848e+08
60.3917,143.924,-82.9798,82.5358,2094.19,307.139,8.12992e+08
60.4083,130.474,-79.3992,72.5698,3402.8,466.216,7.54374e+08
60.4250,148.956,-98.0066,80.2171,5549.68,600.151,5.34253e+08
60.4417,164.455,-109.795,87.6511,2297.11,212.33,4.07663e+08
60.4583,177.028,-104.294,96.7011,1538.3,148.73,2.95367e+08
60.4750,158.073,-86.8253,86.118,2489.9,273.242,4.19928e+08
60.4917,154.735,-84.4317,84.4669,1860.1,205.345,3.95445e+08
60.5083,129.044,-69.8516,79.4109,3892.35,387,5.80729e+08
60.5250,142.073,-83.9316,88.45,3786.16,427.224,4.82577e+08
60.5417,161.552,-101.251,95.7528,2012.08,363.346,3.31346e+08
60.5583,168.051,-103.419,91.6022,3849.73,861.466,2.39755e+08
60.5750,151.788,-90.0438,89.6287,9661.58,2213.3,4.94882e+08
60.5917,176.282,-111.472,83.9924,4818.86,1004.91,2.15083e+08
60.6083,167.66,-104.517,79.3963,773.692,117.436,1.1847e+08
60.6250,164.844,-99.9965,100.326,868.368,143.073,2.45966e+08
60.6417,183.236,-113.896,79.9627,780.976,130.346,2.20724e+08
60.6583,187.257,-119.3,70.7301,528.718,87.3172,1.03248e+08
60.6750,200.292,-132.852,82.9947,423.496,62.2302,3.76352e+07
60.6917,207.405,-145.818,85.7215,109.005,16.8076,4.6677e+06
60.7083,207.683,-148.085,88.0026,111.183,18.0078,5.13987e+06
60.7250,220.512,-158.27,79.6852,1038.69,106.529,1.60017e+07
60.7417,214.142,-150.295,86.3322,11866.3,1432.78,1.32863e+08
60.7583,164.031,-116.371,100.992,94045.7,10388.4,1.75818e+08
60.7750,171.422,-139.066,104.635,142450,14306.5,2.2833e+08
60.7917,164.867,-128.898,113.382,194406,26719.7,1.74424e+08
60.8083,181.871,-135.876,127.883,171183,21978.8,1.13859e+08
60.8250,179.947,-129.704,132.48,108167,11837.5,1.67922e+08
60.8417,175.928,-113.163,145.705,120674,12413.3,1.93468e+08
60.8583,180.404,-132.625,132.508,76250.6,9583.86,3.2362e+08
60.8750,168.336,-125.086,129.538,190129,26248.1,2.29979e+08
60.8917,160.942,-121.306,121.222,186601,23000,3.61221e+08
60.9083,165.851,-126.06,123.438,173942,23475.5,2.43866e+08
60.9250,171.736,-129.088,126.178,208510,24195.7,2.09015e+08
60.9417,175.295,-135.198,124.422,184665,20403.5,1.77811e+08
60.9583,164.321,-127.065,118.402,162906,29293.7,2.19866e+08
60.9750,157.199,-126.652,107.99,214388,38906.9,1.29018e+08
60.9917,157.422,-120.011,114.806,258383,44646.8,1.38528e+08
61.0083,152.36,-108.771,114.298,396997,63189.2,1.39039e+08
61.0250,148.777,-106.68,111.479,350670,89402.7,1.55885e+08
61.0417,150.39,-122.395,102.721,305928,58930.4,1.89349e+08
61.0583,173.326,-145.611,115.375,168671,26824.8,3.47141e+08
61.0750,150.497,-110.67,116.216,517444,90374.7,4.20679e+08
61.0917,151.225,-120.763,112.431,624193,103444,1.81608e+08
61.1083,160.514,-131.523,115.584,582392,108534,1.20222e+08
61.1250,182.042,-154.428,122.389,121230,17865.4,1.53459e+08
61.1417,181.445,-145.864,128.431,72081.2,12930.8,1.9188e+08
61.1583,180.987,-140.296,133.324,36196.9,7327.4,1.4723e+08
61.1750,172.314,-146.728,115.513,133594,25463.1,1.18374e+08
61.1917,175.412,-156.038,105.573,146346,25486.8,1.29402e+08
61.2083,174.41,-136.204,129.392,65992.6,15442.6,2.167e+08
61.2250,155.416,-122.435,118.845,436869,80415.8,3.64601e+08
61.2417,143.925,-118.126,104.647,807129,99722.3,2.0213e+08
61.2583,142.779,-121.657,98.4456,544802,70232,1.39546e+08
61.2750,140.576,-124.079,89.1094,262810,39741.4,1.49011e+08
61.2917,154.936,-138.049,88.8267,10627.8,2380.91,7.33398e+07
61.3083,144.141,-112.657,105.892,333983,76328.2,4.6901e+08
61.3250,141.337,-115.142,103.794,547925,123384,2.56708e+08
61.3417,137.482,-103.019,109.855,720600,200473,2.06104e+08
61.3583,153.96,-118.131,118.871,55831.3,13098.9,1.89699e+08
61.3750,141.254,-99.1224,117.26,111302,27807.2,2.70465e+08
61.3917,154.64,-114.205,116.419,23028.8,3921.19,6.19236e+07
61.4083,168.509,-147.638,110.585,6199.29,1403,3.5083e+07
61.4250,145.6,-124.91,100.305,38473.6,7824.18,1.504e+08
61.4417,146.24,-121.675,97.1256,82953.5,16764.3,2.29008e+08
61.4583,154.134,-119.09,96.7548,16521.7,3472.12,4.81879e+07
61.4750,153.542,-122.456,78.0583,474.867,147.97,5.44632e+06
61.4917,146.428,-112.688,73.9915,596.364,174.908,6.67938e+06
61.5083,148.307,-113.893,61.9225,364.963,124.239,5.67276e+06
61.5250,138.819,-95.3781,50.2948,302.116,94.1165,5.78603e+06
61.5417,127.043,-97.8553,75.2471,4399.85,1257.83,2.26752e+07
61.5583,139.61,-111.373,71.895,182.409,54.7816,5.66363e+06
61.5750,133.1,-105.046,70.6827,2236.6,927.526,5.95423e+06
61.5917,102.754,-79.6387,52.2207,20265.3,8545.84,1.34368e+07
61.6083,112.739,-97.09,48.5487,16561.1,6075.48,1.3222e+07
61.6250,154.901,-138.024,53.4173,7112.93,2431.13,8.55116e+06
61.6417,183.706,-159.585,54.8577,3498.25,770.3,7.58966e+06
61.6583,196.69,-168.608,47.4901,325.282,32.9478,5.28907e+06
61.6750,209.757,-178.525,42.9636,1256.42,153.303,1.26576e+07
61.6917,221.769,-185.763,43.1656,15639.3,2029.47,1.09556e+08
61.7083,237.819,-195.865,25.9862,16319.5,2597.21,8.37079e+07
61.7250,243.965,-214.147,34.7073,33048.1,5486.94,1.99303e+08
61.7417,262.029,-224.171,59.3263,13020.6,1881.68,1.61714e+08
61.7583,267.972,-219.37,65.9069,23495.1,3161.96,2.17273e+08
61.7750,270.08,-205.551,105.958,7875.49,1226.71,1.06246e+08
61.7917,274.781,-185.435,165.18,2812.61,526.076,3.94481e+07
61.8083,251.439,-59.9716,166.21,23313.4,7030.98,1.19009e+08
61.8250,184.27,-74.4167,138.265,398471,94187.5,3.91461e+08
61.8417,163.46,-87.6252,128.791,697207,141140,4.02284e+08
61.8583,164.457,-103.094,137.671,713166,111436,3.88636e+08
61.8750,148.538,-87.476,132.022,856344,129430,3.30523e+08
61.8917,151.794,-96.4505,134.509,722413,98974.3,2.33069e+08
61.9083,147.68,-97.1521,129.425,592162,80564.5,1.58177e+08
61.9250,154.398,-103.246,130.471,260240,27114.4,2.95189e+08
61.9417,161.741,-108.681,143.269,216697,26415.9,1.9895e+08
61.9583,169.245,-115.836,147.25,217970,27753.4,1.189e+08
61.9750,167.541,-124.639,139.619,70869,5347.18,2.8454e+08
61.9917,166.7,-126.013,138.509,223710,19943,1.2792e+08
62.0083,153.415,-109.276,131.923,377807,43796.9,1.58084e+08
62.0250,181.382,-124.687,160.823,9287.48,953.703,5.02724e+07
62.0417,184.601,-120.631,168.167,3483.54,311.066,5.05945e+07
62.0583,185.599,-135.041,158.839,6129.58,619.469,9.07857e+07
62.0750,193.606,-155.394,152.616,1158.32,102.406,2.83379e+07
62.0917,190.304,-141.482,145.55,2367.25,257.827,6.75664e+07
62.1083,181.561,-147.003,117.249,1589.93,128.127,2.8284e+07
62.1250,161.23,-126.653,127.486,1850.39,137.762,3.77341e+07
62.1417,167.102,-135.633,119.612,2431.17,202.184,4.0521e+07
62.1583,150.807,-113.669,105.486,1568.96,142.878,2.46013e+07
62.1750,171.644,-127.706,108.686,10359,556.402,7.95341e+07
62.1917,176.198,-132.564,139.745,8589.74,419.747,1.11449e+08
62.2083,166.58,-118.074,142.497,8465.35,324.977,1.58783e+08
62.2250,142.948,-102.983,124.107,3624.04,212.379,5.84389e+07
62.2417,135.63,-98.7375,114.529,5909.63,335.083,4.05985e+07
62.2583,138.994,-114.472,99.7966,8389.17,531.436,4.04276e+07
62.2750,116.33,-94.7202,85.5473,9280.45,736.274,5.61736e+07
62.2917,120.293,-75.088,102.106,32582.1,3325.33,1.02095e+08
62.3083,130.991,-115.915,91.1317,3836.99,211.424,3.2426e+07
62.3250,138.855,-105.025,108.67,8717.62,306.155,9.59119e+07
62.3417,114.12,-66.6562,105.138,59986.2,3251.13,3.94933e+08
62.3583,117.197,-53.5516,105.449,26098.7,1377.3,2.6656e+08
62.3750,122.767,-64.195,105.454,10374.1,660.785,7.56883e+07
62.3917,132.49,-76.4309,88.5003,3637.2,222.862,7.81158e+07
62.4083,135.021,-69.8635,114.089,11411.2,401.627,1.38053e+08
62.4250,114.424,-50.9021,100.612,39555.7,1332.1,1.67304e+08
62.4417,118.858,-44.6154,106.808,32931.2,893.43,1.58369e+08
62.4583,113.762,-37.2449,108.777,30506,909.989,1.808e+08
62.4750,120.965,-72.6845,107.885,8348.87,268.444,9.88546e+07
62.4917,126.047,-56.4435,109.148,18084.6,479.711,1.50426e+08
62.5083,126.312,-53.1665,115.197,22544.1,699.575,1.49734e+08
62.5250,134.566,-68.449,124.515,52175,1626.41,1.77391e+08
62.5417,138.997,-75.2571,122.906,42998.2,1376,1.77885e+08
62.5583,144.032,-62.8182,129.505,20125.1,991.495,1.69424e+08
62.5750,139.408,-63.4298,121.458,7681.15,492.25,1.2325e+08
62.5917,139.812,-55.6284,129.412,11971.4,665.61,1.31915e+08
62.6083,130.976,-46.4566,124.333,5313.04,280.526,1.25425e+08
62.6250,136.907,-70.7165,129.602,2283.85,129.228,6.50876e+07
62.6417,134.818,-60.3645,119.956,6979.02,399.448,1.1843e+08
62.6583,140.502,-67.7042,128.229,7824.9,414.51,9.77601e+07
62.6750,150.74,-68.2454,141.434,8769.67,530.331,1.15437e+08
62.6917,150.43,-59.2274,141.899,13041.9,917.653,1.10314e+08
62.7083,153.851,-64.8671,145.486,18979.6,1284.23,1.20484e+08
62.7250,149.979,-64.1507,141.215,13249.9,1638.34,1.36628e+08
62.7417,150.32,-55.5906,141.973,14671.6,2127.6,1.21701e+08
62.7583,144.888,-49.7254,136.723,21137,3385.13,1.07972e+08
62.7750,137.795,-51.239,130.785,13845.3,3244.81,1.08059e+08
62.7917,129.033,-56.0638,118.014,4502.74,1516.34,1.38486e+08
62.8083,125.848,-83.2695,101.593,1859.12,671.046,5.5167e+07
62.8250,150.683,-40.5119,147.105,7715.78,3394.84,9.17233e+07
62.8417,144.572,-52.7907,140.853,3844.67,1624.07,1.27476e+08
62.8583,142.356,-63.5667,135.788,666.975,188.716,1.02619e+08
62.8750,98.48,-24.6223,24.7529,358.173,101.375,1.65001e+08
62.8917,144.679,-44.7681,116.957,610.19,203.316,1.15016e+08
62.9083,118.813,-37.2178,62.8522,324.682,70.6624,8.80293e+07
62.9250,110.095,-25.7813,53.1606,478.104,94.4073,1.44944e+08
62.9417,139.704,-47.7252,118.296,1282.76,230.543,1.28824e+08
62.9583,136.907,6.92872,11.8627,822.362,139.028,1.95031e+08
62.9750,120.187,-54.11,63.8067,470.677,54.8314,5.30363e+07
62.9917,174.255,-96.792,140.401,1381.07,114.553,4.54395e+07
63.0083,179.369,-128.983,132.223,2156.09,163.787,1.42177e+08
63.0250,209.752,-150.046,172.818,2965.42,310.725,2.85735e+08
63.0417,207.087,-70.7265,185.148,3607.06,592.006,1.72107e+08
63.0583,181.44,-60.9377,175.129,41981.6,6818.09,3.79209e+08
63.0750,161.635,-63.9988,158.311,84430.6,16845.8,3.24923e+08
63.0917,164.85,-84.8128,155.846,53990.1,14684,3.06104e+08
63.1083,176.298,-84.8231,164.963,43306.3,14142.6,2.91413e+08
63.1250,170.427,-77.9791,165.421,50673.4,14013.8,3.28288e+08
63.1417,143.991,-53.164,137.074,76301.2,24919.9,2.47787e+08
63.1583,145.894,-64.909,139.29,62787,28056.8,1.72071e+08
63.1750,160.048,-96.6899,152.256,29414.3,9077.61,2.33773e+08
63.1917,158.025,-101.595,149.538,34503.8,8931.04,2.4483e+08
63.2083,147.471,-90.6248,139.652,58629.4,15828.4,2.95749e+08
63.2250,150.07,-84.537,144.071,72452.3,20226.3,2.58415e+08
63.2417,151.544,-88.4711,144.7,87051.2,16912,2.43197e+08
63.2583,152.45,-91.9347,143.33,89751.6,14717.6,2.3333e+08
63.2750,151.803,-93.6334,141.728,86709.8,17602.2,2.1783e+08
63.2917,154.178,-81.349,146.36,108360,27533.1,2.22488e+08
63.3083,159.607,-86.4493,153.759,118674,30595.1,2.7164e+08
63.3250,154.782,-82.8268,148.549,169248,42448.7,2.63229e+08
63.3417,153.092,-74.9671,144.178,193862,51508.7,2.40538e+08
63.3583,152.356,-79.3633,145,181124,51911.2,2.00312e+08
63.3750,151.434,-88.6145,146.29,179980,61011.6,1.9771e+08
63.3917,148.345,-81.4732,144.433,231436,82900.2,1.8473e+08
63.4083,147.123,-74.7595,142.185,252258,88881.9,1.96089e+08
63.4250,152.46,-74.5591,148.189,255075,86018,1.88945e+08
63.4417,158.593,-80.4141,154.618,249232,78191.5,1.69734e+08
63.4583,159.8,-84.4252,155.618,265698,85057.6,1.66854e+08
63.4750,159.094,-76.9772,155.118,265200,82374.9,1.5142e+08
63.4917,160.344,-71.9558,157.741,268053,75339.3,1.37779e+08
63.5083,161.037,-68.3432,158.72,272923,74198.1,1.33445e+08
63.5250,154.346,-75.3505,151.697,251133,61159.5,1.2142e+08
63.5417,150.227,-71.8311,147.529,235523,63463.7,1.15277e+08
63.5583,147.205,-67.7588,145.269,259879,67569.5,1.16535e+08
63.5750,149.079,-71.9791,147.054,265128,62728.6,1.18778e+08
63.5917,146.806,-62.669,145.708,274025,70590.3,1.18865e+08
63.6083,150.802,-69.2809,149.023,248975,59265.3,1.07854e+08
63.6250,151.572,-72.7115,148.666,225899,53153.4,9.6838e+07
63.6417,155.33,-77.759,151.749,211437,50612.5,9.94768e+07
63.6583,154.365,-77.5592,150.667,200726,51832.4,7.53426e+07
63.6750,155.361,-71.5094,151.69,188727,50896.6,6.93273e+07
63.6917,156.785,-74.566,153.585,179019,48544.3,5.53267e+07
63.7083,159.664,-76.5247,156.03,165947,42439,4.89069e+07
63.7250,156.941,-75.6045,153.6,165093,39939.2,4.62133e+07
63.7417,155.888,-75.0146,153.327,168462,39251.4,4.1359e+07
63.7583,148.468,-71.1955,145.635,174991,42818.1,3.09822e+07
63.7750,136.087,-67.7728,132.949,167952,40688.6,2.22037e+07
63.7917,131.339,-66.648,127.773,180174,41037.1,2.07357e+07
63.8083,134.238,-65.4316,130.9,190500,42872.6,2.10734e+07
63.8250,142.226,-62.0053,139.267,187870,41017.2,2.18827e+07
63.8417,145.511,-65.1215,143.033,176110,38973.7,2.46078e+07
63.8583,139.888,-64.4839,137.053,165419,34758.5,2.63051e+07
63.8750,141.349,-62.8968,137.877,159928,32983.9,2.16472e+07
63.8917,141.282,-59.933,138.344,155598,29622.4,1.67166e+07
63.9083,144.999,-61.9795,142.747,153404,28564.7,1.80728e+07
63.9250,141.897,-63.2325,139.962,153068,30004.2,1.83627e+07
63.9417,140.148,-64.923,137.865,156311,27508,1.38516e+07
63.9583,135.117,-63.6264,133.239,158640,25373.8,1.08084e+07
63.9750,135.61,-60.4725,133.632,153973,25987.9,9.12522e+06
63.9917,137.532,-56.5939,135.486,142730,25302.5,1.00515e+07
64.0083,136.72,-56.2201,135.048,142657,25078.1,8.26219e+06
64.0250,135.596,-58.151,133.817,145612,23755.5,7.87779e+06
64.0417,133.578,-59.578,131.987,129903,21066.3,1.11568e+07
64.0583,130.135,-56.7062,128.753,121559,21218.5,9.15022e+06
64.0750,130.238,-56.6666,128.654,114741,21509.4,7.8597e+06
64.0917,133.932,-56.3664,132.498,115450,21235.2,7.09202e+06
64.1083,138.525,-52.851,136.375,114663,19268.3,6.5412e+06
64.1250,142.408,-52.1386,139.313,107635,16208.4,6.01064e+06
64.1417,141.697,-53.768,139.275,103026,15771.8,5.16871e+06
64.1583,138.882,-54.6087,136.996,101962,15760.4,5.05702e+06
64.1750,138.696,-59.8658,137.655,100484,16355.9,4.41606e+06
64.1917,140.604,-60.2828,139.553,99308.5,16535.9,4.78401e+06
64.2083,144.459,-63.7399,143.717,98716.4,15583.3,6.22105e+06
64.2250,145.855,-64.5631,144.873,96237.8,14097.8,5.90123e+06
64.2417,144.599,-58.236,143.491,96029.1,15426.6,5.04816e+06
64.2583,147.645,-55.5848,146.38,91308.8,15811,5.13422e+06
64.2750,155.818,-69.0742,154.818,80866.7,12961.6,3.94573e+06
64.2917,153.939,-65.4787,153.158,85591.7,13572.7,5.34142e+06
64.3083,147.268,-59.5741,146.146,94948.2,14531.3,5.05694e+06
64.3250,147.753,-64.5472,146.588,97224.9,14177.5,4.27563e+06
64.3417,151.332,-71.15,150.701,86288.2,12247.8,4.84597e+06
64.3583,149.744,-65.0142,149.107,85962.3,12807.7,4.78816e+06
64.3750,153.034,-66.9032,152.409,83354.9,10995.6,4.44051e+06
64.3917,153.13,-67.1967,152.554,77225.3,8648.48,4.82344e+06
64.4083,153.859,-65.9273,153.419,74304.7,8321.29,4.40942e+06
64.4250,152.733,-69.0471,152.331,68240.5,6590.6,4.04395e+06
64.4417,150.097,-65.5179,149.669,68296.2,6078.65,4.25529e+06
64.4583,148.962,-66.2086,148.58,68115.8,5658.33,3.87173e+06
64.4750,144.663,-65.0485,144.456,71730,5831.88,3.83389e+06
64.4917,140.552,-62.7462,140.403,72213.3,5744.18,3.78209e+06
64.5083,139.031,-65.4145,138.721,64889.6,5256.02,3.46421e+06
64.5250,134.706,-72.5374,133.986,57964.3,5510.34,3.3819e+06
64.5417,126.487,-63.3181,126.272,66633.3,8118.79,3.5231e+06
64.5583,125.173,-60.579,125.062,71876.6,8919.19,3.72777e+06
64.5750,131.234,-66.5031,130.99,59681.7,6731.71,3.25933e+06
64.5917,131.331,-67.2572,131.062,56914.2,6930.25,3.38937e+06
64.6083,130.34,-64.9956,130.194,59201.6,6951.02,3.39274e+06
64.6250,129.907,-65.6466,129.72,63870.1,6713.99,3.25808e+06
64.6417,129.786,-66.3956,129.56,66400.1,5889.1,3.08018e+06
64.6583,128.625,-66.4465,128.353,76649.5,5716.37,3.1201e+06
64.6750,126.009,-66.8268,125.546,82005.7,5608.68,3.16285e+06
64.6917,123.855,-69.3064,122.99,77650.5,5262.38,3.21914e+06
64.7083,121.046,-68.4482,120.114,76513.5,4979.1,2.59737e+06
64.7250,119.119,-69.1569,117.862,81181.3,4770.12,3.13359e+06
64.7417,116.938,-67.5649,115.733,84686.3,4635.56,3.21542e+06
64.7583,117.278,-67.7877,116.01,88017,4585.78,3.50593e+06
64.7750,120.072,-67.5905,119.038,90023,4462.42,3.43541e+06
64.7917,120.625,-68.4029,119.566,84698.7,4044.68,3.30056e+06
64.8083,117.873,-66.5293,116.927,83057.4,4103.33,3.40296e+06
64.8250,117.042,-66.5253,115.996,75704.5,4111,3.05241e+06
64.8417,123.206,-69.0125,122.292,72362.3,3831.21,3.02692e+06
64.8583,127.122,-71.6616,126.129,68761.4,3744.18,2.98923e+06
64.8750,126.831,-72.5465,125.565,64355.5,3330.22,2.93071e+06
64.8917,123.107,-70.2284,121.906,57694.5,3118.23,3.00522e+06
64.9083,120.712,-70.1212,119.407,51840.1,2863.33,3.19741e+06
64.9250,119.704,-70.9748,118.205,49104.2,2724.77,2.97673e+06
64.9417,118.232,-68.9312,116.893,47288.4,2811.23,3.05514e+06
64.9583,117.194,-68.6804,115.764,44151.1,2743.47,2.99367e+06
64.9750,118.665,-67.6516,117.367,41109.7,2770.51,3.07058e+06
64.9917,119.588,-66.4289,118.348,40501.4,2810.26,3.07367e+06
65.0083,122.292,-64.5289,121.384,42124,2823.26,2.8994e+06
65.0250,123.897,-65.5917,123.078,39960.8,2557.44,3.2188e+06
65.0417,122.184,-65.8902,121.222,33802.2,2452.87,3.20986e+06
65.0583,116.882,-66.8521,115.375,29355,2640.74,2.82772e+06
65.0750,115.209,-68.0664,113.152,23096.8,2450.54,2.36305e+06
65.0917,115.38,-67.7237,113.43,24628.2,2611.07,2.66297e+06
65.1083,123.71,-66.5689,122.634,33057.4,3003.56,2.76947e+06
65.1250,132.421,-62.4949,132.02,43427.7,3288.44,2.73503e+06
65.1417,139.791,-67.0104,139.178,30946.2,2575.05,2.85111e+06
65.1583,146.756,-73.466,146.059,25502.1,2405.65,2.8046e+06
65.1750,144.022,-72.1949,142.928,20529.1,2032.71,2.53611e+06
65.1917,142.197,-77.0352,141.354,19244.6,2132.77,2.56069e+06
65.2083,137.687,-70.8965,137.081,24163.7,2660.96,2.68662e+06
65.2250,142.202,-79.4359,141.25,24281.1,2381.34,2.28505e+06
65.2417,140.607,-75.4964,139.528,26776.7,2168.52,2.21586e+06
65.2583,136.712,-72.0248,135.602,21970.8,1596.51,2.63121e+06
65.2750,137.68,-79.1628,135.263,13799.8,1148.71,2.39617e+06
65.2917,135.992,-81.7579,132.945,13020.6,1205.48,2.54944e+06
65.3083,130.753,-78.4866,128.231,15139.9,1362.92,2.39226e+06
65.3250,133.379,-78.0907,131.141,15202.4,1288.83,2.56316e+06
65.3417,133.447,-76.3767,131.565,16782.4,1369.96,2.36699e+06
65.3583,128.069,-72.0707,125.983,21224.5,1326.24,2.39179e+06
65.3750,127.104,-73.9195,124.288,20459.2,1200.18,2.28296e+06
65.3917,129.272,-75.9683,125.909,16333,1284.42,2.25583e+06
65.4083,134.93,-73.8033,132.74,20667.4,1548.52,2.64667e+06
65.4250,139.166,-65.4529,137.624,22877.3,1278.69,2.2837e+06
65.4417,144.719,-69.2083,143.464,17838.1,1458.82,2.74449e+06
65.4583,150.167,-77.0703,147.826,18241.7,1844.12,2.37754e+06
65.4750,160.03,-79.1245,158.149,14833,1654.02,2.44022e+06
65.4917,165.378,-76.9122,164.119,14703.9,1496.58,2.28681e+06
65.5083,163.592,-75.8784,162.221,13908.3,1606.92,2.37285e+06
65.5250,158.288,-78.6089,157,14141,1911.08,2.24557e+06
65.5417,153.37,-81.4093,151.691,14999,2094.17,2.16013e+06
65.5583,148.025,-78.3924,146.524,14301.4,2553.16,2.1386e+06
65.5750,150.22,-80.6282,148.439,12358.8,2460.09,2.24592e+06
65.5917,155.674,-83.2438,153.632,11138.7,2173.03,2.67682e+06
65.6083,158.663,-81.2239,156.917,11702.2,2225.32,2.13471e+06
65.6250,167.404,-86.3645,166.005,12459.6,2196.03,2.34107e+06
65.6417,172.08,-95.1284,169.679,11288.3,2058.24,2.33623e+06
65.6583,169.98,-91.3454,168.213,9589.95,1812.77,2.2073e+06
65.6750,161.276,-91.4958,158.858,10024.1,2050.77,2.24975e+06
65.6917,152.787,-89.0301,150.154,10789.3,2393.04,2.37919e+06
65.7083,145.389,-84.3387,143.055,14429.5,3208.52,2.18871e+06
65.7250,141.972,-79.3489,139.349,14868.4,3385.08,2.09862e+06
65.7417,160.311,-87.2905,158.396,11333.2,2172.38,2.15356e+06
65.7583,184.158,-85.1203,182.419,6864.99,951.268,1.94466e+06
65.7750,152.625,-27.6008,145.409,7401.46,786.526,2.46559e+06
65.7917,118.031,-54.0078,115.817,19108.2,3721.2,2.48743e+06
65.8083,113,-77.9508,106.23,26018.4,5445.56,2.22611e+06
65.8250,139.833,-102.315,129.38,15983.4,2135.59,2.20351e+06
65.8417,154.352,-106.68,146.816,14660,1944.92,2.35127e+06
65.8583,164.164,-107.14,158.546,8240.97,1107.74,2.13827e+06
65.8750,161.792,-105.083,156.244,12683.7,2488.52,2.36665e+06
65.8917,159.974,-100.942,154.139,15249.8,3046.07,2.52344e+06
65.9083,155.641,-97.0247,146.476,19404.9,3796.14,2.60435e+06
65.9250,160.785,-98.024,154.105,22447.4,3946.59,2.18293e+06
65.9417,173.905,-93.3064,167.316,27895.3,3792.13,2.29427e+06
65.9583,167.879,-84.0992,161.687,29678.8,4308.47,2.1751e+06
65.9750,169.771,-90.0442,162.431,30482.9,5374.6,2.93342e+06
65.9917,162.134,-83.9024,158.306,27790.7,5464.84,2.20968e+06
66.0083,167.428,-98.6341,163.528,20584,3763.97,1.95629e+06
66.0250,177.98,-96.3494,174.459,19867.2,3719.31,2.20232e+06
66.0417,173.834,-91.3359,171.352,18034.9,4138.19,2.20813e+06
66.0583,166.005,-81.452,163.589,23415.7,4805.17,2.01418e+06
66.0750,157.176,-83.8749,152.722,28547.7,5737.36,2.18157e+06
66.0917,146.716,-86.6943,141.861,26678.6,6215.72,1.98441e+06
66.1083,145.381,-86.12,140.616,24954.3,7121.1,1.88099e+06
66.1250,149.034,-89.6621,144.583,30989.1,10667.6,1.91449e+06
66.1417,156.22,-91.8944,149.768,29860.5,10964.2,1.91775e+06
66.1583,159.361,-97.0213,151.932,26203.5,9589.04,2.25918e+06
66.1750,162.485,-101.469,154.676,24030.4,9525.43,2.25947e+06
66.1917,161.158,-101.59,153.465,23719.4,10425.3,1.66573e+06
66.2083,155.898,-99.0868,148.575,25013.3,11722.8,1.95034e+06
66.2250,155.646,-100.118,148.972,25389.4,12241.9,2.05912e+06
66.2417,157.891,-99.2113,151.63,26175.4,12969.1,1.9239e+06
66.2583,161.39,-99.1567,155.753,27417.4,14020.7,1.80035e+06
66.2750,164.704,-99.1792,158.576,27783.2,14355.1,1.85204e+06
66.2917,188.031,-109.54,182.536,26137.8,12444.6,2.03511e+06
66.3083,195.687,-95.0947,190.16,25232.6,8147.13,2.31659e+06
66.3250,196.324,-95.9864,191.246,27236.6,11638.1,1.8783e+06
66.3417,204.152,-105.556,197.725,36671.3,14413.7,1.9417e+06
66.3583,217.595,-102.766,211.106,30441.6,11291.4,2.24664e+06
66.3750,227.839,-92.4844,218.391,25111.1,7904.77,3.09421e+07
66.3917,227.516,-91.6029,221.522,33337.2,11200,5.54736e+07
66.4083,227.445,-94.6266,222.852,29375.8,13390.4,1.10249e+08
66.4250,227.898,-94.3174,222.788,31926,13684.3,9.71663e+07
66.4417,234.597,-95.6551,228.441,34839.3,14905.3,4.11238e+07
66.4583,233.674,-91.6689,227.675,33619.4,15112.4,3.82443e+07
66.4750,231.757,-92.376,225.603,33780.6,17582.7,4.49035e+07
66.4917,228.445,-99.5104,223.373,33692.8,17444.2,4.37559e+07
66.5083,225.77,-99.0974,219.188,32742.8,16675.4,5.04034e+07
66.5250,224.608,-96.8995,218.725,36712.1,18523.5,4.11267e+07
66.5417,217.239,-92.2038,211.821,38890.5,18234,4.3213e+07
66.5583,213.207,-98.9821,206.884,41330.7,18679.2,1.5175e+07
66.5750,201.015,-85.892,194.63,39837.6,19816.3,4.2202e+06
66.5917,209.664,-101.698,203.692,41678.6,21178.7,2.1616e+06
66.6083,206.141,-95.2426,198.229,37202.8,17180.2,2.15633e+06
66.6250,207.972,-96.1624,201.009,39544.5,18773.6,2.19047e+06
66.6417,206.661,-98.1303,199.667,38711.6,21809.9,1.87763e+06
66.6583,213.616,-96.7572,206.601,37870.1,20284.3,2.01729e+06
66.6750,228.876,-97.1048,219.386,38615.8,17729.4,5.70159e+06
66.6917,237.835,-100.475,230.17,38856.4,17027.2,7.23845e+06
66.7083,248.24,-96.3858,239.102,39650,18466.9,3.01562e+06
66.7250,250.695,-93.0677,241.78,34241.1,11220,3.01256e+06
66.7417,252.288,-96.7487,243.437,39764,13565.1,6.10464e+06
66.7583,242.013,-94.1693,232.766,38234.2,17876.2,8.39685e+06
66.7750,229.152,-96.6221,220.892,40844.9,22075.2,2.41267e+06
66.7917,222.439,-101.465,214.822,38647.4,21274.9,2.02067e+06
66.8083,222.08,-97.5096,214.841,41067.6,24800,2.37113e+06
66.8250,216.616,-97.1481,209.01,39958.6,23478.8,2.22023e+06
66.8417,204.321,-92.3118,196.497,41407.8,24851.1,1.8691e+06
66.8583,194.94,-97.8611,186.418,44392.8,25287.5,1.80228e+06
66.8750,188.369,-92.5195,181.113,43254.7,23630.7,1.77759e+06
66.8917,193.379,-98.6407,184.453,43912.7,23878.8,1.82926e+06
66.9083,193.509,-98.7862,184.135,43875.5,23223.6,1.76308e+06
66.9250,193.143,-95.7919,183.916,46111.7,24656.7,1.82051e+06
66.9417,192.55,-96.6612,182.527,47747.6,26205.1,1.73183e+06
66.9583,186.025,-97.9534,175.242,48294.3,26436.9,1.68589e+06
66.9750,185.412,-101.955,173.503,47692.8,26053,2.19126e+06
66.9917,188.446,-99.8111,177.868,46738.5,25331,1.89123e+06
67.0083,191.131,-99.7818,180.232,46920.6,25990,1.83169e+06
67.0250,192.948,-98.7189,180.837,47068.4,26518.8,1.98556e+06
67.0417,192.06,-99.5604,179.359,47400,26473.8,1.73031e+06
67.0583,193.156,-98.3945,179.543,47315.2,26326.5,1.85004e+06
67.0750,196.858,-100.835,184.026,47545.1,26521.6,1.89305e+06
67.0917,195.126,-97.368,182.235,47524.9,26584.1,1.94608e+06
67.1083,188.901,-98.3386,175.859,48311.3,26808.7,2.33882e+06
67.1250,186.418,-93.9797,172.642,48472.7,26452.8,2.14087e+06
67.1417,175.805,-89.29,163.577,48054.3,24988.6,1.893e+06
67.1583,168.107,-97.0575,155.491,49944.2,21901.9,1.76125e+06
67.1750,166.967,-102.558,153.38,47169,18306.3,1.70675e+06
67.1917,172.288,-97.9336,159.797,46221.1,18534.6,1.8166e+06
67.2083,176.193,-100.057,163.545,46873.1,19273.9,1.59098e+06
67.2250,171.328,-94.6918,156.424,48278.4,18744.2,1.80991e+06
67.2417,168.212,-97.2814,152.628,48818.6,19009,1.70056e+06
67.2583,172.102,-96.1162,157.525,47371.6,18485.6,2.0607e+06
67.2750,174.948,-99.4598,161.265,44481.5,16899.2,2.44703e+06
67.2917,178.748,-101.085,164.952,43924,16489.1,2.87284e+06
67.3083,174.413,-97.2117,162.49,43816.3,15938.6,2.74423e+06
67.3250,178.151,-101.785,164.49,42575.1,14572.1,3.151e+06
67.3417,188.348,-103.632,173.459,41421.4,14037.4,5.11179e+06
67.3583,191.27,-102.876,175.94,38031.9,12467.1,5.27954e+06
67.3750,184.298,-100.866,168.459,38603.5,11848.6,4.99524e+06
67.3917,186.637,-100.855,171.372,37910.9,11079.6,4.40983e+06
67.4083,188.891,-100.962,174.603,35439.7,10047.6,5.27496e+06
67.4250,183.886,-101.162,168.759,34329.8,9191.34,4.70522e+06
67.4417,178.153,-105.767,162.121,34370.3,8331.72,2.19168e+06
67.4583,181.675,-105.664,164.71,33363,8053.67,2.53509e+06
67.4750,188.442,-102.302,172.176,33895.9,8953.82,3.20048e+06
67.4917,193.417,-97.406,179.251,34372.7,9637.78,4.81807e+06
67.5083,194.127,-102.675,177.645,35827.8,9889.53,4.44178e+06
67.5250,186.193,-102.851,168.327,35929.5,9208.17,2.37857e+06
67.5417,177.275,-102.919,159.357,34810.5,9009.32,2.11906e+06
67.5583,171.372,-99.0433,153.767,34888.8,9222.61,4.0096e+06
67.5750,158.432,-96.2864,141.374,35293.3,9602.04,2.90773e+06
67.5917,156.17,-96.153,139.184,33701,9774.65,2.1064e+06
67.6083,164.33,-96.8661,145.701,35528.4,10106.5,3.40978e+06
67.6250,177.187,-93.2175,161.343,36974.3,10481.5,5.32057e+06
67.6417,189.619,-96.2802,172.23,36350,10676,5.42702e+06
67.6583,191.338,-96.5505,171.709,34776,10867.2,4.77123e+06
67.6750,186.639,-99.313,167.651,35667.4,11907,5.32264e+06
67.6917,190.321,-103.594,172.542,34926.9,12003.1,5.70643e+06
67.7083,189.653,-99.5116,170.638,35290.5,11951,5.94768e+06
67.7250,186.812,-97.5108,167.552,38178.5,13276.5,7.2341e+06
67.7417,183.663,-98.5664,164.908,38595.3,13375.7,7.2574e+06
67.7583,179.534,-96.5638,158.49,38556.6,13404.8,7.07726e+06
67.7750,174.219,-96.9537,153.398,38805,14081.2,5.2861e+06
67.7917,175.508,-98.8105,155.353,38977.1,14582.4,4.90629e+06
67.8083,168.677,-91.5665,149.472,39872.3,14709.9,4.56929e+06
67.8250,166.751,-92.6428,147.548,41122.3,16327.1,3.74086e+06
67.8417,164.309,-93.1525,142.897,41519.9,17022.9,2.89475e+06
67.8583,165.492,-92.2344,144.781,43562.6,17409.5,3.09422e+06
67.8750,167.315,-90.9508,145.298,46411.7,18723.1,3.88768e+06
67.8917,168.781,-93.4006,148.173,49017.9,20023,3.59969e+06
67.9083,168.483,-91.3012,146.095,50096.8,20435.9,4.31112e+06
67.9250,165.405,-90.9125,145.197,51793.5,21274.6,4.09374e+06
67.9417,162.774,-87.956,142.186,53996.2,22220.3,3.88778e+06
67.9583,157.78,-88.1724,137.427,54733.8,22095,3.75518e+06
67.9750,153.193,-86.2336,133.65,57853.1,21416.7,2.93103e+06
67.9917,142.613,-81.0273,123.218,59451.1,19702.7,2.50705e+06
68.0083,147.565,-91.8876,126.842,60366.8,18950.6,1.87255e+06
68.0250,163.718,-90.0973,142.085,61417.8,20496.9,4.06837e+06
68.0417,174.066,-92.5078,150.327,66678.9,25507.5,4.34687e+06
68.0583,162.141,-86.2825,136.588,74601,23548.9,3.71465e+06
68.0750,142.962,-79.7906,120.916,71472,19258.2,2.33083e+06
68.0917,121.248,-74.2143,105.776,63561.9,14048.2,1.61906e+06
68.1083,119.956,-80.4955,100.583,58676.4,11986.4,1.60159e+06
68.1250,131.803,-85.8422,111.175,62865.9,11819.9,1.99684e+06
68.1417,128.346,-76.1065,110.642,75249,14234.8,1.93972e+06
68.1583,128.394,-73.7855,107.549,87236.7,16941.6,2.2991e+06
68.1750,129.868,-82.7369,105.213,79303.7,14048.3,1.94907e+06
68.1917,127.963,-78.3441,106.022,79022.3,13414.8,2.00285e+06
68.2083,138.722,-87.4431,114.965,81412.1,14143,2.43892e+06
68.2250,151.037,-90.022,129.569,86530.5,14703.8,2.93611e+06
68.2417,166.014,-90.7909,140.047,84937.9,14661,3.858e+06
68.2583,167.299,-99.8043,140.863,86519.9,14839.2,2.62466e+06
68.2750,157.583,-93.4403,132.907,88704.8,14278.8,2.61659e+06
68.2917,151.714,-88.4397,127.677,93492,15429.7,2.36475e+06
68.3083,149.214,-90.5612,124.597,101580,17937.2,2.18217e+06
68.3250,150.162,-86.5742,121.873,102035,18042.5,1.91947e+06
68.3417,154.69,-91.4,127.553,102008,17519.2,2.46571e+06
68.3583,152.834,-90.9222,126.356,102125,17331,2.51642e+06
68.3750,146.99,-86.4725,121.914,98792.9,16526.2,3.0134e+06
68.3917,148.768,-91.6375,122.465,94203.4,15485.3,2.61e+06
68.4083,149.195,-93.0119,121.854,93258.8,13999.7,2.03476e+06
68.4250,151.011,-92.8956,121.945,93768.7,13718.9,2.52859e+06
68.4417,153.384,-92.384,124.752,93351,13445.8,2.79731e+06
68.4583,148.534,-84.3899,122.045,95833.6,12999.5,3.21496e+06
68.4750,145.869,-89.369,117.156,96811.8,11601.9,2.04904e+06
68.4917,151.784,-96.7191,122.16,88094.3,9872.23,2.54321e+06
68.5083,156.174,-92.5864,128.206,87728.9,10188.7,3.31125e+06
68.5250,153.486,-86.6038,125.299,91842.3,10662.2,3.29608e+06
68.5417,148.518,-88.311,120.13,87702.7,9491.1,2.61286e+06
68.5583,144.91,-87.1065,116.268,75847.2,7512.28,2.31912e+06
68.5750,142.669,-87.7276,114.412,66232.9,6544.69,2.2796e+06
68.5917,141.083,-91.7907,112.507,57250.1,5945.03,1.91503e+06
68.6083,142.1,-91.0011,114.134,52170,5658.88,2.00326e+06
68.6250,144.743,-92.7861,114.638,48916.1,5357.97,1.88281e+06
68.6417,141.252,-90.1678,111.662,50265.7,5453.28,1.82794e+06
68.6583,140.91,-92.3375,110.792,46373.6,5150.36,1.7155e+06
68.6750,144.203,-95.4361,112.094,42287.4,5032.96,1.7848e+06
68.6917,144.33,-97.3695,114.536,39035.7,4659.58,2.47325e+06
68.7083,143.36,-96.1012,114.411,34185.3,4233.01,2.64832e+06
68.7250,143.72,-93.9878,114.652,31092,4421.76,2.31568e+06
68.7417,143.34,-96.2712,111.584,30443,4469.41,1.87815e+06
68.7583,142.957,-96.7095,110.419,27809.4,4462.06,1.66186e+06
68.7750,144.314,-97.3553,113.852,26080.7,4438.45,2.13575e+06
68.7917,147.839,-103.622,113.628,25022.2,4521,1.83612e+06
68.8083,152.719,-105.797,116.288,24371.8,4467.24,2.03608e+06
68.8250,148.534,-99.4775,114.084,25192.3,4586.32,1.80618e+06
68.8417,141.998,-96.4769,107.263,27130.3,5171.05,1.85864e+06
68.8583,143.136,-99.7372,106.314,25241.1,5246.06,1.8683e+06
68.8750,147.396,-102.516,109.612,23461.2,4763.26,2.36362e+06
68.8917,144.273,-101.85,106.748,22446.6,4869.53,2.35552e+06
68.9083,139.826,-99.7297,100.405,23796.8,5726.43,2.30679e+06
68.9250,137.39,-96.8623,97.3807,23685.3,5656.12,2.05894e+06
68.9417,140.154,-92.3826,102.314,19674,4658.7,2.56125e+06
68.9583,138.49,-98.338,101.866,15213.8,5275.44,2.47223e+06
68.9750,146.407,-111.046,103.786,10593.4,4872.64,2.54178e+06
68.9917,145.783,-109.654,101.845,10274.3,4707.23,2.55821e+06
69.0083,146.034,-106.891,104.555,10456.5,4431.75,2.75066e+06
69.0250,143.455,-104.862,100.55,11058.3,5050.4,2.75925e+06
69.0417,135.616,-102.406,93.0261,10856.9,5201.5,2.06559e+06
69.0583,134.233,-102.705,90.8832,10618.7,5314.96,2.25265e+06
69.0750,134.307,-104.778,91.0388,10201.9,5043.35,1.6331e+06
69.0917,130.238,-105.45,85.1327,10243.3,5038.12,1.84594e+06
69.1083,139.443,-116.415,89.4053,8865.99,4068.77,2.16341e+06
69.1250,148.978,-121.657,97.5747,8709.28,3735.49,2.40042e+06
69.1417,144.311,-116.58,93.4658,9552.74,4177.08,1.95088e+06
69.1583,145.638,-120.479,90.8792,8933.96,4355.14,2.2701e+06
69.1750,154.67,-128.856,98.1869,8341.64,4062.32,2.62261e+06
69.1917,158.433,-127.966,101.585,8873.11,4455.57,2.47322e+06
69.2083,160.411,-127.833,104.33,9924.85,5418.81,2.25512e+06
69.2250,157.211,-121.526,103.19,11031.6,6106.04,2.70008e+06
69.2417,158.057,-124.332,99.3762,11078.6,6342.35,2.89768e+06
69.2583,148.756,-109.484,101.705,15241.6,9819.37,6.35364e+06
69.2750,151.392,-114.909,105.669,14000.3,9800.83,9.23176e+06
69.2917,145.614,-113.934,97.0876,14523.8,10881.4,6.28196e+06
69.3083,147.659,-110.707,100.573,16124.5,13013.6,3.88728e+06
69.3250,146.133,-110.738,97.2062,16798.3,14608.2,4.76784e+06
69.3417,138.594,-85.6302,99.9592,19692.7,15752.2,1.0982e+08
69.3583,143.953,-88.8782,101.54,18832.9,15832.6,1.34208e+08
69.3750,143.88,-87.3608,102.266,19260.9,16122.2,1.3023e+08
69.3917,133.698,-74.2616,95.5971,22864,19238.4,8.40158e+07
69.4083,130.272,-70.9954,92.3338,25270.9,22039.1,6.27562e+07
69.4250,141.204,-98.0176,90.2461,24585.1,22711.4,1.46107e+07
69.4417,142.119,-90.9393,96.9433,25666.8,23182.7,5.94629e+07
69.4583,144.592,-95.6454,97.8466,25639.7,23855.6,3.52088e+07
69.4750,141.672,-91.5153,99.816,26998.1,25694.5,1.54133e+07
69.4917,137.054,-89.4037,96.0953,28542.4,27406,1.32276e+07
69.5083,134.866,-86.4509,95.1327,30296.2,29189.8,3.37835e+07
69.5250,145.513,-94.5485,101.286,29312.5,27914.8,7.47286e+07
69.5417,147.582,-91.5716,106.003,31618.6,30042.4,3.6902e+07
69.5583,148.126,-92.6874,104.993,33979.2,33500.7,1.71966e+07
69.5750,162.77,-86.2279,120.871,34129.6,34099.4,1.35072e+08
69.5917,168.858,-83.1838,130.628,37956.1,33557.8,1.83457e+08
69.6083,161.125,-78.2827,121.487,38852.6,39677.9,1.72252e+08
69.6250,170.566,-86.6174,127.67,38273.1,40036.1,1.73294e+08
69.6417,159.56,-82.9323,117.051,38182.6,40492.7,1.39388e+08
69.6583,158.16,-91.2794,113.033,36400.3,36724.2,9.94099e+07
69.6750,155.038,-91.0792,105.833,37099.7,37939.3,9.27923e+07
69.6917,146.887,-87.5551,98.9539,39416,40611.3,7.40779e+07
69.7083,147.578,-92.9216,98.8102,39996.2,37683.2,6.60851e+07
69.7250,145.034,-96.3907,95.7996,39535.8,35480.7,6.12627e+07
69.7417,139.23,-93.5565,91.2305,40841.8,35954.1,6.28016e+07
69.7583,139.777,-93.5767,92.5527,42519.5,35661.8,5.73871e+07
69.7750,144.517,-97.0949,98.0043,43063.9,35244.2,4.96501e+07
69.7917,146.746,-94.5984,98.9561,45006.1,38138.9,6.30641e+07
69.8083,144.234,-91.6315,98.2106,48380.3,40971.1,6.34721e+07
69.8250,142.649,-91.5246,98.7321,49427.8,40463.2,5.31152e+07
69.8417,140.741,-94.6397,96.2241,49369.1,37649.7,3.95253e+07
69.8583,140.878,-96.2344,96.0249,48227.2,36226.1,4.08943e+07
69.8750,140.941,-97.8434,95.6002,47579.2,34650.4,3.13587e+07
69.8917,142.276,-101.842,96.7105,48815.9,33037.4,1.46275e+07
69.9083,144.205,-103.706,97.3185,50132,32411.9,1.07515e+07
69.9250,147.905,-106.282,99.0961,49290.6,32685.2,9.91323e+06
69.9417,148.964,-105.321,99.933,49021.6,33843.7,1.04071e+07
69.9583,148.783,-103.928,100.913,50141.9,34821.2,1.64529e+07
69.9750,149.897,-103.626,102.388,51196.9,35894.8,2.25757e+07
69.9917,150.36,-103.425,102.499,52534.7,37014.6,2.01189e+07
70.0083,150.662,-103.256,102.147,53237.6,37213.5,2.19406e+07
70.0250,149.314,-101.254,102.463,53666.6,37421.4,2.15739e+07
70.0417,149.006,-99.5686,103.189,54070.7,38173.6,2.36819e+07
70.0583,148.232,-98.7156,102.823,54730.9,38671.8,2.29669e+07
70.0750,147.941,-97.7565,102.485,55785.8,39172.3,2.49619e+07
70.0917,146.376,-97.6381,101.456,56123.9,38356.6,2.97305e+07
70.1083,150.571,-102.022,102.999,56411.7,38474.5,3.16257e+07
70.1250,160.982,-108.263,108.659,56907,42171.5,3.38881e+07
70.1417,165.062,-108.35,110.1,59435.2,46605.4,4.3182e+07
70.1583,163.994,-105.651,108.896,59683.7,47322.8,4.92669e+07
70.1750,161.02,-103.774,111.826,57282.6,45043.3,4.04043e+07
70.1917,161.641,-104.903,114.965,57046.9,44134.5,3.94167e+07
70.2083,165.716,-105.673,116.928,60270,48436.3,3.71838e+07
70.2250,164.433,-103.367,111.792,63801.5,51381.8,4.13921e+07
70.2417,163.881,-103.891,111.553,63264.5,49256.5,3.95731e+07
70.2583,162.355,-103.439,114.849,60545.1,46182.1,3.53459e+07
70.2750,157.998,-100.608,114.372,56337.8,45527.6,5.11106e+07
70.2917,151.533,-98.4222,106.391,63144.5,46728.3,3.72183e+07
70.3083,149.226,-95.6112,101.418,63503.4,42129.6,2.26501e+07
70.3250,151.619,-100.038,104.614,62092.7,41629,3.28776e+07
70.3417,150.663,-102.417,104.231,61546.4,38952.6,3.04147e+07
70.3583,149.746,-101.937,101.902,63905.7,40006.1,2.08882e+07
70.3750,152.089,-103.672,99.5229,65231.7,43412.8,2.81088e+07
70.3917,149.704,-100.295,97.4671,66219.6,45156.4,2.87213e+07
70.4083,149.446,-100.662,99.4407,64413,43990.7,3.33319e+07
70.4250,151.055,-102.459,101.744,62953.5,42951.3,3.06912e+07
70.4417,149.128,-100.647,99.0417,65008.4,41298.7,2.84127e+07
70.4583,150.517,-101.265,99.0221,61854.3,36529.5,2.21659e+07
70.4750,148.642,-99.352,98.7086,63313.8,38933.4,2.46854e+07
70.4917,146.887,-100.406,97.6466,63268.9,38525,2.38829e+07
70.5083,149.073,-101.651,98.4103,63260.7,37893.1,2.58005e+07
70.5250,147.851,-100.86,97.4032,63728.5,36277.6,2.50023e+07
70.5417,147.907,-101.063,97.109,64442.5,37077.1,2.30942e+07
70.5583,147.746,-101.255,96.2868,65515.4,37052.8,2.22075e+07
70.5750,147.511,-99.1964,96.7211,66373.4,34932.7,2.5258e+07
70.5917,150.131,-101.3,98.7148,66810.2,34938.4,2.29872e+07
70.6083,156.688,-106.91,101.65,65161.8,35708,2.57111e+07
70.6250,160.987,-106.406,107.044,64737.8,38206.7,3.03422e+07
70.6417,154.125,-100.802,102.263,66268.6,40274.9,2.84691e+07
70.6583,149.518,-98.495,99.0124,65264.5,37721.4,2.38547e+07
70.6750,148.69,-99.3308,98.514,65426.5,36348.6,1.83954e+07
70.6917,147.443,-98.5351,97.8195,65322.2,36435.9,1.79363e+07
70.7083,148.824,-99.375,97.886,65007.6,36369.9,2.09291e+07
70.7250,149.025,-100.209,96.9313,64820.1,34349.9,1.86295e+07
70.7417,147.081,-99.3868,95.5677,64397.4,31713.1,1.63088e+07
70.7583,141.693,-95.9671,92.9754,64615.1,30873.1,1.45642e+07
70.7750,134.334,-90.0359,87.9438,64411.9,28827.4,1.06501e+07
70.7917,131.371,-90.6771,85.7392,62157.5,25932.6,7.95836e+06
70.8083,134.775,-91.9527,88.4924,61665.9,25460.4,9.75881e+06
70.8250,126.827,-86.1448,83.3987,61009.7,22590.4,7.15893e+06
70.8417,133.225,-95.4293,83.2146,56031.1,19625.1,6.12299e+06
70.8583,138.304,-96.6244,87.7535,58315,21128,8.18031e+06
70.8750,132.99,-93.7379,83.3778,58699.9,21033.9,8.63935e+06
70.8917,129.551,-93.1447,80.2794,55139.6,18688.3,6.06391e+06
70.9083,129.742,-96.8152,79.4036,52138.9,16557.3,5.74e+06
70.9250,125.949,-93.9985,76.1973,51630.9,15524,5.26053e+06
70.9417,124.62,-93.4901,74.368,49689.3,14860.4,5.50016e+06
70.9583,125.893,-94.7147,74.7786,48759.9,14485.3,5.55786e+06
70.9750,123.461,-93.916,72.808,46580.6,13722.3,5.59874e+06
70.9917,120.319,-91.877,70.3674,45398.8,13734.7,5.39149e+06
71.0083,117.553,-90.1191,67.5686,43682.4,13317.5,4.72645e+06
71.0250,116.256,-89.9846,65.643,40049.2,12311.3,4.13426e+06
71.0417,113.871,-89.0526,63.9291,36856.9,11792.6,3.48693e+06
71.0583,114.594,-91.2015,62.5472,33859.6,11307.9,3.46487e+06
71.0750,117.667,-93.3307,62.9106,33641.1,11206,3.3541e+06
71.0917,117.349,-92.0416,62.5854,35069.7,12040.6,3.67304e+06
71.1083,117.914,-92.8168,63.122,35410.6,12411.4,3.57623e+06
71.1250,116.745,-92.6117,63.2144,34569.1,12553.6,3.60513e+06
71.1417,116.117,-92.8081,62.3881,32660.3,12777.2,3.4851e+06
71.1583,115.746,-92.6525,60.8195,32619.6,12773.8,3.27813e+06
71.1750,115.327,-92.2914,59.5599,34468.9,13106.3,3.22327e+06
71.1917,115.25,-91.8136,59.6762,35936.3,13516,3.41204e+06
71.2083,115.586,-92.5322,60.3776,35647.7,13527.8,3.3842e+06
71.2250,117.265,-93.5436,62.1384,35618.6,13869.1,3.39093e+06
71.2417,116.955,-92.8443,61.7038,36313.5,14760,3.5045e+06
71.2583,116.283,-91.9005,61.4208,36999.2,16189.3,3.23295e+06
71.2750,113.772,-89.8161,60.5442,36749.4,17188.1,3.30467e+06
71.2917,110.877,-87.9819,59.0685,36346.6,17517.2,3.59293e+06
71.3083,110.407,-88.6093,57.7498,35694.6,16898.2,2.8972e+06
71.3250,110.852,-89.3221,57.1122,34376.3,15725.9,2.97319e+06
71.3417,113.625,-92.1712,57.5224,33633.4,15550.7,2.92542e+06
71.3583,116.256,-94.2299,58.9079,33694.5,16537.3,3.04017e+06
71.3750,118.082,-95.222,60.2405,35285.1,18404.6,3.19349e+06
71.3917,118.941,-94.4075,61.5199,38411.8,20313.2,3.54684e+06
71.4083,116.295,-91.0605,60.6704,41380.8,21633.2,3.55623e+06
71.4250,113.052,-88.609,59.0084,41728,21456.3,3.34631e+06
71.4417,112.663,-90.2651,58.5075,40836.9,20694.5,3.18993e+06
71.4583,116.999,-94.5281,60.8447,41623.6,20641.2,3.05035e+06
71.4750,120.14,-94.7672,63.2514,45573.4,22524.3,3.31956e+06
71.4917,118.394,-89.8725,62.2517,51627.5,26572.4,3.83628e+06
71.5083,113.725,-84.211,60.98,54138.4,27753.7,4.52274e+06
71.5250,110.445,-83.5181,61.8124,46510.6,22245.8,3.27077e+06
71.5417,110.281,-86.5354,60.9519,42506,19189.4,3.59006e+06
71.5583,111.151,-88.441,57.2225,43439.6,19313.7,2.94146e+06
71.5750,112.434,-89.102,56.0863,47277.4,21486.2,3.15615e+06
71.5917,112.364,-87.7615,57.218,50723.4,23496.6,3.82956e+06
71.6083,112.231,-87.4496,58.6636,51190.5,22355.8,2.98122e+06
71.6250,113.132,-88.2886,61.2449,50099,20214.2,3.54395e+06
71.6417,114.15,-89.5852,60.7583,47826.7,19133.7,3.53858e+06
71.6583,113.323,-88.8331,58.6247,47493.5,19785.2,3.36879e+06
71.6750,112.641,-87.5368,58.5571,53987.8,21672.1,3.36027e+06
71.6917,112.303,-87.2849,58.2728,59278.3,22720.6,3.06285e+06
71.7083,116.405,-91.3831,60.0261,61227.1,22860.6,3.17917e+06
71.7250,116.74,-89.0914,61.9547,64522.2,22520.4,3.66798e+06
71.7417,116.327,-88.0577,61.9265,68682.1,22246.2,3.69528e+06
71.7583,115.942,-87.7207,62.9289,67145.7,20503.7,4.53487e+06
71.7750,114.908,-88.3143,61.4355,61716.8,18048.6,3.9392e+06
71.7917,115.908,-90.6383,61.2026,59124.5,15447.4,3.68509e+06
71.8083,117.828,-92.706,59.9018,59884.1,15114.1,3.51674e+06
71.8250,117.987,-91.5304,59.5656,64637.3,15909.3,3.5119e+06
71.8417,117.274,-89.7916,59.2474,71760.1,18207.9,4.14838e+06
71.8583,116.364,-88.5847,60.8619,76507.3,20412.3,3.8507e+06
71.8750,116.64,-90.6502,60.9564,73885.9,19137.3,4.11985e+06
71.8917,116.814,-92.6779,59.8295,69699.6,16000,3.62086e+06
71.9083,115.102,-90.5191,58.8559,67055.6,16494.1,3.33142e+06
71.9250,112.626,-87.9066,56.6056,71474.8,16530.4,3.54415e+06
71.9417,112.814,-87.6052,55.8263,74923.6,15720.2,3.60104e+06
71.9583,112.307,-87.0112,56.7589,70596.4,15262.4,3.66788e+06
71.9750,113.124,-88.9263,58.1112,66224.8,14671.3,3.41262e+06
71.9917,114.217,-89.9569,58.6892,64300,13617.4,3.03024e+06
72.0083,113.763,-89.1125,57.472,69661.1,13232.3,3.28544e+06
72.0250,111.849,-86.1906,55.6008,78075.7,14127.9,3.64173e+06
72.0417,111.712,-86.3344,55.8736,79504.2,14148.3,3.47863e+06
72.0583,112.405,-87.8763,57.0079,75732.3,13502.8,2.94188e+06
72.0750,112.561,-89.1589,57.3931,70806.2,13483.3,2.93189e+06
72.0917,112.479,-88.9197,56.9596,75906,13939.4,3.18682e+06
72.1083,111.461,-86.4211,56.2849,69712.1,13692.4,3.18711e+06
72.1250,112.325,-87.687,54.6309,66603.8,13675.7,3.20716e+06
72.1417,112.813,-87.9737,56.4523,65970.5,13544.4,3.22852e+06
72.1583,111.585,-87.2794,56.4543,66512.2,13441.3,3.29688e+06
72.1750,112.491,-89.5775,55.2181,69910.8,12980.5,3.11246e+06
72.1917,114.54,-91.4352,54.8889,68663.7,12568.8,3.06511e+06
72.2083,112.287,-87.2714,55.1533,71009.1,12985,3.07908e+06
72.2250,109.64,-85.1285,53.5319,75967.4,13566.6,3.19965e+06
72.2417,106.602,-84.3747,52.6932,69315.8,12912,2.80858e+06
72.2583,108.631,-87.3726,53.447,63122.2,11867.2,2.7802e+06
72.2750,108.042,-86.4422,52.6367,66184,12038.5,2.52186e+06
72.2917,103.817,-83.4099,49.4761,69593.8,12322,2.81896e+06
72.3083,104.818,-86.2,48.8477,62054.3,11857.5,2.61965e+06
72.3250,107.57,-89.1763,49.8668,55855.9,11213,2.67782e+06
72.3417,107.884,-89.7567,49.5632,54538.4,11052.2,2.60998e+06
72.3583,106.765,-87.7096,49.0128,56563.2,11759.8,2.53458e+06
72.3750,108.014,-89.0712,48.4136,56535.7,12008.4,2.73436e+06
72.3917,108.472,-90.0226,48.9596,51860.5,11740.6,2.40737e+06
72.4083,110.101,-92.257,50.0269,46775.7,11651.7,2.32586e+06
72.4250,111.909,-94.2904,48.8312,47209,11126.2,2.60064e+06
72.4417,110.343,-91.8692,47.7094,43376.9,11399.3,2.50749e+06
72.4583,108.397,-89.4357,48.1487,43484.5,12218.6,2.49544e+06
72.4750,109.537,-89.8827,49.1626,43352.9,12676,2.548e+06
72.4917,112.097,-93.0755,49.8726,37409.3,12324.5,2.47189e+06
72.5083,112.836,-93.8722,50.5613,40248.7,12166.4,2.3547e+06
72.5250,111.443,-91.7291,50.0799,45281.4,12407.7,2.49427e+06
72.5417,109.59,-89.6438,49.4454,43408.4,12849.2,2.18987e+06
72.5583,108.577,-91.0587,46.0704,43086.7,12939.8,2.34919e+06
72.5750,108.658,-91.5019,47.8692,40446.2,12303,2.54326e+06
72.5917,109.815,-93.2449,46.0515,33022.3,11530.6,2.07585e+06
72.6083,110.265,-93.8362,44.1017,31335.3,11949.5,2.10861e+06
72.6250,108.574,-90.9002,44.0004,32851.6,13506.4,2.02376e+06
72.6417,108.11,-91.2883,44.2857,32456.4,13569.6,2.04247e+06
72.6583,110.06,-93.6802,46.6744,29457.4,12805.1,2.43758e+06
72.6750,112.108,-96.6941,45.3005,26324.8,11261.2,2.0022e+06
72.6917,111.767,-96.2467,43.5798,26131.2,10759.1,1.78757e+06
72.7083,110.046,-93.735,43.3301,26147.3,11646,1.82552e+06
72.7250,108.549,-91.4445,45.1321,26924.5,11776.2,1.9746e+06
72.7417,110.913,-93.5056,47.4555,26708.8,11485.1,2.52041e+06
72.7583,113.601,-96.3518,47.6669,25309.2,11503.9,2.18206e+06
72.7750,113.091,-95.8602,46.5703,24350.4,11103.1,2.02409e+06
72.7917,112.169,-94.685,44.9526,23772.4,10147,1.99703e+06
72.8083,111.806,-93.9642,46.1511,23212.1,10455.5,2.01928e+06
72.8250,110.451,-93.8084,45.537,22446.5,10982.9,2.03161e+06
72.8417,110.698,-94.925,44.1376,21445.7,11575.3,2.19533e+06
72.8583,112.113,-96.2015,44.1076,21331.1,11973.1,2.29126e+06
72.8750,115.274,-98.7617,45.879,22173,11640,2.41174e+06
72.8917,118.341,-100.388,48.2597,23443.7,11762.1,2.47364e+06
72.9083,117.054,-97.6277,48.652,25000.4,12801.5,2.26604e+06
72.9250,114.018,-94.747,48.5133,26165.7,12835.6,2.24789e+06
72.9417,114.586,-96.074,47.8352,24890.7,12859.8,2.77161e+06
72.9583,116.872,-99.1157,47.3236,23572.2,12062.6,2.38431e+06
72.9750,118.852,-100.039,48.511,22676.4,12125.1,2.20385e+06
72.9917,118.151,-98.5396,47.7509,24305.1,12745.3,2.56288e+06
73.0083,115.317,-94.798,48.7436,26177.3,13740.1,2.4469e+06
73.0250,111.579,-91.6599,48.2306,27019.6,13855.5,3.44558e+06
73.0417,113.291,-93.7818,48.6182,26153.8,13024.4,4.1673e+06
73.0583,115.489,-95.6694,48.8133,25808.8,12714.4,4.72598e+06
73.0750,116.211,-95.2743,49.7155,24625.7,13290.3,5.54593e+06
73.0917,114.702,-93.8542,49.4966,25038.4,13898.3,5.81836e+06
73.1083,112.835,-93.5612,47.1429,26185.2,13609.4,4.96602e+06
73.1250,114.992,-95.3168,47.598,27403.3,13559.2,1.14386e+07
73.1417,115.33,-95.2674,48.292,27829.7,13392.8,3.76897e+07
73.1583,115.505,-95.2843,48.0734,27491.8,13485.4,5.9834e+07
73.1750,115,-94.6359,47.8566,27981,13890.6,6.20627e+07
73.1917,115.547,-96.1809,46.8746,26618.3,13927.2,6.0235e+07
73.2083,117.537,-98.5971,46.6192,26157.5,13746.8,5.80219e+07
73.2250,118.839,-99.9763,46.2151,25444.6,13352.2,5.59688e+07
73.2417,119.438,-100.662,46.1907,26156.4,12870.9,5.38118e+07
73.2583,119.723,-100.239,47.2401,27069.9,13005.4,3.40547e+07
73.2750,121.826,-102.608,47.6914,26421.4,12389,2.6504e+07
73.2917,122.262,-104.063,46.8794,24765.5,11419.4,2.47401e+07
73.3083,121.374,-104.051,46.0925,23203.8,10211,2.48022e+07
73.3250,120.466,-103.87,45.4087,21947.2,9084.32,2.32434e+07
73.3417,120.786,-105.582,42.8831,21228.8,7756.05,2.19642e+07
73.3583,122.559,-108.477,40.8483,19463.4,6056.45,1.79821e+07
73.3750,124.365,-111.379,39.5115,19023.2,4583.79,1.52515e+07
73.3917,133.904,-121.135,40.7913,10708.4,1559.21,1.05886e+07
73.4083,130.603,-119.041,37.3917,9254.69,1697.28,1.16429e+07
73.4250,136.111,-124.553,37.4792,8480.21,1426.89,1.03991e+07
73.4417,133.192,-122.826,33.2695,8528.89,1839.22,1.08022e+07
73.4583,135.432,-125.346,32.7603,8925.62,1887.56,1.08253e+07
73.4750,141.53,-131.428,33.8171,8610.11,1290.61,1.01612e+07
73.4917,149.999,-139.277,36.5182,5824.62,543.157,9.7658e+06
73.5083,159.523,-147.879,39.4408,3922.14,191.612,9.40794e+06
73.5250,165.005,-153.332,39.7223,4556.81,361.661,9.3528e+06
73.5417,166.897,-155.591,38.3424,5566.34,283.17,1.06986e+07
73.5583,164.058,-153.396,34.8399,6975.21,124.961,1.35047e+07
73.5750,158.829,-148.201,33.877,8395.35,102.604,1.34991e+07
73.5917,157.244,-146.185,35.5606,9968.82,157.909,9.06978e+06
73.6083,157.453,-146.64,35.5531,8987.01,261.579,8.16164e+06
73.6250,157.562,-147.118,34.4334,8826.01,259.417,7.59393e+06
73.6417,158.862,-147.979,35.7544,9412.96,122.701,7.33503e+06
73.6583,158.783,-147.293,37.0993,10681.4,143.045,7.68548e+06
73.6750,149.118,-138.476,34.7196,17332.6,490.683,1.89795e+07
73.6917,146.467,-135.797,34.8098,15018.7,349.65,1.11732e+07
73.7083,149.301,-138.183,35.8927,11744,223.237,9.7521e+06
73.7250,148.023,-137.562,33.9373,9427.22,247.55,8.90485e+06
73.7417,144.162,-134.961,30.0309,7647.59,172.696,1.11764e+07
73.7583,140.396,-131.891,27.6544,7758.74,173.651,1.22265e+07
73.7750,142.816,-134.718,26.1148,8048.42,218.645,1.05991e+07
73.7917,146.383,-138.403,26.1611,7616.67,353.927,9.42801e+06
73.8083,147.762,-139.494,27.7441,7180.75,369.62,1.02887e+07
73.8250,141.403,-133.463,27.5357,7721.78,330.712,1.11651e+07
73.8417,141.346,-133.167,28.5341,7529.82,264.801,1.16476e+07
73.8583,142.346,-134.318,28.0324,6547.88,518.294,1.35994e+07
73.8750,143.502,-136.24,25.2209,5881.62,779.776,2.06414e+07
73.8917,151.683,-142.376,31.949,4606.59,635.3,2.26046e+07
73.9083,159.742,-148.299,38.2453,3014.7,125.683,1.17303e+07
73.9250,159.61,-148.052,38.3416,3299.4,185.644,1.50588e+07
73.9417,157.255,-146.653,35.4339,3824.17,413.717,1.48952e+07
73.9583,167.254,-156.186,37.0858,3190.18,312.26,1.23768e+07
73.9750,176.578,-164.594,39.3722,1651.7,101.486,1.35064e+07
73.9917,174.225,-163,36.0587,2039.27,83.9768,1.65615e+07
74.0083,178.258,-166.882,35.644,1311.13,40.9925,1.26311e+07
74.0250,180.689,-169.611,33.6741,1086.97,23.6572,1.45953e+07
74.0417,178.074,-167.376,33.1336,1066.91,17.8393,1.41791e+07
74.0583,176.515,-165.683,30.9305,969.524,19.3025,1.01633e+07
74.0750,177.447,-166.788,27.9873,761.623,21.7196,1.72913e+07
74.0917,179.829,-169.956,25.3075,562.418,16.7873,2.22346e+07
74.1083,176.651,-166.641,28.9393,835.183,21.8961,3.06553e+07
74.1250,182.362,-174.352,22.7401,225.831,15.1754,2.34536e+07
74.1417,185.785,-177.505,25.9114,187.79,13.8816,2.26201e+07
74.1583,187.831,-178.627,26.9184,163.971,12.972,3.60891e+07
74.1750,189.171,-181.164,23.5739,122.699,8.28956,3.25834e+07
74.1917,188.211,-181.076,19.9461,20290.8,4268.02,1.07935e+07
74.2083,169.487,-159.857,29.2518,65098.9,10883.7,2.47637e+07
74.2250,144.078,-133.481,30.4809,84928.2,17536.8,1.86485e+07
74.2417,146.67,-133.243,37.7688,348119,83496.8,4.54266e+07
74.2583,141.746,-127.103,40.305,455441,115526,9.61808e+07
74.2750,128.409,-116.973,33.5237,334929,72830.4,1.08468e+08
74.2917,114.768,-98.8422,41.6365,629424,185993,6.2982e+07
74.3083,112.275,-103.414,26.8898,494493,139478,7.57687e+07
74.3250,112.476,-101.97,31.4478,448756,128858,6.46414e+07
74.3417,114.197,-105.416,27.6779,383391,106728,4.10577e+07
74.3583,118.253,-109.572,27.8216,362151,59091.3,3.23215e+07
74.3750,119.332,-111.137,26.0597,353474,68591.7,3.90679e+07
74.3917,113.858,-105.672,25.7611,296216,60953.8,3.23686e+07
74.4083,117.656,-112.972,15.1891,141549,22222.1,2.66655e+07
74.4250,121.553,-115.568,20.02,146543,17776.9,4.09148e+07
74.4417,120.142,-104.892,40.0379,288536,21588.5,8.49484e+07
74.4583,123.089,-110.141,36.6879,196946,14548.1,5.32247e+07
74.4750,131.522,-120.401,32.6553,114603,15358.4,4.29924e+07
74.4917,136.734,-122.634,35.6282,106845,13241.1,5.61506e+07
74.5083,138.698,-125.422,35.795,75705.8,7876.43,6.45055e+07
74.5250,137.869,-124.656,33.8803,58166.2,4680.83,6.35991e+07
74.5417,137.096,-126.066,28.0109,57726.8,4422.29,4.10798e+07
74.5583,138.742,-126.751,30.9665,70154.9,3922.71,2.91968e+07
74.5750,142.479,-128.419,36.0572,80469.6,4271.01,3.51611e+07
74.5917,147.294,-132.831,37.3139,81942.2,3755.83,3.42355e+07
74.6083,147.716,-132.829,37.1535,87085.9,3850.59,1.93608e+07
74.6250,147.423,-133.21,36.4314,85850.7,4297.65,1.17465e+07
74.6417,150.653,-137.049,35.9922,78452.2,4016.37,1.39534e+07
74.6583,153.809,-140.11,36.4415,69866.6,2529.68,1.72807e+07
74.6750,153.816,-140.906,34.5146,54563.9,1888.21,1.78263e+07
74.6917,155.077,-141.989,35.8296,56587.7,1958.94,1.53438e+07
74.7083,159.658,-146.581,36.3117,61097.4,1880.06,2.43108e+07
74.7250,164.667,-151.317,34.4864,104320,2475.46,1.47743e+07
74.7417,163.548,-149.804,34.1431,144165,3323.27,1.13318e+07
74.7583,157.581,-143.676,33.3849,172963,4241.62,1.32847e+07
74.7750,153.203,-140.048,31.2246,196798,4905.03,1.82038e+07
74.7917,149.945,-137.662,29.5057,219662,5404.22,1.82897e+07
74.8083,152.937,-140.068,31.3021,212071,7304.52,2.13887e+07
74.8250,159.299,-146.638,27.0048,157390,4992.77,1.75585e+07
74.8417,161.389,-148.582,28.1959,170012,3689.75,1.2584e+07
74.8583,176.042,-164.316,29.1025,82997.8,2720.7,1.01861e+07
74.8750,188.43,-176.41,32.9923,47221.9,1626.52,8.56111e+06
74.8917,187.015,-174.617,28.3761,70683.3,2520.23,9.76611e+06
74.9083,184.364,-174.506,22.8534,57100.4,1917.2,1.42286e+07
74.9250,190.498,-181.764,26.9806,42551.7,1071.49,7.88988e+06
74.9417,193.63,-184.694,28.5273,36354.7,696.95,8.43092e+06
74.9583,190.976,-182.457,26.9122,41512.1,686.275,1.04961e+07
74.9750,167.193,-157.308,15.5394,82130,1892.4,2.60533e+07
74.9917,149.701,-138.361,9.85429,132253,2822.91,4.60056e+07
75.0083,143.827,-132.982,6.66895,142325,1898.43,4.43878e+07
75.0250,145.534,-135.612,7.63405,96535.4,964.483,2.99162e+07
75.0417,148.706,-141.674,9.21537,71740.9,529.437,2.65198e+07
75.0583,147.44,-142.638,10.5136,74954.9,498.866,2.68819e+07
75.0750,148.375,-143.864,13.5642,47443.9,547.906,2.47835e+07
75.0917,143.514,-137.458,20.0254,63860.4,1029.27,5.33854e+07
75.1083,143.055,-136.201,21.7102,75324.6,1068.01,4.91675e+07
75.1250,143.697,-136.73,21.2986,53019.7,1586.8,5.54568e+07
75.1417,139.777,-132.587,20.7389,49459.1,2294.32,4.68148e+07
75.1583,142.331,-135.821,20.0051,37015.9,2562.64,3.76305e+07
75.1750,149.219,-142.262,22.6698,30216,2490.4,3.84295e+07
75.1917,154.167,-146.554,24.7986,17700.9,1395.44,3.17636e+07
75.2083,157.459,-150.894,20.376,10779.2,822.525,3.61549e+07
75.2250,156.725,-150.745,17.9685,8284.73,527.531,3.73353e+07
75.2417,158.169,-153.009,14.16,3219.95,199.178,4.21476e+07
75.2583,156.077,-150.419,17.0549,3341.58,185.434,3.67667e+07
75.2750,154.24,-148.299,19.1637,4750.47,295.696,4.05791e+07
75.2917,153.939,-147.933,19.8475,6314.06,343.057,3.64762e+07
75.3083,153.913,-148,19.5234,7287.45,348.027,4.15005e+07
75.3250,151.721,-146.209,17.9881,8578.32,610.519,4.79464e+07
75.3417,149.46,-144.122,17.3105,9275.01,892.334,4.60709e+07
75.3583,148.89,-143.508,17.2984,9106.08,729.116,3.52597e+07
75.3750,148.108,-142.567,17.7602,8872.22,829.707,2.47433e+07
75.3917,148.322,-143.195,15.6899,8435.4,934.701,3.22706e+07
75.4083,152.745,-147.641,15.6776,9571.69,582.016,3.28096e+07
75.4250,155.501,-150.366,16.0847,8261.73,392.507,2.89943e+07
75.4417,159.163,-154.163,15.488,6760.97,333.504,2.80295e+07
75.4583,161.595,-156.641,15.3874,6897.76,427.846,2.66395e+07
75.4750,163.62,-158.456,16.3169,7144.91,485.304,2.31585e+07
75.4917,164.309,-158.744,17.8958,7724.68,421.976,2.28239e+07
75.5083,164.966,-159.056,19.1618,8583.66,413.379,2.26225e+07
75.5250,164.824,-158.608,20.2147,11019,523.091,1.8868e+07
75.5417,164.431,-158.232,20.1019,13201.7,859.791,1.95433e+07
75.5583,164.677,-158.739,19.0444,12716.8,789.885,2.30019e+07
75.5750,165.108,-159.637,17.0171,13158.3,596.253,2.23369e+07
75.5917,163.568,-158.577,14.9534,13407.9,632.372,2.17746e+07
75.6083,162.437,-157.153,16.0358,17060.9,823.48,2.11973e+07
75.6250,162.183,-156.716,16.8018,19272.2,878.883,1.98027e+07
75.6417,164.616,-159.407,15.589,17825.2,525.041,1.88353e+07
75.6583,167.44,-162.451,13.7145,17868.6,247.632,1.66334e+07
75.6750,167.888,-162.496,14.7454,35849.8,295.137,1.58524e+07
75.6917,167.287,-161.933,15.3249,95333.2,404.443,1.66185e+07
75.7083,169.595,-164.534,15.0614,82653.5,379.422,1.37433e+07
75.7250,171.276,-166.668,13.1676,62251,468.395,1.64057e+07
75.7417,172.278,-167.941,10.5689,54287.9,501.479,1.48242e+07
75.7583,172.619,-167.869,9.6597,54099.1,709.413,1.18636e+07
75.7750,170.244,-164.329,12.862,37137.1,976.046,1.13249e+07
75.7917,170.717,-164.655,12.5178,93438.4,1156.47,1.34106e+07
75.8083,167.446,-160.998,15.7522,159656,2340.34,1.69654e+07
75.8250,170.135,-164.053,16.8062,115566,1906.4,2.79473e+07
75.8417,173.577,-168.851,13.7219,92202.4,1461.26,2.02058e+07
75.8583,175.947,-171.152,14.0723,99248.3,1292.45,1.97712e+07
75.8750,177.247,-171.641,17.0648,96842.8,1025.15,2.21644e+07
75.8917,179.663,-173.858,17.8584,88596.4,787.367,1.73056e+07
75.9083,179.473,-173.175,19.2015,79777.9,633.627,1.67226e+07
75.9250,175.985,-168.292,23.2018,82466.6,625.995,1.43982e+07
75.9417,179.168,-170.55,24.4267,60838.2,420.932,1.25935e+07
75.9583,183.027,-174.2,23.3092,39428.2,283.677,1.15399e+07
75.9750,185.352,-176.193,23.7082,26125.2,239.369,1.49552e+07
75.9917,188.835,-181.104,20.9719,34089.9,248.886,2.49532e+07
76.0083,196.408,-188.58,19.4867,52164.1,357.88,1.91971e+07
76.0250,202.746,-195.262,18.4551,65448.4,498.291,2.01624e+07
76.0417,207.701,-200.759,18.8468,60671.5,336.387,1.83171e+07
76.0583,212.177,-205.255,19.1716,48796,257.848,1.4129e+07
76.0750,213.624,-207.277,17.6036,43244.9,205.776,1.09074e+07
76.0917,213.668,-208.29,14.1731,38013.7,139.711,1.2156e+07
76.1083,213.278,-209.433,7.70368,21579.6,78.9837,1.15638e+07
76.1250,207.887,-204.716,0.482441,9662.37,67.8152,3.72616e+07
76.1417,205.979,-203.777,-8.94919,7558.87,63.3711,3.44814e+07
76.1583,205.708,-203.589,-10.6032,7798.21,61.6597,2.46681e+07
76.1750,203.384,-201.491,-9.18479,6302.52,54.7221,3.31122e+07
76.1917,202.048,-200.385,-6.66808,7539.87,57.7881,3.41807e+07
76.2083,201.763,-200.18,-6.39217,8001.66,54.4895,3.37627e+07
76.2250,203.022,-201.513,-8.24701,8271.21,51.9733,2.86204e+07
76.2417,204.358,-203.113,-10.2804,6519.2,38.1622,2.95742e+07
76.2583,205.048,-204.057,-11.636,6266.21,36.3591,3.69812e+07
76.2750,206.023,-205.16,-12.7387,6061.04,33.622,3.4955e+07
76.2917,207.602,-206.639,-12.2143,5928.21,31.2931,3.52539e+07
76.3083,208.146,-207.107,-12.2996,5513.54,25.4773,2.02847e+07
76.3250,209.019,-207.817,-11.6287,4743.35,23.7055,1.99037e+07
76.3417,208.61,-207.351,-10.9123,4457.24,21.6297,1.57245e+07
76.3583,208.485,-207.305,-11.933,3834.24,17.1877,1.46576e+07
76.3750,208.294,-207.13,-12.8514,3502.56,16.1429,1.52797e+07
76.3917,207.547,-206.386,-14.0105,2541.79,12.2505,1.51638e+07
76.4083,207.267,-206.162,-14.4128,2256.35,10.6319,1.49658e+07
76.4250,208.654,-207.339,-13.1871,1823.41,9.88813,1.59681e+07
76.4417,210.125,-208.413,-11.4103,1422.8,9.23067,1.37566e+07
76.4583,210.556,-208.439,-7.46111,1343.22,9.56961,1.49596e+07
76.4750,204.147,-199.728,9.54379,1139.12,14.1791,1.41946e+07
76.4917,200.616,-186.112,43.8313,4313.97,37.2952,1.82266e+07
76.5083,188.578,-173.434,44.0047,5729.46,82.6171,2.67768e+07
76.5250,168.963,-149.003,45.1074,59881.1,1170.53,4.12645e+07
76.5417,147.265,-120.936,59.3052,257001,4854.12,3.41667e+07
76.5583,143.817,-123.811,52.5612,68790.1,1119.87,3.83175e+07
76.5750,142.897,-125.827,46.6391,52126,773.792,6.32197e+07
76.5917,148.365,-132.868,39.6749,47984,1294.38,5.92444e+07
76.6083,148.879,-132.077,42.559,40746.1,1267.21,9.66534e+07
76.6250,148.733,-129.464,50.2257,33255.1,1917.02,6.56894e+07
76.6417,144.434,-121.512,54.8972,71347.3,2776.11,7.7052e+07
76.6583,143.953,-127.165,45.9552,59909.3,2428.82,1.88794e+08
76.6750,149.659,-133.773,45.6832,47681.5,2125.27,9.87589e+07
76.6917,147.904,-131.874,44.4823,36400.1,2131.97,7.70208e+07
76.7083,150.768,-135.221,43.3808,25813.2,2172.76,4.61431e+07
76.7250,149.875,-139.489,32.0853,28825.6,2645.44,8.10729e+07
76.7417,156.505,-147.032,30.2635,22858.8,1558.47,6.12775e+07
76.7583,156.224,-145.702,33.0931,27933.6,2719.19,6.33588e+07
76.7750,153.713,-141.988,36.3405,44155.5,3819.27,7.38316e+07
76.7917,151.581,-140.176,34.9444,52977.7,4480.56,6.87857e+07
76.8083,152.626,-138.682,41.0112,61301,5407.03,5.66721e+07
76.8250,153.09,-139.267,41.3766,70373.8,6482.47,4.03657e+07
76.8417,153.774,-139.738,41.7296,70686.2,7373.11,4.30384e+07
76.8583,150.832,-137.156,40.5529,78986.7,8920.82,6.05804e+07
76.8750,148.427,-133.727,42.6297,105306,9809.72,6.94656e+07
76.8917,142.997,-126.75,45.8431,145300,9661.13,9.44366e+07
76.9083,140.151,-122.572,48.2779,172489,9819.22,6.90947e+07
76.9250,139.253,-122.308,46.8723,161714,7031.5,6.11276e+07
76.9417,140.536,-126.237,40.6289,148179,5172.51,4.66249e+07
76.9583,145.071,-133.253,35.3745,112639,6416.69,3.86348e+07
76.9750,143.91,-132.67,34.2036,106303,9660.13,3.98565e+07
76.9917,140.728,-128.714,35.6175,126338,11657,3.70754e+07
77.0083,139.329,-127.291,36.0144,137846,11272.1,4.0951e+07
77.0250,140.287,-128.985,34.4772,130076,11080.7,2.2866e+07
77.0417,139.697,-127.362,36.8529,143835,12326.4,2.80808e+07
77.0583,138.909,-127.58,34.512,131270,9285.56,3.70573e+07
77.0750,143.994,-132.771,34.5424,75719.5,4611.27,4.29256e+07
77.0917,148.001,-136.62,35.0432,59148,3700.09,4.24142e+07
77.1083,150.482,-139.312,34.6587,48677.9,3472.2,3.39546e+07
77.1250,150.688,-139.505,34.7237,47483.6,3024.08,3.10188e+07
77.1417,152.175,-141.698,32.9202,37850.8,1719.37,3.28656e+07
77.1583,154.689,-144.864,31.151,18497.6,693.078,2.91449e+07
77.1750,157.061,-147.411,30.168,10352.9,347.966,2.51909e+07
77.1917,158.799,-149.28,28.8993,3530.05,127.087,2.2506e+07
77.2083,159.711,-150.76,27.6346,2043.11,68.9532,2.1469e+07
77.2250,159.022,-150.063,27.7251,1375.03,40.0864,1.87395e+07
77.2417,157.687,-149.315,25.4845,1073.91,31.1077,1.73613e+07
77.2583,157.476,-149.249,25.1199,818.582,23.3331,1.72024e+07
77.2750,157.826,-149.785,24.1304,578.365,19.5076,1.71139e+07
77.2917,157.595,-149.788,23.2816,552.735,15.285,1.58816e+07
77.3083,157.612,-149.91,22.9753,450.975,13.4281,1.58854e+07
77.3250,157.881,-150.125,23.5588,413.692,12.0621,1.68487e+07
77.3417,157.97,-150.05,24.0974,362.389,12.5911,1.62626e+07
77.3583,156.87,-149.446,22.767,328.618,13.4382,1.77794e+07
77.3750,155.946,-148.896,21.5121,340.461,19.6627,1.77492e+07
77.3917,155.055,-148.129,21.0209,411.674,32.2573,1.7259e+07
77.4083,154.184,-147.853,19.4817,418.642,38.8384,1.73904e+07
77.4250,153.293,-147.665,17.7281,688.069,52.8067,1.68262e+07
77.4417,153.284,-147.644,17.8117,1121.25,65.5138,1.3605e+07
77.4583,153.24,-147.445,18.3555,1369.51,67.4173,1.18552e+07
77.4750,153.518,-147.486,18.9851,1357.46,61.2443,1.21927e+07
77.4917,153.754,-147.428,19.6393,1046.75,56.5736,1.23879e+07
77.5083,153.726,-147.468,19.2726,1029.86,54.9584,1.20701e+07
77.5250,153.33,-147.585,17.3615,1705.85,72.2083,1.2071e+07
77.5417,153.95,-147.823,17.9185,2599.03,84.9712,1.13102e+07
77.5583,156.056,-145.839,31.5896,7839.84,705.716,1.84446e+07
77.5750,140.624,-127.757,34.9104,68510.6,6800.77,3.0949e+07
77.5917,134.689,-119.243,37.8437,73530.6,6366.65,3.59499e+07
77.6083,115.63,-99.211,40.6125,132616,4842.34,5.11147e+07
77.6250,122.697,-105.906,41.769,133112,4178.54,5.26854e+07
77.6417,124.754,-107.393,43.813,87973.3,4881.88,7.52507e+07
77.6583,131.193,-115.576,41.6389,87521.6,5655.48,3.80977e+07
77.6750,135.639,-119.451,41.0852,110982,9053.75,2.47976e+07
77.6917,129.441,-113.913,42.0985,166113,10323.5,3.50363e+07
77.7083,126.352,-111.361,41.3036,146355,4780.1,4.64622e+07
77.7250,125.337,-108.439,44.8246,115593,3758.52,1.82296e+07
77.7417,129.25,-111.834,45.9711,116750,4070.52,4.69392e+07
77.7583,126.014,-108.572,45.9884,87968.1,4338.48,4.46507e+07
77.7750,127.569,-111.151,44.2781,62717.4,3972.38,3.20714e+07
77.7917,129.035,-112.799,44.1351,40602.5,3785.9,2.56433e+07
77.8083,127.31,-111.328,43.5601,44787.5,4508.95,2.46241e+07
77.8250,127.228,-110.406,45.1401,64318.9,4702.31,2.66169e+07
77.8417,126.109,-106.965,49.2369,132523,5485.81,3.20213e+07
77.8583,125.753,-110.016,42.7973,152112,4962.85,2.95057e+07
77.8750,123.796,-109.757,39.0681,134499,4850.06,2.66627e+07
77.8917,121.739,-105.181,43.2112,160910,5718.85,2.58235e+07
77.9083,120.314,-102.908,44.9254,155762,6367.53,3.70415e+07
77.9250,122.256,-108.037,39.6278,76953.5,5775.58,2.77688e+07
77.9417,124.633,-110.776,38.8204,108507,6281.69,4.04862e+07
77.9583,124.376,-110.743,38.508,114435,9816.84,5.21034e+07
77.9750,124.638,-109.211,41.9792,142917,9638.12,1.2414e+08
77.9917,122.064,-104.051,46.5661,191031,12551.2,1.10175e+08
78.0083,124.278,-107.7,44.1756,168528,11795.8,5.06667e+07
78.0250,123.654,-107.635,43.2868,158873,7593.01,4.16233e+07
78.0417,128.079,-112.783,41.3789,139689,6353.47,4.16085e+07
78.0583,130.739,-112.716,46.4076,127682,5572.57,3.765e+07
78.0750,126.077,-104.203,53.6136,176412,7006.09,3.16908e+07
78.0917,124.212,-103.388,51.8,124719,6363.09,3.58655e+07
78.1083,124.403,-103.293,52.3417,103351,6581.85,3.05895e+07
78.1250,122.113,-100.917,52.1438,158550,7435.04,5.11907e+07
78.1417,122.113,-102.862,48.8181,161999,7481.08,5.9687e+07
78.1583,123.986,-106.117,46.5075,129272,7306.71,2.60117e+07
78.1750,126.601,-108.026,48.1472,192089,9470.48,4.05233e+07
78.1917,125.653,-106.521,48.8915,130321,10245.3,4.6967e+07
78.2083,124.871,-107.269,44.8282,169855,6872.61,1.06997e+08
78.2250,125.801,-107.367,45.7748,168762,6753.28,1.15372e+08
78.2417,126.773,-109.386,43.4892,168364,6776.8,8.3325e+07
78.2583,127.496,-107.767,48.5034,194581,7898.18,6.12138e+07
78.2750,126.851,-108.895,45.8943,187186,6790.65,5.52845e+07
78.2917,126.246,-108.362,46.1312,176413,6594.06,4.9384e+07
78.3083,125.819,-108.06,45.9954,140127,6987.39,4.69898e+07
78.3250,126.482,-110.103,43.5479,83092.2,8383.84,3.60535e+07
78.3417,124.318,-107.644,44.1744,81181.3,9158.81,5.56435e+07
78.3583,122.143,-102.948,48.6808,107190,9138.78,4.54783e+07
78.3750,122.64,-103.433,48.7721,121041,7634.71,3.78372e+07
78.3917,120.199,-100.472,49.3761,164478,7303.73,3.11522e+07
78.4083,118.148,-97.6382,50.4218,197549,8256.29,3.22415e+07
78.4250,119.817,-99.2801,50.6886,176046,9415.05,2.89883e+07
78.4417,120.562,-99.5457,51.4982,158509,10026.2,2.65697e+07
78.4583,120.285,-101.613,47.621,165584,11380.6,2.34391e+07
78.4750,121.956,-104.921,44.4778,182873,10789.5,1.70672e+07
78.4917,123.03,-105.659,45.5482,180274,9732.62,1.78021e+07
78.5083,123.278,-106.253,45.1147,183173,7486.25,1.80157e+07
78.5250,124.96,-108.286,44.5393,111176,8158.19,2.12573e+07
78.5417,125.469,-109.141,43.2642,73299.6,8640.63,2.11243e+07
78.5583,125.876,-107.792,46.6873,99478.2,10785.2,5.0856e+07
78.5750,127.848,-111.512,43.0598,124951,12858.5,3.4092e+07
78.5917,128.892,-114.651,39.2326,132327,8961.53,2.07638e+07
78.6083,127.501,-113.264,39.1994,93048,9046.36,2.41134e+07
78.6250,127.396,-111.058,43.2333,109892,9705.08,2.34857e+07
78.6417,128.248,-111.939,43.4042,132139,5677.99,2.04849e+07
78.6583,127.668,-111.468,43.6164,138001,6081.4,2.24732e+07
78.6750,127.719,-112.309,42.3403,117192,6406.93,2.20285e+07
78.6917,127.184,-112.001,41.9376,100801,6585.96,2.18857e+07
78.7083,126.445,-110.873,42.6952,81346.9,7081.22,2.03604e+07
78.7250,126.497,-110.871,42.8232,61823.9,8525.56,1.92777e+07
78.7417,124.763,-109.055,42.7139,63458,9701.67,1.9905e+07
78.7583,124.43,-108.827,42.3998,67797,9547.4,2.17978e+07
78.7750,124.799,-109.702,41.4315,85397.1,8845.78,1.90679e+07
78.7917,125.69,-110.881,40.9688,111337,7907.95,2.25682e+07
78.8083,125.655,-110.875,40.9766,117816,6497.7,2.61784e+07
78.8250,125.478,-110.339,41.7092,132288,5729.49,2.97508e+07
78.8417,124.716,-109.48,41.7222,169650,6014.77,2.89884e+07
78.8583,124.754,-109.894,40.9665,147147,6325.07,2.51034e+07
78.8750,124.172,-109.551,40.3485,119094,6696.28,2.95354e+07
78.8917,123.322,-108.622,40.2983,123263,6783.42,2.7899e+07
78.9083,122.724,-107.687,40.955,131390,6487.41,2.82232e+07
78.9250,122.868,-108.056,40.647,116114,6796.47,2.52769e+07
78.9417,123.084,-108.559,40.1107,87766.8,6707.88,2.13313e+07
78.9583,123.465,-108.739,40.5898,66472.6,6222.42,1.77603e+07
78.9750,123.672,-108.758,40.8759,58794.9,5491.03,1.49559e+07
78.9917,123.204,-108.19,40.9623,54467.4,5783.55,1.63562e+07
79.0083,122.329,-107.402,40.7068,60769.8,6038.44,1.55257e+07
79.0250,122.334,-107.669,40.2251,52052.1,6229.06,1.75621e+07
79.0417,122.221,-107.994,39.3155,41329.3,6415.73,1.78259e+07
79.0583,122.444,-108.297,38.9472,41533.8,7235.57,1.87666e+07
79.0750,122.287,-107.802,39.459,46248.5,8749.71,2.15844e+07
79.0917,122.252,-107.399,40.3312,60295.8,8003.72,2.71364e+07
79.1083,122.525,-107.705,40.415,59392.7,8087.04,2.58565e+07
79.1250,123.276,-108.636,40.1054,40974.9,6183.27,2.30355e+07
79.1417,123.362,-109.116,39.3597,50624.3,4023.38,2.67981e+07
79.1583,123.647,-109.825,38.6723,53549.4,3761.79,3.22644e+07
79.1750,123.551,-109.413,39.1441,47645.8,3666.23,3.46099e+07
79.1917,123.011,-108.115,40.706,42667.6,3975.62,3.64356e+07
79.2083,122.575,-107.398,41.4311,42452.4,4191.93,4.03897e+07
79.2250,122.389,-107.241,41.6211,41226.8,4731.38,4.01912e+07
79.2417,122.01,-106.872,41.6214,46864.8,5481.25,3.96288e+07
79.2583,122.671,-107.734,41.2662,53024,5323.11,3.82703e+07
79.2750,122.848,-107.641,41.8396,60821.2,5364.94,3.46377e+07
79.2917,123.738,-108.684,41.0585,49642.6,5034.36,3.03978e+07
79.3083,125.039,-110.476,39.8919,53759.4,4914.38,2.96842e+07
79.3250,125.924,-111.749,38.9286,58175,5254.19,3.4744e+07
79.3417,126.004,-111.793,38.9571,48807.9,6154,3.90926e+07
79.3583,125.136,-110.934,39.2861,45731.7,7618.52,4.53664e+07
79.3750,124.771,-110.232,40.2184,54345.7,8368.34,5.05127e+07
79.3917,123.956,-108.989,41.359,104083,6916.6,5.66071e+07
79.4083,123.719,-108.837,41.284,144105,9056.72,6.00636e+07
79.4250,124.077,-109.036,41.6959,115198,8558.61,7.32713e+07
79.4417,124.763,-109.427,42.4524,113608,8345.88,6.86462e+07
79.4583,124.16,-108.872,42.2945,122619,7349.5,7.44729e+07
79.4750,124.023,-108.919,41.6873,117717,7292.11,5.51647e+07
79.4917,124.999,-109.533,42.6001,130383,7202.79,4.11605e+07
79.5083,124.838,-109.778,41.9723,135049,6514.24,4.28824e+07
79.5250,124.264,-109.367,41.636,138645,7068.76,5.15534e+07
79.5417,123.651,-108.644,41.8067,138299,9010.3,5.02429e+07
79.5583,123.324,-107.93,42.5504,129785,9254.58,4.61991e+07
79.5750,123.644,-108.011,43.062,131168,8443.84,4.87372e+07
79.5917,123.603,-107.868,43.2632,155077,8504.79,4.38796e+07
79.6083,123.162,-107.389,43.2869,140066,8587.95,4.30526e+07
79.6250,122.628,-107.15,42.6518,101206,8215.19,4.63444e+07
79.6417,122.436,-106.758,42.9413,88007.5,7060.66,4.02467e+07
79.6583,122.722,-106.722,43.4902,82853.2,6732.07,3.87105e+07
79.6750,122.852,-106.651,43.8703,82851.7,6984.68,4.22214e+07
79.6917,122.37,-105.968,44.1667,82395,7130.87,4.11387e+07
79.7083,122.355,-105.514,45.0092,86338.2,7461.56,4.33458e+07
79.7250,122.011,-105.397,44.534,83770.2,7879.4,4.81946e+07
79.7417,121.772,-105.147,44.4502,78346.2,8209.73,5.53363e+07
79.7583,121.927,-105.062,44.9199,74602.4,8245.73,5.65393e+07
79.7750,121.069,-103.832,45.6158,80136.8,8396.83,6.69113e+07
79.7917,120.117,-102.507,46.133,94854.9,8960.49,7.3918e+07
79.8083,119.712,-101.987,46.1906,115052,9575.82,7.52997e+07
79.8250,119.111,-101.298,46.3285,134410,9862.62,8.09854e+07
79.8417,118.953,-100.938,46.8191,156089,10772.5,8.9114e+07
79.8583,118.691,-100.678,46.8861,147022,9252.69,8.7803e+07
79.8750,118.715,-100.661,46.8724,147090,8349.63,8.92783e+07
79.8917,119.432,-101.714,46.2186,153089,8942.41,8.33751e+07
79.9083,119.84,-101.821,46.7489,130086,8880.9,8.0237e+07
79.9250,119.741,-101.527,47.253,105455,7616.17,7.00892e+07
79.9417,119.35,-101.216,47.2096,111372,7466.63,7.86883e+07
79.9583,119.714,-101.13,47.8345,118056,8037.12,7.13087e+07
79.9750,119.893,-101.089,48.0465,115005,8381.78,5.83188e+07
79.9917,119.78,-100.553,48.7637,119795,8550.55,6.1887e+07
80.0083,119.443,-100.203,48.8077,125608,8071,5.94138e+07
80.0250,119.301,-100.327,48.2989,121182,7759.78,5.65379e+07
80.0417,119.176,-100.587,47.5686,112200,7556.14,5.27661e+07
80.0583,119.122,-100.664,47.3371,106770,7341.64,5.12638e+07
80.0750,118.914,-100.473,47.38,102301,7115.78,4.94816e+07
80.0917,119.332,-100.897,47.3861,96717.2,7349.28,4.961e+07
80.1083,119.52,-100.729,47.7679,98889.3,7936.66,4.65406e+07
80.1250,118.93,-99.9436,47.9575,109564,8625.51,4.28923e+07
80.1417,118.286,-99.4093,47.8042,120711,9020.25,3.90594e+07
80.1583,118.055,-99.3033,47.6071,124305,8823.91,3.86119e+07
80.1750,118.336,-99.6142,47.4996,127501,8415.71,3.59959e+07
80.1917,117.797,-99.1811,47.1856,138020,8013.26,3.45685e+07
80.2083,117.588,-99.0596,47.0328,147692,7918.11,3.40476e+07
80.2250,117.704,-99.0513,47.4063,155549,8125.65,3.56333e+07
80.2417,117.91,-98.8569,48.1769,167183,8289.05,3.7456e+07
80.2583,118.147,-98.864,48.5705,171281,8380.4,4.00512e+07
80.2750,118.721,-99.667,48.2357,161014,8383.74,3.88191e+07
80.2917,118.631,-99.9606,47.6724,147320,8243.94,3.61268e+07
80.3083,118.133,-99.4464,47.7924,135089,8489.35,3.35403e+07
80.3250,118.041,-99.3102,47.992,126587,8273.34,3.07597e+07
80.3417,118.358,-99.6535,47.8689,123842,8326.37,2.96244e+07
80.3583,118.471,-99.6598,47.8819,122921,8934.78,2.96798e+07
80.3750,117.845,-98.7029,48.276,130009,9046.4,3.40364e+07
80.3917,117.693,-98.6374,48.3903,135845,9135.89,3.67817e+07
80.4083,117.699,-98.4557,48.8905,132877,8904.29,4.24288e+07
80.4250,118.029,-98.6519,48.9388,123183,8538.23,4.06405e+07
80.4417,117.951,-98.3892,48.961,123172,8706.15,4.17111e+07
80.4583,117.467,-97.9783,48.7895,124939,8890.57,3.9749e+07
80.4750,117.26,-97.919,48.6969,131007,9170.88,4.03554e+07
80.4917,117.401,-98.1829,48.5177,131947,9486.4,3.81619e+07
80.5083,117.377,-98.3428,48.1738,125247,9446.28,3.68599e+07
80.5250,117.443,-98.3727,48.3019,119664,9759.95,3.68141e+07
80.5417,117.508,-98.694,47.958,127160,10011,3.60373e+07
80.5583,117.879,-99.1409,47.8179,134330,9708.47,3.7437e+07
80.5750,117.472,-98.1103,48.5895,145215,9477.54,5.00527e+07
80.5917,117.202,-97.3329,49.4308,148626,9134.25,5.77069e+07
80.6083,117.543,-97.1772,50.2411,150768,8869.09,5.90044e+07
80.6250,117.215,-96.4947,50.5244,157755,8343.45,5.85284e+07
80.6417,116.328,-94.9329,51.1434,169070,8251.33,5.86309e+07
80.6583,115.712,-94.0632,51.5771,173088,8234.92,4.71323e+07
80.6750,115.443,-94.4634,50.9613,173620,7728.87,3.78477e+07
80.6917,116.396,-95.225,51.4338,177022,7568.04,3.3838e+07
80.7083,116.735,-94.7129,52.3621,189240,7999.74,3.96434e+07
80.7250,116.757,-94.6556,52.4203,192069,8245.82,3.91069e+07
80.7417,116.925,-94.7378,52.8683,190087,8331.65,3.2446e+07
80.7583,117.16,-94.9172,53.2385,189840,8434.63,2.68264e+07
80.7750,116.526,-94.5447,52.5941,185448,8502.34,2.77735e+07
80.7917,116.284,-94.6037,52.1037,178018,8410.41,2.6408e+07
80.8083,116.751,-95.2776,52.1661,166368,8497.78,2.21145e+07
80.8250,117.435,-95.7717,52.6223,163576,8720.85,2.24461e+07
80.8417,116.59,-94.5601,52.8468,162876,9022.5,2.03592e+07
80.8583,115.58,-93.4128,52.8064,158440,9474.25,2.32476e+07
80.8750,114.058,-91.3353,53.5434,156614,9806.21,3.07347e+07
80.8917,114.389,-92.4493,53.2759,137280,9792.8,2.8031e+07
80.9083,116.2,-94.3395,53.3035,129372,9735.01,2.54358e+07
80.9250,118.138,-96.5301,52.5839,130385,9765.55,1.94122e+07
80.9417,118.005,-95.7668,52.6349,142223,10752.2,1.91959e+07
80.9583,116.725,-94.5177,53.3018,149914,11603,2.05077e+07
80.9750,115.153,-92.8681,54.0487,152140,12529.1,2.82672e+07
80.9917,114.699,-92.3017,53.7481,148832,13184.2,2.77284e+07
81.0083,114.858,-92.8546,52.7291,146318,13098,2.16602e+07
81.0250,114.802,-92.4296,53.6756,148316,12463.7,2.68692e+07
81.0417,115.188,-92.5721,54.2116,154896,11961.5,2.54848e+07
81.0583,115.1,-92.2128,54.1669,165686,12160.5,2.48225e+07
81.0750,114.613,-91.7077,53.7825,172452,12351.7,2.28244e+07
81.0917,114.503,-91.22,54.7057,184596,11982.6,2.47136e+07
81.1083,114.518,-91.2088,54.9072,189955,11346.9,2.16458e+07
81.1250,114.561,-91.1666,54.8272,191452,10533.7,2.03441e+07
81.1417,114.778,-91.3196,54.9772,194102,10234.3,2.23559e+07
81.1583,115.954,-92.7578,55.1779,190603,9818.24,1.94484e+07
81.1750,117.003,-93.2013,55.9002,197334,10057.6,2.14792e+07
81.1917,116.681,-92.5436,55.787,208367,10118.5,2.14414e+07
81.2083,116.711,-92.3765,56.2355,201731,9687.89,2.17346e+07
81.2250,116.929,-92.4306,57.3319,189424,9336.29,2.48178e+07
81.2417,117.695,-93.5425,56.9584,184251,8817.26,2.27111e+07
81.2583,119.036,-94.1573,57.257,191743,9130.81,1.67763e+07
81.2750,124.139,-96.8508,60.2417,233924,9902.65,2.16663e+07
81.2917,126.846,-95.4729,65.105,333090,12506,2.34062e+07
81.3083,130.338,-98.9327,68.2419,304290,10947.1,2.65505e+07
81.3250,135.509,-104.415,69.0848,249351,10394.9,2.4522e+07
81.3417,132.035,-99.7462,65.6795,273637,11513.7,2.76019e+07
81.3583,126.947,-96.0998,64.8568,308977,11407,2.47113e+07
81.3750,126.958,-97.7556,66.5759,243286,10918.2,2.18091e+07
81.3917,126.47,-97.2873,63.8947,250364,11764.3,2.23076e+07
81.4083,125.555,-94.6401,62.7115,269807,12445.5,2.32494e+07
81.4250,125.029,-95.677,64.5088,250828,11924.3,2.31922e+07
81.4417,124.414,-95.0214,65.8561,232012,12585.7,1.72153e+07
81.4583,124.711,-93.8425,64.9665,241984,13081.1,2.0915e+07
81.4750,124.178,-92.6454,64.6514,248006,13239.4,1.8954e+07
81.4917,122.407,-92.7043,65.396,221871,12421.6,1.92877e+07
81.5083,121.09,-90.8663,65.2005,227725,12606.9,2.03794e+07
81.5250,122.892,-91.1831,65.0616,236025,13001.7,1.79937e+07
81.5417,123.755,-92.4667,65.7528,214956,12099,1.97854e+07
81.5583,123.703,-92.5311,67.2957,200208,12386.2,1.70583e+07
81.5750,124.35,-91.6426,68.2554,217892,13241,2.07888e+07
81.5917,125.062,-91.1807,67.5178,232209,13674.5,2.01957e+07
81.6083,123.508,-90.3152,67.8398,216017,13239.9,1.99955e+07
81.6250,122.511,-90.0356,68.248,197702,13875.4,1.6896e+07
81.6417,125.145,-92.6156,67.4284,195403,13374.5,2.07892e+07
81.6583,125.182,-91.2736,67.9443,212125,14242.1,2.20531e+07
81.6750,123.352,-89.6946,68.4844,227287,15105.2,2.08869e+07
81.6917,124.199,-91.6353,68.7214,208544,14752.7,1.62964e+07
81.7083,125.783,-92.5739,68.1804,211596,15008.5,1.7222e+07
81.7250,124.427,-91.0364,67.941,221588,15828.3,1.74103e+07
81.7417,124.571,-91.1774,69.3258,215266,15778.3,1.49643e+07
81.7583,125.15,-91.2133,69.6367,217260,15736.4,1.58331e+07
81.7750,124.115,-90.2559,68.7329,216350,15654.8,1.71289e+07
81.7917,123.993,-90.7418,69.0201,203167,15117.5,1.47365e+07
81.8083,125.56,-91.4016,69.9659,204232,14888,1.41238e+07
81.8250,125.155,-89.9189,69.9805,228773,16389,1.67333e+07
81.8417,124.31,-88.9359,70.6483,245725,18111.1,1.62489e+07
81.8583,123.86,-88.9688,71.0311,229257,16934.4,1.29757e+07
81.8750,123.372,-88.4743,70.2669,220885,17658.6,1.48524e+07
81.8917,122.149,-87.9786,68.9844,226893,18552.1,1.47743e+07
81.9083,121.991,-88.373,69.386,231550,17537.5,1.19897e+07
81.9250,123.067,-89.1902,70.1423,262432,18940.2,1.11355e+07
81.9417,124.459,-89.4628,70.3779,289374,21183.1,1.26146e+07
81.9583,127.091,-91.3038,72.0698,316806,21952.1,1.29627e+07
81.9750,128.29,-91.8417,73.7969,324869,21793.7,1.25886e+07
81.9917,127.59,-90.6598,73.6652,351731,23174.3,1.35668e+07
82.0083,128.179,-91.4904,73.909,332798,21314.5,1.23319e+07
82.0250,128.957,-92.542,74.0356,308902,19813.9,1.13783e+07
82.0417,128.986,-91.7499,74.4108,345649,20264.8,1.27437e+07
82.0583,128.941,-91.1753,74.9441,348233,20780.2,1.37433e+07
82.0750,129.573,-91.4364,75.9317,336298,20096.9,1.18767e+07
82.0917,129.182,-90.9694,76.1866,336243,19718.2,1.20667e+07
82.1083,128.469,-89.694,76.1966,329372,20367.9,1.19812e+07
82.1250,128.322,-89.1331,76.4676,319740,20863.1,1.20788e+07
82.1417,127.537,-88.5679,77.0804,327631,20009.2,1.31139e+07
82.1583,127.817,-88.6877,77.463,327279,19762.8,1.2488e+07
82.1750,129.434,-89.0736,77.422,310475,19947.1,1.23987e+07
82.1917,129.14,-88.3599,78.4753,317731,20247.4,1.35143e+07
82.2083,129.4,-89.8886,79.2345,303191,18444.9,1.40979e+07
82.2250,129.932,-88.9908,79.4081,296701,18670,1.23559e+07
82.2417,130.209,-88.4038,78.7743,290453,18619.6,1.34588e+07
82.2583,130.637,-89.767,80.2478,278818,17746,1.32014e+07
82.2750,129.764,-89.099,80.5567,291438,17211.5,1.42832e+07
82.2917,130.845,-89.5866,79.3878,278706,17238.9,1.20068e+07
82.3083,130.457,-89.0154,79.219,265264,16933.4,1.26824e+07
82.3250,127.888,-87.9684,79.1156,248896,16555.1,1.17434e+07
82.3417,128.05,-88.3559,78.7339,234669,16389.7,1.06748e+07
82.3583,129.245,-88.858,78.6433,229388,16542.2,1.09408e+07
82.3750,127.482,-87.0773,78.6078,222287,16426.4,1.08462e+07
82.3917,125.234,-85.6668,78.2243,199190,16180,1.06732e+07
82.4083,126.006,-87.4008,77.4517,175948,15538.5,1.02245e+07
82.4250,127.663,-88.4968,78.2262,169266,15367.5,1.00874e+07
82.4417,127.408,-87.4448,78.6987,178595,15584.4,9.87764e+06
82.4583,127.881,-87.7256,79.7585,168821,15410.9,1.00037e+07
82.4750,128.915,-88.585,80.2022,160320,15380.6,9.80028e+06
82.4917,128.457,-87.6134,79.916,157769,15417.6,9.30113e+06
82.5083,127.677,-87.7599,79.3923,148975,14918.7,1.00103e+07
82.5250,132.245,-92.1847,81.9915,141052,14116.5,1.01207e+07
82.5417,134.512,-91.9339,83.9753,157586,14527.2,9.85533e+06
82.5583,133.815,-89.4083,84.4095,164818,14911.3,1.01311e+07
82.5750,133.74,-90.7561,84.66,145271,14637.4,1.03826e+07
82.5917,132.822,-90.1698,84.0958,139581,14531.3,1.0422e+07
82.6083,131.659,-89.1133,82.7912,137911,14136.6,9.50008e+06
82.6250,130.245,-88.8148,82.1282,123814,13904.1,9.00859e+06
82.6417,128.898,-87.8222,81.8272,118526,13593.1,9.20038e+06
82.6583,127.663,-86.4206,81.0684,115699,13207.2,8.95939e+06
82.6750,126.98,-85.6504,80.9753,111955,13355.8,8.99451e+06
82.6917,126.029,-85.0774,81.0569,105082,13253.8,9.21986e+06
82.7083,125.024,-84.1771,80.5839,97541.4,12650.8,1.00235e+07
82.7250,123.876,-83.4137,79.3356,92438.4,12399.7,1.03529e+07
82.7417,121.636,-82.509,78.3158,85194.1,11811,1.04025e+07
82.7583,120.651,-81.7788,77.9756,82379.2,11245.6,1.13762e+07
82.7750,120.313,-80.8024,78.307,82184.1,11206,1.03324e+07
82.7917,119.794,-79.9103,78.7846,78423.6,11503.3,1.17303e+07
82.8083,119.202,-79.5353,78.5602,72446.8,10865.9,1.1856e+07
82.8250,119.049,-79.2688,78.3867,69342.1,10631.9,1.16418e+07
82.8417,118.662,-78.9556,78.4357,67603.5,10690.4,1.12497e+07
82.8583,118.117,-78.3901,78.7286,65173.2,10539.9,1.18702e+07
82.8750,118.249,-78.804,78.5386,60122.5,10056.8,1.1601e+07
82.8917,118.195,-78.6848,78.4205,58684.1,10336,9.99481e+06
82.9083,117.746,-78.1497,78.4311,58276.1,10453.6,1.18797e+07
82.9250,117.528,-77.275,79.3882,58209.4,10142.6,1.14302e+07
82.9417,116.902,-76.9105,78.954,53731.2,9613.25,1.04286e+07
82.9583,115.489,-75.8746,77.8301,50342.1,9628.4,9.84548e+06
82.9750,114.244,-75.7482,76.8211,49072.1,9694.54,1.07768e+07
82.9917,114.671,-77.1107,76.9707,45207.7,8805.64,1.03017e+07
83.0083,116.057,-78.5469,76.9787,43124.4,8614.11,8.9496e+06
83.0250,117.074,-78.6355,77.6144,43590.7,9172.34,7.2925e+06
83.0417,117.414,-79.3862,78.2706,43528.6,9249.63,9.5715e+06
83.0583,117.695,-79.4484,79.0241,42670.2,8966.62,1.02567e+07
83.0750,118.361,-79.2365,79.4946,42863,9143.58,1.09308e+07
83.0917,118.938,-79.4563,79.8253,42515,9499.17,9.23252e+06
83.1083,118.851,-79.8606,80.0474,41556.8,9508.58,1.07798e+07
83.1250,118.917,-79.8671,80.5032,40327.5,9017.07,1.12423e+07
83.1417,119.165,-79.5021,80.4193,39839,9122.94,1.0616e+07
83.1583,119.14,-79.3917,80.4761,39106,9586.35,1.02519e+07
83.1750,118.47,-78.8184,80.7283,38866.8,9577.85,1.03477e+07
83.1917,118.092,-78.357,80.7469,38199.4,9258.11,1.03191e+07
83.2083,117.992,-78.0428,80.4311,37831.3,9498.86,1.00535e+07
83.2250,117.821,-77.6572,80.7196,37767.3,9781.08,1.02631e+07
83.2417,117.327,-77.1253,80.9993,37107.7,9679.51,1.07123e+07
83.2583,117.708,-77.3016,81.2803,36190.1,9548.75,1.05614e+07
83.2750,118.247,-77.2503,81.7677,36210.3,9685.88,1.03408e+07
83.2917,118.404,-77.19,82.1486,36079.6,9908.08,1.01389e+07
83.3083,118.474,-76.9773,82.4946,35342.8,9931.92,1.04519e+07
83.3250,118.902,-76.8925,83.1399,35024.1,10048,9.99971e+06
83.3417,118.718,-76.5131,83.2304,35324.7,10106.4,9.08979e+06
83.3583,118.202,-76.4694,82.7509,34837.6,10145.9,8.92014e+06
83.3750,118.971,-76.7244,83.4699,34276.2,10201.8,8.90187e+06
83.3917,118.749,-76.0363,83.8478,34355.2,10407.6,8.75479e+06
83.4083,118.57,-76.1606,83.7093,34177.1,10466.9,8.48006e+06
83.4250,119.911,-76.7512,84.8754,33895.1,10600.9,9.23648e+06
83.4417,121.354,-76.9419,86.5093,34370.2,10888.7,8.89901e+06
83.4583,122.571,-77.1476,87.672,34349.7,11123.5,9.4745e+06
83.4750,123.199,-77.291,88.2296,34751,11464.6,9.29376e+06
83.4917,123.346,-76.9053,88.9114,34948.6,11854.6,9.43132e+06
83.5083,123.191,-76.6703,88.7687,34948.7,12158.5,9.49037e+06
83.5250,123.126,-76.622,88.7166,34850.7,12328,9.4327e+06
83.5417,123.213,-76.8762,88.9233,34799.6,12315.5,9.79969e+06
83.5583,123.08,-76.6628,89.1841,34737.9,12334,9.69225e+06
83.5750,123.121,-76.6818,89.2519,34691.9,12382.1,9.93496e+06
83.5917,123.111,-76.523,89.4261,34558.4,12355.8,9.88209e+06
83.6083,122.07,-75.5581,89.0387,34507.8,12417.4,1.0237e+07
83.6250,120.935,-74.7955,88.6069,34233.4,12445.7,1.01327e+07
83.6417,119.806,-74.2908,88.0652,34146.2,12460.7,1.01804e+07
83.6583,119.689,-74.5866,87.756,33687.2,12459.2,9.6575e+06
83.6750,119.75,-74.8336,87.8216,33611,12517.6,9.67055e+06
83.6917,119.998,-75.4023,88.1933,33647.7,12583.9,8.46159e+06
83.7083,120.538,-75.4931,88.9912,33840.6,12677.9,8.57615e+06
83.7250,120.551,-75.026,89.1349,34523.1,12843.4,8.98768e+06
83.7417,120.612,-75.1,89.2474,34504.6,12741,9.26122e+06
83.7583,120.516,-75.4756,89.4485,33988.1,12406.4,8.42229e+06
83.7750,120.708,-75.7864,89.6234,33940.6,12296.9,8.4474e+06
83.7917,120.92,-75.421,89.8778,34385.1,12363.1,8.167e+06
83.8083,120.58,-74.6928,89.9555,34784.8,12626.1,8.38059e+06
83.8250,119.897,-74.2454,89.8685,34649.9,12425.5,8.24491e+06
83.8417,119.308,-74.2678,89.3075,34553.8,12028,8.1163e+06
83.8583,119.012,-73.9998,88.8308,34640.7,12022.9,6.37051e+06
83.8750,118.191,-73.4264,88.2482,34948,12208.8,6.20294e+06
83.8917,118.106,-73.5052,88.5852,34934.8,12100.9,6.64953e+06
83.9083,118.244,-74.1298,88.7494,34718.3,11546,7.06879e+06
83.9250,118.491,-74.6143,88.5802,34732.3,11176.9,6.16988e+06
83.9417,118.689,-74.6481,88.8003,35089.4,11243.6,6.06125e+06
83.9583,119.437,-75.2117,89.4802,35381.1,11044.7,6.33807e+06
83.9750,119.598,-75.1747,89.7961,35757.9,10885.5,6.27105e+06
83.9917,119.478,-74.8214,89.9427,36084.9,10814.5,6.37746e+06
84.0083,118.794,-74.394,89.6683,36770.4,10716.7,6.77627e+06
84.0250,118.415,-74.4667,89.3376,36587.1,10380.7,6.56935e+06
84.0417,118.708,-74.914,89.4056,36701.5,10147.6,6.50441e+06
84.0583,119.113,-75.4884,89.5504,36900.9,9903.14,6.15872e+06
84.0750,120.022,-76.0131,90.4259,37385.4,10098.6,5.95673e+06
84.0917,121.123,-76.6684,91.3937,37794.1,10214.2,5.5518e+06
84.1083,121.895,-76.5531,92.3683,38325.3,10400.7,6.14839e+06
84.1250,122.488,-76.6497,93.1092,38761.1,10454.8,5.96149e+06
84.1417,122.871,-76.4949,93.7038,39407.5,10699.9,6.24138e+06
84.1583,122.698,-75.6855,93.8623,40232.5,11035.6,6.65236e+06
84.1750,121.955,-75.0035,93.5058,40799.6,11082.2,7.0426e+06
84.1917,121.111,-74.8445,92.891,40863.5,10781.7,6.40942e+06
84.2083,120.166,-74.1228,92.4157,41145.3,10481.1,6.52887e+06
84.2250,119.38,-73.8337,91.788,41249.1,10234.9,6.51464e+06
84.2417,119.053,-73.6277,91.5834,41181.1,10021.6,6.65244e+06
84.2583,119.151,-73.7887,91.9337,41533.1,9888.4,6.81688e+06
84.2750,119.302,-73.7315,92.339,41813.9,9664.59,6.81854e+06
84.2917,119.157,-73.6228,92.359,42107.6,9526.62,6.90433e+06
84.3083,118.983,-73.5458,92.3788,42021.3,9379.3,6.4498e+06
84.3250,118.885,-73.728,92.2895,42195.8,9144.79,6.51644e+06
84.3417,118.848,-73.8191,92.3137,42127.8,9087.51,6.64404e+06
84.3583,118.965,-74.0546,92.365,42032.8,9055.64,6.67519e+06
84.3750,118.918,-73.7807,92.455,42535.2,9101.42,6.57653e+06
84.3917,118.904,-74.0207,92.553,42981,9104.1,6.47787e+06
84.4083,119.771,-74.7359,93.3755,43781.5,9075,6.68652e+06
84.4250,119.783,-74.6009,93.4416,44228.3,9153.72,6.68041e+06
84.4417,120.702,-75.5052,93.8708,44327.1,9141.3,6.25151e+06
84.4583,121.076,-75.4253,94.3865,44886.4,9202.78,6.09352e+06
84.4750,121.643,-75.6246,94.8835,45732.9,9338.29,6.24882e+06
84.4917,121.764,-75.5182,95.3265,46448.7,9431.24,6.28354e+06
84.5083,121.653,-75.4969,95.4921,46438.6,9410.34,5.97394e+06
84.5250,120.825,-75.0941,94.9401,46480.7,9364.47,6.09646e+06
84.5417,120.725,-75.1381,94.9329,46418,9339.45,6.1227e+06
84.5583,121.049,-75.2195,95.3999,46802.5,9370.46,6.27032e+06
84.5750,121.725,-75.6634,96.1113,46839.4,9371.07,6.11382e+06
84.5917,121.744,-75.3089,96.5061,46607.3,9446.11,6.16111e+06
84.6083,121.477,-74.6516,96.6196,46540.1,9538.53,6.23023e+06
84.6250,120.927,-74.0048,96.3252,46882.4,9738.63,6.50228e+06
84.6417,120.449,-73.5307,96.0856,47119.3,9938.74,6.71185e+06
84.6583,119.718,-73.5127,95.4943,46939.6,9892.17,6.16778e+06
84.6750,119.598,-73.8645,95.5914,46307.6,9766.67,6.49505e+06
84.6917,119.088,-73.7085,95.2169,45961.3,9700.01,6.28186e+06
84.7083,118.681,-73.615,94.8521,45173.2,9669.29,6.37133e+06
84.7250,118.943,-73.6936,95.1999,45274.9,9706.07,6.43467e+06
84.7417,118.783,-73.2878,95.3606,45625.4,9820.12,6.58356e+06
84.7583,119.018,-73.7091,95.498,45010.7,9725.11,6.20088e+06
84.7750,119.305,-74.1408,95.664,44389.5,9656.91,6.17289e+06
84.7917,119.393,-74.2129,95.8318,44101.5,9754.36,6.03146e+06
84.8083,119.54,-73.7086,96.312,44408.7,9856.75,5.94534e+06
84.8250,119.91,-74.0647,96.5727,44376.8,9822.34,5.99473e+06
84.8417,119.826,-74.0542,96.6982,43855.4,9855.34,6.13894e+06
84.8583,120.033,-74.2613,96.9765,43779,9874.92,5.58367e+06
84.8750,120.269,-74.1431,97.3444,43824.6,9961.28,5.66967e+06
84.8917,120.167,-73.7543,97.482,43599.3,10031.3,5.97394e+06
84.9083,120.213,-73.6497,97.7122,43681.8,10024.5,5.88021e+06
84.9250,120.241,-73.555,97.8262,43766.3,10063.4,5.90699e+06
84.9417,119.647,-72.7956,97.6889,44027.5,10115.5,5.64183e+06
84.9583,119.225,-73.0191,97.2959,42795.4,10041.6,6.13426e+06
84.9750,118.948,-73.1839,97.0762,41755.4,10032.5,5.8623e+06
84.9917,119.792,-73.6428,97.8365,42034.1,10098.5,5.97818e+06
85.0083,119.792,-73.5583,97.9994,41978.9,10167.8,5.94733e+06
85.0250,119.825,-73.3848,98.3346,41389.9,10140.8,5.4097e+06
85.0417,119.731,-73.4324,98.4587,41032.7,10191.4,5.99385e+06
85.0583,120.374,-73.3467,99.0965,41374.8,10428.2,5.49419e+06
85.0750,120.21,-72.8545,99.0968,41437.5,10476.9,5.46334e+06
85.0917,120.401,-73.5093,99.1646,40722.7,10393.8,5.688e+06
85.1083,120.427,-73.0786,99.6474,40861.5,10475.9,5.62036e+06
85.1250,120.13,-72.8562,99.5241,40221.3,10419,5.99222e+06
85.1417,119.837,-72.8897,99.3832,39709.4,10529.2,5.45394e+06
85.1583,119.694,-72.5154,99.4596,39174.7,10589.5,5.69848e+06
85.1750,119.558,-72.4447,99.6062,38807.1,10503.9,5.19474e+06
85.1917,119.564,-73.065,99.5939,37608.1,10356.2,5.64002e+06
85.2083,119.878,-73.5686,100.001,37230.8,10396.5,5.43653e+06
85.2250,120.94,-73.7001,101.002,37885.9,10573.1,5.12086e+06
85.2417,121.527,-73.6194,101.514,38098.7,10626.3,5.04308e+06
85.2583,121.423,-73.6263,101.669,37179.1,10590.1,5.36903e+06
85.2750,121.363,-73.5305,102.004,36931.5,10594,5.24214e+06
85.2917,121.034,-72.7825,101.861,37261.4,10783.2,5.39721e+06
85.3083,120.956,-72.9097,101.519,37094.9,10688,5.13779e+06
85.3250,120.819,-72.792,101.79,36177.4,10709.2,5.10762e+06
85.3417,120.556,-72.2611,101.933,36021.2,10828.3,5.01385e+06
85.3583,120.61,-72.2296,101.997,36260.8,10732.7,5.28247e+06
85.3750,120.493,-72.073,102.111,36021.7,10620,4.77741e+06
85.3917,120.394,-72.0891,102.227,35369.6,10756.1,5.45622e+06
85.4083,120.654,-71.8737,102.759,35558.9,10920.7,5.09464e+06
85.4250,122.03,-73.0065,103.831,35470.8,10783.2,5.18274e+06
85.4417,123.531,-74.2777,105.061,35094.7,10608,4.9539e+06
85.4583,124.932,-74.9898,106.296,35305.7,10698.8,5.14584e+06
85.4750,126.215,-75.591,107.502,35302.9,10727.6,5.1455e+06
85.4917,127.122,-75.004,108.703,36140.7,10967.7,5.74447e+06
85.5083,126.682,-73.7916,108.875,36589.8,10958.2,5.33569e+06
85.5250,125.277,-72.5989,108.077,35885.1,10830.1,5.25875e+06
85.5417,123.811,-72.0785,106.79,34100.7,10646.1,5.26499e+06
85.5583,122.448,-70.9196,106.042,33934.3,10598,5.30713e+06
85.5750,122.089,-71.0931,105.833,33253.1,10247.7,5.32955e+06
85.5917,122.217,-70.8276,106.132,33243.3,10348.7,5.1634e+06
85.6083,122.319,-70.7521,106.365,33394.8,10407.7,5.24833e+06
85.6250,121.927,-70.8642,105.992,32881.6,10248.8,5.33262e+06
85.6417,121.354,-71.075,105.907,32252.5,10157.9,5.05762e+06
85.6583,121.461,-70.7842,106.074,32175.5,10233.8,4.99795e+06
85.6750,120.282,-70.0667,105.161,32038.5,10213.1,4.69536e+06
85.6917,120.115,-69.5981,105.406,32155.2,10231.2,4.9771e+06
85.7083,119.355,-68.7586,105.013,32452.5,10334.3,5.04227e+06
85.7250,118.503,-68.1599,104.365,32496.5,10428.4,5.39792e+06
85.7417,118.012,-68.1231,103.996,32276,10350.7,5.03999e+06
85.7583,117.427,-67.704,103.816,32547.4,10277.4,5.28047e+06
85.7750,117.406,-67.5737,103.735,32355.1,10383.7,5.00062e+06
85.7917,117.965,-67.8459,104.321,32273,10433.3,5.03634e+06
85.8083,117.339,-67.8528,103.689,31940.1,10283.9,4.94029e+06
85.8250,117.47,-68.5025,103.872,31467.3,10113.1,5.18554e+06
85.8417,117.978,-68.1083,104.674,31929,10391.5,4.78462e+06
85.8583,117.751,-68.1943,104.403,31873.2,10311.9,5.04445e+06
85.8750,117.571,-67.9774,104.592,32144.8,10350,5.1109e+06
85.8917,118.264,-68.5853,105.194,32026.8,10393.8,4.8781e+06
85.9083,118.408,-68.7389,105.318,32151.5,10403.3,4.73872e+06
85.9250,118.293,-67.9322,105.488,32489.4,10679.7,4.66947e+06
85.9417,118.046,-67.9242,105.359,32321.4,10638.6,4.69093e+06
85.9583,117.774,-67.6765,105.467,32462,10648.4,4.92246e+06
85.9750,117.425,-67.3914,105.251,32574.9,10735,4.71995e+06
85.9917,117.623,-67.8092,105.32,32201.3,10677.5,4.6583e+06
86.0083,117.939,-67.4974,105.824,32467.6,10860,4.70657e+06
86.0250,118.305,-67.4096,106.366,32618.2,10935,4.33824e+06
86.0417,117.995,-68.1196,106.197,32021.4,10653,4.75765e+06
86.0583,117.919,-67.6097,106.421,32322.9,10799.8,4.46113e+06
86.0750,118.096,-67.7141,106.652,32352,10833.2,4.79372e+06
86.0917,118.635,-67.6907,107.387,32449.8,10914.8,4.51969e+06
86.1083,118.145,-67.3976,107.025,32661.8,10873.3,4.6957e+06
86.1250,118.379,-67.5085,107.275,32563.7,10841.5,4.39649e+06
86.1417,118.801,-67.1639,108.008,33051.1,11162.1,4.53328e+06
86.1583,118.584,-67.5274,107.857,32655.1,10869.5,4.65988e+06
86.1750,118.751,-68.1403,107.96,32469.9,10761.3,4.42054e+06
86.1917,118.658,-67.9537,107.984,32649,10829.1,4.56114e+06
86.2083,117.517,-67.152,107.11,32912.7,10836,4.66775e+06
86.2250,117.997,-67.5617,107.689,32840.8,10749.1,4.6274e+06
86.2417,119.171,-68.6522,108.638,32747.9,10740.6,4.62031e+06
86.2583,118.301,-67.519,108.099,33027.3,10821.4,4.46061e+06
86.2750,118.012,-67.1852,108.039,33350.8,10913.7,4.65671e+06
86.2917,117.956,-67.2039,108.149,33458.8,10826.6,4.82809e+06
86.3083,118.132,-67.3502,108.351,33491.6,10862.5,4.48816e+06
86.3250,117.329,-67.0664,107.67,33733.5,10794.6,4.57148e+06
86.3417,117.833,-67.5987,108.266,33701.1,10739.8,4.46714e+06
86.3583,118.545,-67.2856,109.227,34029.3,10901,4.46955e+06
86.3750,118.428,-67.6282,109.144,34140.9,10831.9,4.6154e+06
86.3917,117.979,-67.2592,108.824,34390.5,10865.2,4.09947e+06
86.4083,118.455,-67.1365,109.345,34545.4,10881.5,4.22986e+06
86.4250,117.936,-66.778,108.988,34750.7,10858.8,4.6891e+06
86.4417,117.71,-66.4126,109.014,34973.9,10896.9,4.48589e+06
86.4583,116.956,-66.3471,108.508,35008.7,10817.1,5.05843e+06
86.4750,118.346,-67.8503,109.551,34652.4,10620.5,4.737e+06
86.4917,117.832,-66.7745,109.375,35451.4,10892.7,4.61502e+06
86.5083,116.947,-65.9233,108.724,35421,10845,5.01692e+06
86.5250,117.769,-67.2064,109.409,35206,10690.4,4.54417e+06
86.5417,117.322,-66.6386,109.121,35536.8,10695.4,4.69499e+06
86.5583,117.476,-66.8784,109.269,35604.5,10653.4,4.39236e+06
86.5750,118.138,-68.0575,109.75,35198.3,10448,4.42998e+06
86.5917,118.359,-67.827,110.158,35453.3,10530,4.48669e+06
86.6083,118.733,-67.9536,110.723,35448.6,10512.3,4.35733e+06
86.6250,118.246,-67.8442,110.365,35676.7,10532,4.6984e+06
86.6417,118.952,-68.4521,111.001,35717.7,10428.5,4.69805e+06
86.6583,119.859,-68.3706,111.822,35758.3,10589.7,3.84797e+06
86.6750,120.668,-68.3053,112.796,36279.6,10886.3,3.96793e+06
86.6917,120.467,-67.9976,112.92,36274,10877,3.94455e+06
86.7083,121.917,-69.0282,114.264,35910.7,10652.4,4.40643e+06
86.7250,122.937,-69.4664,115.389,35982.5,10783.7,3.83882e+06
86.7417,123.259,-69.2768,115.83,35932,10798.5,4.25146e+06
86.7583,122.586,-69.3082,115.385,35531.8,10615,4.05043e+06
86.7750,120.785,-69.2616,113.684,35248.8,10330.5,4.47783e+06
86.7917,121.28,-69.1475,114.183,35220.8,10362,4.30032e+06
86.8083,122.097,-70.9698,114.382,34707.4,10149.7,4.25831e+06
86.8250,121.825,-71.0269,114.267,34647.8,10095.7,4.23766e+06
86.8417,123.523,-70.8579,116.131,35248.4,10535,4.06238e+06
86.8583,125.658,-70.7864,118.537,35988.8,10846.2,3.94928e+06
86.8750,126.424,-70.8941,119.147,35753.7,10706.5,3.96589e+06
86.8917,124.954,-69.4079,118.194,35783.2,10689.1,4.19732e+06
86.9083,123.755,-68.6218,117.155,35976.5,10740,4.08985e+06
86.9250,123.316,-68.524,116.776,35560.7,10622.2,4.09149e+06
86.9417,122.766,-68.0964,116.376,35742.3,10749.6,4.14785e+06
86.9583,122.344,-67.9855,115.971,35636.4,10592.9,4.25872e+06
86.9750,121.747,-66.9327,115.708,36127.1,10795,4.43044e+06
86.9917,121.254,-66.4536,115.388,36130.2,10915.6,4.25593e+06
87.0083,121.714,-66.8022,115.955,36255.8,10913.2,4.68447e+06
87.0250,123.268,-67.9183,117.271,36373.8,10891.1,4.31537e+06
87.0417,122.392,-66.0647,116.948,36890.9,11114.7,4.42476e+06
87.0583,121.457,-66.0772,116.341,36160.5,10842.5,4.80954e+06
87.0750,122.097,-67.305,116.909,35501.2,10615.2,4.61727e+06
87.0917,123.121,-68.7022,117.737,35414.9,10538.7,4.2791e+06
87.1083,123.935,-69.1,118.362,34928.4,10456.3,4.35352e+06
87.1250,123.252,-68.3869,118.107,34780,10435.9,4.64633e+06
87.1417,122.12,-67.4102,117.281,35091.9,10556.8,4.36418e+06
87.1583,121.89,-67.6372,116.765,35220.8,10576,4.41067e+06
87.1750,123.654,-68.5208,118.317,35354.5,10661,4.35936e+06
87.1917,124.236,-68.6209,119.237,35059.4,10754.4,4.54373e+06
87.2083,123.73,-67.1549,119.204,35895.3,10993.6,4.33126e+06
87.2250,122.695,-66.3905,118.4,35845.9,11009.4,4.54657e+06
87.2417,122.048,-67.1471,117.596,35045,10758.5,4.33354e+06
87.2583,121.948,-67.1562,117.555,35187,10813.9,4.12773e+06
87.2750,123.171,-66.8961,118.964,35857.3,11210.7,4.16883e+06
87.2917,123.606,-66.5281,119.434,36226.4,11489.1,4.43341e+06
87.3083,124.438,-67.5196,120.3,35545.7,11350.7,4.23431e+06
87.3250,126.153,-68.8408,121.96,35145.4,11265.3,4.03056e+06
87.3417,125.786,-67.8114,121.809,35831.5,11666.6,4.37752e+06
87.3583,122.269,-66.42,118.628,35238.2,11565.6,4.18138e+06
87.3750,124.315,-69.6044,120.465,32879.1,10697.4,3.2925e+06
87.3917,124.608,-68.7461,120.639,33789.9,11232.8,3.9747e+06
87.4083,124.269,-68.2343,120.127,34142.8,11566.5,3.96603e+06
87.4250,125.373,-67.988,121.527,34650.4,11911.9,3.94214e+06
87.4417,123.82,-66.9402,120.406,34626.6,12072.3,3.70417e+06
87.4583,122.756,-66.436,119.505,34344.5,11970.8,3.64686e+06
87.4750,122.8,-67.6195,119.26,34123.4,11799.7,3.79224e+06
87.4917,124.237,-65.363,120.915,36333.3,12745.2,4.56662e+06
87.5083,124.09,-64.2999,120.99,37310,13036.1,4.5586e+06
87.5250,124.618,-66.4135,121.694,35246.3,12269.2,3.63795e+06
87.5417,125.819,-66.8823,122.848,34817.8,12319.3,4.04391e+06
87.5583,123.856,-64.393,121.015,35929.1,12793.1,4.26687e+06
87.5750,123.374,-64.891,120.691,34992.3,12124.6,3.65952e+06
87.5917,124.131,-66.4201,121.339,33957.9,11619.9,3.67543e+06
87.6083,123.645,-65.8493,120.832,34021.9,11657.5,3.68042e+06
87.6250,122.794,-64.7365,120.157,34051.5,11521.5,3.53613e+06
87.6417,121.142,-63.9887,118.683,33896.3,11255.7,3.24647e+06
87.6583,120.304,-64.1373,117.9,33262.1,10905.5,2.95069e+06
87.6750,121.088,-65.5914,118.539,33408.6,10643.9,3.02575e+06
87.6917,121.072,-65.5815,118.548,33516.4,10503.9,2.98502e+06
87.7083,121.12,-65.7904,118.625,34200.5,10569.1,3.00478e+06
87.7250,121.104,-65.9134,118.632,34729.1,10645.7,3.01319e+06
87.7417,121.924,-66.5228,119.457,35046.6,10705.6,2.95953e+06
87.7583,123.377,-67.0262,121.007,36000.7,11141.8,2.96895e+06
87.7750,125.075,-66.7699,122.933,36898,11551.2,3.2527e+06
87.7917,125.351,-66.2742,123.423,37370.3,11740.7,3.24738e+06
87.8083,124.518,-65.1094,122.694,38364.6,12366.8,3.27635e+06
87.8250,124.529,-65.2994,122.745,37896.9,12415.9,3.28555e+06
87.8417,124.499,-65.0539,122.788,38165.2,12576.6,3.04446e+06
87.8583,124.547,-64.9468,122.88,38162.7,12809.6,3.53887e+06
87.8750,125.081,-65.7002,123.379,37498.4,12553.4,3.43301e+06
87.8917,124.177,-64.7922,122.61,37872.6,12801.6,3.33614e+06
87.9083,124.046,-65.4335,122.49,37362.1,12708,3.09022e+06
87.9250,125.421,-66.9975,123.793,36310.1,12468.3,3.33074e+06
87.9417,124.937,-66.7542,123.338,36063.1,12622.3,3.04949e+06
87.9583,124.218,-66.796,122.633,35430,12473.3,2.9291e+06
87.9750,123.889,-67.4746,122.286,34482.6,12055.6,3.01917e+06
87.9917,123.73,-67.6417,122.082,34533.7,12246.4,3.14412e+06
88.0083,122.254,-65.6838,120.738,35419.2,12763.6,2.80158e+06
88.0250,121.692,-64.7495,120.245,35599.2,12980.5,3.27114e+06
88.0417,121.897,-64.0386,120.622,36067.7,12964,2.92258e+06
88.0583,123.561,-65.2923,122.337,36197.7,12764.4,3.26705e+06
88.0750,123.471,-66.006,122.263,35884.6,12557.8,3.05676e+06
88.0917,122.174,-65.6587,121.014,34972.3,12342,3.12118e+06
88.1083,120.626,-65.0264,119.461,35393.9,12268.4,3.03636e+06
88.1250,122.751,-65.544,121.597,37277.9,12394.7,3.03554e+06
88.1417,124.097,-65.2651,123.011,39359.5,12623.1,3.6269e+06
88.1583,125.45,-66.1588,124.42,40181.8,12281.8,3.2726e+06
88.1750,126.28,-66.035,125.397,41876,12017.5,3.14755e+06
88.1917,125.862,-65.0652,125.173,42620.6,12081.1,3.36676e+06
88.2083,124.422,-66.1474,123.564,40400.2,11561.5,3.1368e+06
88.2250,123.374,-66.3514,122.376,38740.3,11046.3,2.79529e+06
88.2417,123.027,-65.5351,122.037,40370.7,11169.6,2.94693e+06
88.2583,123.652,-64.3913,122.848,44036.7,11434.6,3.32653e+06
88.2750,122.777,-63.7612,122.079,44517.6,11548.6,3.22613e+06
88.2917,122.793,-65.5069,122.031,43204.1,11198.7,3.05046e+06
88.3083,124.199,-67.3357,123.285,43221.9,10968.1,3.11692e+06
88.3250,123.664,-66.7324,122.751,44677.4,11094.2,2.95171e+06
88.3417,123.614,-66.1541,122.814,44839.9,11128.1,2.92588e+06
88.3583,123.563,-66.2549,122.86,45086.7,10887.1,2.94002e+06
88.3750,124.273,-66.8233,123.555,45358.6,10780.5,2.90245e+06
88.3917,124.528,-66.6273,123.808,46898.6,11104.9,2.998e+06
88.4083,124.747,-66.0431,124.085,48315.7,11408,3.01871e+06
88.4250,123.707,-65.2363,123.152,49412.6,11465.6,3.21301e+06
88.4417,122.77,-65.2191,122.253,49307.6,11187.2,3.05989e+06
88.4583,122.988,-65.5357,122.458,49532.6,11121.3,3.13786e+06
88.4750,122.937,-65.0776,122.421,51770.5,11455.4,2.84349e+06
88.4917,123.002,-64.7454,122.54,52446.4,11583.5,3.39467e+06
88.5083,123.785,-65.3315,123.344,52947.8,11567.2,2.9125e+06
88.5250,124.5,-65.9486,124.051,53634,11301.2,3.09811e+06
88.5417,124.745,-66.0713,124.296,54573.2,11234.3,3.13053e+06
88.5583,124.663,-65.6299,124.269,54083.1,11292.5,3.13966e+06
88.5750,123.284,-65.0608,122.912,53622.8,11269.7,3.0168e+06
88.5917,122.981,-65.323,122.575,54427.3,11275.2,3.03471e+06
88.6083,122.976,-65.2496,122.574,56123.2,11280.2,3.01536e+06
88.6250,124.174,-66.0666,123.752,56927.7,11128.3,3.09675e+06
88.6417,124.219,-64.9909,123.904,58599.8,11305.2,3.30525e+06
88.6583,124.856,-65.9086,124.505,58269.2,10873.7,3.14715e+06
88.6750,125.677,-66.1342,125.354,60116.5,10640.3,3.00934e+06
88.6917,125.111,-65.8441,124.795,60416.4,10775.6,3.10603e+06
88.7083,124.122,-65.5797,123.788,58230.2,10623.5,3.41409e+06
88.7250,123.511,-65.3424,123.169,56524,10493,3.10147e+06
88.7417,123.149,-65.1523,122.811,57400.9,10398.2,3.06626e+06
88.7583,123.596,-65.6307,123.241,58657.8,10371.9,3.10554e+06
88.7750,123.861,-65.7378,123.51,58691.3,10285.8,3.13919e+06
88.7917,124.253,-65.8476,123.911,58982.6,10386.7,3.0645e+06
88.8083,124.28,-65.5586,123.965,59583.4,10468.6,3.27039e+06
88.8250,124.56,-65.59,124.251,60310.9,10399.6,3.01829e+06
88.8417,124.286,-65.5773,123.963,60093.2,10285.2,3.03873e+06
88.8583,124.357,-66.0028,123.998,59425.6,10184.4,2.97948e+06
88.8750,124.805,-66.6887,124.402,59387.8,10133.9,3.13143e+06
88.8917,124.877,-66.3759,124.498,61207.9,10173.7,3.0141e+06
88.9083,124.854,-66.1332,124.487,61571.6,10230,2.85922e+06
88.9250,124.799,-65.8515,124.448,62163,10281.6,3.27447e+06
88.9417,125.064,-66.3096,124.681,61946.6,10281.5,2.98216e+06
88.9583,126.136,-66.9014,125.739,63515.1,10365.6,2.91994e+06
88.9750,125.806,-66.1355,125.449,65838,10513.2,3.21119e+06
88.9917,125.462,-65.8658,125.112,64351.5,10336.8,3.29221e+06
89.0083,125.589,-65.7928,125.237,63320.4,10324.8,3.23765e+06
89.0250,125.785,-66.0285,125.409,63389.6,10364.3,3.23348e+06
89.0417,125.496,-65.7378,125.118,63197,10301.3,3.08351e+06
89.0583,124.747,-64.9612,124.401,62069.5,10185.3,2.9965e+06
89.0750,124.627,-65.8595,124.201,60485.1,9950.62,2.80628e+06
89.0917,125.385,-66.1338,124.962,60188.8,9933.47,2.77425e+06
89.1083,125.224,-66.0498,124.781,60359.4,9995.5,3.18936e+06
89.1250,125.647,-66.8491,125.129,59240,9840.25,2.85439e+06
89.1417,127.085,-66.8685,126.621,62100.6,10165.7,2.68859e+06
89.1583,126.418,-65.7687,125.993,62018.9,10304.1,2.98785e+06
89.1750,124.957,-65.3845,124.497,59522.2,10047,3.0071e+06
89.1917,123.956,-64.6902,123.519,59556.1,10121.6,2.61019e+06
89.2083,124.08,-64.3194,123.66,59838.2,10189.5,2.73032e+06
89.2250,124.843,-64.497,124.419,60204.4,10411.8,3.13253e+06
89.2417,125.131,-65.3404,124.62,59513.1,10454.5,2.52124e+06
89.2583,126.967,-67.2862,126.351,57326.6,9997.72,2.31951e+06
89.2750,128.917,-68.4159,128.214,57538.9,10015.8,2.29148e+06
89.2917,129.722,-68.4441,128.993,62254.3,10401.2,2.44338e+06
89.3083,128.632,-66.8082,128.056,65066,10681.7,2.78061e+06
89.3250,127.464,-66.6538,126.91,59774,10304.2,2.60912e+06
89.3417,126.128,-66.8321,125.48,54850.1,9923.66,2.43866e+06
89.3583,125.901,-66.705,125.182,54526.7,9965.47,2.24448e+06
89.3750,126.144,-67.5977,125.253,55339.6,10016.3,2.50035e+06
89.3917,127.588,-69.6207,126.529,55753.9,9946.37,2.16492e+06
89.4083,130.858,-71.6961,129.757,56303.8,9848.21,2.17623e+06
89.4250,133.294,-70.6879,132.391,58907.3,10088.9,2.3536e+06
89.4417,130.906,-67.1798,130.1,60429.9,10528.2,2.50748e+06
89.4583,127.001,-64.8012,126.237,60481.1,10530.7,2.50985e+06
89.4750,126.185,-65.5623,125.401,54627.9,10248.8,2.69153e+06
89.4917,127.069,-66.6297,126.169,53147.2,10026.5,2.81167e+06
89.5083,127.78,-68.0303,126.663,50806.2,9838.36,2.74572e+06
89.5250,129.445,-69.2751,128.181,52649.1,9881.66,2.47428e+06
89.5417,129.581,-68.5431,128.483,55680.6,9943.14,2.51108e+06
89.5583,128.452,-63.859,127.649,61589.7,11005.1,3.335e+06
89.5750,131.149,-64.3185,130.209,63252.8,11514.9,3.11454e+06
89.5917,129.215,-64.749,128.142,56368.1,10668.1,2.83562e+06
89.6083,125.607,-64.8696,124.536,50108.8,10193.5,2.52436e+06
89.6250,125.734,-65.5891,124.573,47656,10009.7,2.44377e+06
89.6417,127.486,-65.3001,126.295,50371.5,10238,2.4208e+06
89.6583,128.127,-65.1486,126.968,50179.5,10207.4,2.49519e+06
89.6750,128.13,-66.0878,126.993,47802.3,9963.38,2.63572e+06
89.6917,129.459,-66.2796,128.306,48587.9,9989.4,2.47094e+06
89.7083,129.544,-65.5806,128.384,49811.4,10143.9,2.68286e+06
89.7250,129.457,-65.3331,128.224,49721.4,10362.5,2.76048e+06
89.7417,129.523,-65.9265,128.216,48424.6,10329.3,2.61712e+06
89.7583,129.257,-66.2423,127.915,46984,10361.4,2.39858e+06
89.7750,128.517,-65.4958,127.144,46807,10399.1,2.72704e+06
89.7917,128.637,-65.4246,127.25,47117.4,10469.5,2.47e+06
89.8083,129.786,-66.0621,128.387,47351.3,10479.9,2.6104e+06
89.8250,130.177,-66.4556,128.719,46149.4,10409.4,2.29473e+06
89.8417,129.493,-66.2665,127.97,45518.1,10344.8,2.45832e+06
89.8583,128.704,-65.8212,127.148,44865.1,10442.6,2.52501e+06
89.8750,128.908,-66.0663,127.313,44194,10466,2.52656e+06
89.8917,128.237,-65.8507,126.552,42613.2,10517,2.48178e+06
89.9083,127.846,-65.8821,126.128,42033.6,10507.7,2.59712e+06
89.9250,128.429,-65.9722,126.719,43678,10624.8,2.43502e+06
89.9417,127.841,-66.0084,126.048,41007.1,10504.9,2.51455e+06
89.9583,127.172,-66.1917,125.268,39977.5,10411.5,2.29978e+06
89.9750,126.614,-66.0269,124.63,39301.7,10440.6,2.26756e+06
89.9917,126.485,-65.6612,124.462,38998.1,10523.3,2.38576e+06
90.0083,126.328,-65.5694,124.326,37842.8,10616.5,2.46225e+06
90.0250,126.804,-66.5314,124.772,36111.8,10463.5,2.24481e+06
90.0417,127.211,-67.2562,125.097,35159.8,10328.8,2.01755e+06
90.0583,127.321,-67.0788,125.192,34871.1,10414.4,2.03788e+06
90.0750,127.423,-66.9806,125.212,34608.7,10498.6,2.14432e+06
90.0917,127.935,-67.4908,125.59,34323.3,10447,2.10057e+06
90.1083,127.99,-67.5197,125.551,34280.4,10487.8,1.9825e+06
90.1250,127.797,-66.8334,125.405,34920.7,10590.2,2.18337e+06
90.1417,127.138,-65.9492,124.82,34650.3,10745.5,2.3487e+06
90.1583,127.159,-65.4314,124.841,35268.4,10944.7,2.16358e+06
90.1750,127.796,-65.1837,125.454,36390.8,11017.6,2.49388e+06
90.1917,127.981,-65.3081,125.663,35119.3,10944.1,2.07209e+06
90.2083,128.077,-65.0506,125.792,33983.2,10814.9,2.03848e+06
90.2250,128.601,-64.8839,126.269,34171.4,10888.2,2.03327e+06
90.2417,128.675,-64.527,126.322,34421.3,11097.3,2.04846e+06
90.2583,128.631,-64.8463,126.245,33210.8,11127.3,1.78384e+06
90.2750,129.283,-66.1384,126.673,31972.1,10834.1,1.90768e+06
90.2917,130.274,-66.9091,127.465,32659.6,10920.3,1.87214e+06
90.3083,130.506,-66.5973,127.7,34463.9,11373.4,1.67921e+06
90.3250,130.433,-66.2276,127.621,34396.4,11575.6,1.86795e+06
90.3417,130.685,-66.778,127.8,33259.7,11424.7,1.74094e+06
90.3583,130.962,-66.8888,127.984,34251.8,11416.3,1.81339e+06
90.3750,131.133,-66.3008,128.065,35022.9,11650.4,2.00441e+06
90.3917,131.19,-66.2625,128.02,33847,11666,1.84867e+06
90.4083,130.632,-65.8184,127.437,33138.3,11681.5,1.70972e+06
90.4250,129.32,-65.4183,126.068,32870.7,11645.2,2.05412e+06
90.4417,129.29,-65.1382,126.008,33197.6,11806.1,1.81654e+06
90.4583,129.226,-64.715,125.874,33658.1,12034.1,1.49664e+06
90.4750,129.066,-64.4677,125.633,33303.6,12000.5,1.74305e+06
90.4917,130.001,-64.7976,126.412,33396.7,12147.7,1.85707e+06
90.5083,131.222,-64.8071,127.513,34227.5,12356.2,1.9279e+06
90.5250,131.632,-64.0494,127.984,35179,12682.9,1.89411e+06
90.5417,132.032,-63.8619,128.442,35116.5,12828.1,1.99831e+06
90.5583,132.552,-64.0149,128.933,35087.9,12901.8,1.95865e+06
90.5750,132.382,-65.0302,128.462,34024.8,12469.7,1.8432e+06
90.5917,132.114,-65.5684,127.998,33785.7,12394.7,1.69555e+06
90.6083,133.309,-66.0868,129.036,34110.1,12595.2,1.88718e+06
90.6250,134.18,-66.5104,129.662,35334.7,12819.6,1.77164e+06
90.6417,133.943,-66.5607,129.282,36217.1,12862.8,1.67285e+06
90.6583,132.668,-66.7481,127.947,35023.4,12703.7,1.67613e+06
90.6750,131.425,-66.0479,126.644,34832.9,12721.4,1.71641e+06
90.6917,131.223,-66.0554,126.256,35094.9,12639.1,1.58821e+06
90.7083,132.821,-67.1854,127.621,35581.5,12683.6,1.79796e+06
90.7250,134.482,-67.4568,129.103,37992,13216.6,1.82463e+06
90.7417,134.039,-67.5249,128.521,37103.6,13046.2,1.72788e+06
90.7583,133.401,-66.3204,127.939,37023.3,13038.1,1.75486e+06
90.7750,132.801,-64.9123,127.512,38222.1,13343.6,2.0507e+06
90.7917,132.683,-65.2025,127.491,37754.6,13228.6,1.74913e+06
90.8083,134.439,-67.5332,128.872,36585,12822.3,1.49174e+06
90.8250,134.464,-67.4834,128.623,37183.1,13004,1.69157e+06
90.8417,133.117,-66.6232,127.235,37990.8,13037.2,1.59614e+06
90.8583,134.26,-67.4062,128.287,37782.5,12878.8,1.81065e+06
90.8750,136.178,-67.0293,129.996,40369.8,13543.8,1.81596e+06
90.8917,135.275,-66.3694,128.953,40965.8,13671.1,1.93444e+06
90.9083,134.256,-65.9571,127.979,40398.9,13379.9,1.74678e+06
90.9250,133.634,-65.779,127.547,39669.3,13217.4,1.77685e+06
90.9417,133.099,-66.1606,126.854,37935.4,12713.7,1.58137e+06
90.9583,132.605,-65.9094,126.121,38237.1,12485.1,1.56095e+06
90.9750,132.199,-65.0779,125.759,39236.8,12738.2,1.55393e+06
90.9917,132.332,-64.472,125.866,40071.3,12961.1,1.83276e+06
91.0083,132.222,-64.3778,125.74,39368.5,12730.7,1.34381e+06
91.0250,131.44,-64.3415,124.908,38844,12326,1.72106e+06
91.0417,130.328,-64.3875,123.69,38071,12056.2,1.39324e+06
91.0583,130.037,-64.9451,123.275,37128.4,11703.6,1.43547e+06
91.0750,130.549,-65.2327,123.7,36946.1,11569.4,1.6231e+06
91.0917,130.721,-64.7017,123.704,37988.7,11794.4,1.4935e+06
91.1083,130.145,-64.6425,122.928,37661.6,11580.4,1.60695e+06
91.1250,128.463,-64.2294,121.336,35763.7,11150.8,1.39055e+06
91.1417,126.664,-64.7841,119.588,32322.5,10249.3,1.51196e+06
91.1583,126.674,-65.3494,119.447,30924.8,9880.39,1.47626e+06
91.1750,127.331,-65.6224,119.861,31667.6,9969.98,1.42424e+06
91.1917,128.019,-65.3487,120.483,32855.3,10178.9,1.52781e+06
91.2083,128.32,-64.9808,120.807,33006,10189.5,1.60515e+06
91.2250,128.445,-64.1955,120.98,32839.1,10166,1.24058e+06
91.2417,128.43,-64.6118,120.8,31913.6,9850.96,1.36895e+06
91.2583,128.161,-65.3717,120.333,30869.4,9538.83,1.49522e+06
91.2750,127.372,-65.027,119.523,30860.5,9524.64,1.36005e+06
91.2917,126.747,-64.3841,119.071,31191.9,9589.88,1.51345e+06
91.3083,127.118,-65.1446,119.169,30319.8,9267.85,1.36521e+06
91.3250,127.321,-65.4494,119.225,30144.4,9218.81,1.41239e+06
91.3417,126.85,-65.482,118.677,29936.9,9197.2,1.11125e+06
91.3583,126.764,-65.7227,118.547,29388.2,9041.26,1.28907e+06
91.3750,126.791,-65.3762,118.552,29650.1,9125.68,1.4244e+06
91.3917,126.769,-65.2103,118.44,29658.1,9163.7,1.51602e+06
91.4083,126.3,-65.2803,117.88,29147.1,8993.43,1.24642e+06
91.4250,125.668,-65.1733,117.164,28869.4,8965.47,1.67216e+06
91.4417,125.637,-64.8714,117.011,28763,9011.36,1.33143e+06
91.4583,126.555,-64.2492,117.769,29922.3,9405.94,1.5941e+06
91.4750,127.632,-63.2089,118.907,31726,9961.83,1.36118e+06
91.4917,128.535,-64.0086,119.72,31752.8,9898.87,1.68239e+06
91.5083,129.046,-65.1057,120.02,30689,9644.27,1.91204e+06
91.5250,129.205,-65.7439,119.865,30332.5,9589.18,1.54518e+06
91.5417,129.365,-65.622,120.029,31031.3,9843.16,1.59003e+06
91.5583,129.691,-65.971,120.387,30942.3,9748.05,1.43883e+06
91.5750,129.844,-66.7206,120.242,30128.1,9617.14,1.6109e+06
91.5917,129.087,-67.3802,118.93,29091.7,9526,1.38267e+06
91.6083,127.872,-65.2528,117.973,30518.1,10050.7,1.4831e+06
91.6250,127.796,-64.5137,117.913,31326.8,10322.9,1.46118e+06
91.6417,128.56,-64.0529,118.716,32146.7,10619.8,1.58757e+06
91.6583,129.81,-64.7645,119.613,31959.2,10624.9,1.37128e+06
91.6750,130.47,-65.2882,120.224,32053.6,10748.5,1.57402e+06
91.6917,130.247,-65.3615,119.895,31888.6,10745.8,1.42376e+06
91.7083,129.49,-64.8737,119.074,32150.2,10801.9,1.37615e+06
91.7250,129.012,-63.9698,118.612,32788.6,11044.1,1.57029e+06
91.7417,128.904,-63.9346,118.456,32894.3,11088.8,1.44177e+06
91.7583,128.523,-64.7675,117.807,31835,10882.4,1.50368e+06
91.7750,128.573,-65.3438,117.463,31481.4,10835.4,1.53575e+06
91.7917,128.031,-64.9033,116.838,32114.2,11049.7,1.55052e+06
91.8083,130.084,-66.4091,118.533,32644.4,11189.9,1.27676e+06
91.8250,132.317,-66.0073,120.452,34144.3,11512.2,1.39347e+06
91.8417,132.106,-65.8406,120.148,33884.3,11581,1.38388e+06
91.8583,131.316,-65.7388,119.399,33540.5,11568.1,1.57739e+06
91.8750,127.837,-63.4857,116.227,33557.1,11602.1,1.51447e+06
91.8917,125.499,-64.7779,113.719,32048.7,11026.9,1.46892e+06
91.9083,125.784,-65.046,113.664,31845.8,10948.3,1.15227e+06
91.9250,126.438,-64.9899,113.941,31982.6,11046.2,1.27949e+06
91.9417,127.241,-65.7343,114.433,31674.9,11082.5,1.32103e+06
91.9583,126.841,-65.1581,114.258,32028,11084.5,1.46831e+06
91.9750,126.727,-65.8541,113.971,31502.9,10860.8,1.14953e+06
91.9917,127.846,-66.3108,114.742,32065.7,11032.5,1.20327e+06
92.0083,129.179,-66.1331,115.723,32807.2,11471.1,1.31585e+06
92.0250,129.307,-66.082,115.713,33110.9,11534.9,1.14808e+06
92.0417,127.734,-65.1604,114.454,32859.7,11366.6,1.43994e+06
92.0583,126.093,-65.3832,112.93,31477.3,10753.6,1.32398e+06
92.0750,126.618,-66.1351,112.927,30967.1,10525.9,1.34489e+06
92.0917,129.052,-66.1327,114.764,32861.4,11295.7,1.10705e+06
92.1083,130.063,-66.0682,115.777,33807.8,11620.5,1.25057e+06
92.1250,129.676,-66.4717,115.56,33015.9,11255.7,1.50795e+06
92.1417,129.117,-67.224,114.957,31266.3,10527.9,1.34993e+06
92.1583,127.949,-66.893,113.542,30787.4,10273.7,1.34391e+06
92.1750,126.338,-65.2673,112.105,31315.5,10463.1,1.50746e+06
92.1917,125.655,-64.9991,111.622,31327.9,10500.3,1.14652e+06
92.2083,125.625,-65.1427,111.626,30915.3,10174.7,1.28644e+06
92.2250,124.624,-65.2348,110.423,30342.3,9785.35,1.26436e+06
92.2417,123.758,-65.6039,109.331,29595.5,9436.61,1.10836e+06
92.2583,123.369,-65.4284,108.874,29345.7,9417.84,1.12647e+06
92.2750,123.09,-64.9353,108.78,29560.2,9468.57,1.29419e+06
92.2917,123.549,-65.9722,108.993,28747.4,9204.82,1.27609e+06
92.3083,123.882,-66.8612,108.954,28377.5,9062.25,1.16897e+06
92.3250,123.637,-67.5231,108.283,27776.8,8841.88,1.03879e+06
92.3417,123.301,-67.2747,107.889,27456.8,8676.21,1.16285e+06
92.3583,122.442,-66.1489,107.381,27692.6,8756.39,1.1441e+06
92.3750,122.673,-66.2713,107.602,27473.2,8594.74,1.04164e+06
92.3917,122.657,-66.4974,107.312,27135.8,8477.3,1.06269e+06
92.4083,122.232,-65.9198,106.79,27245.2,8514.4,934942
92.4250,121.725,-65.0488,106.527,27592.9,8610.49,1.11598e+06
92.4417,121.337,-64.8842,106.164,27400.4,8528.31,1.05959e+06
92.4583,121.538,-66.5553,105.945,25852.7,8070.59,948552
92.4750,121.468,-67.545,105.379,24250.9,7611.4,1.00362e+06
92.4917,120.801,-67.2015,104.396,23979.4,7625.73,1.20481e+06
92.5083,120.99,-66.3628,104.572,25124.2,7972.47,1.06156e+06
92.5250,121.286,-65.0523,105.181,26712.8,8383.49,1.03166e+06
92.5417,120.61,-65.6746,104.502,25623.7,8038.59,1.13064e+06
92.5583,121.641,-68.2843,104.777,23178.6,7352.37,1.35058e+06
92.5750,122.013,-68.7605,104.637,22982.1,7343.67,1.24053e+06
92.5917,121.701,-67.5036,104.354,23955.9,7643.62,1.14388e+06
92.6083,121.492,-67.6305,104.332,23402.3,7589.55,1.12083e+06
92.6250,121.902,-68.0842,104.448,23053.8,7579.54,1.09704e+06
92.6417,122.774,-68.6912,104.619,23802.6,7556.51,1.05919e+06
92.6583,123.164,-70.4304,104.319,22352.6,7336.26,1.06393e+06
92.6750,122.972,-71.5805,103.782,20921.3,7134.59,1.15966e+06
92.6917,123.114,-71.5291,103.614,21174,7246.76,1.27909e+06
92.7083,123.295,-72.1068,103.058,21324,7289.51,1.09095e+06
92.7250,122.88,-71.8657,102.741,20848.5,7234.91,1.00011e+06
92.7417,122.611,-72.4445,102.259,20106.5,7112.96,965338
92.7583,122.359,-72.8054,101.296,19907,7127.87,825976
92.7750,121.564,-70.4822,100.861,21161.4,7518.2,859307
92.7917,119.172,-69.2702,98.8813,20959.2,7477.12,990698
92.8083,118.391,-69.895,97.8889,19473.1,7178.78,1.00823e+06
92.8250,118.094,-69.8648,97.1224,19035.7,7187.74,1.06431e+06
92.8417,115.833,-69.3983,95.7059,18619.3,7252.97,975539
92.8583,115.341,-70.3561,95.7845,17678.8,7178.4,839665
92.8750,116.467,-72.1137,96.4408,16904.6,6981.45,948262
92.8917,115.201,-71.7784,94.7853,16636.4,6964.85,888928
92.9083,115.328,-72.0428,94.7838,16336.7,7018.64,888366
92.9250,114.885,-73.278,93.733,15426.2,6829.47,1.12681e+06
92.9417,115.039,-74.6416,93.8542,15006.6,6765.32,1.16362e+06
92.9583,115.2,-72.752,95.5061,15747.9,7076.25,1.57964e+06
92.9750,114.55,-71.2534,95.938,16258,7077.85,1.45128e+06
92.9917,116.74,-74.1018,96.9844,15053.8,6785.38,1.30793e+06
93.0083,120.298,-77.9114,99.0016,14173,6580.44,1.29756e+06
93.0250,120.096,-76.6183,98.9988,14454.8,7009.72,1.12612e+06
93.0417,120.126,-76.7151,97.709,14712.9,7215.26,1.06383e+06
93.0583,119.692,-75.5672,97.7764,15091.9,7293.55,1.08915e+06
93.0750,117.587,-74.9344,96.6039,14843.2,7074.51,622069
93.0917,117.779,-75.5558,96.314,13922.1,6736.45,615659
93.1083,119.631,-77.6823,97.3331,13753.9,6574.66,307930
93.1250,119.647,-77.4492,97.4967,14245.5,6736.78,437157
93.1417,119.893,-78.8647,96.8781,13770.6,6461.91,572130
93.1583,118.649,-78.2632,95.3883,13614.1,6425.97,565882
93.1750,118.113,-78.2689,94.6956,13256,6093.46,334121
93.1917,116.445,-77.7713,93.1291,13014.6,5879.98,398254
93.2083,115.884,-77.5833,92.7305,12296.8,5662.87,435974
93.2250,113.214,-75.7195,90.3913,12085.3,5572.75,394694
93.2417,110.975,-74.574,88.1974,12360.7,5677.62,242551
93.2583,111.09,-75.983,87.8751,11947.1,5457,166806
93.2750,112.243,-77.4222,88.757,11280.5,5058.19,165576
93.2917,108.527,-74.8799,85.8265,11167.2,4946.43,108506
93.3083,107.863,-75.641,84.2421,11143.1,4912.65,239933
93.3250,108.55,-77.526,83.3781,10796.8,4688.73,286366
93.3417,106.989,-77.3372,81.5531,11017.2,4772.95,291603
93.3583,106.124,-77.9496,79.9061,10700.3,4615.74,314705
93.3750,104.57,-76.8918,78.2848,11017.9,4909.69,552839
93.3917,105.03,-77.0898,78.2664,10807.8,4897.54,530381
93.4083,104.152,-76.3844,77.4001,11065.7,5013.63,399342
93.4250,102.006,-73.7771,76.2622,11572.5,5241.28,304891
93.4417,100.05,-71.05,74.95,12203.7,5600.12,328119
93.4583,100.705,-68.7575,76.2882,12812,5988.49,522523
93.4750,99.3833,-62.5235,76.4962,13801.6,6617.83,1.17031e+06
93.4917,100.79,-64.1694,77.3206,13605.7,6691.18,557373
93.5083,103.089,-73.1998,75.368,12207.6,5928.14,214826
93.5250,103.134,-73.696,74.7946,12257.3,6090.96,181782
93.5417,103.333,-74.7663,73.8866,12496.7,6500.43,204518
93.5583,102.601,-73.9061,73.2946,12871,7082.98,218902
93.5750,101.226,-72.7027,72.3487,13147.7,7464.87,247312
93.5917,101.705,-74.0479,71.9271,13009.7,7361.59,258127
93.6083,101.957,-75.5538,71.1654,12849.8,7429.25,143990
93.6250,100.93,-75.4358,69.9397,13198.7,7806.69,301629
93.6417,98.5461,-73.7505,68.1503,13706.4,7973.01,143030
93.6583,96.2242,-70.4033,67.3081,14682.8,8215.03,229560
93.6750,95.3799,-70.3797,65.77,15910.7,8891.76,256397
93.6917,94.8261,-69.0955,65.53,17130.9,9719.03,286852
93.7083,97.4681,-70.7688,67.5565,17645.5,9873.62,218642
93.7250,100.305,-78.2297,65.5371,16997.6,9448.92,351603
93.7417,98.484,-76.4114,64.4312,19075.8,10112.3,241166
93.7583,97.3388,-75.4373,63.2481,20332.1,9617.4,268056
93.7750,96.8546,-74.8211,63.1694,20542.4,9195.58,164792
93.7917,96.4061,-74.7384,62.7703,20912.2,9743.91,317465
93.8083,94.6412,-73.4152,60.7381,22792.8,10881.7,217187
93.8250,93.0905,-71.3775,59.6002,24660.3,11112.1,239207
93.8417,93.2691,-71.2417,59.9669,24721.7,10796.3,257662
93.8583,93.3635,-71.181,59.8973,24968,11143.7,208275
93.8750,90.7822,-69.0229,57.9793,25924,11467.2,243171
93.8917,89.091,-68.0572,56.3354,26507.1,10523.3,259316
93.9083,88.4828,-68.722,55.3624,26180.4,9157.8,325996
93.9250,88.4363,-67.7526,55.5577,25410.8,8655.24,364475
93.9417,87.2496,-65.9465,54.8742,26350,9047.97,401781
93.9583,87.755,-65.3184,54.5812,26866.4,9040.97,443999
93.9750,89.4641,-66.7371,54.9212,26044.1,8343.64,410703
93.9917,89.8269,-67.8558,54.2049,24920.2,7758.84,516782
94.0083,90.9775,-69.5823,54.3043,23918.5,7271.99,343514
94.0250,89.6919,-69.0913,52.938,23590.2,7045.16,401605
94.0417,88.9733,-68.2998,52.4557,22519.1,6681.47,237110
94.0583,87.9994,-67.2762,51.1185,22456.3,6778.77,234936
94.0750,87.6878,-66.1045,50.8313,24857.1,7110.47,243282
94.0917,88.1634,-67.7653,50.0203,25219.2,6995.13,206368
94.1083,91.651,-70.0946,50.1829,24930.2,6641.09,310321
94.1250,93.9743,-72.3914,50.1923,25167.3,6680.4,298516
94.1417,94.8043,-71.3899,50.3593,26890.2,6998.55,212188
94.1583,95.3181,-72.5343,49.5165,27602.7,6879.29,263205
94.1750,96.1663,-72.756,49.192,28943.8,6873.17,356283
94.1917,96.067,-74.0527,48.5169,28475.1,6497.98,340698
94.2083,105.316,-81.9791,54.0636,27596.3,6493.38,1.81345e+06
94.2250,102.945,-66.6857,53.7054,37002.8,8465.37,1.18221e+07
94.2417,104.765,-78.2101,52.6555,34589.8,6878.64,9.01229e+06
94.2583,101.99,-82.8231,51.9113,26906.4,5070.06,1.31719e+06
94.2750,99.7881,-84.1049,51.2786,17556.1,4496.51,189943
94.2917,100.411,-84.1867,50.322,18077.9,7642.47,200493
94.3083,94.515,-75.4191,45.7002,30588.3,10251.7,149993
94.3250,95.6268,-72.7533,47.5723,34352,8576.85,282885
94.3417,94.6232,-76.7624,44.9374,23895,6744.06,160572
94.3583,95.378,-76.8622,41.7128,22140.2,7255.16,882284
94.3750,101.727,-85.8152,43.5864,19744.1,7572.22,2.3914e+06
94.3917,110.746,-93.8687,48.295,20980.6,7628.17,1.45439e+07
94.4083,105.42,-89.7874,46.2035,25277.5,8391.03,1.35075e+07
94.4250,107.976,-93.5828,45.3921,23289,6513.47,2.0035e+07
94.4417,107.884,-92.2338,48.404,23307.7,6546.24,1.21714e+07
94.4583,106.668,-89.2192,44.7635,26759.1,7422.18,1.21479e+07
94.4750,110.073,-90.0332,44.9609,23961.2,6530.01,1.88577e+07
94.4917,107.31,-88.9475,47.3617,28171.3,8308.65,1.69043e+07
94.5083,111.748,-94.735,50.6168,24872.9,6539.9,5.91367e+07
94.5250,112.698,-98.6464,49.0208,18977.4,3754.71,3.00779e+07
94.5417,112.819,-95.1379,49.539,17262,4298.41,3.83542e+07
94.5583,105.86,-86.5849,45.3979,16674.8,5714.52,2.64744e+07
94.5750,110.995,-93.1975,45.1697,20204,6575.22,1.66699e+07
94.5917,111.683,-93.9624,43.0939,26874.9,7049.8,9.44654e+06
94.6083,109.964,-89.6865,43.1859,31966.1,7512.91,1.20888e+07
94.6250,113.825,-94.8723,44.737,30533.8,6491.98,2.5307e+07
94.6417,119.679,-101.837,47.4518,26837,5333.3,2.29956e+07
94.6583,123.169,-103.944,49.0402,24749.8,5081.21,2.26019e+07
94.6750,124.71,-105.666,50.0905,21610.4,4293.4,2.13629e+07
94.6917,128.281,-111.063,49.6183,17662.5,3459.53,2.38136e+07
94.7083,130.431,-113.611,49.9348,15355.2,2797.34,2.39893e+07
94.7250,130.973,-114.951,49.1447,14405.4,2376.95,2.52582e+07
94.7417,128.431,-111.615,48.8006,18168.3,3069.29,1.61127e+07
94.7583,128.246,-108.698,48.6712,20860.5,3825.25,1.15863e+07
94.7750,126.725,-107.751,47.1123,21658.6,4081.53,1.23164e+07
94.7917,127.988,-109.526,48.5557,18828,3374.08,1.68374e+07
94.8083,131.225,-112.594,49.0056,17979,3087.21,2.02357e+07
94.8250,123.302,-105.136,45.5735,27343,4777.79,5.33416e+06
94.8417,117.856,-100.164,43.0973,26080.7,5161.87,3.19942e+06
94.8583,121.191,-104.407,45.8134,22094.5,5369.21,1.40385e+06
94.8750,120.821,-103.964,46.6964,28112.2,6649.02,578095
94.8917,117.66,-98.8629,45.1485,33402.6,6826.28,334921
94.9083,116.528,-98.417,45.9575,30603.9,6876.71,381300
94.9250,118.44,-101.742,46.5645,29736.8,8166.28,162721
94.9417,116.931,-99.2505,46.8447,34297.8,9206.26,143172
94.9583,114.834,-95.1461,46.4049,40807.8,10009.7,197526
94.9750,116.222,-95.5195,46.884,45733.7,10736.9,232888
94.9917,116.68,-98.8051,46.8342,45240.3,10992.7,187444
95.0083,118.006,-100.645,47.9272,47020.4,12403.6,699899
95.0250,115.345,-95.6251,48.1858,51825.9,11676.4,739029
95.0417,113.05,-92.6288,47.2557,56841,11055.1,248625
95.0583,118.088,-97.7253,47.6961,58392.7,14786.4,143456
95.0750,119.606,-97.1085,49.5368,68222.9,19224.8,112134
95.0917,117.4,-93.4224,49.9014,76328.3,21055.4,306995
95.1083,118.798,-93.6628,51.0991,78788.5,19771.9,528566
95.1250,119.169,-93.2764,50.7728,80148.5,15909.1,673682
95.1417,119.428,-92.2141,51.3722,80380,17198.1,709453
95.1583,118.47,-89.2244,50.6308,78990,20206,573919
95.1750,120.353,-92.3951,50.9509,80600.4,22624.5,639514
95.1917,119.242,-94.1877,51.5017,89456.6,24828.9,3.02591e+06
95.2083,115.912,-90.7299,50.9125,95087.4,24971.9,4.94599e+06
95.2250,112.648,-82.9671,51.1213,98125.6,20576.9,1.86954e+06
95.2417,114.065,-82.8873,52.2162,97287,18654.9,911045
95.2583,118.232,-87.7177,53.3787,96312.7,22032.2,901228
95.2750,119.463,-89.7241,54.2437,96644.9,25396.5,3.44304e+06
95.2917,120.514,-91.9347,54.753,96117.2,27289.7,2.25889e+07
95.3083,120.371,-92.5688,55.132,96106,26963.6,4.26584e+07
95.3250,118.115,-89.219,54.2294,101398,25213.9,3.50247e+07
95.3417,118.699,-90.0633,54.0171,100679,18724.4,2.53062e+07
95.3583,118.142,-90.88,52.498,96103.2,15578.5,1.95692e+07
95.3750,118.098,-93.5763,52.5396,88192.5,14976.6,2.2726e+07
95.3917,119.154,-96.5235,53.1795,82359.3,17116.9,1.98997e+07
95.4083,117.422,-93.6274,52.1112,88446.1,21160.2,1.24713e+07
95.4250,115.287,-90.8902,50.1976,94721,19322.7,1.33457e+07
95.4417,114.364,-90.8641,49.5681,95274.8,12863.3,1.03543e+07
95.4583,112.76,-90.3847,50.2077,90622.6,12813.7,1.13725e+07
95.4750,111.656,-89.2713,48.7529,98010.8,16633.3,1.1964e+07
95.4917,113.026,-88.458,50.3356,98752.6,17815.9,3.47973e+07
95.5083,115.884,-90.7151,50.2039,95956.4,15222.2,4.41386e+07
95.5250,118.15,-94.1422,50.5647,89553.6,11142,3.73786e+07
95.5417,120.067,-96.0509,50.3827,88630,10155.7,3.63904e+07
95.5583,119.591,-95.0194,51.2636,97234,12250.7,2.81446e+07
95.5750,117.494,-90.7964,50.992,103276,13775.6,3.33464e+07
95.5917,118.016,-91.1721,51.1423,101182,12273.8,3.836e+07
95.6083,118.868,-92.5922,51.9583,91806.5,10861.8,3.9374e+07
95.6250,119.344,-94.5033,51.825,84579.1,10436.3,3.03196e+07
95.6417,117.121,-93.8325,50.9051,88145.6,11787.6,2.71389e+07
95.6583,117.272,-95.2032,50.4739,89226,10092,2.54857e+07
95.6750,117.193,-95.2176,50.9425,88796.2,9153.3,2.26671e+07
95.6917,116.401,-93.9489,50.9886,84373.3,8675.48,2.19252e+07
95.7083,115.581,-93.6252,50.8624,79061.9,8878.46,2.08901e+07
95.7250,114.675,-92.8727,50.8951,76338.2,9270.46,2.38727e+07
95.7417,113.39,-90.6364,50.814,77979.4,9680.03,2.57664e+07
95.7583,112.27,-89.173,50.0087,79914,9749.93,2.75604e+07
95.7750,109.921,-88.1884,48.6457,79560,9758.91,2.32735e+07
95.7917,112.339,-92.4622,48.4624,76529.8,9349.31,1.7126e+07
95.8083,113.544,-92.7683,49.347,70906.1,9828.61,1.77354e+07
95.8250,114.521,-94.1864,48.4054,64516.9,10049.9,1.7584e+07
95.8417,113.977,-93.6876,47.4314,64038.2,10272.3,1.75914e+07
95.8583,114.218,-94.6318,45.7178,65761.3,10201.3,1.21352e+07
95.8750,112.265,-93.7492,43.9283,67927.5,10602.8,8.29444e+06
95.8917,113.983,-95.4935,44.8022,64983.7,10470.3,1.16358e+07
95.9083,113.819,-93.8661,46.3444,61794.7,11311.7,1.46498e+07
95.9250,112.032,-93.1676,45.1611,57967,11596.5,8.70702e+06
95.9417,109.501,-91.0529,42.6378,58506.6,12183.7,7.92799e+06
95.9583,108.235,-91.0636,41.585,57348.8,12262.9,9.7495e+06
95.9750,109.968,-94.9635,41.2344,51268.1,10996.1,1.14838e+07
95.9917,113.612,-98.2257,42.8879,47555.9,11312.3,7.21803e+06
96.0083,112.771,-95.1541,41.6723,50465.9,12981.4,5.31692e+06
96.0250,106.271,-86.564,38.3214,59731.3,13944.5,8.04957e+06
96.0417,104.772,-86.7896,38.1651,58897.1,12675.2,9.4375e+06
96.0583,107.337,-90.2028,41.8995,53040.3,12320.1,1.62991e+07
96.0750,112.094,-97.5434,42.3019,37361.2,12649.8,6.91072e+06
96.0917,111.009,-96.9565,38.5632,37049.7,13443.7,1.44478e+06
96.1083,110.227,-95.2306,36.5324,41047.7,12293.2,1.90214e+06
96.1250,109.311,-94.2109,38.3192,45731.1,11470.3,3.3209e+06
96.1417,111.67,-98.1603,39.2305,42793.3,9723.43,3.51407e+06
96.1583,113.596,-100.74,39.1624,37633.9,11377.5,3.13571e+06
96.1750,110.129,-98.0799,36.796,34436.2,14117,1.34548e+06
96.1917,108.573,-94.6052,37.4709,37235.2,13976.4,2.30973e+06
96.2083,111.517,-96.1596,38.4464,36856.5,11689.9,1.84022e+06
96.2250,112.722,-94.7371,41.7861,39783.9,13406,4.80168e+06
96.2417,114.362,-96.864,41.033,44625.2,15092.5,6.41437e+06
96.2583,114.219,-97.1877,41.5415,45630.7,16032.5,8.47097e+06
96.2750,113.046,-94.8928,42.7708,45141.3,16290.5,1.56956e+07
96.2917,112.351,-93.7008,42.5035,43995.2,14143.8,2.13605e+07
96.3083,112.784,-94.1681,42.3369,40416.5,15739.8,1.59157e+07
96.3250,112.194,-94.047,41.6101,41732.3,16972.8,1.4766e+07
96.3417,112.086,-93.4307,42.0646,44962.4,17152.2,1.739e+07
96.3583,111.613,-93.8037,41.6237,44962.8,16497.5,1.94134e+07
96.3750,114.022,-96.8415,41.8547,41607.4,16474.2,1.90127e+07
96.3917,112.685,-92.7923,43.5459,42580.7,18965.2,2.97911e+07
96.4083,109.641,-86.4729,44.6087,45367.2,20078.8,3.74065e+07
96.4250,108.612,-86.6242,43.3102,45936.6,18679.1,3.53151e+07
96.4417,107.267,-88.4736,41.5918,44031.5,16643,2.46039e+07
96.4583,107.9,-91.3923,39.185,41284,16363.5,1.6638e+07
96.4750,114.773,-99.8783,39.5377,39556.7,16238.8,1.5223e+07
96.4917,111.833,-94.5127,40.3594,43629,17762.1,2.21562e+07
96.5083,109.869,-88.2819,42.2417,48446.5,19530.8,3.23364e+07
96.5250,113.527,-88.3893,44.528,51232.2,20397.1,3.90194e+07
96.5417,113.154,-88.6093,45.0765,51499.6,19926.8,3.90075e+07
96.5583,114.174,-94.5998,41.2633,48705.3,17716.6,2.74228e+07
96.5750,116.076,-98.4656,40.2874,48444.1,16885.9,2.04474e+07
96.5917,115.802,-95.0898,43.4304,51130.2,17754.2,2.48198e+07
96.6083,114.918,-87.7166,48.008,55496.6,19490.7,3.50654e+07
96.6250,117.386,-91.1158,47.0845,55619.2,19370.4,4.08286e+07
96.6417,115.926,-92.5245,44.4229,54772.7,18503.7,3.34042e+07
96.6583,117.238,-95.6969,44.3992,54285,17693.2,2.81689e+07
96.6750,117.326,-94.8448,44.8409,54672.9,17136,2.7874e+07
96.6917,117.038,-93.5602,46.1535,55903.2,17216.8,2.94876e+07
96.7083,117.113,-90.4991,49.8571,58774.8,18446,4.81371e+07
96.7250,116.401,-91.643,47.9304,57601.4,17684.8,5.67723e+07
96.7417,114.278,-91.6232,45.859,56401.7,16530.1,4.50094e+07
96.7583,112.404,-91.0035,44.0156,55772.8,15160.4,3.00675e+07
96.7750,112.611,-91.0597,43.9665,56075.3,14553,4.51505e+07
96.7917,112.283,-90.3107,44.8507,57147.4,15004.6,4.38159e+07
96.8083,114.004,-90.885,45.9829,59641.8,15428.3,6.31085e+07
96.8250,112.532,-87.9197,46.9303,62330.9,15900.4,5.84347e+07
96.8417,111.913,-87.15,47.6468,64016.6,15816.5,6.35398e+07
96.8583,108.537,-84.5869,47.0157,62944.5,15320.1,6.17932e+07
96.8750,107.528,-84.3792,46.5882,60584.2,14689.3,4.97555e+07
96.8917,109.031,-85.8199,46.2236,60275.7,14364,5.68663e+07
96.9083,109.265,-85.6196,47.3186,61248.4,14351.7,6.55882e+07
96.9250,106.108,-83.902,46.0851,59946.1,13699.5,8.66917e+07
96.9417,101.463,-80.8524,44.1151,56949.9,12652.5,1.02124e+08
96.9583,98.1087,-79.6071,41.3663,53944.5,11509,9.55977e+07
96.9750,95.3584,-77.4187,40.2244,49150.7,10164.9,6.91085e+07
96.9917,98.183,-79.4048,41.3276,47174.5,9829.4,4.62183e+07
97.0083,99.644,-78.851,43.1804,51714.3,11174.6,7.44271e+07
97.0250,100.515,-77.9397,43.6626,53045.9,11557.2,5.87506e+07
97.0417,97.7234,-76.4474,42.6174,51180.8,10987.6,5.20177e+07
97.0583,97.8507,-79.7766,41.5484,45689,10080.1,3.84631e+07
97.0750,98.6172,-81.2298,41.6037,43959.9,10123.5,3.1855e+07
97.0917,101.522,-78.6186,45.8448,49134.2,11323.6,3.08336e+07
97.1083,105.978,-78.1586,50.9638,55900.8,12599.9,2.88486e+07
97.1250,107.192,-78.0549,51.5351,56885.2,13111.9,3.49238e+07
97.1417,108.435,-80.4535,51.1097,54813.6,12899,3.36809e+07
97.1583,107.426,-80.2781,49.043,49481.8,12279.1,3.86302e+07
97.1750,106.311,-79.0501,48.96,45918.1,12277,4.70642e+07
97.1917,109.607,-80.818,52.671,48777.6,12823.1,4.55096e+07
97.2083,112.061,-84.4839,54.0663,56827.4,12742,1.44098e+07
97.2250,112.012,-83.8667,55.1714,60262.4,12586.5,1.18884e+07
97.2417,111.771,-84.9064,54.9643,56179.7,11822.5,1.25107e+07
97.2583,111.809,-84.6191,56.2895,52518.8,11619,1.19553e+07
97.2750,111.456,-86.2809,53.6685,46971.7,11225.1,1.31693e+07
97.2917,110.146,-85.2675,52.8575,45502.5,11604.1,1.44577e+07
97.3083,108.849,-85.7885,49.4291,43213.1,11143.2,1.98339e+07
97.3250,106.915,-87.2897,42.9854,36627.6,10034.4,2.85449e+07
97.3417,107.002,-86.835,43.1321,36846.6,10314.8,2.73107e+07
97.3583,108.978,-87.6593,44.6772,38029.7,10445.7,2.12225e+07
97.3750,108.295,-81.8933,52.8807,47596.2,11040.3,1.78064e+07
97.3917,110.075,-80.6936,56.7535,62039.2,11544.8,2.10325e+07
97.4083,110.903,-81.2805,56.3002,57488.9,11490.7,2.43975e+07
97.4250,109.621,-80.021,56.1445,50207.9,11615.6,2.24377e+07
97.4417,109.804,-80.4765,55.5307,45864.9,10785.6,2.18112e+07
97.4583,110.087,-81.3509,55.7169,46162,10921.3,2.30231e+07
97.4750,109.651,-81.8475,54.958,44406.3,10992.1,2.16711e+07
97.4917,109.433,-82.629,54.2767,41133.4,10850.8,1.95817e+07
97.5083,108.369,-81.8975,53.3271,40671.8,10376.4,1.97976e+07
97.5250,108.988,-83.0585,53.8051,38313.3,10050.3,1.88333e+07
97.5417,107.288,-80.518,55.4696,40701.6,10779.6,2.31339e+07
97.5583,105.493,-78.9435,54.897,40768.3,10769.3,2.24002e+07
97.5750,104.429,-79.5346,52.7183,40583.4,10785.3,2.19235e+07
97.5917,104.757,-81.7115,50.8901,36231,10264.9,1.99249e+07
97.6083,105.603,-84.4305,48.4766,33671.6,9636.43,2.03486e+07
97.6250,106.179,-86.5476,45.7273,31857.5,9734.11,1.93615e+07
97.6417,106.969,-87.23,45.6652,30699.7,10132.4,2.22428e+07
97.6583,106.107,-86.1991,45.5638,29466.6,9830.05,2.5391e+07
97.6750,104.447,-85.1983,45.2084,29547.6,9379.12,2.62663e+07
97.6917,104.25,-84.6096,46.0431,30526.2,9186.98,2.54151e+07
97.7083,105.62,-85.6932,46.3915,31787.5,9157.71,2.55602e+07
97.7250,104.8,-85.2429,45.8061,36855.6,9319.47,2.60542e+07
97.7417,104.578,-86.1775,44.0831,35870.8,8932,2.6354e+07
97.7583,105.525,-88.6729,42.1262,31651.9,8552.83,2.4944e+07
97.7750,105.74,-89.8235,40.2141,27257.1,8236.71,2.59198e+07
97.7917,107.1,-92.3496,38.0992,24647.1,7842.18,2.72609e+07
97.8083,107.138,-93.3503,36.0894,23416.7,7771.98,2.57876e+07
97.8250,107.866,-94.9646,34.3006,23236.7,7659.52,2.44057e+07
97.8417,107.92,-94.8499,34.2509,23733.2,7821.98,2.48167e+07
97.8583,105.813,-92.7153,33.3084,25341.9,8002.03,2.82772e+07
97.8750,104.818,-91.6362,33.5328,25408.8,7785.05,3.03196e+07
97.8917,103.568,-90.7206,33.3219,24893.1,7652.79,2.95463e+07
97.9083,103.695,-91.1655,33.4091,22651.6,7145.81,2.71533e+07
97.9250,104.09,-92.0643,32.7986,22199.7,6992.17,2.51796e+07
97.9417,104.934,-93.2137,32.4867,22388.6,7008.74,2.62108e+07
97.9583,105.93,-94.6966,31.7367,21590.8,6888.48,2.76036e+07
97.9750,106.469,-96.0156,30.0664,20726.4,6499.75,2.69145e+07
97.9917,107.24,-97.4823,28.4015,19430.4,6011.37,2.52405e+07
98.0083,108.406,-98.8942,27.6286,18842.7,5218.74,2.49597e+07
98.0250,109.362,-99.4846,27.8149,18866.8,4754.2,2.99759e+07
98.0417,109.976,-99.993,27.6941,18466.2,4640.7,3.62712e+07
98.0583,110.241,-101.105,26.2406,16622.5,3885.54,4.35546e+07
98.0750,110.478,-101.834,25.1372,15401,3910.27,3.76117e+07
98.0917,112.371,-103.007,25.1642,15342.1,4038.16,3.97427e+07
98.1083,116.097,-105.131,26.6073,14627.5,3483.7,4.38347e+07
98.1250,122.612,-113.035,26.3646,7982.21,1453.99,4.08078e+07
98.1417,128.241,-120.715,24.811,1911.99,358.147,2.07333e+07
98.1583,130.743,-124.335,21.9218,101.452,8.02957,1.29109e+07
98.1750,130.641,-124.002,22.5384,190.287,29.6296,1.54387e+07
98.1917,130.042,-123.274,22.6167,176.854,15.8772,1.53088e+07
98.2083,128.695,-121.996,21.7756,238.893,12.6955,1.85403e+07
98.2250,127.065,-120.17,21.3451,245.368,8.91168,2.62329e+07
98.2417,126.371,-118.799,21.4849,392.152,22.4566,4.06901e+07
98.2583,125.976,-117.82,21.9915,810.637,56.2871,4.26006e+07
98.2750,126.881,-118.708,21.4206,2126.41,44.9589,3.72731e+07
98.2917,126.988,-118.728,20.722,4231.05,72.1317,4.20871e+07
98.3083,128.853,-120.547,20.9479,5032.12,128.655,3.68908e+07
98.3250,130.665,-123.009,19.4535,4420.73,134.179,2.72381e+07
98.3417,131.459,-124.57,17.9028,5846.24,124.135,2.19953e+07
98.3583,132.722,-126.701,16.2899,5069.4,131.882,1.72924e+07
98.3750,133.496,-127.844,14.9118,4122.17,136.631,1.74965e+07
98.3917,133.979,-128.443,14.5839,4005.82,94.6757,1.64096e+07
98.4083,135.465,-129.993,14.484,5154.25,49.6356,1.61415e+07
98.4250,136.656,-131.025,14.7393,6057.35,40.38,1.53621e+07
98.4417,136.73,-131.146,14.5768,6336.39,25.801,1.505e+07
98.4583,136.883,-131.55,14.4014,6468.54,20.4598,1.53375e+07
98.4750,139.252,-133.543,16.0531,6230.59,11.1401,1.85992e+07
98.4917,141.312,-135.111,17.4598,6845.62,7.32713,1.97696e+07
98.5083,143.589,-136.297,19.5482,5865.1,5.2932,2.15888e+07
98.5250,144.959,-136.554,21.6591,5994.36,5.22363,2.17538e+07
98.5417,148.235,-139.887,21.9659,2524.73,4.53799,2.68496e+07
98.5583,154.554,-148.725,18.5163,155.061,3.91458,2.36486e+07
98.5750,154.983,-149.879,16.2074,114.631,4.09087,1.14137e+07
98.5917,153.913,-147.993,19.5308,168.458,2.97051,1.10841e+07
98.6083,152.578,-146.473,20.2143,199.297,3.36133,1.36857e+07
98.6250,152.346,-146.775,18.301,188.577,2.28232,1.60975e+07
98.6417,152.705,-147.701,16.0218,149.125,2.12659,1.38724e+07
98.6583,152.992,-148.001,15.5588,135.6,1.41423,1.29883e+07
98.6750,153.91,-148.376,17.2351,136.045,2.02296,1.16514e+07
98.6917,154.383,-148.497,18.2154,172.083,7.24116,8.23205e+06
98.7083,155.941,-149.594,19.7181,302.212,25.4935,8.64401e+06
98.7250,161.584,-154.374,19.9657,915.236,88.0374,9.12789e+06
98.7417,162.678,-152.424,15.0501,5332.58,494.204,1.39692e+07
98.7583,149.322,-137.93,16.2971,20525.2,1801.9,1.45245e+07
98.7750,147.761,-135.622,17.9989,20919.5,1417.16,1.88973e+07
98.7917,142.355,-127.559,17.5903,21144.1,1013.17,2.15149e+07
98.8083,150.845,-136.657,21.4873,7997.83,453.798,1.77316e+07
98.8250,157.108,-144.554,24.4461,2941.22,178.447,1.19543e+07
98.8417,152.788,-139.706,23.975,3504.74,194.379,1.25606e+07
98.8583,153.575,-138.621,25.5562,5159.21,280.37,9.47661e+06
98.8750,145.289,-128.512,29.3981,6136.37,302.594,9.29883e+06
98.8917,142.112,-124.068,26.7146,8614.54,463.899,9.03368e+06
98.9083,148.497,-127.673,29.5081,5984.89,378.077,9.07457e+06
98.9250,150.273,-132.65,19.6722,6737.35,423.484,8.79546e+06
98.9417,156.137,-137.299,24.6988,11195.7,637.829,7.35885e+06
98.9583,146.049,-125.526,21.6681,48551.7,2066.8,6.24628e+06
98.9750,130.582,-114.781,37.179,353190,15211.9,4.07616e+06
98.9917,130.606,-115.323,40.7402,476737,24485,2.32061e+06
99.0083,133.088,-115.115,46.3244,719718,48911.1,4.46641e+06
99.0250,133.631,-116.733,43.5216,553837,32875.2,1.47417e+07
99.0417,130.92,-114.782,41.727,524725,26343.6,2.19394e+07
99.0583,124.614,-105.306,47.5214,595922,42330.6,3.36572e+07
99.0750,124.864,-104.77,50.4927,611060,50194.4,2.75509e+07
99.0917,125.581,-100.375,57.3701,770300,78477.7,2.32936e+07
99.1083,126.911,-98.8808,61.8516,861444,105775,3.83184e+07
99.1250,126.485,-98.721,61.3315,1.07072e+06,151089,3.52413e+07
99.1417,128.072,-99.6223,61.5643,1.14915e+06,140915,1.59126e+07
99.1583,125.172,-97.5864,60.5053,1.07818e+06,124527,1.54881e+07
99.1750,124.073,-102.957,51.2622,930823,114224,1.96865e+07
99.1917,123.3,-104.148,48.7279,885960,109667,1.24131e+07
99.2083,123.11,-103.965,48.1272,832546,102020,1.47193e+07
99.2250,124.142,-103.168,50.8047,844450,97395.1,1.75421e+07
99.2417,122.335,-99.7003,53.231,916090,111334,1.33279e+07
99.2583,125.362,-102.182,54.5971,853235,91590.7,1.682e+07
99.2750,127.04,-104.499,54.2924,858962,101311,1.51302e+07
99.2917,124.954,-104.572,50.99,760637,110068,1.28372e+07
99.3083,123.309,-102.977,50.8128,762111,109161,1.44994e+07
99.3250,123.318,-102.876,51.1701,824042,92652.3,3.52093e+07
99.3417,120.939,-98.7291,53.5603,812606,88171,3.19133e+07
99.3583,119.417,-96.3305,54.5848,764656,69448,3.20338e+07
99.3750,120.832,-97.9253,54.5511,713611,60870,2.8933e+07
99.3917,120.61,-100.399,50.2951,626999,41619,2.54143e+07
99.4083,117.094,-98.5242,46.7546,633384,30325,1.98694e+07
99.4250,115.671,-97.9261,45.1714,651192,29726.4,1.84627e+07
99.4417,117.303,-100.025,44.6718,602123,23369.8,1.74759e+07
99.4583,115.071,-96.8981,45.9938,617931,23297.2,1.90434e+07
99.4750,111.816,-92.5713,47.1543,635864,23641.9,2.09916e+07
99.4917,110.405,-89.1084,50.4198,673262,22891.8,2.83287e+07
99.5083,112.705,-90.3928,52.44,722628,24870.7,2.1991e+07
99.5250,114.332,-94.2513,49.3266,733319,24724.8,1.76986e+07
99.5417,114.637,-94.1744,49.9456,761399,23845.4,2.50177e+07
99.5583,115.546,-95.2358,49.6458,696886,19272.9,2.76661e+07
99.5750,116.436,-92.1129,55.441,855795,25568.2,3.31643e+07
99.5917,121.476,-99.7005,52.8675,751610,26819.3,3.88579e+07
99.6083,119.59,-97.626,52.7415,789222,26874.1,3.6012e+07
99.6250,117.802,-94.687,53.6769,709757,15995.5,2.50655e+07
99.6417,115.273,-88.1235,58.0942,720300,17980.6,4.40094e+07
99.6583,112.702,-86.1388,56.6148,690343,18348.8,4.81607e+07
99.6750,113.694,-88.625,53.4894,678951,20531.8,4.98162e+07
99.6917,118.704,-90.8031,56.6031,688351,21376.5,5.91236e+07
99.7083,117.445,-91.1531,53.9123,621944,19504.5,6.30124e+07
99.7250,113.987,-89.4281,51.0741,573456,14402.4,5.72179e+07
99.7417,113.836,-93.9752,47.2799,453254,9846.12,3.75367e+07
99.7583,118.496,-100.516,45.8793,387851,9520.22,4.37658e+07
99.7750,120.441,-100.544,48.9875,399583,10736.8,5.17706e+07
99.7917,116.642,-91.084,56.5335,488274,13560.2,6.31119e+07
99.8083,113.862,-86.3323,58.5036,524842,14441.2,5.25731e+07
99.8250,116.169,-83.811,64.0683,612769,21069.3,4.00886e+07
99.8417,119.296,-87.9993,63.5233,523444,19631.3,3.78594e+07
99.8583,120.591,-87.3922,65.7839,513847,23799.9,2.7718e+07
99.8750,119.342,-84.7471,67.1038,557824,30649.9,2.82947e+07
99.8917,116.428,-86.4675,61.6012,488650,23348,3.62532e+07
99.9083,113.708,-90.7415,52.724,370714,18760.2,4.15822e+07
99.9250,113.211,-93.0254,48.5233,311555,16648.7,3.5997e+07
99.9417,115.085,-96.4076,46.3493,260401,15456.5,4.36291e+07
99.9583,114.18,-96.1786,45.1024,266921,15428.2,4.00713e+07
99.9750,113.803,-96.0209,43.5506,277934,16289.3,4.82745e+07
99.9917,113.391,-94.1248,44.9714,293839,17879.9,4.3367e+07
100.0083,113.347,-94.5244,44.7488,293759,18688.3,4.46647e+07
100.0250,112.258,-93.0937,45.2234,321313,20096,3.57102e+07
100.0417,111.526,-92.5896,44.6768,382176,19223.4,3.14825e+07
100.0583,110.034,-90.9987,44.9625,492942,17477.1,3.26667e+07
100.0750,110.333,-92.5611,42.8841,428750,19288.5,3.76905e+07
100.0917,111.34,-94.9106,40.3135,352237,19269.9,4.29146e+07
100.1083,111.119,-95.9127,38.0374,305295,19618.5,4.34774e+07
100.1250,110.998,-96.6832,36.3431,301955,19016.7,3.34936e+07
100.1417,109.518,-94.782,36.8455,356163,21199.1,2.94057e+07
100.1583,108.551,-92.9529,38.5219,356671,22423.5,2.77025e+07
100.1750,108.081,-93.0797,37.7904,330310,23488.7,2.83812e+07
100.1917,107.856,-92.381,38.1498,324242,25043,2.66227e+07
100.2083,108.222,-92.7861,38.251,334158,26626.1,2.5856e+07
100.2250,107.704,-93.6354,36.3214,347109,26224.4,2.52326e+07
100.2417,108.717,-94.6517,36.756,339364,25760.5,2.1204e+07
100.2583,109.459,-95.3472,37.3519,308449,26388.3,2.14096e+07
100.2750,109.989,-96.4284,36.3566,301019,25964.8,2.09898e+07
100.2917,110.166,-96.5756,36.0646,350153,26574.8,2.38411e+07
100.3083,110.276,-97.1345,35.1708,336131,25929.1,2.97826e+07
100.3250,110.111,-97.2355,34.5624,305646,25476,3.18934e+07
100.3417,110.714,-97.951,34.4077,286883,24267.1,3.32811e+07
100.3583,110.136,-95.9919,37.1286,325363,25346.6,2.60358e+07
100.3750,109.341,-94.0943,39.0562,342993,26258.8,2.60619e+07
100.3917,108.392,-93.3937,38.2907,296171,26520.9,2.8115e+07
100.4083,109.026,-94.5036,37.2342,270286,26272.7,2.80951e+07
100.4250,108.703,-93.9493,37.4988,252563,25435.1,2.43672e+07
100.4417,108.814,-93.2342,38.9155,256595,24518.2,2.53974e+07
100.4583,108.707,-94.2029,36.9223,208932,21802.2,2.46016e+07
100.4750,108.424,-94.9962,35.1188,165120,19566.5,2.20302e+07
100.4917,108.866,-96.9444,32.6959,133947,17303.9,2.05953e+07
100.5083,110.48,-100.08,30.0992,100622,14239.1,2.3415e+07
100.5250,111.9,-101.413,30.6632,88296.2,12932.8,2.13181e+07
100.5417,111.425,-100.45,31.7034,87306.7,12948,2.19036e+07
100.5583,110.946,-99.3623,32.851,87673.5,13151,2.20184e+07
100.5750,110.611,-98.6415,33.3871,84418.8,13128.7,2.155e+07
100.5917,110.55,-98.8694,32.6882,80346.5,12797.9,2.13893e+07
100.6083,110.484,-99.2003,32.0308,81019.6,12403,2.22202e+07
100.6250,109.92,-98.6732,31.7748,80812.8,12061.2,2.12418e+07
100.6417,110.272,-99.3182,30.9451,74241.4,10709.6,2.00051e+07
100.6583,111.461,-100.881,29.906,65999.5,9039.69,1.91057e+07
100.6750,113.46,-102.782,29.8768,62236.6,8336.15,1.92264e+07
100.6917,114.472,-103.803,29.5354,60502.9,8414.94,1.87803e+07
100.7083,115.253,-104.669,29.3652,61386.3,9545.19,1.83203e+07
100.7250,115.549,-105.079,29.3939,62638,10418.3,1.78207e+07
100.7417,115.575,-105.097,29.5344,62813.6,10640.2,1.83418e+07
100.7583,115.549,-104.9,29.7993,60634.9,10319,2.25688e+07
100.7750,116.037,-105.34,29.6628,57959,9372.24,1.96237e+07
100.7917,116.906,-105.922,30.2236,52848.3,8271.69,1.7966e+07
100.8083,117.378,-106.226,30.8656,49133,8276.19,1.78507e+07
100.8250,117.725,-106.625,31.4073,48036,8522.18,1.81512e+07
100.8417,118.019,-106.968,31.6916,48858.8,8472.67,1.69568e+07
100.8583,117.959,-106.773,32.1207,49935.6,8509.23,1.75541e+07
100.8750,117.694,-106.42,32.3334,48245.9,9624.92,1.80431e+07
100.8917,117.852,-106.57,32.4015,46351,10549.6,1.82186e+07
100.9083,117.721,-106.431,32.3566,44343.7,11051.1,1.94872e+07
100.9250,117.74,-106.496,32.1838,42974.1,10046.1,2.09013e+07
100.9417,116.978,-105.839,31.8751,42813.1,11331.2,2.23798e+07
100.9583,116.76,-105.64,31.8692,45270.3,13119.6,2.44931e+07
100.9750,116.403,-105.329,31.7647,44901.7,12638.1,2.63071e+07
100.9917,116.743,-105.678,31.7032,41595.2,11053.5,2.59778e+07
101.0083,117.501,-106.463,31.5994,36781.9,9315.7,2.53274e+07
101.0250,118.316,-107.339,31.5646,30790.7,8119.04,2.36558e+07
101.0417,119.044,-108.176,31.4534,25755.5,7473.74,2.43718e+07
101.0583,119.846,-109.012,31.507,21790.5,6996.08,2.56474e+07
101.0750,120.722,-109.985,31.3913,20672.3,7186.7,2.42441e+07
101.0917,121.788,-111.065,31.3791,18558.1,6730.61,2.2671e+07
101.1083,122.763,-112.01,31.475,16867.7,6273.9,2.32099e+07
101.1250,123.428,-112.598,31.6817,17985.4,6718.74,2.35511e+07
101.1417,123.601,-112.625,31.9033,20025.5,7205.26,2.6422e+07
101.1583,123.7,-112.706,31.7357,21390.5,7256.27,2.621e+07
101.1750,123.878,-112.826,31.7621,23245.9,7643.13,3.12193e+07
101.1917,124.142,-113.031,31.7329,24029.5,8017.8,3.11949e+07
101.2083,124.668,-113.459,31.8632,23523.3,8537.75,2.93151e+07
101.2250,125.492,-114.256,31.9172,24284.1,9437.12,2.61538e+07
101.2417,127.621,-116.011,32.9748,21760.6,8076.06,2.32826e+07
101.2583,129.861,-117.751,34.3961,16444.5,5620.61,2.34594e+07
101.2750,131.438,-118.937,35.3562,12671.6,3975.43,2.51965e+07
101.2917,132.72,-119.735,36.5819,11144.7,3350.47,2.27973e+07
101.3083,133.277,-120.244,36.7123,9138.03,2817.27,1.81499e+07
101.3250,133.422,-120.449,36.5956,6595.25,2033.76,1.70755e+07
101.3417,133.486,-120.363,37.0172,7082.88,2206.58,1.70659e+07
101.3583,133.004,-120.014,36.7483,7782.26,2394.41,1.53314e+07
101.3750,133.209,-120.226,36.7798,8198.89,2376.19,1.47223e+07
101.3917,133.143,-120.273,36.5967,8449.54,2254.78,1.47026e+07
101.4083,132.961,-120.11,36.7235,8900.36,2117.92,1.44516e+07
101.4250,132.473,-119.629,36.7627,8090.72,1685.31,1.32248e+07
101.4417,131.829,-119.08,36.3379,8941.73,1559.93,1.37375e+07
101.4583,131.413,-118.853,35.962,8904.34,1375.42,1.30853e+07
101.4750,131.558,-118.867,36.3975,7095.58,1033.8,1.20503e+07
101.4917,131.548,-118.857,36.4012,6584.81,903.462,1.1695e+07
101.5083,131.829,-119.159,36.3551,6109.05,863.197,1.13995e+07
101.5250,131.867,-119.232,36.3006,6657.64,905.871,1.21468e+07
101.5417,131.855,-119.287,36.1694,7105.59,914.747,1.1217e+07
101.5583,132.243,-119.75,35.9978,6566.97,914.843,1.07882e+07
101.5750,132.577,-120.528,35.0395,6208.81,910.009,1.07437e+07
101.5917,133.445,-121.391,35.1467,5285.06,674.754,1.05616e+07
101.6083,134.631,-122.931,34.2391,3242.75,426.865,1.05645e+07
101.6250,135.708,-124.348,33.4499,1900.14,354.755,1.0299e+07
101.6417,136.588,-125.152,33.8339,1303.72,281.216,1.08673e+07
101.6583,137.099,-125.709,33.7754,1025.6,224.822,1.05152e+07
101.6750,136.933,-125.459,33.6002,625.875,146.584,1.55768e+07
101.6917,134.221,-122.999,32.5058,2751.77,739.858,2.12672e+07
101.7083,129.742,-117.486,34.8739,8642.26,1987.25,3.46567e+07
101.7250,126.668,-114.869,33.5557,17228.4,3620.87,4.23246e+07
101.7417,122.14,-106.711,40.4744,58847.5,8454.76,4.42944e+07
101.7583,119.575,-102.86,43.0121,76468.4,11848.1,4.01841e+07
101.7750,115.778,-96.7898,46.6215,123528,11855.9,3.59752e+07
101.7917,115.492,-95.5968,47.9088,108703,13617.9,2.90279e+07
101.8083,115.057,-95.6585,46.7913,102623,21184.6,2.84724e+07
101.8250,114.796,-96.2877,45.0262,102551,21082.8,3.54902e+07
101.8417,114.573,-97.0093,43.5274,133841,20135.7,3.29596e+07
101.8583,114.225,-97.1195,43.0565,121925,16221.7,2.65692e+07
101.8750,113.737,-97.2976,41.9839,113962,12907,2.59591e+07
101.8917,113.783,-98.1884,40.6815,120862,12095.4,2.64106e+07
101.9083,114.171,-98.2732,41.4067,120109,12181.2,3.10294e+07
101.9250,114.486,-98.3668,41.9904,106938,12345.9,2.94869e+07
101.9417,113.774,-98.8235,39.8126,101743,11323.2,2.8653e+07
101.9583,113.126,-98.5291,39.0711,91706.5,10761.9,2.8823e+07
101.9750,113.143,-98.1266,39.8635,93450.3,11092.9,2.54427e+07
101.9917,113.573,-99.4893,38.1161,76527.3,9657.06,2.41646e+07
102.0083,113.185,-100.034,36.1587,70134.6,8970.99,2.16753e+07
102.0250,112.374,-99.3799,35.3777,79717.6,8827.23,2.17703e+07
102.0417,112.092,-99.0321,34.9956,107936,9571.45,1.91358e+07
102.0583,112.711,-99.5089,35.4785,112056,9607.87,1.95065e+07
102.0750,111.347,-98.6175,34.3554,112988,8947.22,1.99419e+07
102.0917,110.417,-97.7116,34.0396,107582,9043.86,2.4322e+07
102.1083,111.01,-98.1262,34.5372,85256.2,8370.47,2.84121e+07
102.1250,110.923,-98.0506,34.7848,88495.1,7490.82,3.09826e+07
102.1417,109.777,-96.6859,35.1296,92811.4,7627.08,2.93383e+07
102.1583,110.163,-96.7538,35.6604,89015.4,7160.25,3.16165e+07
102.1750,110.237,-96.696,35.6969,75923,7782.16,3.40211e+07
102.1917,110.362,-96.7066,35.3164,78563.3,7865.3,3.77976e+07
102.2083,113.978,-100.456,32.8099,55530.9,6444.58,4.65589e+07
102.2250,122.747,-110.576,26.9096,4065.66,570.54,5.46091e+07
102.2417,124.91,-111.924,27.7511,9372.51,1404.98,5.21812e+07
102.2583,114.536,-99.1724,36.74,53828.7,7429.29,7.99802e+07
102.2750,112.663,-96.974,38.3468,56891.3,9892,8.6484e+07
102.2917,112.582,-97.2499,38.4947,58190.4,10536.2,8.3019e+07
102.3083,113.364,-98.8988,37.2244,76032.7,9336.3,7.38975e+07
102.3250,115.072,-101.269,35.7336,83561,9422.58,6.1053e+07
102.3417,114.376,-100.026,36.9718,82654.8,9880.11,4.58795e+07
102.3583,114.179,-98.545,39.5707,78056.7,11461.2,6.15446e+07
102.3750,114.63,-98.7091,40.4601,122355,11703.9,8.10516e+07
102.3917,114.893,-99.6601,39.509,75130.4,11364.8,5.95448e+07
102.4083,117.124,-101.782,39.9829,37227.8,11895.3,5.12301e+07
102.4250,117.102,-101.201,40.9572,57233.8,14068.2,5.14254e+07
102.4417,116.12,-99.9103,41.72,87132.6,16409.2,5.12688e+07
102.4583,115.224,-99.4369,41.0078,100161,15144,4.8381e+07
102.4750,114.947,-99.4446,40.3558,112206,14817.3,4.82062e+07
102.4917,114.415,-98.8206,40.4038,124346,14693.4,4.80913e+07
102.5083,114.152,-99.5484,38.5688,137468,13125.4,4.51385e+07
102.5250,114.64,-100.128,38.4681,135720,14770.1,4.0099e+07
102.5417,114.374,-98.9101,40.1879,124748,16573.5,4.08195e+07
102.5583,114.265,-98.1191,41.4906,119361,18071.6,4.59712e+07
102.5750,114.152,-97.4585,42.3642,137141,16857.7,5.1778e+07
102.5917,114.755,-97.5354,43.1706,134075,13242.7,5.65665e+07
102.6083,115.889,-98.5639,43.705,119511,13124.1,5.45651e+07
102.6250,116.044,-98.6744,44.0395,142961,15387.9,5.37722e+07
102.6417,115.121,-98.7336,42.5571,138867,16483.3,5.36379e+07
102.6583,114.404,-98.6203,41.4355,106828,15046.5,4.72269e+07
102.6750,114.552,-99.3337,40.4105,87655.4,13360.7,4.28631e+07
102.6917,116.2,-101.179,40.2055,84346.2,14036.4,3.75888e+07
102.7083,117.045,-101.293,41.6159,83431.9,16022.9,4.26982e+07
102.7250,118.064,-101.633,42.9034,96654.2,16778.9,3.80008e+07
102.7417,117.634,-101.071,43.2183,108613,15661.4,3.94993e+07
102.7583,117.996,-101.385,43.3478,125331,14612.8,3.32093e+07
102.7750,117.494,-100.904,43.2785,147882,14236.4,3.2229e+07
102.7917,117.403,-100.771,43.339,159600,13830.3,3.0897e+07
102.8083,117.083,-100.318,43.5374,164197,13775.7,3.45566e+07
102.8250,116.604,-99.6267,43.8773,166359,13090.1,4.03201e+07
102.8417,115.77,-98.6167,44.1035,174560,12696.4,4.67307e+07
102.8583,115.462,-97.98,44.6454,189749,13325.9,4.76901e+07
102.8750,114.908,-97.1791,45.0149,204262,13993.8,5.00915e+07
102.8917,114.109,-96.1372,45.3393,227543,15659.1,5.42471e+07
102.9083,113.972,-95.4464,46.2617,248042,17036.4,4.99781e+07
102.9250,114.255,-95.5046,46.6502,259125,19341,4.7226e+07
102.9417,114.944,-95.8708,47.3159,263497,22538.3,4.39065e+07
102.9583,115.48,-95.6602,48.6147,284290,24515.6,4.84568e+07
102.9750,115.987,-95.562,49.6499,302479,24459.9,4.90035e+07
102.9917,116.873,-95.5468,51.211,315860,23745.2,3.90943e+07
103.0083,117.445,-95.5529,52.1674,322462,21865.9,3.69083e+07
103.0250,117.622,-94.5119,54.0491,319673,21392,3.73212e+07
103.0417,118.126,-95.1073,53.9441,286485,20950.2,3.18854e+07
103.0583,119.286,-96.2701,54.1991,283679,21986.3,2.77242e+07
103.0750,119.917,-96.7031,54.584,296717,20588.2,3.39257e+07
103.0917,119.657,-95.5492,55.7979,334010,19589,3.84478e+07
103.1083,120.995,-96.3156,56.7906,348688,23530.3,3.85217e+07
103.1250,122.66,-98.1598,56.8673,341504,24912.4,3.06976e+07
103.1417,123.339,-99.213,56.4227,324721,22886.9,2.52337e+07
103.1583,122.811,-98.2844,56.9055,340467,21669.1,2.73242e+07
103.1750,122.108,-98.4824,55.5136,332721,20218.2,2.79778e+07
103.1917,120.572,-97.725,54.1176,325708,18765.8,2.31715e+07
103.2083,119.914,-97.0522,54.049,327771,19480.6,2.35608e+07
103.2250,120.109,-97.2957,54.0002,328102,19667.5,2.42729e+07
103.2417,120.563,-97.6907,54.0955,331343,19422.6,2.52565e+07
103.2583,120.626,-97.9155,53.8176,331563,19152.3,2.43799e+07
103.2750,120.979,-98.4518,53.6125,321768,18681.8,2.40654e+07
103.2917,121.448,-98.441,54.3757,311252,18635.5,2.39751e+07
103.3083,121.93,-98.8734,54.4468,311176,18846.9,2.41815e+07
103.3250,121.832,-99.0317,54.0621,308474,19435.9,2.43137e+07
103.3417,121.541,-98.6842,54.1271,310997,19811.9,2.60814e+07
103.3583,121.583,-98.5243,54.4747,303042,18818.3,2.92647e+07
103.3750,121.691,-98.2093,55.1498,305401,18408.8,3.46137e+07
103.3917,122.211,-98.1985,56.0176,306467,18808.5,4.01608e+07
103.4083,122.63,-98.0578,56.8458,309511,20347.1,4.18359e+07
103.4250,123.181,-98.1768,57.6049,310311,20344.1,5.41902e+07
103.4417,124.146,-99.7255,57.0251,298318,18623.4,5.3673e+07
103.4583,124.665,-99.8299,57.5991,299441,18476.3,5.02745e+07
103.4750,123.96,-98.7162,57.8213,318808,18780,4.60902e+07
103.4917,123.249,-98.107,57.5561,327404,18418.3,4.36647e+07
103.5083,123.617,-98.8048,57.2123,332994,18336.3,4.36695e+07
103.5250,123.184,-98.5939,56.6788,347230,18596.9,4.26639e+07
103.5417,122.061,-98.1196,55.3874,350241,17943.6,3.05365e+07
103.5583,121.537,-97.8314,55.292,352769,17230.8,3.89263e+07
103.5750,121.842,-98.455,54.8733,363480,17123.5,4.09066e+07
103.5917,121.175,-98.6752,53.1475,373799,16566,2.37636e+07
103.6083,120.494,-98.053,52.9804,393215,16376.8,2.65763e+07
103.6250,120.338,-97.0345,54.6091,398357,16551.9,4.03973e+07
103.6417,119.956,-96.985,53.9895,396962,16770.5,3.72344e+07
103.6583,119.549,-98.3347,51.05,388047,15464.7,3.40693e+07
103.6750,118.825,-98.3608,49.7847,401687,14916.5,3.1365e+07
103.6917,117.744,-96.7253,50.7881,428661,15333.5,2.35814e+07
103.7083,117.628,-96.6651,50.7749,437546,15294.6,2.27203e+07
103.7250,117.385,-96.78,49.9734,436178,15192.7,2.00806e+07
103.7417,117.279,-96.783,49.7397,463265,15227.8,2.04765e+07
103.7583,117.422,-96.7465,50.0557,470166,15571.9,2.11583e+07
103.7750,118.107,-97.2766,50.3613,439308,15536.9,1.99321e+07
103.7917,118.921,-98.3896,49.9037,375524,15318.8,2.12229e+07
103.8083,119.277,-99.1112,49.3055,350483,14956.5,2.10745e+07
103.8250,118.577,-98.3256,49.4458,345351,15290.7,2.19683e+07
103.8417,116.726,-96.8032,48.6606,347796,15742.2,2.27096e+07
103.8583,117.414,-97.1881,49.2167,352602,15602.3,2.3036e+07
103.8750,117.125,-97.359,48.1727,371628,15369.7,2.3887e+07
103.8917,117.118,-97.2599,48.311,379444,15235.4,2.4167e+07
103.9083,118.49,-98.5062,48.8099,377288,15157,2.60129e+07
103.9250,119.468,-99.2651,49.3308,377790,15208.6,2.66317e+07
103.9417,120.325,-99.8169,49.6153,369988,15155.6,2.6726e+07
103.9583,119.076,-97.523,50.5179,404742,15770.3,2.96868e+07
103.9750,118.595,-97.2347,50.4377,401675,15585,3.04228e+07
103.9917,118.011,-96.1874,51.4956,388499,15726.3,3.33197e+07
104.0083,117.273,-96.0444,50.4986,374280,15636.7,3.39196e+07
104.0250,117.507,-96.3268,50.1647,311994,15437.1,3.66292e+07
104.0417,117.444,-95.0308,51.5597,231394,15661.7,3.75113e+07
104.0583,117.466,-95.6685,50.847,189055,16004.8,3.85695e+07
104.0750,116.41,-94.0549,51.4937,182209,16481,4.31478e+07
104.0917,115.778,-92.2062,52.5038,176011,16231,3.39884e+07
104.1083,113.539,-90.3287,51.751,174894,16631.1,2.87038e+07
104.1250,113.151,-89.8869,52.2464,197395,16425.7,3.07224e+07
104.1417,114.646,-91.4676,52.2872,196205,16336.3,2.9378e+07
104.1583,116.87,-93.5537,52.553,186629,16410.7,3.04232e+07
104.1750,118.602,-94.9708,53.2323,160637,16612.3,3.75149e+07
104.1917,120.998,-97.0289,53.9859,131661,15951.1,4.51517e+07
104.2083,122.75,-98.6004,54.687,115532,15799.7,5.17741e+07
104.2250,125.596,-101.549,55.0621,102120,14846.5,4.76829e+07
104.2417,127.047,-103.112,54.8045,91648.5,14010.6,4.63267e+07
104.2583,127.753,-103.014,55.8199,88991.4,13908.2,4.81767e+07
104.2750,129,-104.617,56.1766,84399.6,12823.8,4.48788e+07
104.2917,128.234,-103.683,56.3895,82237.2,14356.6,4.90862e+07
104.3083,127.135,-101.438,56.3151,84582.3,13921.7,5.03341e+07
104.3250,126.438,-101.231,55.5372,83918.9,11667.5,5.14373e+07
104.3417,126.759,-103.214,54.9185,67111.5,10621.7,4.75756e+07
104.3583,129.565,-106.888,55.1266,53842.5,9244.38,3.56404e+07
104.3750,132.314,-108.122,56.8195,51756,7761.33,4.41304e+07
104.3917,131.405,-104.322,57.6899,61761.5,7496.81,4.64635e+07
104.4083,126.902,-99.9716,56.6995,59291.4,7526.4,4.97004e+07
104.4250,123.886,-99.8362,56.1673,48130.9,9011.14,4.55005e+07
104.4417,123.555,-99.9081,55.0708,57058.8,11607.2,5.37128e+07
104.4583,121.253,-95.5319,54.7625,58045.1,9230.12,5.02482e+07
104.4750,118.492,-92.8921,54.3995,49337.8,9348.94,5.59995e+07
104.4917,119.64,-96.7778,54.2606,38687,9884.13,4.82853e+07
104.5083,122.421,-99.9592,54.1993,37357.7,10108,4.77859e+07
104.5250,123.354,-99.0658,54.9382,38114.8,8150.67,5.383e+07
104.5417,124.143,-98.2293,54.8241,36479.1,7409.24,5.19371e+07
104.5583,125.186,-100.893,55.0556,29838.8,7076.02,3.78522e+07
104.5750,126.327,-103.9,55.6301,28217.1,6631.13,3.10562e+07
104.5917,124.834,-101.502,55.2628,31625.7,7011.16,4.24885e+07
104.6083,124.525,-99.3449,55.5807,31611.1,8078.36,4.99401e+07
104.6250,124.351,-99.7165,55.9943,30858.1,8478.66,3.99248e+07
104.6417,121.757,-97.7307,55.44,32531.3,9606.05,4.30148e+07
104.6583,119.984,-96.9317,54.4784,30819.5,9337.78,3.59409e+07
104.6750,119.992,-97.1184,55.041,33319.4,12656.6,4.61439e+07
104.6917,120.163,-96.8291,55.2013,35105.5,14409,5.06506e+07
104.7083,119.891,-95.2815,55.2095,35738.5,14440.6,5.00499e+07
104.7250,120.405,-95.9532,55.9236,34489.4,14498,4.34511e+07
104.7417,122.797,-99.755,56.4899,32879.9,13894.4,3.55614e+07
104.7583,124.056,-101.517,56.1661,30682.4,9378.67,3.32245e+07
104.7750,123.115,-99.1575,56.1758,30535.2,7445.17,3.77379e+07
104.7917,122.946,-97.9881,57.3547,29514.3,5982.73,3.42756e+07
104.8083,123.673,-99.2436,58.1854,28086.9,4853.68,4.03755e+07
104.8250,124.103,-99.3344,58.2378,25756.6,4857.03,4.3106e+07
104.8417,122.417,-97.6768,57.4886,20468.3,4597.34,4.2233e+07
104.8583,121.829,-97.2614,58.0608,20748.5,4586.34,4.76793e+07
104.8750,122.592,-98.3892,58.4757,22110.1,4738.38,5.43512e+07
104.8917,120.89,-95.5271,57.398,23019.8,4877.41,5.16955e+07
104.9083,119.558,-93.4389,57.3238,22325.7,4844.95,5.24284e+07
104.9250,121.183,-96.25,58.7316,21287.9,5024.48,6.14593e+07
104.9417,121.614,-96.9248,58.8868,21645.4,5111.79,6.32729e+07
104.9583,119.843,-93.4883,58.0095,23329.3,5293.95,5.84087e+07
104.9750,118.849,-92.174,58.359,24688,5548.27,6.37394e+07
104.9917,119.055,-93.7959,59.0818,22905.3,5018.72,7.29978e+07
105.0083,119.869,-94.2933,59.7041,21462.8,4657.33,7.60481e+07
105.0250,119.975,-92.4415,59.8065,23360.8,4972.08,6.59603e+07
105.0417,119.154,-91.8872,59.8911,24647.6,5253.34,6.67729e+07
105.0583,117.403,-90.8654,59.9912,25504.4,5433.94,7.6131e+07
105.0750,116.866,-89.2332,59.5511,27389.3,5977,5.80665e+07
105.0917,115.829,-88.4734,59.4353,27631.8,6408.29,5.7483e+07
105.1083,115.288,-88.5556,59.5956,26959,6968.6,6.91239e+07
105.1250,116.141,-88.371,60.0096,26925.4,6819.46,5.866e+07
105.1417,116.719,-88.1746,60.3344,26444.1,6318.83,5.40868e+07
105.1583,116.662,-88.4927,61.1547,24834.5,5863.54,6.74675e+07
105.1750,117.551,-89.0892,61.6773,25700,5714.17,6.47718e+07
105.1917,118.696,-89.0345,61.9713,26436.9,5543.71,5.05907e+07
105.2083,117.521,-88.0096,61.6395,25996.4,5414.19,5.72139e+07
105.2250,116.776,-88.1246,61.8983,25577,5828.7,7.2043e+07
105.2417,118.436,-89.3445,62.2806,26310.9,5949.22,5.77386e+07
105.2583,118.174,-88.0515,62.3351,25846.4,5383.76,5.27187e+07
105.2750,117.116,-86.9114,62.6154,24813.9,5443.49,6.3581e+07
105.2917,117.732,-88.077,63.195,25265.9,6020.5,6.28831e+07
105.3083,117.469,-87.4568,63.08,26370.3,6277.85,5.43926e+07
105.3250,117.145,-86.6224,63.0486,26890.8,6072.19,4.52856e+07
105.3417,116.059,-85.3156,63.3576,28029.1,6150.57,4.95894e+07
105.3583,114.963,-84.458,63.3482,28439.9,6137.75,5.36141e+07
105.3750,115.185,-84.878,63.0045,29844.1,6302.4,5.02952e+07
105.3917,115.677,-85.0441,63.2663,29213.5,6057.91,4.71394e+07
105.4083,115.205,-83.9933,63.6659,28039.1,5359.5,4.88921e+07
105.4250,115.65,-84.4138,64.2436,26698.1,5178.74,4.54064e+07
105.4417,117.252,-85.7626,64.8291,27324.5,5203.91,4.4305e+07
105.4583,117.577,-85.3908,65.1782,26792.6,4801.33,4.4102e+07
105.4750,117.078,-84.6561,65.3253,25830.4,4620.62,4.30351e+07
105.4917,117.836,-85.2312,66.1927,25173.6,4704.41,4.31176e+07
105.5083,119.021,-85.6937,66.9277,25415,4760.07,4.10484e+07
105.5250,119.073,-84.9752,66.9737,25211,4527.74,4.2508e+07
105.5417,120.004,-85.7694,68.1818,24195.4,4439.88,4.38581e+07
105.5583,122.05,-86.8529,69.8391,24271.5,4280.18,4.1477e+07
105.5750,121.816,-84.7305,69.9734,25819.3,4248.89,4.22676e+07
105.5917,121.572,-85.0295,69.8959,25676.8,4236.27,4.03196e+07
105.6083,120.79,-84.6746,70.3115,25652,4235.19,4.04924e+07
105.6250,121.068,-84.7166,70.3509,25516.2,4262.19,3.83532e+07
105.6417,121.656,-84.8109,70.4675,26389.6,4462.49,3.43354e+07
105.6583,121.06,-84.1629,70.9509,25669.1,4413.87,3.56779e+07
105.6750,122.395,-85.0878,71.7667,24643.6,4199.22,3.60447e+07
105.6917,124.151,-85.7849,72.4674,25452.9,4314.85,3.50075e+07
105.7083,123.314,-84.5925,72.6082,25583.3,4230.67,3.58595e+07
105.7250,121.668,-83.6384,72.5454,25119.4,4221.51,3.37621e+07
105.7417,123.608,-85.2961,72.5127,25749.2,4273.28,3.0384e+07
105.7583,124.926,-84.8154,73.3957,26069.8,4091.04,3.25369e+07
105.7750,124.759,-84.4177,74.8749,24405.6,4010,3.6467e+07
105.7917,125.694,-84.9662,76.5954,24330,4046.28,3.594e+07
105.8083,128.654,-85.4657,78.0043,25623.4,4177.46,3.13766e+07
105.8250,129.346,-85.3473,78.1032,25346,4348.15,3.06036e+07
105.8417,128.986,-84.7951,79.4183,22916,4447.1,3.64301e+07
105.8583,129.396,-84.4319,80.9979,22720.6,4447.21,3.62904e+07
105.8750,130.092,-85.3152,79.9825,26250.1,5004.24,3.20836e+07
105.8917,128.644,-83.8856,79.2274,25009.9,5080.21,3.43115e+07
105.9083,127.574,-82.5163,80.0638,25817.8,5283.43,3.71716e+07
105.9250,130.941,-84.7997,82.0323,26920.1,5303.52,3.66418e+07
105.9417,131.373,-84.5119,82.4181,26625.3,5259.65,3.53835e+07
105.9583,130.261,-84.1577,81.8598,26780.9,5063.38,3.65657e+07
105.9750,129.409,-83.3404,81.3926,27528.6,4958.14,3.7756e+07
105.9917,128.513,-82.3372,81.1718,28690.9,4648.6,3.78492e+07
106.0083,130.137,-83.871,82.7682,27914,3862.7,3.68088e+07
106.0250,128.307,-81.8331,81.757,28775.4,3793.32,3.70186e+07
106.0417,127.289,-81.6307,80.6283,28778.8,3662.65,3.65081e+07
106.0583,127.335,-81.8992,81.5773,27189.1,3668.69,3.59097e+07
106.0750,125.463,-79.7311,81.1899,27234.1,3759.17,3.68104e+07
106.0917,125.339,-79.7621,80.2101,28740.2,3976.69,3.27367e+07
106.1083,123.408,-78.1995,79.8506,33172.6,4113.36,3.26889e+07
106.1250,121.312,-77.0331,79.1716,33395,3940.82,3.36429e+07
106.1417,123.591,-78.9332,79.8933,38114.4,4114.55,3.15377e+07
106.1583,123.278,-77.7181,79.9525,50944.2,4813.14,3.10112e+07
106.1750,121.969,-77.0878,79.7923,69610.7,5296.76,3.50304e+07
106.1917,124.772,-79.2194,81.6109,79503.9,5529.51,3.01574e+07
106.2083,123.686,-76.3504,81.0518,86235.5,6778.27,3.15925e+07
106.2250,120.223,-75.0073,79.8215,97460.8,6901.94,3.08716e+07
106.2417,121.847,-77.2273,80.8423,86094.5,7099.17,2.87873e+07
106.2583,124.005,-77.2296,81.1567,88093.5,7333.16,2.60467e+07
106.2750,123.939,-76.6442,81.1245,103650,8070.43,2.84089e+07
106.2917,123.089,-76.7987,83.1071,120386,8903.05,3.10683e+07
106.3083,125.519,-78.2142,83.2234,116497,9198.03,2.67189e+07
106.3250,125.804,-77.5372,82.4483,118207,9234.52,2.62026e+07
106.3417,123.825,-76.8109,83.0248,133469,9237.69,2.81652e+07
106.3583,123.33,-76.0533,83.9329,136025,9014.38,2.88774e+07
106.3750,124.967,-76.8096,83.0727,134111,9209.85,2.30716e+07
106.3917,123.76,-77.1371,82.4369,133132,10472.9,2.50244e+07
106.4083,120.387,-74.2662,81.9433,137467,9982.07,2.70262e+07
106.4250,123.345,-76.7432,81.872,133865,9990.5,2.51638e+07
106.4417,123.519,-76.8816,82.1532,135256,10889.6,2.51323e+07
106.4583,119.982,-73.3698,81.8462,146450,10553.1,2.67955e+07
106.4750,121.279,-74.8588,81.8232,126877,9867.13,2.4598e+07
106.4917,122.478,-76.4735,81.4694,135248,9861.23,2.36387e+07
106.5083,121.516,-74.276,82.0002,148702,9368.93,2.43195e+07
106.5250,121.506,-74.4127,82.8546,134027,8781.51,2.40668e+07
106.5417,123.326,-76.3397,83.2439,139203,8663.8,2.32707e+07
106.5583,123.984,-75.4645,83.1242,144837,8605.56,2.2063e+07
106.5750,123.053,-74.093,84.0635,145649,8444.4,2.31628e+07
106.5917,122.14,-73.53,84.5266,141927,8740.21,2.41235e+07
106.6083,120.996,-72.741,82.2458,138530,8515.32,2.30793e+07
106.6250,120.129,-72.608,81.9287,125857,8330.21,2.31527e+07
106.6417,119.326,-72.6787,82.433,124250,8337.75,2.18363e+07
106.6583,119.957,-72.9767,81.4999,119437,8414.85,2.17285e+07
106.6750,120.879,-73.2015,81.5623,111401,8167.8,2.18016e+07
106.6917,120.585,-72.9681,83.3415,115802,7799.71,2.17492e+07
106.7083,121.532,-73.757,84.1187,110335,7772.5,2.10282e+07
106.7250,123.152,-74.139,83.8065,106236,7880.68,2.05604e+07
106.7417,122.524,-73.3095,84.0648,106441,8470.59,2.02574e+07
106.7583,122.54,-73.2714,86.2231,105841,8589.53,2.10676e+07
106.7750,123.125,-73.3558,85.7892,97417.2,8525.98,1.99018e+07
106.7917,123.395,-73.7166,84.8758,92705.4,8680.87,1.67867e+07
106.8083,122.603,-73.2226,86.0251,90422.8,8555.74,2.0137e+07
106.8250,122.878,-72.9133,86.8591,88314.4,8442.39,2.01012e+07
106.8417,123.952,-73.5228,86.1739,86353.9,8716.63,1.73368e+07
106.8583,124.165,-73.9176,87.2944,83847.5,8439.49,1.79184e+07
106.8750,124.909,-74.0791,88.5054,87299.9,8269.59,1.90962e+07
106.8917,125.128,-73.0708,89.018,91863.8,8289.35,1.97106e+07
106.9083,126.55,-74.2662,89.6987,85576.8,8240.3,1.74052e+07
106.9250,126.92,-74.8245,90.369,88294.6,7518.11,1.85777e+07
106.9417,126.192,-73.1049,90.1972,86552.4,7279.99,1.82029e+07
106.9583,126.103,-73.4636,90.0349,81660.3,7251.2,1.58755e+07
106.9750,125.139,-73.7972,89.6423,83986.8,7154.67,1.52422e+07
106.9917,125.265,-73.3948,89.0547,86291.6,7244.76,1.46566e+07
107.0083,125.581,-73.5113,89.1588,82733.4,7579.71,1.24126e+07
107.0250,124.753,-73.2527,90.1759,87129.9,7751.26,1.33781e+07
107.0417,125.43,-73.1248,89.9702,90090.8,7800.75,1.41132e+07
107.0583,126.302,-73.0976,90.3397,87147.8,7808.01,1.14732e+07
107.0750,125.949,-72.9282,91.5387,88146.4,7958.17,1.28559e+07
107.0917,125.539,-72.9157,91.0956,90588.5,7932.5,1.31373e+07
107.1083,126.389,-72.9187,90.6279,90168.3,7975.25,1.01651e+07
107.1250,126.353,-73.1188,91.2119,86457.1,8049.95,1.03834e+07
107.1417,126.044,-73.164,91.9956,88719.9,8066.98,1.27363e+07
107.1583,126.293,-73.0895,91.5289,87377.5,8208.83,9.72295e+06
107.1750,126.802,-72.991,91.6924,84375.2,8101.18,9.81428e+06
107.1917,126.579,-73.0021,92.7259,85497.3,8243.71,1.06687e+07
107.2083,126.813,-72.8474,93.0952,86281.4,8368.21,1.07632e+07
107.2250,127.179,-72.6959,92.8362,83965.2,8203.43,1.05757e+07
107.2417,126.473,-72.7881,92.5756,81384.6,8034.72,1.02796e+07
107.2583,126.096,-72.7315,93.1189,80816.8,8059.08,1.06341e+07
107.2750,126.709,-72.4795,93.231,79314,8098.89,9.66568e+06
107.2917,127.064,-73.0474,93.1879,78223.9,7914.43,9.11911e+06
107.3083,126.551,-72.5164,93.662,76166,7892.52,9.18167e+06
107.3250,126.646,-72.017,93.9434,75491.6,7996.69,1.00223e+07
107.3417,126.648,-72.0153,93.9244,75808.9,7998.45,9.795e+06
107.3583,126.349,-71.9997,94.1638,72559.9,7789.9,8.03954e+06
107.3750,126.294,-71.6892,94.1779,71347.5,7970.05,8.33072e+06
107.3917,126.522,-71.5571,94.3232,71036.6,8059.03,8.43108e+06
107.4083,126.347,-71.7725,94.3796,69444.2,7966.5,8.71066e+06
107.4250,126.379,-71.6514,94.7661,68469,8033.82,7.84786e+06
107.4417,126.556,-71.9076,94.4941,67950.3,8148.02,7.96554e+06
107.4583,126.628,-71.6734,94.8811,67105.9,8116.99,7.7959e+06
107.4750,127.072,-71.7462,95.7793,66436.2,8239.36,8.05956e+06
107.4917,127.23,-71.6029,96.0434,66043.3,8372.79,7.55066e+06
107.5083,126.899,-71.1936,95.8526,64501.6,8468.47,7.53639e+06
107.5250,126.88,-71.8102,95.8057,60886.5,8348.96,7.29318e+06
107.5417,127.528,-71.7687,96.5277,60838,8491.08,7.2271e+06
107.5583,127.512,-71.1841,96.7391,60786.8,8658.55,7.59637e+06
107.5750,127.026,-71.2647,96.5442,57414.5,8656.47,6.85598e+06
107.5917,126.755,-71.1932,96.5968,54546.8,8592.64,7.08777e+06
107.6083,126.298,-70.3464,96.3506,54589.7,8750.94,7.18479e+06
107.6250,126.304,-70.7151,96.3469,51389.3,8716.54,6.81921e+06
107.6417,127.153,-71.1982,97.0834,50344,8728.38,7.1805e+06
107.6583,127.135,-70.4419,97.4528,50801.8,8810.6,7.36418e+06
107.6750,126.439,-70.2529,97.1535,48209.4,8914.25,6.95008e+06
107.6917,125.623,-69.9726,96.6735,45956.5,8830.7,6.74182e+06
107.7083,125.436,-70.0761,96.3121,44413.2,8762.13,6.99622e+06
107.7250,125.772,-70.2235,96.7882,42767.6,8781.11,6.83435e+06
107.7417,125.338,-70.0686,96.7338,40999.5,8934.8,6.06933e+06
107.7583,124.936,-69.917,96.4945,40654,8983.6,6.42251e+06
107.7750,125.067,-69.8787,96.5204,39708.8,8979.52,6.76713e+06
107.7917,126.207,-70.5074,97.6904,38403.2,9005.6,6.64104e+06
107.8083,126.103,-70.0782,97.8559,38324,9174.8,6.34051e+06
107.8250,126.224,-70.0085,97.9067,38298.3,9293.56,6.93741e+06
107.8417,126.369,-69.7264,98.4464,38476.6,9327.7,6.76843e+06
107.8583,125.88,-69.6574,98.3187,36923.4,9286.61,6.60486e+06
107.8750,125.853,-69.8523,98.2681,35487.9,9230.99,6.12112e+06
107.8917,126.012,-69.9926,98.2297,35365.2,9215.42,6.87077e+06
107.9083,125.49,-69.3438,98.2553,35438.1,9326.64,6.78505e+06
107.9250,125.461,-69.4019,98.6547,33935,9189.87,7.0903e+06
107.9417,126.292,-70.0319,99.1613,33234.2,9115.95,6.77704e+06
107.9583,126.407,-69.4473,99.2772,33865.9,9212.42,6.5537e+06
107.9750,125.846,-69.1827,99.2548,32959.4,9092.36,6.49338e+06
107.9917,126.269,-69.6803,99.8369,32215.4,9015.12,6.91732e+06
108.0083,127.042,-69.5376,100.623,32052.7,9059.77,6.75725e+06
108.0250,126.724,-69.2541,100.377,31628.6,8941.2,6.44157e+06
108.0417,126.352,-69.0661,100.426,31474.3,8980.55,6.7357e+06
108.0583,126.517,-68.7895,100.878,31144.1,8979.22,6.41234e+06
108.0750,126.629,-69.0198,100.884,30593.6,8995.29,5.99467e+06
108.0917,127.105,-69.2649,101.294,30214.2,8968.04,6.26066e+06
108.1083,126.824,-69.0706,101.156,30424.9,9047.19,6.23102e+06
108.1250,126.86,-69.1325,101.248,30236.6,9168.24,5.98231e+06
108.1417,127.133,-69.3541,101.519,29853,9231.58,5.82524e+06
108.1583,127.295,-69.3829,101.719,29724.7,9241.62,6.15516e+06
108.1750,127.394,-69.4219,101.919,29805.6,9340.53,6.19411e+06
108.1917,127.27,-69.115,102.208,29595.3,9362.2,6.1506e+06
108.2083,126.666,-68.6333,102.17,29208.3,9178.9,5.94395e+06
108.2250,126.43,-68.5457,101.962,28603.9,8951.09,5.66764e+06
108.2417,126.468,-68.8396,101.72,28319,8805.68,5.33644e+06
108.2583,126.743,-69.0207,102.066,28251,8729.9,5.46084e+06
108.2750,126.702,-69.0576,102.412,28074.4,8581.64,5.51556e+06
108.2917,126.714,-69.0912,102.561,27797.8,8417.91,5.32185e+06
108.3083,127.381,-69.8417,102.981,27247.8,8286.53,5.33574e+06
108.3250,128.188,-69.71,103.638,27839.9,8471.84,5.4939e+06
108.3417,126.146,-68.906,102.612,27058.3,8337.05,5.38977e+06
108.3583,124.105,-68.225,101.315,26043.2,7970.5,5.31699e+06
108.3750,123.592,-68.1601,99.9979,26114.7,7866.71,5.33207e+06
108.3917,127.189,-70.0832,102.366,26898.7,8202.7,4.5824e+06
108.4083,130.623,-69.6026,105.173,29581,9321.8,4.8939e+06
108.4250,131.949,-69.2416,108.158,31437.4,9635.13,5.76901e+06
108.4417,132.459,-69.7384,110.048,30521.2,9344.97,6.00017e+06
108.4583,130.958,-69.5041,107.7,29043.1,8931.2,5.19818e+06
108.4750,131.956,-69.8895,107.669,28281.4,8759.52,4.83866e+06
108.4917,132.352,-69.777,108.979,28415.7,8934.17,5.43311e+06
108.5083,132.004,-69.7988,109.128,27950.8,8730.04,5.26435e+06
108.5250,132.439,-69.204,109.828,27920.5,8899.41,5.73063e+06
108.5417,133.737,-69.3819,110.095,28672.3,9486.36,5.32041e+06
108.5583,134.759,-69.2846,110.739,29530.7,9826.26,5.78799e+06
108.5750,135.303,-68.6001,112.65,31257,10516.3,5.90001e+06
108.5917,134.042,-67.901,112.922,32347.7,10320.7,5.78444e+06
108.6083,134.415,-68.9571,112.491,31996.4,10304.4,5.63468e+06
108.6250,134.261,-68.7333,111.746,31235.5,10468.6,5.30273e+06
108.6417,132.904,-68.0203,111.116,31062.5,10388.1,4.97727e+06
108.6583,133.62,-69.2883,111.847,30480,9756.18,4.97851e+06
108.6750,134.143,-68.4121,112.899,32070.2,9998.79,5.55313e+06
108.6917,133.268,-67.0492,112.349,31861.5,10612.7,5.51638e+06
108.7083,134.085,-67.885,112.825,31602.7,10852.8,5.05638e+06
108.7250,136.446,-67.7338,115.524,33121.8,11075.6,5.57923e+06
108.7417,137.473,-67.7091,117.529,34184.3,10681.5,5.68699e+06
108.7583,138.52,-68.3538,118.179,34077.2,10746.3,6.17529e+06
108.7750,138.015,-67.2123,117.606,34783.7,11377.3,6.2425e+06
108.7917,137.493,-66.844,117.061,34960.2,11505.8,6.53101e+06
108.8083,136.694,-67.3494,116.882,34848.7,11067.2,5.47685e+06
108.8250,136.32,-67.3824,116.857,33805.8,10595.5,4.98629e+06
108.8417,133.54,-65.3951,114.416,33541.6,10640.8,5.55723e+06
108.8583,126.118,-65.392,107.702,29752.4,9572.89,4.56323e+06
108.8750,124.597,-66.5025,105.749,28802.7,8814.42,4.35132e+06
108.8917,125.863,-66.2129,106.665,30338.3,9060.87,4.38139e+06
108.9083,126.52,-66.5484,106.791,30684.7,9019.37,4.1767e+06
108.9250,126.997,-67.1129,107.967,30426.1,9033.26,4.30587e+06
108.9417,127.379,-66.9533,108.726,31544.3,9000.4,4.61075e+06
108.9583,127.325,-65.3602,109.025,33033.7,9177.09,4.83107e+06
108.9750,126.9,-65.1509,108.613,33348,9068.52,4.70255e+06
108.9917,126.447,-65.5764,108.451,32015.4,8752.01,4.59638e+06
109.0083,126.624,-66.0212,108.536,32141.3,8516.39,4.60312e+06
109.0250,127.054,-66.0331,108.626,33128,8574.35,4.47324e+06
109.0417,126.679,-65.6502,108.57,34057.1,8593.73,4.2831e+06
109.0583,126.677,-65.6651,108.896,34648.3,8538.77,4.62832e+06
109.0750,127.056,-65.4132,109.513,35356.6,8682.84,4.59046e+06
109.0917,126.411,-65.3681,108.687,35458.2,8575.61,4.62031e+06
109.1083,125.915,-65.4078,108.394,35762.7,8566.06,4.29849e+06
109.1250,124.598,-64.9955,107.408,35795.4,8599.08,4.38812e+06
109.1417,123.891,-65.0447,106.456,35400.3,8482.03,4.32614e+06
109.1583,124.082,-65.3491,106.211,35714.2,8472.68,4.02113e+06
109.1750,125.343,-65.191,107.542,36622.9,8529.09,4.39835e+06
109.1917,126.08,-64.9768,108.853,37485.1,8679.94,4.50091e+06
109.2083,126.255,-64.4414,109.409,37961.5,8790.77,4.96884e+06
109.2250,126.47,-64.6431,109.351,37693.7,8662.9,5.00623e+06
109.2417,126.276,-64.5833,109.361,37628.7,8458.5,4.90343e+06
109.2583,125.964,-64.2157,109.355,37639.5,8267.54,5.09582e+06
109.2750,125.572,-64.427,108.913,37256.3,8209.59,4.68012e+06
109.2917,125.376,-64.8623,108.733,36566.8,8251.03,4.56944e+06
109.3083,126.03,-65.0013,109.549,37048.6,8375.52,4.57535e+06
109.3250,126.765,-64.5732,110.682,37354.7,8590.58,4.93279e+06
109.3417,126.471,-64.7776,110.386,37119.2,8486.92,4.75964e+06
109.3583,126.039,-65.1117,109.947,36899.5,8313.83,4.45304e+06
109.3750,126.141,-64.8201,110.309,36397.2,8240.16,4.74318e+06
109.3917,126.421,-64.816,110.931,35679.9,8233.39,4.59378e+06
109.4083,126.499,-64.9502,111.145,35060,8135.74,4.5532e+06
109.4250,126.397,-64.6932,111.168,34321.5,8081.49,4.49163e+06
109.4417,126.216,-64.738,111.272,33769,7950.14,4.66321e+06
109.4583,125.324,-64.7158,110.715,33565.1,7766.35,4.39751e+06
109.4750,124.434,-64.9439,109.718,32823.6,7630.76,4.40594e+06
109.4917,124.08,-64.9591,109.189,32671.1,7584.18,4.02726e+06
109.5083,124.14,-64.7092,109.303,32856.6,7669.52,3.89168e+06
109.5250,124.145,-64.5346,109.611,32754.9,7707.04,4.33944e+06
109.5417,123.855,-64.3759,109.695,32447.8,7648.39,4.33586e+06
109.5583,123.754,-64.0707,109.74,32133.5,7650.82,4.46546e+06
109.5750,124.557,-63.9653,110.536,32338.7,7712.66,4.02068e+06
109.5917,124.879,-63.9215,110.947,32166.4,7781,3.901e+06
109.6083,124.64,-63.9649,111.136,31597.6,7718.39,4.31459e+06
109.6250,124.001,-64.0036,110.673,31378.1,7619.04,4.47887e+06
109.6417,123.844,-63.6682,110.413,31526.8,7657.71,4.2782e+06
109.6583,123.86,-63.7837,110.381,31363.5,7751.82,3.84915e+06
109.6750,123.782,-63.5991,110.636,31037.8,7763.86,4.057e+06
109.6917,123.278,-63.4692,110.436,30840.6,7638.3,4.27765e+06
109.7083,123.309,-63.5593,110.502,30484.7,7665.06,4.02778e+06
109.7250,124.045,-63.3232,111.312,31070.7,7828.62,4.12121e+06
109.7417,124.094,-63.1369,111.545,30887.2,7900.34,4.28132e+06
109.7583,123.815,-63.5825,111.325,30359.2,7806.12,4.19993e+06
109.7750,123.535,-63.1721,111.272,30107.6,7802.69,3.84963e+06
109.7917,123.604,-62.9897,111.354,30154.3,7896.05,3.97606e+06
109.8083,123.842,-63.1813,111.663,29907,7964.85,4.16199e+06
109.8250,124.232,-63.0951,112.386,29912.7,7985.62,4.20689e+06
109.8417,124.148,-62.8904,112.377,29878.5,8090.21,4.21216e+06
109.8583,123.888,-63.0094,112.01,29278.4,8100.89,4.11273e+06
109.8750,123.749,-62.8344,111.931,29172.1,8035.29,3.82307e+06
109.8917,122.695,-62.6542,111.177,28444,7969.26,3.79783e+06
109.9083,123.704,-63.1371,112.181,28692.5,8055.19,3.87903e+06
109.9250,124.449,-62.5887,113.161,29411.4,8263.86,3.99212e+06
109.9417,124.135,-62.965,112.785,28744.5,8130.8,3.93911e+06
109.9583,124.067,-62.9479,113,28675.1,8143.21,3.79065e+06
109.9750,123.446,-62.983,112.396,27864.2,8104.34,3.59611e+06
109.9917,123.025,-62.7107,111.982,27657.6,8057.35,3.52823e+06
110.0083,123.377,-62.8199,112.368,27497.4,8108.27,3.61529e+06
110.0250,124.186,-62.6563,113.522,28207.2,8355,3.53191e+06
110.0417,123.379,-62.7339,112.815,27625.6,8252.84,3.56619e+06
110.0583,123.309,-62.768,113.028,27606.3,8280.75,3.56373e+06
110.0750,124.315,-62.3778,114.242,28557.2,8483.86,3.82523e+06
110.0917,124.632,-62.4037,114.526,28277.9,8477.68,3.97942e+06
110.1083,124.785,-62.6545,114.78,27738.7,8415.85,3.99433e+06
110.1250,124.751,-62.6873,114.999,27635.7,8492.71,3.6938e+06
110.1417,124.647,-62.3724,114.739,27903.4,8536.06,3.61628e+06
110.1583,125.54,-62.7544,115.668,27989.3,8556.35,4.14961e+06
110.1750,125.716,-62.2512,116.18,27740.8,8652.09,4.17217e+06
110.1917,126.335,-62.6058,116.977,28062.3,8647.68,4.17689e+06
110.2083,126.767,-62.3569,117.488,28722.2,8759.87,4.31666e+06
110.2250,126.676,-62.4128,117.434,28298.8,8772.12,4.14631e+06
110.2417,126.716,-62.4918,117.537,27805.2,8666.27,4.11473e+06
110.2583,127.256,-62.6495,118.251,28064.4,8804.37,3.81133e+06
110.2750,127.055,-62.7094,118.149,28093.5,8773.04,3.84007e+06
110.2917,127.223,-62.9413,118.258,27270.3,8765.61,3.84815e+06
110.3083,128.069,-62.7562,119.343,27783.7,8910.41,3.7479e+06
110.3250,128.401,-62.7092,119.845,28053.5,8921.95,4.15018e+06
110.3417,128.273,-62.433,119.931,28136.4,9046.16,3.98915e+06
110.3583,127.7,-62.3111,119.43,27810.7,8997.91,3.92411e+06
110.3750,127.566,-62.8385,119.228,27411,8845.4,3.91983e+06
110.3917,126.759,-62.1522,118.686,27443.8,8949.58,3.72288e+06
110.4083,126.844,-62.4659,118.864,27021.2,8751.58,3.5725e+06
110.4250,127.7,-62.739,119.739,27283.8,8784.88,3.56062e+06
110.4417,127.946,-62.6907,120.058,27220.1,8841.07,3.64378e+06
110.4583,128.25,-62.4317,120.45,27293.9,8856.24,3.8412e+06
110.4750,129.356,-62.9689,121.731,27581.7,8908.66,3.51854e+06
110.4917,130.188,-62.7461,122.591,27785.8,9037.27,3.76548e+06
110.5083,130.988,-63.0068,123.4,27587.7,9050.72,3.22201e+06
110.5250,132.581,-63.3902,124.895,27891.5,9048.61,4.24396e+06
110.5417,132.839,-62.5104,125.49,28416.8,9308.77,4.49546e+06
110.5583,132.701,-63.5998,125.262,27369.4,9038.05,3.94326e+06
110.5750,133.536,-63.8256,126.366,27426.9,9089.76,3.79899e+06
110.5917,134.612,-62.6003,127.471,28433.8,9398.39,4.49139e+06
110.6083,136.996,-64.4161,129.72,28284,9298.34,4.62921e+06
110.6250,136.053,-63.2462,128.959,28639.2,9581.58,4.53024e+06
110.6417,132.263,-62.5594,125.03,27588.4,9371.55,3.82076e+06
110.6583,130.988,-61.5658,123.922,27802.2,9444.26,3.75742e+06
110.6750,127.929,-60.1036,121.291,27849.4,9460.01,3.52946e+06
110.6917,126.23,-62.1066,119.819,25914,8842.91,3.24766e+06
110.7083,126.452,-62.2268,120.451,26082,8760.93,3.09376e+06
110.7250,127.086,-61.4205,121.162,26873.6,8936.79,3.39962e+06
110.7417,127.608,-61.0749,121.62,27341.1,9032.19,3.37669e+06
110.7583,127.397,-61.7543,121.387,26828.7,8775.22,3.12949e+06
110.7750,127.278,-61.2724,121.412,26949.2,8750.5,3.41292e+06
110.7917,127.689,-61.8739,121.886,26809,8506.28,3.24939e+06
110.8083,127.106,-60.8824,121.529,27259.3,8614.56,3.48098e+06
110.8250,127.471,-61.7699,121.885,26805.5,8429.96,3.23795e+06
110.8417,127.856,-61.5853,122.388,26890.9,8488.95,3.23436e+06
110.8583,127.958,-61.6042,122.509,26902.4,8476.59,3.09017e+06
110.8750,127.213,-61.6691,121.867,26694.2,8375.99,3.07132e+06
110.8917,126.783,-61.5984,121.443,26497.1,8420.91,2.87872e+06
110.9083,127.078,-61.6534,121.745,26796.4,8429.54,3.03221e+06
110.9250,128.182,-61.5955,122.962,27131.2,8573.47,3.06165e+06
110.9417,129.261,-62.1035,123.988,27141.2,8682.81,3.13313e+06
110.9583,131.43,-62.3746,126.172,27609.2,8872.98,3.37034e+06
110.9750,134.424,-62.7684,129.167,28001.5,9142.89,3.66116e+06
110.9917,135.115,-62.8248,129.925,27906.2,9176.47,3.65641e+06
111.0083,134.875,-63.7649,129.535,27261,9068.14,3.40824e+06
111.0250,134.274,-62.3599,129.434,27929.2,9240.77,4.05587e+06
111.0417,132.888,-62.4398,128.094,27550.2,9202.97,3.53364e+06
111.0583,132.621,-62.4979,127.827,27258.3,9163.31,3.05539e+06
111.0750,130.643,-61.8791,125.94,27144.2,9114.33,3.01667e+06
111.0917,129.668,-62.9149,124.813,26895.9,8978.23,2.77232e+06
111.1083,129.164,-60.886,124.816,27698.5,9414.59,3.09362e+06
111.1250,130.771,-61.9118,126.535,28110.7,9430.35,3.22036e+06
111.1417,132.821,-61.5455,128.745,29106.1,9671.82,3.45759e+06
111.1583,136.269,-62.7823,131.981,29037.5,9659.86,4.11914e+06
111.1750,138.843,-63.2218,134.552,29043,9681.31,3.96219e+06
111.1917,139.337,-62.9203,135.095,29340.4,9691.01,3.92744e+06
111.2083,140.049,-64.9222,136.038,28679.3,9246.87,4.00608e+06
111.2250,139.098,-62.7839,135.228,29962.9,9637.32,3.85597e+06
111.2417,139.146,-63.0923,135.236,29829.3,9515.55,3.86128e+06
111.2583,139.215,-64.1486,135.399,29343.5,9302.66,3.71838e+06
111.2750,138.575,-62.7901,134.839,30276.2,9602.1,3.63082e+06
111.2917,138.884,-63.9013,135.325,29537.1,9427.03,3.6303e+06
111.3083,138.781,-62.9762,135.244,29861.8,9557.02,4.09035e+06
111.3250,138.78,-62.8243,135.329,30190.7,9552.23,3.78546e+06
111.3417,139.461,-63.309,136.103,29529.6,9448.3,4.14599e+06
111.3583,139.423,-62.9308,136.111,29532.1,9449.75,3.77584e+06
111.3750,139.148,-62.9846,135.968,29470.7,9328.73,3.85718e+06
111.3917,139.236,-63.3191,136.026,29263.2,9260.4,3.74452e+06
111.4083,138.543,-62.2674,135.513,29443.6,9276.04,3.63677e+06
111.4250,138.897,-63.1156,135.916,29068.1,9132.05,3.64677e+06
111.4417,138.712,-62.1098,135.762,29607.7,9342.94,3.72131e+06
111.4583,138.8,-62.8338,135.949,29100.4,9148.66,3.88969e+06
111.4750,139.008,-63.3458,136.201,28830.5,9073.42,3.3882e+06
111.4917,138.767,-61.5673,136.129,29789,9396.35,3.65914e+06
111.5083,139.503,-63.462,136.878,28743.8,9099.25,3.70078e+06
111.5250,139.367,-62.31,136.759,29477.4,9300.1,3.73063e+06
111.5417,140.057,-62.1522,137.56,29119.7,9344.14,3.46195e+06
111.5583,140.932,-63.1302,138.394,28720.9,9194.28,3.3791e+06
111.5750,141.099,-62.0963,138.801,28996.2,9370.17,3.43213e+06
111.5917,141.374,-63.0395,139.022,28742.4,9298.28,3.43691e+06
111.6083,141.373,-62.956,139.079,28699.6,9288.49,3.18278e+06
111.6250,141.376,-62.3967,139.095,29129.8,9373.41,2.94432e+06
111.6417,141.2,-62.5757,139.009,28794.7,9322.69,2.98723e+06
111.6583,140.862,-63.2997,138.736,28570.4,9192.43,2.84781e+06
111.6750,140.203,-62.4212,138.088,28996.9,9216.66,2.97058e+06
111.6917,139.593,-61.9004,137.561,29112.1,9281.04,3.20682e+06
111.7083,138.42,-63.2983,136.459,28332.6,8999.61,3.01226e+06
111.7250,136.088,-62.3672,134.271,27901.9,8867.61,3.08348e+06
111.7417,135.447,-61.6378,133.808,28111,8938.03,2.75955e+06
111.7583,135.856,-61.3752,134.041,28492,9104.06,3.01998e+06
111.7750,137.681,-61.0111,135.934,29056.3,9294.26,2.92719e+06
111.7917,138.72,-63.2427,137.028,28272,9065.04,2.80825e+06
111.8083,138.479,-61.046,136.912,29225.4,9431.62,2.92273e+06
111.8250,138.644,-61.8236,137.085,28480.4,9211.62,3.08515e+06
111.8417,139.272,-62.5945,137.784,28058.4,9112.07,2.83127e+06
111.8583,139.286,-61.2399,137.801,28577.8,9414.77,2.73271e+06
111.8750,137.729,-62.3605,136.304,27837,9129.59,2.63574e+06
111.8917,135.162,-61.8429,133.83,27342.9,8918.92,2.59378e+06
111.9083,133.299,-61.1889,132.091,27296.8,8931.48,3.0372e+06
111.9250,132.435,-60.9565,131.298,27225.4,8927.83,2.90086e+06
111.9417,132.038,-60.7684,130.914,27397.3,9007.01,2.5393e+06
111.9583,131.544,-60.4656,130.395,27408.1,9009.58,2.77434e+06
111.9750,132.142,-61.0142,130.987,27111.5,8861.07,0
111.9917,133.179,-60.613,132.055,27468.1,9057.35,2.27834e+06
112.0083,134.25,-61.2751,133.19,27455,9078.77,2.28913e+06
112.0250,132.886,-61.1293,131.929,27106.3,8996.63,2.4518e+06
112.0417,132.524,-61.3141,131.634,26672.4,8830.12,2.30306e+06
112.0583,134.44,-61.0018,133.545,27637.9,9107.29,2.31545e+06
112.0750,135.704,-61.169,134.852,27661.6,9203.8,2.57116e+06
112.0917,136.802,-61.9549,135.926,27294.1,9174.49,2.62611e+06
112.1083,137.544,-61.7619,136.748,27286,9158.72,2.41274e+06
112.1250,137.904,-62.0419,137.168,27348.3,9210.91,2.41439e+06
112.1417,137.94,-61.8418,137.221,27402.4,9334.22,2.21878e+06
112.1583,137.812,-61.7028,137.135,27446.5,9294.69,2.17768e+06
112.1750,138.478,-61.8091,137.772,27353.3,9328.51,2.12532e+06
112.1917,136.931,-62.4467,136.271,26916.8,9136.71,2.29915e+06
112.2083,133.58,-61.489,132.986,26278.2,8976.33,2.09514e+06
112.2250,132.274,-61.6865,131.783,26044.9,8780.78,2.15472e+06
112.2417,130.917,-61.2088,130.482,25990.5,8868.36,2.17217e+06
112.2583,130.149,-60.4705,129.752,26090.3,8936.7,2.04643e+06
112.2750,129.586,-60.2408,129.152,26064,8913.46,1.97938e+06
112.2917,129.466,-60.3906,129.044,25964.9,8797.07,1.95e+06
112.3083,129.524,-60.6328,129.123,25843.6,8799.87,2.12401e+06
112.3250,130.084,-60.9297,129.668,25809.3,8819.72,2.01866e+06
112.3417,131.118,-61.1166,130.698,25997,8841.04,2.05331e+06
112.3583,132.006,-60.8472,131.596,26199.9,8890.38,2.1118e+06
112.3750,132.803,-60.7808,132.517,26326.2,8930.29,2.2707e+06
112.3917,133.743,-61.5083,133.506,25959.4,8877.91,2.18589e+06
112.4083,133.658,-61.5721,133.425,26092.6,8897.65,2.02762e+06
112.4250,133.105,-62.4261,132.855,25444.4,8698.98,2.06544e+06
112.4417,134.614,-61.6584,134.333,26344.4,8960.52,1.82228e+06
112.4583,137.372,-60.7687,137.111,27766.6,9441.55,2.01469e+06
112.4750,138.84,-62.4278,138.61,27190.3,9243.6,2.1811e+06
112.4917,138.926,-61.9678,138.735,27101.8,9269.02,1.96972e+06
112.5083,138.972,-62.5516,138.777,26748.8,9110.43,2.01433e+06
112.5250,138.056,-62.2981,137.906,26668.6,9156.7,2.24465e+06
112.5417,137.885,-62.6402,137.739,26290.1,9128.19,1.93879e+06
112.5583,137.882,-62.3553,137.752,26550.1,9157.94,1.92684e+06
112.5750,137.479,-62.3363,137.364,26434.8,9218.3,1.95114e+06
112.5917,137,-62.6312,136.878,26103.1,9164.37,1.79103e+06
112.6083,136.445,-62.186,136.352,26276.8,9171.48,1.85493e+06
112.6250,136.461,-62.1834,136.371,26227.1,9179.69,1.88259e+06
112.6417,137.213,-61.0905,137.095,26916.6,9476.09,2.01536e+06
112.6583,138.652,-62.8013,138.576,26432.4,9186.46,1.82477e+06
112.6750,139.169,-61.566,139.055,26875.7,9363.06,2.0822e+06
112.6917,138.607,-62.2813,138.531,26347.8,9182.48,1.97689e+06
112.7083,137.897,-63.0591,137.852,25757.2,8991.26,1.90155e+06
112.7250,137.455,-61.025,137.374,26621.7,9399.14,1.93513e+06
112.7417,137.531,-61.6952,137.474,26562.9,9300.76,2.01971e+06
112.7583,138.235,-61.3228,138.165,26753.3,9352,1.91794e+06
112.7750,136.737,-61.993,136.702,26205.6,9164.88,1.77644e+06
112.7917,133.906,-62.6095,133.895,24769.9,8717.12,1.49192e+06
112.8083,132.863,-61.0749,132.846,24976.2,8837.53,1.86366e+06
112.8250,132.826,-60.8431,132.813,25639.3,9014.43,1.72922e+06
112.8417,134.112,-61.7203,134.095,26003.8,8974.9,1.66055e+06
112.8583,134.674,-61.0289,134.645,26377.4,9153.61,1.77239e+06
112.8750,134.388,-61.5163,134.375,25669.7,8996.13,1.66855e+06
112.8917,133.804,-61.6203,133.796,25139.6,8791.4,1.81398e+06
112.9083,133.308,-61.9085,133.296,24931.8,8727.02,1.68873e+06
112.9250,132.887,-61.4145,132.864,25045.9,8724.75,1.68392e+06
112.9417,132.873,-61.458,132.845,25133.4,8723.36,1.55877e+06
112.9583,133.037,-61.5788,133.014,25058.5,8728.87,1.6537e+06
112.9750,132.887,-61.566,132.862,25022.2,8703.6,1.95863e+06
112.9917,132.926,-62.0814,132.892,24915,8579.57,1.74703e+06
113.0083,132.854,-61.5165,132.805,25210.1,8716.35,1.64939e+06
113.0250,132.392,-61.6868,132.336,25054.6,8646.13,1.69856e+06
113.0417,132.791,-61.1724,132.728,25297.3,8763.44,1.5098e+06
113.0583,133.657,-61.6614,133.581,25232.5,8779.37,1.66946e+06
113.0750,134.349,-61.4555,134.264,25621,8899.5,1.58181e+06
113.0917,133.953,-61.7369,133.855,25320.9,8784.25,1.75528e+06
113.1083,133.625,-62.1964,133.518,24870.7,8647.38,1.47684e+06
113.1250,133.724,-61.5628,133.599,25195.7,8777.28,1.65618e+06
113.1417,134.372,-62.1852,134.236,25172.7,8762.34,1.41538e+06
113.1583,133.568,-61.2927,133.415,25355.1,8803.34,1.49608e+06
113.1750,132.574,-62.506,132.393,24641.1,8586.58,1.44784e+06
113.1917,131.771,-61.2687,131.581,24848.9,8716.99,1.49799e+06
113.2083,131.626,-61.1238,131.417,25019.4,8725.32,1.5337e+06
113.2250,131.298,-61.2727,131.108,24896.9,8725.97,1.48105e+06
113.2417,130.851,-60.6324,130.653,24928.2,8768.34,1.51387e+06
113.2583,131.17,-61.7334,130.921,24674.9,8566.37,1.62273e+06
113.2750,131.051,-60.9221,130.78,24895.1,8734.42,1.75863e+06
113.2917,131.054,-61.6161,130.758,24559.8,8602.83,1.56188e+06
113.3083,130.51,-61.0409,130.197,24690.4,8610.07,1.74296e+06
113.3250,130.395,-61.4774,130.052,24498.7,8552.54,1.55911e+06
113.3417,129.792,-60.4461,129.401,24705.9,8656.19,1.51881e+06
113.3583,129.993,-60.4338,129.589,24677.4,8659,1.44934e+06
113.3750,130.22,-61.1893,129.777,24546.9,8586.79,1.56551e+06
113.3917,130.447,-60.5794,130.005,24603,8596.6,1.45931e+06
113.4083,131.347,-61.532,130.833,24233.3,8496.52,1.71128e+06
113.4250,132.142,-62.4149,131.554,24191.4,8449.78,1.62736e+06
113.4417,132.249,-61.8597,131.617,24431.3,8525.76,1.40516e+06
113.4583,132.235,-61.7473,131.597,24511.7,8569.76,1.32932e+06
113.4750,132,-61.4594,131.403,24535.9,8588.94,1.36019e+06
113.4917,131.954,-61.557,131.354,24313,8525.04,1.64657e+06
113.5083,132.205,-62.1726,131.546,24090.2,8418.84,1.41721e+06
113.5250,132.361,-61.3737,131.621,24679.2,8653.35,1.53727e+06
113.5417,132.736,-61.1939,131.951,24895.6,8771.48,1.62434e+06
113.5583,132.464,-61.8267,131.658,24646.2,8621.46,1.28373e+06
113.5750,130.865,-62.6173,130.031,23762.8,8311.33,1.22156e+06
113.5917,129.234,-62.2017,128.381,23267,8170.63,1.26851e+06
113.6083,128.743,-60.7409,127.925,23967.5,8445.68,1.47953e+06
113.6250,128.796,-61.1369,127.904,24209.2,8428.12,1.49099e+06
113.6417,128.8,-60.567,127.858,24364.1,8559.65,1.41579e+06
113.6583,129.028,-60.4318,128.04,24515.4,8618.77,1.34919e+06
113.6750,128.779,-59.6393,127.79,24652.1,8663.32,1.83742e+06
113.6917,129.229,-60.2861,128.152,24437.7,8611.32,1.69805e+06
113.7083,129.159,-59.769,128.061,24573.6,8721.77,1.52612e+06
113.7250,129.283,-60.4701,128.099,24142.7,8626.23,1.41597e+06
113.7417,129.463,-60.399,128.306,24105.5,8634.2,1.53214e+06
113.7583,129.214,-60.4485,128.047,24234.4,8564.64,1.49309e+06
113.7750,129.666,-61.5092,128.409,23932.4,8437.69,1.39566e+06
113.7917,129.463,-61.0881,128.105,23951.9,8480.97,1.33497e+06
113.8083,128.863,-61.6705,127.43,23761.7,8393.24,1.30785e+06
113.8250,127.869,-61.6597,126.407,23561.2,8332.87,1.21951e+06
113.8417,127.521,-62.0356,126.058,23422.4,8230.75,1.38617e+06
113.8583,126.865,-61.9511,125.419,23241.3,8208.18,1.27081e+06
113.8750,125.607,-61.0922,124.121,23246.6,8213.6,1.28475e+06
113.8917,125.351,-60.9873,123.744,23282.2,8245.73,1.65616e+06
113.9083,124.975,-60.3691,123.32,23521.1,8337.06,1.31e+06
113.9250,125.574,-60.4099,123.885,23603.5,8336.57,1.55007e+06
113.9417,126.58,-60.3486,124.923,23719.9,8428.66,1.47518e+06
113.9583,126.948,-60.5527,125.116,23603.5,8394.63,1.52915e+06
113.9750,126.022,-60.738,123.981,23390.9,8256.4,1.42683e+06
113.9917,124.326,-60.7977,121.95,22965.4,8078.2,1.64446e+06
114.0083,122.498,-60.1433,120.15,22615.9,7994.9,1.75516e+06
114.0250,121.765,-60.416,119.586,22549.3,7921.66,1.52786e+06
114.0417,122.597,-60.8025,120.626,22717.4,7925.33,1.40716e+06
114.0583,124.217,-60.88,122.343,23114.6,8096.13,1.11149e+06
114.0750,125.353,-60.5282,123.406,23301.9,8177.62,1.30888e+06
114.0917,126.573,-60.3018,124.316,23308.1,8157.72,1.58086e+06
114.1083,128.008,-60.3992,125.481,23330.1,8203.97,1.65022e+06
114.1250,129.549,-61.132,126.94,23213.2,8112.17,1.51228e+06
114.1417,129.93,-61.9453,127.272,22926,8022.68,1.31231e+06
114.1583,129.777,-61.9298,127.053,22765.8,7965.79,1.66498e+06
114.1750,129.34,-61.6431,126.52,22771.1,8039.53,1.38313e+06
114.1917,129.421,-61.442,126.596,23099.8,8100.71,1.5685e+06
114.2083,130.273,-61.2473,127.468,23318.2,8230.78,1.60671e+06
114.2250,131.093,-61.9576,128.28,23247.8,8154.56,1.50344e+06
114.2417,131.75,-61.7741,128.894,23250.8,8170.92,1.16241e+06
114.2583,132.154,-61.969,129.113,23215.4,8138.93,1.43614e+06
114.2750,128.546,-60.0811,125.649,23138.6,8184.39,1.13893e+06
114.2917,125.619,-58.6706,122.784,23179.5,8183.61,1.19552e+06
114.3083,119.821,-56.4347,116.998,23088.3,8145.6,1.13511e+06
114.3250,118.639,-55.9146,115.823,23072.7,8205.13,1.24792e+06
114.3417,118.218,-55.7831,115.304,22870.9,8154.03,1.35688e+06
114.3583,118.062,-55.9663,115.023,22736.3,8169.47,1.43936e+06
114.3750,118.156,-56.2545,115.102,22704.3,8171.09,1.1909e+06
114.3917,118.03,-56.3913,114.98,22650.7,8153.3,1.1546e+06
114.4083,117.85,-56.5428,114.755,22598.1,8111.38,1.11143e+06
114.4250,117.5,-56.2755,114.257,22675.3,8140.52,1.09755e+06
114.4417,117.505,-56.3033,114.16,22758.9,8111.37,1.42714e+06
114.4583,117.405,-56.1672,114.028,22692.6,8104.82,1.16083e+06
114.4750,117.369,-56.2715,113.929,22538.9,8071.99,1.11344e+06
114.4917,117.214,-56.3494,113.706,22400.2,8040.63,1.16313e+06
114.5083,117.052,-56.4026,113.38,22306.3,8016.7,1.35482e+06
114.5250,116.877,-56.3514,113.121,22318.4,8042.88,1.16091e+06
114.5417,116.655,-56.1875,112.873,22444.3,8075.45,1.41419e+06
114.5583,116.764,-56.3196,112.991,22381.9,8058.87,1.24671e+06
114.5750,116.383,-56.2875,112.565,22267.8,8034.01,1.36236e+06
114.5917,116.358,-56.3553,112.393,22138,8021.08,1.07026e+06
114.6083,116.257,-56.2488,112.237,22237.2,8105.75,1.19901e+06
114.6250,116.336,-56.5295,112.102,22229,8097.67,1.27414e+06
114.6417,116.304,-56.2495,112.07,22312.7,8163.99,1.34645e+06
114.6583,116.273,-56.1186,111.964,22396.7,8173.67,1.20017e+06
114.6750,115.83,-56.0806,111.507,22312.9,8192.74,1.24696e+06
114.6917,115.38,-56.1452,110.944,22105.2,8179.3,1.29404e+06
114.7083,115.405,-56.442,110.879,22103.9,8187.68,1.27864e+06
114.7250,115.179,-56.3496,110.567,22020.8,8226.84,1.32828e+06
114.7417,115.096,-56.1374,110.39,22048.8,8229.92,1.3139e+06
114.7583,115.197,-55.8993,110.413,22101.4,8240.61,1.33461e+06
114.7750,115.327,-56.0414,110.474,22107.1,8267.09,1.3257e+06
114.7917,115.363,-55.9581,110.45,22040.8,8281.64,1.29968e+06
114.8083,115.526,-56.3288,110.5,22099.4,8265.36,1.43141e+06
114.8250,115.482,-56.2463,110.356,22182.4,8299.91,1.40822e+06
114.8417,115.498,-56.2606,110.269,22170.7,8278.46,1.1626e+06
114.8583,115.332,-56.0853,110.079,22271.9,8359.22,1.36493e+06
114.8750,115.434,-56.1668,110.043,22388.9,8425.55,1.32038e+06
114.8917,115.393,-56.1659,109.996,22460.1,8370.57,1.43419e+06
114.9083,115.453,-56.1784,109.916,22667.5,8442.53,1.35005e+06
114.9250,115.577,-56.3399,109.974,22704.4,8434.06,1.29261e+06
114.9417,116.128,-56.2327,110.417,22849.5,8486.1,1.02862e+06
114.9583,115.989,-56.2368,110.198,22939.8,8503.29,1.12945e+06
114.9750,115.455,-56.2291,109.588,22764.1,8441.56,1.40035e+06
114.9917,115.683,-56.3543,109.786,22887.1,8415.59,1.28086e+06
115.0083,115.489,-56.319,109.522,22999.3,8427.55,1.4916e+06
115.0250,116.003,-56.7833,109.995,22985.6,8444.04,1.08075e+06
115.0417,116.638,-56.4704,110.523,23243.9,8508.65,1.21806e+06
115.0583,116.765,-56.3174,110.647,23468.9,8556.4,1.09206e+06
115.0750,116.69,-56.33,110.379,23440.6,8552.28,1.19776e+06
115.0917,117.033,-56.8282,110.583,23428.4,8479.51,1.15254e+06
115.1083,116.915,-56.8008,110.369,23536.9,8466.4,1.06004e+06
115.1250,117.197,-56.8446,110.645,23548.2,8511.11,1.10216e+06
115.1417,118.659,-56.6814,112.22,24137.7,8648.3,1.11991e+06
115.1583,119.599,-56.7712,113.111,24429,8728.56,1.31511e+06
115.1750,119.812,-56.7997,113.118,24320.5,8624.13,1.30412e+06
115.1917,120.726,-57.1377,113.494,24253.9,8656.44,1.20417e+06
115.2083,121.55,-57.3896,114.057,24604.9,8642.18,1.11206e+06
115.2250,121.478,-56.9362,114.172,24838.2,8741.86,1.05564e+06
115.2417,121.579,-57.2157,114.465,24830.6,8733.38,1.18411e+06
115.2583,120.81,-57.01,113.719,24835.6,8675.93,1.12177e+06
115.2750,119.313,-57.0141,111.952,24436.1,8528.69,1.12553e+06
115.2917,118.201,-57.1075,110.765,24225.1,8394.03,1.06225e+06
115.3083,117.42,-56.9891,109.946,24114.2,8370.09,1.17392e+06
115.3250,117.395,-56.7197,109.968,24562.5,8411.27,1.17311e+06
115.3417,117.351,-56.6046,109.823,24748.3,8407.29,1.01497e+06
115.3583,117.125,-56.3713,109.503,24726.7,8333.73,1.06314e+06
115.3750,117.036,-56.7518,109.271,24637.8,8281,1.06141e+06
115.3917,117.755,-56.5961,109.962,24904.3,8401.38,997855
115.4083,118.524,-56.644,110.639,25366.1,8455.96,1.00986e+06
115.4250,118.14,-56.7504,110.092,25089.5,8323.38,1.1159e+06
115.4417,117.483,-57.0224,109.36,24630.2,8258.77,1.20863e+06
115.4583,117.524,-57.2027,109.327,24621.5,8190.55,913928
115.4750,117.823,-57.1944,109.45,24811.4,8210.5,1.10389e+06
115.4917,118.431,-56.7542,110.048,25484.6,8359.35,783209
115.5083,117.864,-57.0652,109.395,24979.4,8247.4,824497
115.5250,117.301,-57.5863,108.682,24595.2,8113.28,1.22941e+06
115.5417,117.311,-57.408,108.624,24647.5,8101.4,1.1463e+06
115.5583,117.638,-57.201,108.769,25086.9,8192.21,747860
115.5750,118.133,-57.1552,109.139,25308.3,8321.42,1.1123e+06
115.5917,118.683,-57.7142,109.609,25286.3,8255.75,1.13345e+06
115.6083,119.192,-57.5592,110.097,25359.8,8343.79,998972
115.6250,120.078,-58.2993,110.765,25412.9,8260.9,1.26107e+06
115.6417,120.695,-57.8207,111.343,25841.3,8390.43,1.02959e+06
115.6583,121.251,-58.0587,111.697,25764,8421.42,1.25327e+06
115.6750,120.861,-58.1654,111.214,25579.3,8370.66,1.10773e+06
115.6917,121.32,-58.7275,111.513,25383.5,8385.31,1.18215e+06
115.7083,124.046,-59.5546,113.96,25809.2,8470.17,1.04488e+06
115.7250,132.736,-64.1455,121.388,25630.6,8451.02,1.34562e+06
115.7417,132.74,-63.6583,121.392,25901.2,8491.41,1.43455e+06
115.7583,132.87,-63.9954,121.339,25706.7,8485.43,1.28614e+06
115.7750,132.445,-63.9122,120.969,25662.8,8502.43,1.35804e+06
115.7917,132.557,-64.2817,120.864,25435.7,8457.24,1.33899e+06
115.8083,132.576,-63.8116,120.923,25709.7,8497.88,1.52999e+06
115.8250,132.142,-64.0784,120.167,25478.9,8434.31,1.31446e+06
115.8417,132.005,-63.945,119.964,25444.9,8430.97,1.53707e+06
115.8583,131.87,-63.9127,119.66,25316.8,8479.12,1.21728e+06
115.8750,131.721,-63.8929,119.477,25300.6,8437.84,1.22436e+06
115.8917,131.584,-64.0073,119.211,25228.6,8402.32,1.25793e+06
115.9083,131.408,-64.0814,118.879,25061.6,8430.64,1.27908e+06
115.9250,131.082,-63.9017,118.454,25040,8420.52,1.26593e+06
115.9417,130.814,-63.9003,118.013,25037.8,8387.55,1.20918e+06
115.9583,130.561,-63.9243,117.641,24892.2,8433.67,1.25328e+06
115.9750,130.413,-64.1651,117.32,24720.7,8379.99,1.48064e+06
115.9917,130.146,-64.0908,117.005,24598.2,8361.06,1.31465e+06
116.0083,129.741,-64.1694,116.442,24423.4,8364.15,1.19489e+06
116.0250,129.499,-64.1914,115.972,24407.9,8341.58,1.16237e+06
116.0417,129.108,-64.2166,115.361,24270.1,8356.86,1.21043e+06
116.0583,128.907,-64.1077,115.049,24188.3,8322.35,1.20154e+06
116.0750,128.395,-63.8875,114.527,24061.3,8360.43,1.20503e+06
116.0917,128.094,-63.8999,114.112,24064.9,8334.95,1.29654e+06
116.1083,128.027,-64.0122,113.858,24007.9,8346.72,1.17897e+06
116.1250,128.073,-63.9609,113.718,24104.4,8358.97,1.19259e+06
116.1417,127.994,-63.9039,113.53,24099.4,8347.72,1.09384e+06
116.1583,127.868,-63.9067,113.334,24084.1,8318.7,1.17421e+06
116.1750,127.731,-63.7806,113.218,24087.1,8312.88,1.11875e+06
116.1917,127.779,-63.9836,113.127,24021.5,8305.28,1.23398e+06
116.2083,127.879,-64.084,113.043,23881.2,8370.28,1.23155e+06
116.2250,127.892,-64.4846,112.846,23796.3,8310.35,1.29445e+06
116.2417,127.731,-64.2709,112.646,23917.5,8287.83,1.08527e+06
116.2583,127.528,-64.4419,112.261,23814.6,8314.52,1.01243e+06
116.2750,127.434,-64.2237,112.114,23830.6,8333.57,1.09572e+06
116.2917,128.506,-64.7874,112.82,23855.7,8265.79,1.12951e+06
116.3083,128.61,-64.463,113.029,24133.6,8402.41,1.18768e+06
116.3250,128,-64.9911,112.057,23636.3,8261.61,1.2262e+06
116.3417,127.526,-64.8667,111.624,23609,8236.08,1.01395e+06
116.3583,127.401,-64.9662,111.325,23506.1,8219.2,1.14392e+06
116.3750,127.015,-64.6355,110.91,23674.1,8260.74,1.33841e+06
116.3917,126.689,-64.7072,110.49,23616.3,8272.54,1.13424e+06
116.4083,127.124,-64.1047,110.947,23995.4,8335.38,1.23962e+06
116.4250,127.463,-65.0537,110.939,23666.3,8181.33,1.3908e+06
116.4417,127.243,-64.792,110.713,23787.1,8252.49,1.54014e+06
116.4583,127.454,-65.6103,110.677,23505.7,8159.77,1.33434e+06
116.4750,127.518,-65.3052,110.699,23651.8,8216.46,1.44563e+06
116.4917,127.414,-65.6844,110.385,23454,8052.03,969400
116.5083,127.184,-65.3276,110.158,23721.4,8147.13,1.49838e+06
116.5250,126.998,-65.4272,109.865,23670.9,8077.81,1.32947e+06
116.5417,126.968,-65.5756,109.649,23494.7,8083.26,1.48594e+06
116.5583,126.773,-65.5391,109.353,23423.3,8056.1,1.72538e+06
116.5750,126.717,-65.4064,109.14,23531.5,8068.51,1.95653e+06
116.5917,126.751,-65.7079,108.983,23420.5,7975.66,1.57566e+06
116.6083,126.427,-65.8481,108.628,23257.1,7935.22,1.40715e+06
116.6250,125.998,-65.6711,108.234,23162,7966.36,1.28785e+06
116.6417,125.948,-66.0717,107.854,23078.2,7859.98,1.36825e+06
116.6583,126.079,-65.8714,107.927,23091.8,7874.38,1.74174e+06
116.6750,126.14,-65.7073,107.811,23279.3,7887.51,1.65018e+06
116.6917,126.164,-65.8917,107.693,23093.9,7869.78,1.47487e+06
116.7083,126.098,-65.8758,107.618,23068.4,7861.09,1.51411e+06
116.7250,126.073,-66.0241,107.478,23006.8,7775.57,1.43272e+06
116.7417,125.847,-65.9699,107.081,22993.6,7801.91,1.38189e+06
116.7583,125.98,-66.317,106.985,22871.2,7758.16,1.44957e+06
116.7750,126.083,-66.2286,106.996,22919,7788.82,1.59094e+06
116.7917,126.251,-66.6415,106.962,22709.3,7638.41,1.9296e+06
116.8083,125.996,-66.1158,106.804,22860.1,7784.63,2.12041e+06
116.8250,126.207,-66.9375,106.591,22514.4,7616.97,1.75516e+06
116.8417,126.137,-66.4004,106.563,22767,7740.53,1.59634e+06
116.8583,126.436,-67.2137,106.404,22376.1,7616.7,1.67323e+06
116.8750,126.371,-66.5828,106.583,22637.2,7750.58,1.72977e+06
116.8917,126.783,-67.6334,106.521,22217.1,7568.68,2.67727e+06
116.9083,126.573,-66.6104,106.64,22561.2,7759.99,2.2228e+06
116.9250,126.93,-67.9524,106.332,22137.1,7519.94,2.20804e+06
116.9417,126.791,-67.0432,106.541,22522.4,7724.58,2.01252e+06
116.9583,126.762,-67.9225,106.088,22068.9,7524.56,2.25045e+06
116.9750,126.631,-67.0241,106.215,22453.8,7736.66,1.98126e+06
116.9917,126.735,-68.1144,105.786,21836.5,7503.19,2.65892e+06
117.0083,126.602,-67.3671,105.81,22140.9,7657.15,2.43062e+06
117.0250,126.569,-67.9827,105.534,21763.6,7552.37,2.40237e+06
117.0417,126.475,-68.0315,105.265,21774.4,7605.27,1.97545e+06
117.0583,126.27,-67.9675,104.99,21743.7,7592.62,1.61709e+06
117.0750,126.33,-67.7041,104.949,21760.4,7640.93,1.71207e+06
117.0917,126.367,-68.2789,104.662,21399.8,7508.25,1.79828e+06
117.1083,126.274,-68.0116,104.593,21529.3,7602.03,1.7571e+06
117.1250,126.238,-68.0244,104.63,21384.8,7585.04,1.69335e+06
117.1417,126.403,-68.4624,104.347,21437.4,7564.31,1.61782e+06
117.1583,126.387,-68.3678,104.412,21285.6,7503.16,1.38694e+06
117.1750,126.583,-68.2745,104.368,21369.8,7614.47,1.68393e+06
117.1917,126.682,-68.6069,104.299,21117.1,7488.41,1.88327e+06
117.2083,126.53,-68.5052,104.064,21222.1,7546.81,1.90194e+06
117.2250,126.311,-68.1254,104.052,21218,7571.83,1.69042e+06
117.2417,126.343,-68.7834,103.575,20921.5,7487.77,1.32917e+06
117.2583,126.007,-68.1816,103.505,21109.5,7594.38,1.61129e+06
117.2750,126.003,-68.681,102.997,20872.8,7472.48,1.40012e+06
117.2917,125.915,-68.1037,103.153,21065.1,7550.02,1.59616e+06
117.3083,126.036,-68.7368,102.774,20900.3,7495.68,1.65736e+06
117.3250,125.98,-68.3059,102.848,20955.9,7542.95,1.54826e+06
117.3417,126.097,-68.6938,102.612,20863.3,7527.76,1.71044e+06
117.3583,126.082,-68.3623,102.776,20952.1,7621.27,1.59465e+06
117.3750,125.865,-68.7076,102.31,20670.8,7553.73,1.82987e+06
117.3917,125.852,-68.499,102.316,20803.6,7542.9,1.87529e+06
117.4083,125.842,-68.6005,102.18,20701.7,7576.74,1.94626e+06
117.4250,125.941,-68.9544,102.012,20667.1,7525.68,1.59257e+06
117.4417,125.793,-68.6095,101.968,20663.5,7542.58,1.64195e+06
117.4583,126.187,-69.5028,101.804,20488.5,7456.3,1.67999e+06
117.4750,125.804,-68.6321,101.854,20705.6,7559.2,1.83696e+06
117.4917,126.042,-69.7478,101.334,20278,7396.87,1.87592e+06
117.5083,125.938,-68.788,101.785,20637.3,7594.65,1.46897e+06
117.5250,126.134,-69.9805,101.079,20167.7,7362.08,1.5434e+06
117.5417,126.173,-69.1218,101.631,20523.1,7508.41,1.66722e+06
117.5583,126.339,-70.0441,101.059,20150.8,7351.81,1.48007e+06
117.5750,126.116,-69.7244,101.043,20240.6,7355.73,1.81019e+06
117.5917,125.432,-68.8974,100.685,20457,7497.46,1.58661e+06
117.6083,126.077,-69.9433,100.565,20269.1,7401.45,1.58985e+06
117.6250,126.034,-69.5985,100.371,20209.2,7305.53,1.75841e+06
117.6417,126.106,-69.1452,100.708,20460.5,7435.15,1.86512e+06
117.6583,126.386,-69.0696,101.122,20563.5,7461.23,1.96843e+06
117.6750,126.476,-69.5708,100.922,20227.8,7341.7,2.02986e+06
117.6917,126.354,-69.0615,101.134,20580.6,7429.58,1.74334e+06
117.7083,126.013,-70.014,99.9412,20157.1,7274.94,1.6071e+06
117.7250,126.023,-68.9724,100.398,20567.9,7479.61,1.67483e+06
117.7417,126.51,-69.6475,100.407,20126.6,7224.94,1.82281e+06
117.7583,126.386,-69.3495,100.459,20290.2,7295.19,1.86741e+06
117.7750,126.308,-69.7218,100.211,20250.6,7358.77,1.73554e+06
117.7917,126.567,-70.305,99.9357,20240,7299.23,1.71291e+06
117.8083,126.898,-70.3561,99.8333,20105.9,7208.05,1.85765e+06
117.8250,127.025,-69.1064,100.503,20378.1,7224,2.10695e+06
117.8417,127.04,-69.215,100.612,20339.3,7176.56,2.01364e+06
117.8583,127.308,-69.6052,100.86,20330.3,7221.37,2.07521e+06
117.8750,127.439,-69.8572,100.706,20329.5,7244.33,1.98782e+06
117.8917,127.632,-70.5144,100.086,20119.6,7135.12,1.95739e+06
117.9083,127.743,-69.9408,100.381,20287.5,7185.15,2.04163e+06
117.9250,127.866,-70.5437,100.134,20194.3,7105.24,2.21732e+06
117.9417,127.664,-70.0601,100.265,20330,7115.93,2.11196e+06
117.9583,127.629,-69.8176,100.402,20373.4,7143.04,2.17707e+06
117.9750,127.896,-70.0825,100.217,20423.3,7182.47,2.11466e+06
117.9917,128.048,-70.5434,100.051,20269.1,7080.31,1.74308e+06
118.0083,128.113,-70.8237,99.8565,20286.9,7046.59,1.99395e+06
118.0250,128.116,-70.1166,100.187,20414.1,7043.96,1.9185e+06
118.0417,127.877,-70.0572,99.9615,20179.7,6853.33,2.43327e+06
118.0583,127.875,-70.3234,99.8972,20183.1,6941.43,2.30152e+06
118.0750,128.23,-70.6455,100.149,20340.6,7076.95,2.4813e+06
118.0917,128.162,-70.8878,99.7102,20136.6,6955.92,2.01565e+06
118.1083,127.981,-71.0136,99.1489,19980.8,6851.95,2.0629e+06
118.1250,127.611,-70.6352,99.0588,20067.3,6878.32,2.12805e+06
118.1417,127.445,-70.889,98.7124,20071.6,6914.92,2.1418e+06
118.1583,127.317,-70.8301,98.4578,20211.7,6990.31,1.96409e+06
118.1750,127.019,-70.7449,97.9604,20048.3,6903.1,2.00565e+06
118.1917,126.518,-70.7569,97.4284,20034.9,6897.49,2.25627e+06
118.2083,126.338,-70.1906,97.5763,20154.7,6912.45,2.5615e+06
118.2250,126.306,-70.4048,97.3535,20030.6,6929.79,2.3326e+06
118.2417,126.54,-70.4842,97.359,20195.5,7031.31,2.2693e+06
118.2583,126.485,-70.7209,96.8126,20039.8,6827.93,2.57524e+06
118.2750,126.242,-70.3671,96.8613,20033.6,6824.09,2.19444e+06
118.2917,125.994,-70.2788,96.7605,20013.1,6802.51,2.41206e+06
118.3083,125.536,-70.663,96.0836,19960.6,6816.43,2.23613e+06
118.3250,125.298,-70.6816,95.5689,20091.3,6929.89,2.19039e+06
118.3417,125.061,-70.2932,95.3768,20148.2,6900.75,1.99316e+06
118.3583,124.602,-69.6047,95.0103,20060.7,6806.06,2.19688e+06
118.3750,124.264,-69.8097,94.5368,19945.6,6767.78,2.15345e+06
118.3917,124.37,-70.3123,94.4028,20000.1,6855.42,2.01325e+06
118.4083,124.126,-70.1468,94.1744,19989.1,6819.96,2.10735e+06
118.4250,124.008,-70.3746,93.7182,19891.7,6806.42,2.15563e+06
118.4417,123.904,-70.2578,93.5611,19957.3,6835.67,2.14529e+06
118.4583,123.656,-70.0292,93.3653,19857.8,6748.26,2.05275e+06
118.4750,123.177,-70.1186,92.7373,19760.4,6694.14,2.03703e+06
118.4917,122.847,-70.1819,92.4945,19750.5,6768.58,2.04773e+06
118.5083,122.624,-70.2382,92.1978,19792.3,6825.18,1.63505e+06
118.5250,122.604,-70.4409,91.6624,19725.4,6769.24,1.70653e+06
118.5417,122.127,-69.8415,91.271,19791.5,6666.62,1.95409e+06
118.5583,121.896,-70.0033,90.9388,19591.1,6578.08,1.80538e+06
118.5750,121.732,-70.0855,90.8589,19724.2,6608.88,1.58495e+06
118.5917,121.598,-70.1244,90.6384,19663.8,6659.63,1.74312e+06
118.6083,121.623,-70.1653,90.3789,19624.6,6637.62,1.93514e+06
118.6250,121.475,-69.996,90.1586,19622.3,6578.58,2.08644e+06
118.6417,121.086,-69.7572,89.8375,19605.7,6571.06,1.96133e+06
118.6583,120.877,-69.7071,89.6696,19656.2,6607.85,2.17601e+06
118.6750,120.799,-69.6588,89.5581,19672.9,6612.58,1.84276e+06
118.6917,120.817,-69.6971,89.4477,19736.9,6586.39,2.63946e+06
118.7083,120.655,-69.8295,89.035,19575.3,6538.78,2.93229e+06
118.7250,120.516,-69.8575,88.8553,19595.9,6523.46,2.96676e+06
118.7417,120.265,-69.4414,88.7326,19604.3,6520.83,1.96285e+06
118.7583,120.056,-69.5191,88.4027,19520.3,6537.24,2.07072e+06
118.7750,119.933,-69.6105,88.1382,19602.8,6629.88,2.07364e+06
118.7917,119.658,-69.3722,87.9678,19670.7,6566.91,2.14485e+06
118.8083,119.617,-69.1561,87.8389,19642.7,6570.31,1.97363e+06
118.8250,119.555,-69.3132,87.5967,19646.7,6514.79,1.95476e+06
118.8417,119.528,-69.326,87.5154,19569.1,6550.92,1.95752e+06
118.8583,119.467,-68.8802,87.6732,19643,6477.49,2.17032e+06
118.8750,119.334,-68.3721,87.7753,19657.1,6517.67,2.18408e+06
118.8917,119.376,-68.7129,87.5714,19670.1,6467.53,1.87404e+06
118.9083,119.6,-69.1421,87.4964,19656,6521.65,2.0314e+06
118.9250,119.685,-69.0821,87.5118,19673.1,6495.84,2.07776e+06
118.9417,119.419,-68.7621,87.3456,19554.5,6391.73,1.8748e+06
118.9583,119.25,-68.822,87.1321,19612.4,6393.07,1.99406e+06
118.9750,119.156,-69.0766,86.8762,19649.5,6494.52,1.83635e+06
118.9917,118.791,-68.9208,86.4736,19584.4,6491.81,1.74082e+06
119.0083,118.496,-68.8319,86.1187,19533.2,6453.71,1.55369e+06
119.0250,118.441,-68.9635,85.9029,19580,6481.13,1.8658e+06
119.0417,118.736,-69.1666,85.8485,19665.8,6488.77,1.85182e+06
119.0583,118.702,-68.8787,85.7823,19613.1,6369.51,1.91362e+06
119.0750,118.466,-68.6438,85.6686,19489.9,6223.33,1.8664e+06
119.0917,118.076,-68.5354,85.4847,19421.5,6224.92,1.65838e+06
119.1083,117.875,-68.8665,85.1041,19492.3,6369.74,1.90843e+06
119.1250,117.689,-69.0427,84.6344,19421.7,6366.96,1.79893e+06
119.1417,117.367,-68.8082,84.338,19428.7,6430.53,1.88815e+06
119.1583,117.119,-68.4639,84.1762,19353.1,6397.27,2.02901e+06
119.1750,116.748,-67.9775,84.0933,19364.2,6327.31,2.69848e+06
119.1917,116.743,-67.9418,84.1278,19495,6377.1,3.28591e+06
119.2083,116.962,-68.2801,84.089,19415.8,6487.78,2.60085e+06
119.2250,117.01,-68.5414,83.8353,19524.8,6494.37,3.03427e+06
119.2417,116.899,-68.3307,83.7729,19357.7,6334.63,3.05334e+06
119.2583,116.603,-67.9542,83.7067,19362.5,6278.45,3.16572e+06
119.2750,115.6,-67.7023,82.9207,19138.9,6267.81,3.05012e+06
119.2917,115.106,-67.8959,82.345,19271.6,6465.99,3.53266e+06
119.3083,114.904,-67.9783,82.0636,19264.2,6518.16,3.03898e+06
119.3250,114.856,-68.4625,81.4328,19239.6,6564.4,3.2461e+06
119.3417,115.061,-68.5104,81.3301,19293.7,6492.58,2.61405e+06
119.3583,115.13,-68.1512,81.4151,19277.9,6401.75,2.79257e+06
119.3750,115.407,-68.1208,81.6561,19298.4,6296.53,2.66192e+06
119.3917,115.505,-68.1318,81.7838,19339.6,6308.15,2.57791e+06
119.4083,115.722,-68.3027,81.8842,19261.7,6324.89,2.40477e+06
119.4250,115.728,-68.4191,81.8455,19215.7,6326.27,2.11237e+06
119.4417,115.699,-68.5482,81.6705,19200.8,6313.85,2.23388e+06
119.4583,115.566,-68.6661,81.3895,19176.6,6287.01,1.77912e+06
119.4750,115.414,-68.49,81.1765,19195.8,6287.83,1.948e+06
119.4917,115.209,-68.3999,80.962,19250.1,6285.2,1.85176e+06
119.5083,115.151,-68.4385,80.8202,19134.3,6249.67,1.93937e+06
119.5250,115.122,-68.5241,80.6467,19068.8,6280.39,1.68977e+06
119.5417,115.113,-68.5498,80.518,19132.1,6252.56,1.73448e+06
119.5583,114.709,-68.0898,80.3653,19072.9,6225.51,2.00344e+06
119.5750,114.537,-68.0805,80.2546,19086.4,6247.91,1.88046e+06
119.5917,115.252,-69.0233,80.2646,19257.5,6338.49,1.93205e+06
119.6083,116.277,-69.9441,80.4884,19207.4,6388.01,2.12164e+06
119.6250,117.826,-71.3839,80.9097,19269.2,6200.99,2.00145e+06
119.6417,119.578,-71.9505,81.8118,19077.3,5803.99,2.85139e+06
119.6583,118.559,-70.4896,81.5462,18412.2,5220.72,2.99382e+06
119.6750,117.246,-69.2544,81.1522,18101.6,5035.23,3.03519e+06
119.6917,116.456,-69.163,81.0158,18373.6,5263.64,2.85008e+06
119.7083,116.167,-69.5507,80.731,18576.7,5639.9,2.47116e+06
119.7250,116.124,-69.7237,80.2949,18880.9,5976.35,2.18258e+06
119.7417,116.035,-69.5678,79.9439,18877.2,5954.59,2.16891e+06
119.7583,115.514,-69.0832,79.587,18754.4,5726.73,2.24351e+06
119.7750,115.214,-68.9378,79.5032,18679.8,5605.63,2.40779e+06
119.7917,115.042,-69.0821,79.3698,18575.6,5613.62,2.20354e+06
119.8083,115.244,-69.6932,79.1182,18525.5,5708.99,2.28273e+06
119.8250,115.63,-70.1351,78.9017,18486.5,5672.83,1.97185e+06
119.8417,114.954,-69.2724,78.6438,18340.7,5495.83,2.3014e+06
119.8583,114.675,-68.9456,78.5876,18293.1,5340,2.41324e+06
119.8750,114.663,-69.2521,78.3704,18320.5,5385.25,2.55927e+06
119.8917,114.508,-68.9384,78.299,18289.7,5368.31,2.45425e+06
119.9083,114.286,-68.9135,78.049,18282.6,5395.51,2.5618e+06
119.9250,114.277,-68.8988,78.0084,18259.8,5411.94,2.54163e+06
119.9417,113.932,-68.5596,77.9895,18209.2,5389.9,2.811e+06
119.9583,113.783,-68.9406,77.624,18146.8,5507.95,2.63507e+06
119.9750,114.176,-69.4283,77.6584,18158.8,5595.13,2.2879e+06
119.9917,114.455,-69.7201,77.5999,18108.4,5523.21,2.22453e+06
