time_hours,B_magnitude,He,Bz,E1,E2,MPS_LO
0.0083,110.961,-23.6256,109.002,16151.9,7071.41,497546
0.0250,111.012,-23.5728,109.054,16310.8,7102.82,481283
0.0417,111.006,-23.7175,109.041,16253.3,7052.07,466310
0.0583,110.902,-23.6929,108.931,16234.2,7106.64,485489
0.0750,110.761,-23.6613,108.782,16195.5,7091.32,505717
0.0917,110.646,-23.6414,108.657,16204.4,7027.9,445681
0.1083,110.599,-23.6584,108.603,16169.1,7035.7,459710
0.1250,110.606,-23.6732,108.596,16166.7,7017.18,460400
0.1417,110.636,-23.6983,108.617,16283.8,7097.91,498092
0.1583,110.787,-23.7653,108.756,16386.2,7143.73,492224
0.1750,110.925,-23.8097,108.866,16526.9,7191.47,507114
0.1917,110.884,-23.7229,108.793,16499,7217.07,485712
0.2083,110.828,-23.7355,108.715,16562.1,7220.93,497798
0.2250,110.849,-23.9138,108.725,16658.2,7269.08,490011
0.2417,110.686,-23.793,108.556,16715.3,7267.86,490435
0.2583,110.417,-23.7247,108.278,16602.2,7261,532298
0.2750,110.124,-23.7658,107.987,16605.6,7300.01,504818
0.2917,109.743,-23.8019,107.588,16589.9,7236.74,520096
0.3083,109.534,-23.6784,107.371,16523.2,7236.18,510826
0.3250,109.776,-23.9777,107.572,16672,7307.98,532242
0.3417,110.098,-24.183,107.879,16915.9,7388.03,537071
0.3583,110.157,-24.2447,107.896,16863.7,7327.7,529195
0.3750,110.238,-24.2584,107.95,16836.4,7338.5,489726
0.3917,110.333,-24.061,108.037,17141.5,7473.91,555500
0.4083,110.387,-23.8268,108.075,17311.2,7574.07,571265
0.4250,110.393,-23.8228,108.037,17256.9,7571.5,592311
0.4417,110.316,-23.766,107.967,17381.8,7617.61,570174
0.4583,110.208,-23.7176,107.87,17481.7,7641.49,573438
0.4750,110.015,-23.6801,107.663,17463.6,7586.06,599608
0.4917,109.949,-23.7296,107.578,17440.9,7602.64,517066
0.5083,109.901,-23.7539,107.525,17572.1,7619.98,571104
0.5250,109.878,-23.6633,107.5,17567.9,7560.2,569975
0.5417,109.781,-23.6987,107.381,17555,7626.57,558310
0.5583,109.653,-23.6832,107.254,17499.4,7511.34,552733
0.5750,109.506,-23.6333,107.096,17435.5,7424.84,556375
0.5917,109.365,-23.6638,106.931,17538.6,7391.56,571434
0.6083,109.203,-23.6691,106.762,17440.4,7397.17,529008
0.6250,109.152,-23.7118,106.701,17420.9,7368.39,587650
0.6417,109.122,-23.7474,106.668,17576.1,7283.74,585696
0.6583,109.174,-23.7697,106.704,17530,7309.5,602710
0.6750,109.242,-23.7432,106.769,17590.1,7302.91,568249
0.6917,109.296,-23.7074,106.803,17631.9,7260.93,589733
0.7083,109.251,-23.7293,106.738,17753.5,7284.78,575542
0.7250,109.226,-23.7294,106.687,17711.5,7303.87,608690
0.7417,109.165,-23.7107,106.605,17773.8,7312.99,587606
0.7583,109.089,-23.7406,106.525,17781.9,7263.06,564930
0.7750,109.036,-23.7429,106.467,17775.4,7284.62,580813
0.7917,108.951,-23.7313,106.358,17792,7308.79,598245
0.8083,108.88,-23.8033,106.266,17872.9,7275.86,571902
0.8250,108.667,-23.7707,106.056,17729.2,7254.32,599708
0.8417,108.625,-23.8414,105.984,17661.6,7237.64,602831
0.8583,108.541,-23.9063,105.881,17694.1,7217.82,623154
0.8750,108.596,-24.063,105.936,17680.5,7229.62,595442
0.8917,108.762,-24.0474,106.086,17849.1,7240.51,574148
0.9083,108.898,-23.9542,106.236,17841.8,7222.21,628698
0.9250,108.903,-23.8742,106.247,17612.6,7130.56,590703
0.9417,108.758,-23.7936,106.113,17419.3,7130.32,575986
0.9583,108.722,-23.674,106.053,17524.4,7117.71,596643
0.9750,108.512,-23.5462,105.839,17731.1,7175.89,595173
0.9917,108.138,-23.4858,105.475,17575.1,7174.43,604718
1.0083,108.029,-23.8317,105.343,17358.5,7040.32,600530
1.0250,107.891,-23.7823,105.182,17198.1,6974.76,560608
1.0417,107.683,-23.7919,104.981,17036.9,6921.44,590879
1.0583,107.549,-23.7966,104.841,16823.1,6893.57,624240
1.0750,107.543,-23.7752,104.81,16881.2,6900.92,597580
1.0917,107.535,-23.84,104.769,16873,6857.84,613207
1.1083,107.516,-23.7922,104.745,16864,6860.37,592650
1.1250,107.714,-23.783,104.931,16844.1,6929.09,655662
1.1417,107.81,-23.827,105.018,16904.5,6919.04,640937
1.1583,107.856,-23.9347,105.041,16756.3,6912.06,587156
1.1750,107.931,-23.9673,105.112,16761.4,6910.77,614290
1.1917,107.907,-23.8833,105.09,16720.5,6899.39,625377
1.2083,107.943,-23.8836,105.107,16793.3,6949.66,618712
1.2250,107.992,-23.8583,105.141,16653.6,6972.77,662128
1.2417,107.977,-23.849,105.116,16734.6,6949.63,613997
1.2583,107.906,-23.8168,105.036,16614.5,6985.82,690084
1.2750,107.835,-23.826,104.959,16488.3,6927.25,693340
1.2917,107.841,-23.8622,104.943,16432.4,6983.05,686902
1.3083,107.774,-23.8777,104.857,16327.6,6991.86,695183
1.3250,107.715,-23.8754,104.782,16276.1,7024.72,740104
1.3417,107.68,-23.8574,104.729,16223.3,7069.54,725992
1.3583,107.704,-23.8618,104.735,16252.6,7106.63,757256
1.3750,107.741,-23.8343,104.761,16318.7,7140.21,719509
1.3917,107.713,-23.8359,104.726,16143,7212.07,701245
1.4083,107.672,-23.9376,104.652,16096.2,7259.12,702982
1.4250,107.658,-23.8711,104.63,16149.8,7316.58,658561
1.4417,107.667,-23.8459,104.628,16136.5,7340.87,639826
1.4583,107.693,-23.9015,104.626,16077.3,7393.25,651492
1.4750,107.755,-23.9349,104.658,16159.5,7437.24,689710
1.4917,107.783,-23.9078,104.676,16246.1,7465.48,636364
1.5083,107.831,-23.9734,104.697,16272.1,7484.9,640635
1.5250,107.73,-23.9101,104.583,16245.6,7540.05,651057
1.5417,107.479,-23.9321,104.316,16136.7,7518.16,649211
1.5583,107.409,-23.9713,104.23,16184.6,7525.45,693472
1.5750,107.365,-23.9958,104.169,16237.8,7530.44,681020
1.5917,107.274,-24.0882,104.05,16324.1,7531.09,648817
1.6083,107.134,-24.0778,103.903,16196.6,7535.55,620466
1.6250,107.144,-24.0944,103.893,16382.2,7590.07,651462
1.6417,107.19,-24.1668,103.909,16443.2,7641.25,677078
1.6583,107.175,-24.2229,103.873,16402.8,7554.6,671529
1.6750,107.207,-24.2102,103.895,16487.1,7630.59,638034
1.6917,107.394,-24.147,104.079,16673.7,7695.57,648534
1.7083,107.199,-24.0968,103.873,16642.2,7648.84,655797
1.7250,107.022,-24.0733,103.681,16558.8,7666.79,675739
1.7417,106.873,-24.0886,103.516,16544.4,7626.74,659719
1.7583,106.733,-24.0706,103.375,16616.9,7651.18,670648
1.7750,106.553,-24.047,103.189,16546.5,7632.64,687876
1.7917,106.199,-23.9907,102.831,16386.5,7540.74,747488
1.8083,105.987,-24.108,102.581,16315.5,7474.07,717597
1.8250,106.021,-24.0031,102.598,16502.6,7531.53,688870
1.8417,106.246,-24.0358,102.784,16674,7647.25,705135
1.8583,106.499,-23.9944,103.041,16890.5,7690.94,682530
1.8750,106.404,-24.0082,102.934,16746.9,7674.17,673927
1.8917,106.222,-24.0559,102.73,16604.2,7583.59,706160
1.9083,106.205,-24.1109,102.693,16584.6,7539.83,659810
1.9250,106.144,-24.1246,102.614,16671,7530.82,695580
1.9417,105.973,-24.0716,102.441,16571.7,7499.94,686604
1.9583,105.728,-23.9919,102.205,16456.6,7448.9,714185
1.9750,105.466,-23.9892,101.932,16365.4,7348.82,741423
1.9917,105.084,-23.9658,101.539,16206.7,7241.13,652315
2.0083,104.916,-23.9659,101.354,16159.6,7201.79,701151
2.0250,104.763,-23.8216,101.216,16121.6,7186.96,717080
2.0417,104.571,-23.7699,101.019,16147.9,7130.61,715580
2.0583,104.378,-23.7395,100.818,16101,7076.78,655506
2.0750,104.288,-23.7436,100.723,16033,7036.14,669589
2.0917,104.271,-23.7798,100.684,16052.6,7051.63,684224
2.1083,104.125,-23.778,100.526,16001.6,6983.88,681611
2.1250,104.088,-23.804,100.476,16095.1,6973.52,652186
2.1417,104.112,-23.8685,100.483,16035.1,6918.75,665504
2.1583,104.173,-23.9378,100.529,16017.2,6907.43,666485
2.1750,104.118,-23.9596,100.46,16001.6,6862.09,669761
2.1917,103.919,-23.9965,100.251,15947.5,6803.72,650847
2.2083,103.783,-23.9843,100.109,15844.2,6772.54,630986
2.2250,103.767,-23.997,100.065,15871.9,6742.88,656241
2.2417,103.706,-23.9643,99.9975,15912.8,6720.58,636188
2.2583,103.668,-23.9476,99.9629,15876.2,6707.2,677217
2.2750,103.613,-23.8916,99.9193,15822.8,6682.28,695905
2.2917,103.614,-23.9321,99.9024,15833.1,6724.48,726106
2.3083,103.474,-23.9823,99.7486,15776.6,6655.5,691108
2.3250,103.422,-24.0471,99.6816,15793.9,6671.68,658559
2.3417,103.402,-24.0765,99.6462,15728.2,6659.41,641637
2.3583,103.356,-24.1133,99.5823,15763.2,6705.23,616510
2.3750,103.421,-24.1583,99.6232,15795.9,6727.33,595883
2.3917,103.372,-24.1428,99.5607,15730.3,6783.69,645922
2.4083,103.309,-24.1395,99.4852,15765.5,6837.25,643465
2.4250,103.206,-24.1586,99.3732,15661.2,6792.49,609070
2.4417,103.107,-24.2267,99.2473,15643.7,6843.58,614889
2.4583,103.057,-24.2293,99.1826,15567.7,6862.4,629703
2.4750,103.021,-24.1907,99.1549,15626.7,6933.19,658117
2.4917,102.841,-24.1987,98.948,15570.3,6964.27,708060
2.5083,102.842,-24.3074,98.8934,15629.8,6994.19,719590
2.5250,102.698,-24.2562,98.7442,15521,7041.61,754986
2.5417,102.515,-24.2763,98.5401,15566.4,7056.88,746538
2.5583,102.523,-24.1619,98.5392,15616.3,7089.74,745083
2.5750,102.373,-24.0561,98.3959,15610.9,7184.31,728893
2.5917,102.168,-24.0039,98.1907,15673.4,7194.41,689370
2.6083,101.967,-23.9433,97.976,15464.2,7140.81,719514
2.6250,101.717,-23.9302,97.7219,15364.4,7141.59,650888
2.6417,101.485,-23.9498,97.4998,15331.8,7094.58,676990
2.6583,101.259,-23.88,97.2563,15316.3,7066.54,726904
2.6750,101.032,-23.9088,97.0025,15275.3,7054.56,653626
2.6917,100.804,-23.9944,96.7637,15185.9,7010.11,719090
2.7083,100.537,-24.0132,96.4943,15063.6,7001.73,704534
2.7250,100.37,-23.9778,96.3116,15099.2,6968.1,678388
2.7417,100.236,-23.9495,96.1724,15179.1,6987.82,719835
2.7583,100.208,-24.0912,96.1059,15123.5,6979.4,678507
2.7750,100.165,-24.0888,96.035,15297.9,6993.27,694596
2.7917,100.199,-24.0146,96.068,15427.4,7032.38,705344
2.8083,100.166,-23.9577,96.0611,15444.4,7100.96,809627
2.8250,100.006,-23.9906,95.8949,15426.4,7004.85,662143
2.8417,100.028,-24.0248,95.8961,15299.2,6916.23,706193
2.8583,99.9349,-24.0623,95.7812,15172.2,6844.33,679794
2.8750,99.7584,-24.0684,95.5872,15089.9,6817.34,608187
2.8917,99.7176,-24.0818,95.527,15060.9,6729.15,580556
2.9083,99.6034,-24.1239,95.3805,15078.4,6690.76,551386
2.9250,99.5366,-24.0749,95.3181,15095.8,6734.79,537091
2.9417,99.5057,-24.0064,95.2896,14982.8,6731.93,535088
2.9583,99.4121,-23.962,95.2065,15096.2,6649.3,525591
2.9750,99.4562,-23.9254,95.2595,15087.7,6668.53,558780
2.9917,99.3377,-23.917,95.1273,14997.3,6618.64,536506
3.0083,99.2247,-23.8721,95.0076,14978.4,6595.95,550958
3.0250,99.0961,-23.8229,94.8821,14909.3,6541.33,537034
3.0417,98.959,-23.8332,94.7302,14846,6515.99,569887
3.0583,98.7714,-23.7992,94.5354,14716.9,6509.33,532929
3.0750,98.7034,-23.7869,94.4699,14676.9,6522.5,578988
3.0917,98.6078,-23.7727,94.3644,14644.9,6509.34,562830
3.1083,98.5546,-23.73,94.304,14557.4,6461.06,531504
3.1250,98.5143,-23.7204,94.2565,14562.5,6448.3,575862
3.1417,98.4807,-23.7738,94.2101,14543.4,6471.86,574857
3.1583,98.4257,-23.8385,94.1296,14550.9,6487.96,611941
3.1750,98.2786,-23.8484,93.9579,14506.1,6484.23,636819
3.1917,98.2537,-23.8691,93.9202,14524.7,6472.12,594316
3.2083,98.1369,-23.835,93.8128,14415.3,6476.61,662229
3.2250,98.0418,-23.8789,93.7008,14463,6447.86,605940
3.2417,98.0122,-23.9251,93.643,14387.7,6443.68,663119
3.2583,97.9787,-23.9439,93.5999,14348.8,6489.6,652591
3.2750,97.9047,-23.7229,93.5804,14407.2,6534.37,664352
3.2917,97.0666,-23.4666,92.8032,14298.5,6515.03,714515
3.3083,97.0017,-23.6553,92.6635,14101.1,6422.76,638231
3.3250,97.0639,-23.6125,92.708,14181.5,6508.13,687925
3.3417,97.0746,-23.7117,92.7021,14382.6,6593.17,732863
3.3583,97.0092,-23.9218,92.5906,14275.8,6583.49,738178
3.3750,96.8999,-23.9785,92.4363,14123.7,6529,709592
3.3917,96.6672,-24.1283,92.1602,14070.1,6537.92,735025
3.4083,96.5062,-24.1539,91.9784,13950.6,6544.07,719513
3.4250,96.4549,-24.2858,91.8692,13858,6573.58,731529
3.4417,96.5993,-24.3122,92.0131,13988.4,6599.09,720721
3.4583,96.6732,-24.3285,92.1125,14116.9,6645.83,711392
3.4750,96.5905,-24.4141,92.0004,13954.8,6625.98,710802
3.4917,96.5491,-24.5951,91.8831,13854.2,6556.62,719712
3.5083,96.4018,-24.7229,91.6773,13823.1,6577.17,714263
3.5250,96.1991,-24.6215,91.5042,13814.2,6565.99,722161
3.5417,96.0634,-24.5358,91.3721,13958.8,6620.82,684155
3.5583,95.9017,-24.4974,91.1978,13945,6645.11,701721
3.5750,95.8098,-24.5011,91.0861,13811.5,6640.84,701966
3.5917,95.6973,-24.6826,90.9233,13750.6,6585.85,657079
3.6083,95.6905,-24.7695,90.8713,13697,6506.8,681982
3.6250,95.5371,-24.862,90.6744,13652.6,6446.13,701776
3.6417,95.3783,-24.9054,90.4897,13477.7,6358.27,677211
3.6583,95.236,-24.8629,90.3377,13517.6,6364,639011
3.6750,95.1944,-24.8056,90.2901,13479.2,6326.65,671685
3.6917,95.0006,-24.6072,90.1514,13397,6280.2,662104
3.7083,94.9726,-24.5535,90.1396,13337.2,6219.37,679002
3.7250,94.809,-24.6983,89.9015,13279.5,6200.31,689812
3.7417,94.7455,-24.5608,89.8547,13318.9,6224.83,673327
3.7583,94.7597,-24.4247,89.9029,13403.9,6295.69,646377
3.7750,94.9408,-24.2613,90.1399,13627.2,6350.92,689901
3.7917,95.0155,-24.0344,90.2583,13772,6466.87,702938
3.8083,95.0488,-23.8998,90.3006,13893.5,6468.77,690091
3.8250,95.0688,-23.7672,90.348,14137.7,6556.89,665568
3.8417,95.4049,-23.6386,90.7248,14354,6763.05,650379
3.8583,95.9214,-23.5639,91.2502,14609.6,6955.15,665222
3.8750,96.3094,-23.6025,91.6434,14827.7,7066.22,713911
3.8917,96.2206,-23.706,91.5571,14894.8,7154.47,727417
3.9083,96.2468,-23.8284,91.5744,14928.7,7123.6,659665
3.9250,95.9974,-23.9664,91.2721,14855.6,7041.54,703701
3.9417,95.8087,-24.0873,91.0266,14861.4,6986.88,677476
3.9583,95.7516,-24.2475,90.9024,14919.8,6957.48,661842
3.9750,95.7117,-24.296,90.8261,15015.9,7011.25,675589
3.9917,95.7303,-24.2444,90.8515,15035.9,7071.12,674485
4.0083,95.663,-24.1793,90.7901,15100.1,7058.27,649089
4.0250,95.7796,-24.1656,90.8945,15189.4,7082.83,694682
4.0417,95.7633,-24.1938,90.8582,15319.2,7067.91,663056
4.0583,95.8033,-24.2414,90.8766,15290.9,7117.02,665647
4.0750,95.8514,-24.2355,90.9091,15370.4,7149.85,634089
4.0917,95.8052,-24.1424,90.8714,15472.2,7158.64,676717
4.1083,95.7644,-24.054,90.8485,15608.5,7148.61,670462
4.1250,95.7184,-23.9974,90.7996,15573.6,7121.6,642482
4.1417,95.6037,-23.9236,90.6823,15632,7154.81,665252
4.1583,95.5622,-23.9379,90.6292,15616.4,7114.21,714855
4.1750,95.5311,-23.9121,90.5988,15616,7045.18,666307
4.1917,95.3415,-23.8471,90.4059,15679.6,7024.44,665466
4.2083,95.1026,-23.8876,90.1338,15584.1,6974.91,635302
4.2250,95.0713,-24.0435,90.0438,15457.3,6915.56,654998
4.2417,95.0778,-24.0679,90.0228,15600.3,6854.3,679693
4.2583,94.9496,-24.0758,89.8713,15666.9,6853.73,661614
4.2750,94.8647,-24.2118,89.7292,15640.1,6785.03,625758
4.2917,95.1735,-24.1474,90.0307,15790,6802.57,693078
4.3083,95.1429,-24.1426,89.975,15941.2,6830.88,713366
4.3250,95.1723,-24.2027,89.9873,15846.6,6792.25,660704
4.3417,95.1129,-24.2609,89.8995,15869,6799.77,688703
4.3583,95.0872,-24.2665,89.8468,15964.2,6831.35,680452
4.3750,94.9792,-24.3125,89.7107,15976.9,6851.26,656973
4.3917,94.9453,-24.3345,89.6641,15927.9,6832.96,696930
4.4083,94.9027,-24.328,89.6023,15995.4,6833.86,663741
4.4250,94.9368,-24.2886,89.6152,16211.9,6957.04,704130
4.4417,94.9461,-24.2537,89.6216,16357.1,7037.48,711809
4.4583,94.8626,-24.2917,89.5241,16429.9,7037.05,753850
4.4750,94.6894,-24.314,89.3331,16357,7003.51,708296
4.4917,94.5066,-24.4527,89.0787,16311,6976.86,739658
4.5083,94.367,-24.5336,88.894,16210.6,6919.11,747034
4.5250,94.103,-24.6273,88.5841,16200.1,6911.25,715877
4.5417,93.9887,-24.6391,88.4586,16094.1,6841.07,694192
4.5583,93.8252,-24.7074,88.2574,16047.8,6823.71,716921
4.5750,93.5789,-24.7152,87.9776,16072.1,6811.13,723890
4.5917,93.3558,-24.7779,87.7101,16148.6,6823.37,776308
4.6083,93.069,-24.9119,87.3695,16208.7,6856.26,757986
4.6250,92.7507,-24.9861,87.0034,16417,6941.78,784436
4.6417,91.8391,-24.6753,86.1513,16846.3,7116.94,794416
4.6583,90.9562,-24.3663,85.3599,16875.7,7120.44,819593
4.6750,90.9153,-24.2979,85.3537,16745.5,6903.11,804949
4.6917,90.6761,-24.3322,85.0859,16583.4,6768.7,791759
4.7083,90.4475,-24.5671,84.7545,16445.4,6600.09,752955
4.7250,90.0016,-24.5794,84.2738,16301.5,6518.72,787098
4.7417,89.3502,-24.5036,83.6335,16440.1,6556.3,759595
4.7583,88.8514,-24.1097,83.2266,16555.1,6522.98,786087
4.7750,88.2462,-23.8815,82.6868,16521.6,6315.31,756628
4.7917,88.2039,-23.8269,82.6576,16176.9,6068.94,788591
4.8083,88.026,-24.0828,82.3668,15860.3,5860.13,742821
4.8250,87.6854,-24.176,81.9601,15715.3,5847.6,782826
4.8417,87.3902,-24.3226,81.5837,15543.7,5796.99,757436
4.8583,87.308,-24.7596,81.3385,15284.4,5658.43,710211
4.8750,87.4474,-24.7908,81.4352,15212.8,5692.86,747832
4.8917,87.5781,-24.6977,81.5582,15268,5822.67,738296
4.9083,87.3414,-24.7231,81.2785,14949.8,5778.49,718762
4.9250,87.1808,-24.6428,81.1292,14727.6,5724.94,718315
4.9417,87.0188,-24.6721,80.9328,14439.4,5618.05,681540
4.9583,86.893,-24.6436,80.8042,14117.9,5616.54,699519
4.9750,86.8976,-24.6839,80.7856,13813.7,5560.81,691277
4.9917,86.9471,-24.7955,80.7771,13537.9,5557.2,694740
5.0083,87.1312,-24.9331,80.8934,13344.4,5507.71,700448
5.0250,87.2068,-25.0656,80.919,13307.2,5486.73,669274
5.0417,87.0537,-25.0482,80.7495,13157.2,5506.96,670326
5.0583,87.0782,-25.0513,80.7391,13006.4,5443.02,701055
5.0750,86.8855,-24.9792,80.5336,12891.1,5418.78,687150
5.0917,86.9564,-24.9976,80.5762,12746.6,5449.02,701959
5.1083,87.3024,-25.0785,80.8926,12632.2,5478.95,685606
5.1250,87.6907,-25.1781,81.2461,12553,5464.29,682198
5.1417,87.6725,-25.1774,81.212,12494.4,5503.63,670925
5.1583,87.5856,-25.0577,81.1431,12411.2,5551.66,673436
5.1750,87.0118,-24.9279,80.5827,12347.2,5534.34,646543
5.1917,86.9956,-24.9935,80.5287,12195.2,5540.22,641518
5.2083,86.8715,-25.0171,80.3766,12054,5527.98,690699
5.2250,87.1073,-25.1094,80.565,11964.5,5576.97,645682
5.2417,87.0226,-24.9779,80.5063,11889,5595.02,658136
5.2583,87.2716,-25.0556,80.7142,11792.8,5680.29,674678
5.2750,87.2871,-25.0806,80.706,11764,5726.44,662066
5.2917,87.4908,-25.1007,80.9067,11783.9,5790.16,649861
5.3083,87.5789,-25.0942,80.9949,11700.3,5780.02,641169
5.3250,87.3932,-25.0599,80.803,11625.6,5834.26,681688
5.3417,86.9723,-25.0836,80.3441,11473.7,5799.26,655915
5.3583,86.9583,-25.1063,80.2876,11377.4,5843.26,663007
5.3750,87.2578,-25.2171,80.5285,11381.3,5843.82,645088
5.3917,87.2602,-25.1984,80.5277,11352.2,5893.04,653370
5.4083,87.399,-25.2075,80.6488,11260,5935.22,674713
5.4250,87.4894,-25.2139,80.7247,11329.4,6011.06,663213
5.4417,87.6411,-25.3067,80.8287,11292.6,6040.06,662292
5.4583,87.959,-25.4058,81.103,11253.5,6060.27,662310
5.4750,87.8065,-25.2998,80.9651,11234.1,6076.5,658485
5.4917,87.8795,-25.3512,80.9928,11252.6,6179.67,633007
5.5083,87.8168,-25.288,80.9347,11173,6235.01,634538
5.5250,87.9194,-25.3716,80.998,11159.5,6297.5,667028
5.5417,88.0875,-25.3121,81.1791,11173.9,6324.43,664454
5.5583,87.5807,-25.1956,80.6847,11155.3,6340.3,649831
5.5750,87.4297,-25.2433,80.4945,11186.7,6387.16,670473
5.5917,87.5286,-25.3436,80.5374,11183.9,6450.1,632039
5.6083,88.5876,-25.516,81.5476,11157.9,6501.77,640542
5.6250,88.7404,-25.5271,81.6859,11254.5,6531.63,631675
5.6417,88.9044,-25.509,81.8471,11198.1,6597.77,675944
5.6583,88.9773,-25.5471,81.8882,11237.5,6586.37,667505
5.6750,89.5287,-25.6804,82.3803,11279,6638.12,659684
5.6917,89.4676,-25.6442,82.3167,11315.2,6657.32,645118
5.7083,89.4656,-25.6808,82.2965,11416.4,6685.65,655735
5.7250,89.4362,-25.788,82.2071,11381.1,6710.5,646703
5.7417,89.4333,-25.8299,82.1687,11434.4,6681.04,644651
5.7583,89.0298,-25.774,81.7564,11459.4,6636.79,644732
5.7750,88.7968,-25.7574,81.5058,11518.3,6662.42,642985
5.7917,88.6264,-25.7248,81.3253,11511.8,6646.27,617493
5.8083,88.6011,-25.7531,81.276,11608.5,6615.67,657162
5.8250,88.6449,-25.8447,81.2674,11646.6,6599.81,621582
5.8417,88.6254,-25.9054,81.1993,11696.5,6599.55,620009
5.8583,88.5325,-25.9161,81.0834,11787.4,6565.74,656283
5.8750,88.3659,-25.9219,80.8931,11795.8,6525.98,646994
5.8917,88.497,-25.9971,80.9826,11894.7,6515.25,678938
5.9083,88.661,-26.0022,81.1313,11983.2,6539.6,645342
5.9250,88.533,-26.06,80.9515,12034.1,6528.41,629923
5.9417,88.7365,-26.1993,81.0888,12104.7,6483.63,641238
5.9583,88.8488,-26.1815,81.1945,12194.3,6507.73,630286
5.9750,88.9202,-26.1673,81.2574,12278.5,6451.74,691035
5.9917,88.9193,-26.1679,81.2359,12320.3,6429.26,659586
6.0083,88.8155,-26.1701,81.1122,12393.5,6387.52,650679
6.0250,88.6931,-26.1095,80.9965,12469.9,6351.47,641629
6.0417,88.5662,-26.1254,80.8424,12410.6,6335.31,669962
6.0583,88.643,-26.2256,80.8621,12551.6,6311.39,651672
6.0750,88.6838,-26.2874,80.861,12612.4,6277.14,631333
6.0917,88.6148,-26.1893,80.8189,12641,6259.52,621558
6.1083,88.7365,-26.1764,80.9232,12759.4,6242.59,637760
6.1250,89.0014,-26.2465,81.1414,12829.8,6202.47,616968
6.1417,88.863,-26.2432,80.9808,12892.6,6180.52,672089
6.1583,88.9606,-26.2684,81.055,13019.6,6136.36,633793
6.1750,88.8534,-26.329,80.9044,13043.7,6070.02,647002
6.1917,88.7049,-26.3093,80.7402,13140.7,6103.67,631513
6.2083,88.398,-26.2498,80.4259,13133.8,6047.88,608396
6.2250,88.2274,-26.215,80.2402,13204.2,5968.95,648057
6.2417,88.0293,-26.1293,80.0472,13297.9,5930.7,635079
6.2583,87.9056,-26.0992,79.9062,13334.2,5887.29,642691
6.2750,87.8028,-26.1145,79.7705,13396.3,5856.43,622228
6.2917,87.679,-26.1034,79.6257,13461.7,5822,647707
6.3083,87.5481,-26.1267,79.4596,13460.4,5786.37,615092
6.3250,87.6189,-26.1987,79.4807,13543.4,5745.34,639828
6.3417,87.6506,-26.2675,79.4611,13608.7,5740.23,652538
6.3583,87.5842,-26.274,79.3686,13653.3,5738.94,646593
6.3750,87.5109,-26.2428,79.285,13710.8,5717.26,647963
6.3917,87.4798,-26.2181,79.2435,13808.9,5685,642614
6.4083,87.5292,-26.2553,79.2626,13782.5,5699.12,657091
6.4250,87.5937,-26.3429,79.2704,13750.7,5665.83,647390
6.4417,87.5004,-26.4199,79.1158,13826.6,5668.45,628898
6.4583,87.5478,-26.4576,79.1282,13897.4,5646.86,611958
6.4750,87.5737,-26.4891,79.1224,13899.7,5647.05,643018
6.4917,87.653,-26.5216,79.1728,13896.1,5613.4,702551
6.5083,87.8128,-26.5,79.3217,13823.8,5672.74,687117
6.5250,87.9535,-26.4964,79.441,13835,5638.6,692385
6.5417,88.0638,-26.401,79.5669,13836,5609.75,651268
6.5583,88.0387,-26.2967,79.5679,13772.8,5620.16,659317
6.5750,87.9049,-26.1887,79.4638,13704.7,5594.41,656488
6.5917,87.6968,-26.0603,79.2918,13613.8,5601.08,672172
6.6083,87.5678,-25.9874,79.1688,13509.9,5609.23,651327
6.6250,87.6173,-26.1081,79.1445,13458.9,5615.01,640417
6.6417,87.7918,-26.1563,79.2894,13378.7,5639.77,660379
6.6583,88.0221,-26.2837,79.4572,13272.9,5622.8,645298
6.6750,88.0321,-26.3908,79.4081,13176.8,5674.38,679732
6.6917,88.1664,-26.4884,79.4931,13081.6,5687.27,629536
6.7083,88.1207,-26.5317,79.4097,13017.6,5685.32,645370
6.7250,88.1759,-26.5703,79.4317,13024.9,5704.62,629299
6.7417,88.3186,-26.7356,79.4804,12943.1,5727.54,653295
6.7583,88.4352,-26.8389,79.5257,12803.6,5759.19,667823
6.7750,88.5324,-26.8846,79.5819,12784.2,5777.51,646085
6.7917,88.3251,-26.8599,79.3548,12645.1,5777.59,633978
6.8083,88.1131,-26.8575,79.1146,12613.8,5817.67,653943
6.8250,87.9721,-26.8095,78.9674,12533.1,5767.64,597799
6.8417,87.918,-26.8313,78.8773,12522.2,5796.48,649495
6.8583,87.9721,-26.9088,78.8738,12409.3,5828.23,642743
6.8750,87.9228,-26.9278,78.7915,12371.8,5848.79,663944
6.8917,87.8968,-26.8937,78.7588,12243.8,5880.96,656439
6.9083,87.9441,-26.8923,78.786,12264.9,5860.19,621398
6.9250,87.8878,-26.8517,78.729,12159.4,5858.54,662380
6.9417,87.7809,-26.8304,78.6081,12117.6,5901.76,655658
6.9583,87.7915,-26.8632,78.5809,12011.2,5895.98,674572
6.9750,87.8587,-26.9245,78.6007,11916.6,5923.7,649552
6.9917,87.7717,-26.9631,78.4678,11813.5,5907.82,677031
7.0083,87.8104,-26.9433,78.4936,11880.3,5883.21,646973
7.0250,87.7187,-26.9088,78.3931,11768.1,5910.89,640517
7.0417,87.608,-26.8974,78.2654,11754.8,5946.32,632499
7.0583,87.5987,-26.9345,78.2145,11699.6,5914.68,656691
7.0750,87.6536,-27.0179,78.2041,11558.5,5881.68,606546
7.0917,87.6021,-27.0303,78.1182,11611.1,5869.66,613143
7.1083,87.473,-27.0208,77.9626,11461.9,5892.08,628451
7.1250,87.3455,-26.9731,77.8302,11426.6,5863.05,614680
7.1417,87.2201,-26.9035,77.7102,11275.4,5845.06,672886
7.1583,87.1627,-26.9049,77.6236,11289.6,5815.55,600071
7.1750,87.2181,-26.9412,77.6406,11189.6,5820.08,652981
7.1917,87.1409,-26.9216,77.5442,11178.8,5851.16,632804
7.2083,86.9969,-26.8662,77.4,11212.9,5844.54,636115
7.2250,86.8437,-26.8918,77.2113,11124.7,5831.69,613958
7.2417,86.6841,-26.9403,77.0063,11028.1,5773.27,665759
7.2583,86.6772,-26.9974,76.959,11004.4,5766.72,656659
7.2750,86.5587,-26.9811,76.8213,10933.2,5738.59,631139
7.2917,86.5475,-26.979,76.7839,10869.8,5718.54,633462
7.3083,86.4876,-26.9299,76.7148,10879.7,5754.24,635041
7.3250,86.4546,-26.8775,76.6777,10756.3,5742.93,663733
7.3417,86.4234,-26.8817,76.6142,10784.4,5679.05,663163
7.3583,86.4036,-26.9223,76.545,10770,5694.28,647455
7.3750,86.3739,-26.996,76.4557,10681.9,5666.01,635014
7.3917,86.2806,-27.0592,76.3066,10651.4,5653.21,623077
7.4083,86.334,-27.141,76.2975,10637,5664.08,634903
7.4250,86.267,-27.1864,76.1805,10577.7,5609.36,632677
7.4417,86.205,-27.1867,76.0897,10574.5,5595.92,623822
7.4583,86.1926,-27.1863,76.0511,10589.6,5633.99,625002
7.4750,86.1948,-27.1884,76.0243,10541.8,5591.39,680319
7.4917,86.2159,-27.2235,76.0061,10521.3,5619.69,669862
7.5083,86.2529,-27.3422,75.9626,10486.1,5611.57,638606
7.5250,86.384,-27.5057,75.9932,10506.8,5622.91,663264
7.5417,86.4654,-27.6,76.0039,10485.5,5597.74,640493
7.5583,86.4926,-27.6582,75.9753,10465.2,5606.79,632785
7.5750,86.4912,-27.6855,75.9304,10546.4,5602.01,641025
7.5917,86.4594,-27.7051,75.8618,10484.3,5585.67,639912
7.6083,86.4141,-27.7458,75.7686,10517.2,5567.73,635316
7.6250,86.4264,-27.8434,75.7071,10505.9,5589.39,635229
7.6417,86.4807,-27.9038,75.7067,10545.9,5564.72,656942
7.6583,86.5134,-27.9843,75.6725,10588.4,5567.54,668128
7.6750,86.5291,-28.0564,75.6238,10554.7,5555.83,654226
7.6917,86.5213,-28.1285,75.5523,10543.4,5607.86,636542
7.7083,86.522,-28.1469,75.5197,10603.1,5583.6,677003
7.7250,86.5521,-28.2225,75.4868,10595.8,5564.86,678164
7.7417,86.6033,-28.248,75.5008,10682.2,5616.86,645497
7.7583,86.5904,-28.2513,75.4592,10678.3,5622.86,645249
7.7750,86.6312,-28.2513,75.4731,10714.8,5603.02,702257
7.7917,86.6283,-28.2922,75.4185,10711.3,5622.88,689538
7.8083,86.6973,-28.2524,75.4834,10782.7,5647.47,732297
7.8250,86.7181,-28.2892,75.4562,10790.1,5635.12,753477
7.8417,86.6809,-28.2619,75.4072,10840.5,5645.56,687842
7.8583,86.6599,-28.2252,75.3777,10895.7,5690.97,672723
7.8750,86.6738,-28.2465,75.3536,10975.7,5665.21,673410
7.8917,86.645,-28.2415,75.2989,11032.2,5677.06,695683
7.9083,86.6721,-28.2015,75.3188,11100.3,5680.55,676570
7.9250,86.7486,-28.2652,75.3323,11114,5658.01,652569
7.9417,86.7862,-28.3057,75.321,11107.8,5723.9,706325
7.9583,86.7304,-28.3313,75.2218,11128.4,5677.04,689069
7.9750,86.7366,-28.4485,75.137,11170.1,5701.68,705387
7.9917,86.7563,-28.4722,75.1192,11192.7,5659.03,669524
8.0083,86.7851,-28.4534,75.135,11242.5,5650.58,691682
8.0250,86.8319,-28.4504,75.1595,11269.8,5673.86,658133
8.0417,86.9132,-28.5683,75.157,11286.9,5670.57,698906
8.0583,86.9928,-28.7009,75.1439,11325.5,5655.27,707289
8.0750,87.0093,-28.8515,75.0553,11396.8,5643.15,687220
8.0917,87.0458,-28.9239,75.029,11410.7,5676.15,683224
8.1083,87.0456,-28.9656,74.981,11454.4,5632.53,710319
8.1250,87.0365,-28.9858,74.9342,11484.4,5635.93,710531
8.1417,87.0679,-29.0046,74.9296,11487.3,5624.56,702749
8.1583,87.0745,-29.0064,74.906,11598.2,5613.41,711948
8.1750,87.0738,-28.9878,74.8838,11580.5,5616.34,687140
8.1917,87.0631,-28.9491,74.8648,11622.1,5628.99,707910
8.2083,87.0708,-28.9613,74.8376,11625.6,5611.19,725416
8.2250,87.0997,-28.9531,74.8445,11697.2,5637.57,734603
8.2417,87.1156,-28.915,74.8548,11681.7,5596.57,756967
8.2583,87.1296,-28.8642,74.8699,11708.2,5579.02,734213
8.2750,87.0503,-28.786,74.8007,11770.2,5609.24,739061
8.2917,86.9699,-28.7245,74.7209,11826.5,5589.98,720420
8.3083,86.8709,-28.6871,74.6078,11850.2,5554.93,732515
8.3250,86.8152,-28.7055,74.5085,11848.4,5562.19,746826
8.3417,86.8293,-28.8428,74.4175,11840.3,5561.35,722385
8.3583,86.8875,-28.9836,74.3695,11896.7,5555.7,752158
8.3750,86.9688,-29.1431,74.3362,11850.9,5562.24,759423
8.3917,86.9793,-29.2705,74.246,11862.9,5522.97,764733
8.4083,86.9581,-29.3668,74.1397,11850.5,5503.35,751757
8.4250,86.9377,-29.4149,74.062,11844.5,5478.59,781606
8.4417,87.0136,-29.5199,74.0507,11804.5,5466.95,764755
8.4583,87.0776,-29.5898,74.0491,11859.9,5477.28,755666
8.4750,87.195,-29.6551,74.104,11864.7,5473.8,823931
8.4917,87.2645,-29.7268,74.1074,11883.2,5481.48,754696
8.5083,87.3752,-29.7702,74.1683,11879.1,5447.05,779075
8.5250,87.3997,-29.8327,74.1284,11900.5,5439.84,750560
8.5417,87.4176,-29.8773,74.0931,11928.2,5460.91,794070
8.5583,87.425,-29.9724,74.0148,11920.2,5450.4,766215
8.5750,87.4076,-30.0211,73.9391,11919.8,5441.44,779880
8.5917,87.3647,-30.0137,73.8672,11989.9,5449.58,779399
8.6083,87.3228,-30.082,73.756,11934.2,5496.41,803844
8.6250,87.3165,-30.0985,73.7095,11813,5492.07,799046
8.6417,87.2432,-30.0542,73.6289,11925.2,5487.79,797311
8.6583,87.2097,-29.9596,73.6167,11986.4,5496.22,803318
8.6750,87.1513,-29.955,73.5278,11991.2,5507.3,807833
8.6917,87.179,-30.0274,73.4843,12030.7,5495.52,800826
8.7083,87.1522,-30.0394,73.4202,12049.3,5517.17,841248
8.7250,87.1834,-29.9718,73.4608,12067.4,5558.8,827052
8.7417,87.166,-29.9237,73.4392,12136.2,5588.72,785124
8.7583,87.2725,-29.717,73.6382,12196.7,5572.28,828921
8.7750,87.1643,-29.7077,73.5004,12102.8,5545.56,842108
8.7917,87.4285,-29.9334,73.6164,11839.8,5537,855729
8.8083,87.3444,-29.6727,73.6462,12154.6,5619.75,844022
8.8250,87.2904,-29.5216,73.6454,12174,5590.67,902666
8.8417,87.3587,-29.5124,73.6909,11991.8,5563.04,893950
8.8583,87.2212,-29.5571,73.4917,11930.2,5572.15,861980
8.8750,87.2787,-29.4575,73.5751,12078.9,5628.88,886016
8.8917,87.3157,-29.5272,73.5427,12096,5646.07,872034
8.9083,87.1911,-29.6204,73.3283,12085.6,5678.41,878931
8.9250,87.1299,-29.6097,73.2409,12206.6,5693.67,909231
8.9417,87.1843,-29.7493,73.1857,12081.2,5706.82,896879
8.9583,87.2704,-29.9697,73.1162,12157.4,5737.53,896097
8.9750,87.2187,-30.0091,73.0078,12082.4,5713.19,918816
8.9917,87.2336,-30.1847,72.8886,12091.5,5781.32,896160
9.0083,87.2602,-30.3176,72.8067,12049.7,5729.01,878765
9.0250,87.2873,-30.3789,72.767,12107.7,5730.68,920870
9.0417,87.2701,-30.391,72.71,12074.6,5669.07,921462
9.0583,87.2706,-30.3692,72.6914,12006.4,5709.47,942103
9.0750,87.3299,-30.2721,72.7781,12029.4,5721.63,891426
9.0917,87.376,-30.1948,72.8392,12066,5696.92,924990
9.1083,87.3079,-30.4751,72.5707,11855.8,5625.64,951297
9.1250,87.3782,-30.3207,72.7026,11806.4,5659.4,931833
9.1417,87.4014,-30.2039,72.7636,11919,5622.27,944094
9.1583,87.544,-30.5029,72.7024,11660.6,5580.75,1.01507e+06
9.1750,87.5716,-30.4271,72.7427,11721.9,5577.71,1.07728e+06
9.1917,87.656,-30.3993,72.8148,11727.1,5617.97,1.07627e+06
9.2083,87.8227,-30.4662,72.9146,11688.2,5623.99,1.0748e+06
9.2250,87.8571,-30.5353,72.8769,11638.7,5611.11,1.11137e+06
9.2417,88.0211,-30.6016,72.9743,11729.3,5627.41,1.08406e+06
9.2583,88.1116,-30.4903,73.102,11844.8,5657.09,947740
9.2750,88.2721,-30.4991,73.2301,11885.6,5700.33,988791
9.2917,88.1966,-30.7484,72.9707,11792.9,5669.65,997976
9.3083,88.2978,-30.7288,73.0533,11720.1,5645.54,956869
9.3250,88.3766,-30.6248,73.164,11800.6,5683,979347
9.3417,88.5065,-30.9085,73.0952,11704.6,5612.77,1.00058e+06
9.3583,88.4074,-30.9264,72.9482,11705.6,5610.54,996427
9.3750,88.4704,-30.8864,73.0047,11637.7,5645.77,941917
9.3917,88.5849,-30.9008,73.0818,11618.6,5630.4,979950
9.4083,88.7319,-30.9045,73.1962,11699.7,5644.38,1.01047e+06
9.4250,88.6933,-31.2366,72.925,11617.9,5613.26,967516
9.4417,88.7944,-31.1713,73.0299,11516.4,5576.37,972140
9.4583,88.858,-31.0996,73.1073,11488.7,5544.7,985522
9.4750,88.992,-31.211,73.1385,11376.9,5501,1.03597e+06
9.4917,89.0037,-31.2001,73.1257,11465.5,5530.79,998502
9.5083,89.1237,-31.4047,73.0851,11319.1,5484.67,1.03337e+06
9.5250,89.1124,-31.3361,73.0802,11345,5504.14,1.13727e+06
9.5417,89.2094,-31.4688,73.059,11303.5,5482.11,1.32161e+06
9.5583,89.1513,-31.4001,73.0035,11346.2,5527.18,1.2767e+06
9.5750,89.2187,-31.4611,72.9981,11372.1,5462.98,1.24288e+06
9.5917,89.2083,-31.4471,72.9603,11330.7,5489.73,1.21938e+06
9.6083,89.125,-31.3272,72.9124,11435.2,5542.34,1.17944e+06
9.6250,89.1494,-31.25,72.9539,11397.7,5563.46,1.21792e+06
9.6417,89.0934,-31.1691,72.9109,11423.8,5571.33,1.24136e+06
9.6583,88.98,-31.0974,72.8084,11486.9,5601.48,1.18732e+06
9.6750,88.9154,-31.0182,72.7595,11508.5,5642.63,1.12797e+06
9.6917,88.8796,-30.976,72.7144,11539.8,5641.58,1.11494e+06
9.7083,88.8111,-30.9017,72.6562,11595.1,5729.02,1.0763e+06
9.7250,88.787,-30.9661,72.5545,11586.1,5703.93,1.11071e+06
9.7417,88.7416,-30.9118,72.5089,11680.5,5734.92,1.1439e+06
9.7583,88.689,-30.9416,72.4037,11591.9,5763.77,1.15487e+06
9.7750,88.6462,-30.8649,72.3719,11624.9,5796.06,1.13372e+06
9.7917,88.6362,-30.8519,72.3326,11673.5,5841.15,1.15049e+06
9.8083,88.5858,-30.8536,72.2408,11689.5,5881.83,1.10019e+06
9.8250,88.5043,-30.7612,72.1747,11728.5,5956.68,1.13948e+06
9.8417,88.467,-30.8028,72.0738,11810.9,5970.69,1.13378e+06
9.8583,88.418,-30.7922,71.9952,11866.3,6003.09,1.15433e+06
9.8750,88.3722,-30.8898,71.8537,11896.4,5979.28,1.15272e+06
9.8917,88.3257,-30.876,71.7796,11999.7,6007.42,1.1521e+06
9.9083,88.3198,-31.0066,71.6567,12015.3,5966.7,1.17004e+06
9.9250,88.266,-31.0378,71.5495,12003.9,6012.88,1.16317e+06
9.9417,88.2104,-31.0645,71.4386,12059.1,5999.68,1.13057e+06
9.9583,88.1604,-31.0742,71.3426,12013.9,5990.94,1.14903e+06
9.9750,88.1619,-31.1701,71.2482,12054.4,5980.27,1.12853e+06
9.9917,88.1033,-31.2558,71.1,12049.1,5920.16,1.17653e+06
10.0083,88.1026,-31.3321,71.0181,12031.6,5934.52,1.14081e+06
10.0250,88.0769,-31.4284,70.901,12003.7,5846.85,1.13325e+06
10.0417,88.0257,-31.4717,70.7892,12000.8,5825.14,1.15362e+06
10.0583,88.093,-31.5764,70.7624,11942.7,5752.01,1.11134e+06
10.0750,88.0627,-31.6474,70.6545,11895.2,5700.97,1.14226e+06
10.0917,88.1784,-31.7544,70.6784,11753.2,5635.12,1.16725e+06
10.1083,88.2654,-31.8915,70.6453,11742.2,5551.53,1.15887e+06
10.1250,88.3343,-31.9145,70.6688,11606.6,5512.32,1.12282e+06
10.1417,88.4578,-31.9499,70.7302,11470.8,5404.49,1.15081e+06
10.1583,88.4207,-31.8101,70.7488,11404.6,5337.36,1.14193e+06
10.1750,88.5159,-31.765,70.8357,11275.9,5299.39,1.15816e+06
10.1917,88.4911,-31.6668,70.846,11325.8,5258.06,1.15847e+06
10.2083,88.4202,-31.7224,70.7059,11315.1,5294.23,1.17771e+06
10.2250,88.3458,-31.8299,70.5279,11261.5,5248.11,1.15187e+06
10.2417,88.4357,-32.0345,70.4631,11270.5,5202.98,1.13198e+06
10.2583,88.3096,-32.161,70.2202,11363.3,5244.08,1.11949e+06
10.2750,88.3025,-32.1905,70.1617,11416.2,5276.27,1.12585e+06
10.2917,88.2777,-32.2098,70.0973,11394.6,5322.28,1.13373e+06
10.3083,88.2835,-32.0452,70.182,11420.7,5318,1.10433e+06
10.3250,88.3301,-31.9023,70.2873,11384.9,5288.7,1.12305e+06
10.3417,88.3373,-31.9313,70.2432,11384.8,5331.33,1.15121e+06
10.3583,88.3571,-32.1114,70.1116,11473,5316.69,1.1702e+06
10.3750,88.3736,-32.3785,69.938,11442.1,5321.54,1.1349e+06
10.3917,88.2887,-32.5562,69.7157,11476.4,5327.71,1.12343e+06
10.4083,88.135,-32.6945,69.444,11485.3,5336.26,1.15066e+06
10.4250,88.1137,-32.8359,69.3117,11418.8,5362.75,1.11202e+06
10.4417,88.0695,-32.9242,69.1861,11439.2,5382.2,1.08703e+06
10.4583,88.1227,-32.8567,69.2729,11513.5,5378.49,1.12373e+06
10.4750,88.1387,-32.9094,69.246,11475.4,5437.29,1.08309e+06
10.4917,87.8014,-32.6122,69.0975,11843.9,5551.19,1.04688e+06
10.5083,87.8232,-32.6325,69.0761,12076.7,5649.12,1.03989e+06
10.5250,87.8393,-32.585,69.0883,12385.6,5577.65,1.03123e+06
10.5417,87.6994,-32.5145,68.9531,12375.8,5451.14,1.06756e+06
10.5583,87.5357,-32.3429,68.863,12165.2,5383.08,1.0043e+06
10.5750,87.5629,-32.3894,68.8413,11898.6,5485.25,1.01296e+06
10.5917,87.3778,-32.4677,68.5904,11832.1,5485.68,954901
10.6083,87.513,-32.7908,68.4857,11811.2,5414.37,1.01644e+06
10.6250,87.3842,-32.799,68.3224,11729.6,5367.82,973854
10.6417,87.4528,-32.9371,68.2752,11483.1,5383.64,990368
10.6583,87.5353,-33.0523,68.2518,11317.9,5405.5,1.00651e+06
10.6750,87.6743,-33.061,68.3648,11259.1,5433.82,919754
10.6917,87.9744,-32.739,68.8851,11532.2,5459.7,944491
10.7083,88.3827,-32.5763,69.4445,11942.5,5587.39,848385
10.7250,88.1967,-32.1278,69.5465,12598.4,5784.41,773696
10.7417,88.6918,-32.2945,69.9335,13185.5,5943.99,788298
10.7583,88.7923,-32.0718,70.1767,14038.3,6039.19,714680
10.7750,89.2098,-32.0317,70.641,14702.9,6102.95,680201
10.7917,89.2962,-32.1356,70.6451,15106.1,6124.17,633022
10.8083,89.5602,-31.8269,71.1118,16040.6,6234,602672
10.8250,89.5869,-32.092,70.9682,16155.6,6171.66,800608
10.8417,89.5967,-32.2774,70.8354,16160.5,6199.52,1.76573e+06
10.8583,89.5004,-31.9784,70.9255,16396.1,6180.99,2.18766e+06
10.8750,89.5756,-32.2105,70.8214,15867.8,6146.92,2.16995e+06
10.8917,89.6338,-32.3254,70.7817,15412.5,6060.84,2.07609e+06
10.9083,89.5793,-32.3166,70.705,14900.1,6012.95,2.10802e+06
10.9250,89.6688,-32.3594,70.7464,14299.1,6004.99,2.08296e+06
10.9417,89.5779,-32.3773,70.606,14255,5937.11,2.36431e+06
10.9583,89.4436,-32.2333,70.5398,14201.9,5923.01,2.92428e+06
10.9750,89.5251,-32.2172,70.6113,13653.5,5917.88,2.45863e+06
10.9917,89.7115,-32.2525,70.7687,13361.5,5856.92,2.3374e+06
11.0083,89.6415,-32.3138,70.6177,13160.2,5802.61,2.19545e+06
11.0250,89.6007,-32.3488,70.5322,12757.6,5799.77,2.14907e+06
11.0417,89.5804,-32.2655,70.5436,12671.5,5752.38,2.07237e+06
11.0583,89.5279,-32.3586,70.4021,12483.5,5746.13,2.18857e+06
11.0750,89.4261,-32.2622,70.3416,12934,5841.56,2.20872e+06
11.0917,89.2202,-32.1224,70.2049,13406,5819.48,2.07036e+06
11.1083,88.8913,-31.8131,70.1017,13277.6,5805.21,2.05869e+06
11.1250,88.7178,-31.7999,69.8965,13678.6,5739.53,2.07104e+06
11.1417,88.5977,-31.6691,69.9157,13294.7,5675.18,2.18965e+06
11.1583,88.608,-31.5961,69.9459,13390,5651.42,2.69729e+06
11.1750,88.1373,-31.621,69.4329,13106.8,5572.73,3.20636e+06
11.1917,87.9706,-31.5557,69.2826,13313.6,5596.84,3.3177e+06
11.2083,87.739,-31.5089,69.085,13754.2,5618.86,2.61467e+06
11.2250,87.7092,-31.4495,69.0573,13645.5,5530.59,2.63743e+06
11.2417,87.4057,-31.3156,68.8396,13756.4,5558.92,2.62973e+06
11.2583,87.6131,-31.351,68.9897,13600.3,5501.04,2.82079e+06
11.2750,87.7827,-31.2993,69.1966,13509.1,5493.38,2.87583e+06
11.2917,87.7462,-31.0376,69.3136,13960.5,5555.32,3.59595e+06
11.3083,87.6744,-30.7363,69.4428,14671.9,5632.6,4.40345e+06
11.3250,87.8994,-30.9235,69.4945,14554.3,5587.27,3.99444e+06
11.3417,87.6046,-30.857,69.2345,14896.7,5627.28,4.75534e+06
11.3583,87.8007,-30.6336,69.5754,15097.9,5547.19,4.78968e+06
11.3750,88.0929,-30.3978,69.9914,15201.8,5615.09,4.54167e+06
11.3917,88.1508,-30.3738,70.0356,14977,5606.92,4.03561e+06
11.4083,88.407,-30.7718,70.0515,15039.5,5525.5,4.00863e+06
11.4250,88.3028,-30.7323,69.9552,15383.3,5550.55,4.18342e+06
11.4417,88.464,-30.8399,70.0347,15055.3,5508.69,4.30885e+06
11.4583,88.7703,-30.8591,70.3243,15349.9,5584.85,4.18589e+06
11.4750,89.0363,-31.011,70.4746,14971,5574.79,4.15532e+06
11.4917,89.2038,-30.9987,70.628,14761.4,5551.18,4.07583e+06
11.5083,89.4214,-31.143,70.765,14910.6,5531.48,4.12902e+06
11.5250,89.5417,-31.1231,70.8802,14911.1,5532.05,4.05372e+06
11.5417,89.6663,-31.2792,70.8835,14571.8,5493.74,4.22835e+06
11.5583,89.907,-31.232,71.1651,14715.9,5557.25,4.07556e+06
11.5750,90.1488,-31.3804,71.2862,13974.1,5529.04,4.10799e+06
11.5917,90.4107,-31.5547,71.4322,14019.1,5520.97,4.12733e+06
11.6083,90.512,-31.5044,71.5293,13762.8,5528.78,4.16426e+06
11.6250,90.7563,-31.571,71.7113,13083.9,5532.64,4.41899e+06
11.6417,90.8682,-31.5569,71.7955,13100.7,5503.7,4.41126e+06
11.6583,91.0619,-31.6214,71.9198,12817.9,5525.97,4.44367e+06
11.6750,91.1899,-31.6292,72.0154,12807.2,5476.04,4.2761e+06
11.6917,91.3445,-31.6201,72.1557,12665.3,5518.31,4.28154e+06
11.7083,91.6435,-31.6284,72.4541,12489.5,5560.18,4.17385e+06
11.7250,91.8088,-31.6161,72.5813,12498.5,5526.94,3.9715e+06
11.7417,92.0813,-31.7397,72.738,12326.8,5519.74,4.01014e+06
11.7583,92.3649,-31.7402,73.0025,12336.3,5590.95,3.94259e+06
11.7750,92.5465,-31.7603,73.1311,12609.5,5585.36,3.66015e+06
11.7917,92.8187,-31.6148,73.5115,12669.8,5642.51,3.85541e+06
11.8083,92.8679,-31.4158,73.6505,12699.6,5637.95,3.90007e+06
11.8250,92.9181,-31.5443,73.5759,12402,5675.74,3.77045e+06
11.8417,93.0035,-31.3567,73.753,12414.2,5675.42,3.75139e+06
11.8583,93.0886,-31.2109,73.9056,12232.7,5722.52,3.68545e+06
11.8750,93.2247,-31.0601,74.0951,12202.8,5713.91,3.75131e+06
11.8917,93.3468,-30.9736,74.2607,12161.9,5710.83,3.78899e+06
11.9083,93.5068,-30.8412,74.4665,12110.4,5807.18,3.86605e+06
11.9250,93.4698,-30.9438,74.3246,11995.4,5715.42,3.86347e+06
11.9417,93.4613,-30.8819,74.3549,12103.3,5811.38,3.97416e+06
11.9583,93.6008,-30.8014,74.5223,11955.7,5742.59,3.84084e+06
11.9750,93.5447,-30.7316,74.4628,12042.6,5745.3,3.72978e+06
11.9917,93.569,-30.7629,74.458,11808.5,5739.26,3.70971e+06
12.0083,93.5972,-30.7255,74.5178,11864.2,5733.39,3.6303e+06
12.0250,93.4645,-30.5777,74.4665,11632.2,5735.44,3.75843e+06
12.0417,93.4523,-30.4629,74.5483,11369.1,5642.87,3.76945e+06
12.0583,93.2724,-30.2807,74.4866,11292.1,5694.59,3.92811e+06
12.0750,93.2292,-30.1725,74.5532,11158.9,5678.33,3.72112e+06
12.0917,93.3057,-30.0807,74.6816,11079.1,5685.88,3.67072e+06
12.1083,93.3669,-29.9086,74.8622,11020,5704.01,3.69185e+06
12.1250,93.3467,-29.9309,74.7708,11136.2,5717.05,3.85767e+06
12.1417,93.5082,-30.2375,74.6479,10975.3,5726.57,3.76429e+06
12.1583,93.4731,-30.2007,74.6313,10992,5740.26,3.7205e+06
12.1750,93.7158,-30.3798,74.8137,10995.4,5737.09,3.62613e+06
12.1917,93.7061,-30.2636,74.819,11019.3,5740.62,3.59691e+06
12.2083,93.7135,-30.2504,74.8291,10937.8,5674.93,3.5166e+06
12.2250,93.693,-29.949,75.0014,10937.8,5679.23,3.6409e+06
12.2417,93.7064,-29.8504,75.0345,10975.7,5672.08,3.55697e+06
12.2583,93.7437,-29.8235,75.0885,10972.3,5651.67,3.51801e+06
12.2750,93.7737,-29.8636,75.0786,11158.1,5646.83,3.65474e+06
12.2917,93.8388,-29.8854,75.1417,11173.1,5640.16,3.30367e+06
12.3083,93.7852,-29.8507,75.1045,11143.4,5645.18,3.04177e+06
12.3250,93.9742,-29.8239,75.2808,11112.3,5637.93,3.5229e+06
12.3417,94.0974,-29.7346,75.4454,11174.2,5671.53,3.64953e+06
12.3583,94.1048,-29.7415,75.4332,11209.8,5620.77,3.73209e+06
12.3750,94,-29.6949,75.3492,11217.2,5613.5,3.57633e+06
12.3917,93.9791,-29.381,75.5195,11253.5,5636.62,3.19115e+06
12.4083,93.9984,-29.2901,75.5706,11329.3,5609.32,3.22559e+06
12.4250,94.221,-29.3171,75.7508,11257.7,5588.52,3.3522e+06
12.4417,94.3172,-29.389,75.8026,11168.2,5592.09,3.84261e+06
12.4583,94.388,-29.3264,75.8857,11219.1,5618.12,3.82256e+06
12.4750,94.5094,-29.2525,76.0483,11286.7,5606.63,3.95701e+06
12.4917,94.5892,-29.0696,76.2193,11440.4,5615.49,3.94892e+06
12.5083,94.6898,-29.0536,76.296,11429.2,5568.27,3.87036e+06
12.5250,94.7444,-29.067,76.3524,11504.5,5590.4,3.8047e+06
12.5417,94.9261,-29.0849,76.5254,11546.8,5603.67,3.71231e+06
12.5583,95.03,-29.0779,76.6077,11513.4,5566.25,3.35369e+06
12.5750,95.1102,-29.1345,76.6135,11586,5604.41,3.30151e+06
12.5917,95.1274,-29.0986,76.6411,11700.5,5586.65,3.17396e+06
12.6083,95.0677,-28.9871,76.65,11677,5572.55,2.98423e+06
12.6250,95.1362,-28.8893,76.7502,11613,5537.6,2.91232e+06
12.6417,95.1089,-28.9282,76.7017,11779.9,5530.12,2.99325e+06
12.6583,95.2746,-28.939,76.8463,11647,5493.65,2.82263e+06
12.6750,95.3066,-29.1421,76.7569,11778.1,5505.85,2.22913e+06
12.6917,95.2802,-29.182,76.6977,11697.1,5450.68,2.24037e+06
12.7083,95.3686,-29.185,76.7962,11676.3,5476.43,2.87932e+06
12.7250,95.4395,-29.1557,76.8624,11752.1,5454.34,2.68265e+06
12.7417,95.5662,-29.3294,76.9307,11738.4,5466.11,2.48187e+06
12.7583,95.5814,-29.2916,76.9711,11757.3,5438.46,2.60734e+06
12.7750,95.6744,-29.4982,76.9246,11665.1,5383.61,2.65173e+06
12.7917,95.6179,-29.4671,76.9485,11747.1,5368.4,3.20919e+06
12.8083,95.7247,-29.5084,77.0087,11729.6,5370.58,3.34479e+06
12.8250,95.7672,-29.633,76.9839,11706.8,5321.83,3.35177e+06
12.8417,95.8664,-29.6095,77.0831,11707.3,5292.72,3.38226e+06
12.8583,95.876,-29.5969,77.1153,11666,5245.39,3.23327e+06
12.8750,95.9242,-29.5089,77.2069,11665.3,5270.98,3.11837e+06
12.8917,95.9793,-29.4234,77.316,11632.2,5277.02,3.03525e+06
12.9083,96.142,-29.4467,77.4702,11667.8,5236.16,2.92799e+06
12.9250,96.185,-29.3827,77.5329,11614.8,5280.62,2.74466e+06
12.9417,96.1112,-29.3669,77.4946,11657.2,5252.45,2.99333e+06
12.9583,96.1533,-29.3188,77.5528,11592.8,5237.02,3.01418e+06
12.9750,96.1454,-29.3401,77.5222,11538.6,5222.97,2.92654e+06
12.9917,96.271,-29.4071,77.6148,11657.9,5215,2.75874e+06
13.0083,96.3561,-29.3168,77.7433,11698.8,5271.32,2.62584e+06
13.0250,96.4014,-29.2015,77.8509,11674.6,5285.32,2.68596e+06
13.0417,96.5616,-29.1532,78.0512,11699.2,5290.58,2.79812e+06
13.0583,96.6172,-29.1552,78.0868,11800.1,5291.02,2.77922e+06
13.0750,96.7477,-29.1401,78.2348,11816.2,5310.27,2.72056e+06
13.0917,96.831,-29.0886,78.3222,11860.3,5307.82,2.70719e+06
13.1083,96.9395,-29.033,78.4513,11932.3,5348.12,2.79719e+06
13.1250,96.807,-29.0464,78.3274,12013,5324.3,2.80564e+06
13.1417,96.7215,-29.0879,78.2324,12146.9,5338.59,2.7917e+06
13.1583,96.8247,-28.9908,78.3814,12195.9,5369.71,2.73585e+06
13.1750,96.9315,-29.0404,78.4491,12171.7,5359.41,2.92474e+06
13.1917,96.9252,-28.9541,78.4944,12220.5,5374.74,3.12896e+06
13.2083,97.0108,-28.9366,78.5856,12258.2,5359.06,3.30521e+06
13.2250,97.0929,-28.9439,78.6712,12342.5,5400.18,3.03792e+06
13.2417,97.2614,-29.0322,78.7813,12383.8,5439.48,2.91585e+06
13.2583,97.3806,-29.0814,78.8796,12435.7,5450.27,2.74295e+06
13.2750,97.4112,-29.0737,78.9098,12306,5415.98,2.61447e+06
13.2917,97.4532,-29.1172,78.9143,12417.8,5415.93,2.61982e+06
13.3083,97.5446,-29.0704,79.0319,12448.6,5411.36,2.65724e+06
13.3250,97.5911,-29.0212,79.0991,12445.4,5435.42,2.66777e+06
13.3417,97.6062,-29.0083,79.1147,12497.5,5434.72,2.6208e+06
13.3583,97.5272,-28.9847,79.0216,12441.7,5372.09,2.49101e+06
13.3750,97.5123,-29.0501,78.9595,12486.2,5413.24,2.56333e+06
13.3917,97.6442,-29.0865,79.0619,12618.9,5419.89,2.69249e+06
13.4083,97.7412,-29.1477,79.1199,12644,5410.98,2.89653e+06
13.4250,97.8198,-29.0937,79.2238,12775.6,5404.12,3.05398e+06
13.4417,97.8846,-29.1135,79.2618,12589.1,5369.32,3.20003e+06
13.4583,97.9265,-29.0898,79.2825,12766.9,5406.63,3.13545e+06
13.4750,98.0679,-29.0405,79.4228,12817.1,5374.16,2.97581e+06
13.4917,98.118,-29.0317,79.4668,12894.1,5393.39,3.08543e+06
13.5083,98.2786,-29.0365,79.6181,12828.1,5393.83,3.0278e+06
13.5250,98.2795,-29.0397,79.6065,12789.2,5353.06,3.02776e+06
13.5417,98.2999,-29.0551,79.6307,12793.6,5350.4,2.97677e+06
13.5583,98.3424,-28.9845,79.6724,12759.7,5317.21,2.90792e+06
13.5750,98.3787,-28.9984,79.6602,12496.8,5268.16,2.76516e+06
13.5917,98.2266,-28.9169,79.532,12659,5255.95,2.7491e+06
13.6083,98.307,-28.8734,79.579,12599.3,5255.31,2.98116e+06
13.6250,98.2783,-28.7443,79.6062,12644.8,5273.15,2.50146e+06
13.6417,98.1647,-28.7717,79.4556,12822.3,5300.25,2.71012e+06
13.6583,98.0035,-28.6219,79.3594,13067,5279.19,2.94484e+06
13.6750,98.1526,-28.5897,79.4891,13113.3,5285.41,2.96116e+06
13.6917,98.2404,-28.4859,79.6204,12934.1,5286.76,3.04185e+06
13.7083,98.3193,-28.4467,79.7106,13076.6,5299.5,3.00253e+06
13.7250,98.4475,-28.4482,79.8405,13040.7,5234.27,2.96208e+06
13.7417,98.4819,-28.392,79.9022,12961.3,5228.34,3.06628e+06
13.7583,98.6436,-28.4303,80.0361,12761.5,5236.19,3.13988e+06
13.7750,98.7584,-28.4402,80.1607,12712.9,5243.26,3.20152e+06
13.7917,98.8467,-28.4429,80.2712,12638,5229.03,3.03098e+06
13.8083,98.9582,-28.4295,80.4209,12652.9,5240.52,2.98133e+06
13.8250,99.0457,-28.4502,80.473,12547.9,5219.32,2.89503e+06
13.8417,99.1152,-28.5342,80.5132,12450.1,5198.45,2.67791e+06
13.8583,99.1248,-28.5071,80.4891,12413.4,5206.09,2.61704e+06
13.8750,99.0755,-28.5694,80.4071,12380.5,5160.31,2.75722e+06
13.8917,99.1478,-28.5274,80.4644,12408.4,5131.09,2.74892e+06
13.9083,99.1542,-28.5307,80.4704,12289.9,5114.27,2.7e+06
13.9250,99.2592,-28.3831,80.5725,12359.1,5161.88,2.65153e+06
13.9417,99.3712,-28.1979,80.7353,12328.3,5151.47,2.7218e+06
13.9583,99.5182,-27.9875,80.9293,12492.5,5183.13,2.74819e+06
13.9750,99.6239,-27.8342,81.0965,12514.6,5131.62,2.85464e+06
13.9917,99.6677,-27.5805,81.2178,12643.9,5186.15,2.9008e+06
14.0083,99.5783,-27.6282,81.1492,12564.1,5144.31,2.77219e+06
14.0250,99.6509,-27.7724,81.1756,12637.3,5095.16,2.75464e+06
14.0417,99.7503,-27.8048,81.2383,12373.4,5067.24,2.74385e+06
14.0583,99.8151,-27.9079,81.247,12498.7,5054.66,2.60835e+06
14.0750,99.9787,-28.0059,81.3458,12323.4,5038.99,2.28375e+06
14.0917,100.173,-27.991,81.5149,12308.8,5028.05,2.07138e+06
14.1083,100.369,-27.9005,81.7077,12395.2,5023.89,1.96122e+06
14.1250,100.616,-27.8879,81.9471,12104.5,4996.59,1.81487e+06
14.1417,100.615,-27.7467,81.9888,12183.7,4986.76,1.73331e+06
14.1583,100.659,-27.6898,82.0866,11906.1,4937.29,1.73085e+06
14.1750,100.749,-27.6997,82.1781,11976.6,4956.64,1.76802e+06
14.1917,100.838,-27.7672,82.2572,11793.5,4948.45,1.73074e+06
14.2083,100.916,-27.7333,82.3482,11723.9,4907.85,1.78223e+06
14.2250,100.998,-27.6043,82.4555,11664.6,4887.95,1.90142e+06
14.2417,101.2,-27.4795,82.6927,11635.9,4912.49,1.97218e+06
14.2583,101.235,-27.4884,82.788,11494,4940.32,2.10179e+06
14.2750,101.321,-27.5967,82.8651,11452.9,4958.26,2.14928e+06
14.2917,101.478,-27.6326,83.0114,11401,4941.24,2.13717e+06
14.3083,101.45,-27.5413,83.0672,11279.5,4931.53,2.26187e+06
14.3250,101.527,-27.489,83.1658,11059.5,4898.14,2.30714e+06
14.3417,101.696,-27.4166,83.3689,11114.2,4956.06,2.23049e+06
14.3583,101.816,-27.3708,83.4854,11002.8,4928.43,2.2044e+06
14.3750,101.877,-27.1702,83.6043,10954.5,4972.16,2.15589e+06
14.3917,101.918,-26.9768,83.6921,10888.3,4955.33,2.16195e+06
14.4083,101.656,-26.8222,83.5339,10802.9,4937.04,2.17171e+06
14.4250,101.675,-26.854,83.5089,10767.1,4926.3,2.14509e+06
14.4417,101.664,-26.9535,83.4557,10518.8,4961.12,2.16239e+06
14.4583,101.59,-27.0214,83.3374,10695.7,4947.03,2.09619e+06
14.4750,101.602,-27.185,83.2561,10359.4,4937.26,2.06678e+06
14.4917,101.647,-27.4438,83.2053,10448.4,4883,2.04602e+06
14.5083,101.799,-27.5694,83.2738,10402.6,4894.82,2.0111e+06
14.5250,101.861,-27.8521,83.3172,10329.3,4878.77,1.99222e+06
14.5417,102.215,-27.9824,83.5956,10383,4867.24,1.87696e+06
14.5583,102.657,-28.0121,83.9741,10484.2,4920.22,1.87742e+06
14.5750,102.746,-28.0906,84.0596,10530.8,4935.23,1.82674e+06
14.5917,103.103,-28.2503,84.341,10571.6,4902.89,1.75687e+06
14.6083,103.627,-28.4862,84.7617,10623.3,4971.45,1.70648e+06
14.6250,103.516,-28.5456,84.691,10362.5,4901.7,1.69804e+06
14.6417,103.318,-28.2001,84.557,10090.7,4885.4,1.68627e+06
14.6583,103.458,-27.9695,84.727,10263,4930.04,1.67437e+06
14.6750,103.914,-27.9061,85.1564,10508,4958.53,1.62437e+06
14.6917,104.296,-27.8505,85.5002,10401,4959.84,1.65225e+06
14.7083,104.23,-27.6606,85.5186,10443.5,4959.5,1.63222e+06
14.7250,104.382,-27.4341,85.6704,10373.6,4947.08,1.6019e+06
14.7417,104.205,-27.3958,85.6,10165.2,4921.52,1.563e+06
14.7583,104.096,-27.3537,85.5389,10016.1,4874.32,1.56877e+06
14.7750,104.152,-27.4525,85.6272,9711.34,4845.95,1.5556e+06
14.7917,104.278,-27.4345,85.7592,9788.16,4909.99,1.5477e+06
14.8083,104.437,-27.5513,85.9148,9637.81,4887.21,1.51573e+06
14.8250,104.443,-27.5402,85.9302,9652.24,4890.87,1.52861e+06
14.8417,104.569,-27.583,86.042,9518.19,4861.84,1.47897e+06
14.8583,104.541,-27.6356,86.0606,9402.16,4826.66,1.46469e+06
14.8750,104.525,-27.6097,86.0763,9284.68,4837.01,1.4788e+06
14.8917,104.491,-27.607,86.1294,9224.12,4844.86,1.4657e+06
14.9083,104.529,-27.5545,86.2148,9196.54,4822.15,1.46519e+06
14.9250,104.57,-27.521,86.2982,9115.09,4814.28,1.43952e+06
14.9417,104.427,-27.3822,86.2298,9052.12,4814.84,1.47875e+06
14.9583,104.423,-27.2199,86.3074,8963.63,4793.8,1.47273e+06
14.9750,104.577,-26.9917,86.4972,9012.34,4842.97,1.45862e+06
14.9917,104.658,-26.8337,86.651,9033.32,4844.18,1.48253e+06
15.0083,104.785,-26.6386,86.8373,9058.21,4832.4,1.45929e+06
15.0250,104.876,-26.5107,87.0045,9003.5,4836.65,1.44238e+06
15.0417,104.932,-26.3567,87.1305,8973.81,4833.53,1.39918e+06
15.0583,105.051,-26.3489,87.3238,8896.53,4815.13,1.40089e+06
15.0750,105.003,-26.2688,87.4026,8795.29,4796.26,1.40513e+06
15.0917,105.009,-26.1967,87.5149,8766.15,4805.04,1.42929e+06
15.1083,105.025,-26.1466,87.6112,8705.1,4757.83,1.36972e+06
15.1250,104.755,-26.1579,87.4575,8662.33,4736.99,1.36879e+06
15.1417,104.681,-26.2529,87.4373,8500.83,4700.86,1.36312e+06
15.1583,104.62,-26.3018,87.452,8429.6,4673.69,1.27357e+06
15.1750,104.479,-26.3959,87.3562,8330.03,4603.27,1.1608e+06
15.1917,104.562,-26.4613,87.4012,8307.19,4620.8,1.10361e+06
15.2083,104.543,-26.4743,87.3666,8267.48,4621.56,1.00446e+06
15.2250,104.399,-26.3858,87.2457,8275.07,4621,984332
15.2417,104.689,-26.4872,87.4935,8249.88,4609.02,961131
15.2583,105.017,-26.6068,87.7801,8312.19,4612.64,975746
15.2750,105.12,-26.6705,87.9116,8418.7,4643.73,956446
15.2917,105.328,-26.6147,88.1352,8308.32,4648.77,907626
15.3083,105.095,-26.5858,88.0439,8231.93,4643.2,892670
15.3250,104.985,-26.5958,88.0038,8224.65,4634.8,817805
15.3417,104.988,-26.5701,88.022,8135.3,4627.28,817714
15.3583,104.862,-26.397,87.9837,8234.9,4634.76,844208
15.3750,104.764,-26.3107,87.9551,8181.39,4616.83,798570
15.3917,104.687,-26.3723,87.937,8053.47,4598.87,782477
15.4083,104.71,-26.4207,87.9739,8117.06,4642.3,754929
15.4250,104.722,-26.5348,87.9863,8025,4602.18,773466
15.4417,104.757,-26.5003,88.0052,8004.23,4610.22,762208
15.4583,104.93,-26.454,88.1505,8086.23,4639.16,760977
15.4750,105.107,-26.2224,88.3575,8050.36,4614.25,770054
15.4917,105.14,-26.0852,88.5331,8103.49,4632.55,782647
15.5083,105.2,-25.9214,88.6536,8105.55,4643.45,771781
15.5250,105.172,-25.9682,88.7349,8065.85,4631.73,796205
15.5417,105.299,-25.9916,88.9129,8072.66,4612.08,779622
15.5583,105.291,-26.2211,88.9538,8048.54,4632.44,835581
15.5750,105.425,-26.4287,89.0792,8030.32,4623.87,823530
15.5917,105.594,-26.4913,89.246,8057.29,4608.47,841757
15.6083,105.637,-26.4713,89.3282,8058.75,4608.7,857688
15.6250,105.635,-26.5151,89.4229,8029.71,4555.15,827060
15.6417,105.921,-26.7451,89.7041,8028.23,4610.31,853800
15.6583,106.33,-27.1343,90.0297,8104.02,4574.47,823770
15.6750,106.7,-27.4398,90.3288,8094.54,4566.31,819207
15.6917,107.084,-27.4807,90.6154,8131.5,4569.11,874903
15.7083,107.287,-27.3859,90.8419,8118.87,4560.18,860989
15.7250,107.442,-27.3795,91.0815,8159.78,4575.49,891985
15.7417,107.863,-27.5278,91.449,8121.51,4564.3,845624
15.7583,108.301,-27.6771,91.8607,8158.57,4569.68,862396
15.7750,108.774,-27.7274,92.3247,8213.93,4571.54,852953
15.7917,109.34,-27.7482,92.8642,8254.47,4581.42,809163
15.8083,109.875,-27.6874,93.4032,8300.27,4584.42,831681
15.8250,110.413,-27.5594,93.9301,8391.46,4605.3,815695
15.8417,110.738,-27.2529,94.2642,8380.13,4598.7,864520
15.8583,110.904,-26.8176,94.4419,8435.85,4645.47,874784
15.8750,110.949,-26.3383,94.5009,8478.84,4622.24,905958
15.8917,110.692,-25.9686,94.3249,8428.75,4613.61,889954
15.9083,110.334,-25.7385,94.0794,8350.14,4582.9,927201
15.9250,110.09,-25.6517,93.9655,8266.64,4536.52,972647
15.9417,109.939,-25.5561,93.9251,8264.86,4513.47,1.00894e+06
15.9583,109.924,-25.5011,93.9764,8243.66,4538.4,982901
15.9750,110.042,-25.4989,94.1406,8196.94,4515.67,977714
15.9917,110.077,-25.5077,94.2542,8217.65,4521.6,964411
16.0083,110.122,-25.544,94.3774,8136.8,4494.38,949008
16.0250,110.207,-25.5385,94.5457,8105.92,4497.95,964112
16.0417,110.239,-25.512,94.6758,8115.19,4511.7,922275
16.0583,110.257,-25.4876,94.8051,8084.58,4492.4,942631
16.0750,110.224,-25.4149,94.8943,8100.41,4503.12,860828
16.0917,110.235,-25.3767,95.0174,8108.97,4536.23,889247
16.1083,110.204,-25.3181,95.1232,8067.87,4493.26,889307
16.1250,110.178,-25.3184,95.2204,8032.49,4511.34,902716
16.1417,110.268,-25.3482,95.3897,8057.87,4508.18,893745
16.1583,110.442,-25.4143,95.6303,8104.25,4497.33,921811
16.1750,110.485,-25.4103,95.7768,8128.78,4521.57,921268
16.1917,110.447,-25.461,95.8492,8100.25,4540.54,882903
16.2083,110.431,-25.4703,95.9313,8071.91,4562.1,880439
16.2250,110.498,-25.4401,96.0565,8132.54,4567.16,892426
16.2417,110.482,-25.4646,96.1083,8154.13,4576.82,905209
16.2583,110.488,-25.5644,96.1858,8205.14,4594.96,909840
16.2750,110.533,-25.6914,96.2936,8211.47,4588.65,924675
16.2917,110.629,-25.8058,96.4513,8180.73,4588.27,974553
16.3083,110.784,-25.9603,96.6635,8234.78,4595.28,951561
16.3250,110.903,-26.0428,96.8403,8296.66,4606.98,954784
16.3417,110.996,-26.1001,96.9941,8324.65,4605.71,994563
16.3583,111.136,-26.2179,97.1896,8305.35,4632.14,988879
16.3750,111.298,-26.3234,97.3864,8404.56,4624.67,999161
16.3917,111.474,-26.3884,97.6036,8467.53,4629.23,998903
16.4083,111.523,-26.3294,97.724,8446.65,4636.46,971705
16.4250,111.496,-26.2787,97.767,8486.56,4639.33,977843
16.4417,111.493,-26.2188,97.8246,8485.56,4610.86,977916
16.4583,111.52,-26.2,97.9185,8527.73,4634.1,977004
16.4750,111.545,-26.158,97.9981,8554.04,4613.25,1.00853e+06
16.4917,111.611,-26.1201,98.1262,8505.01,4608.85,1.00339e+06
16.5083,111.688,-26.0371,98.2332,8565.72,4593.36,1.03831e+06
16.5250,111.787,-26.0682,98.3789,8572.17,4565.19,967296
16.5417,111.884,-26.1621,98.5198,8619.47,4563.14,989473
16.5583,111.929,-26.1679,98.6291,8606.04,4596.55,1.05686e+06
16.5750,111.928,-26.1297,98.6878,8617.52,4544.71,1.05364e+06
16.5917,111.963,-26.1069,98.7771,8606.25,4543.94,1.0557e+06
16.6083,112.084,-26.1624,98.9415,8607.95,4537.07,1.02134e+06
16.6250,112.164,-26.1379,99.088,8609.72,4515.21,1.05404e+06
16.6417,112.215,-26.0763,99.1917,8562.08,4510.87,1.026e+06
16.6583,112.26,-26.0982,99.3005,8511.95,4529.76,1.03179e+06
16.6750,112.31,-26.1171,99.4181,8546.3,4523.12,988861
16.6917,112.37,-26.1525,99.5348,8520.77,4473.79,1.01043e+06
16.7083,112.438,-26.18,99.6668,8517.05,4468.39,970964
16.7250,112.573,-26.198,99.851,8430.84,4454.21,991132
16.7417,112.643,-26.2502,99.977,8452.72,4459.04,1.01086e+06
16.7583,112.695,-26.2266,100.082,8383.78,4431.04,976639
16.7750,112.719,-26.227,100.155,8434.2,4415,964403
16.7917,112.763,-26.205,100.241,8349.09,4418.07,971615
16.8083,112.868,-26.1632,100.384,8364.48,4400.23,1.0112e+06
16.8250,112.948,-26.1216,100.5,8306.06,4379.68,1.01122e+06
16.8417,112.973,-26.0607,100.573,8287.25,4390.94,987175
16.8583,113.064,-26.0076,100.708,8225.65,4385.8,958913
16.8750,113.147,-25.9258,100.842,8250.08,4385.85,996381
16.8917,113.252,-25.831,100.987,8220.27,4373.66,1.00636e+06
16.9083,113.293,-25.7102,101.069,8215.39,4374.83,1.01478e+06
16.9250,113.38,-25.6885,101.2,8245.53,4381.14,995350
16.9417,113.439,-25.6523,101.306,8258.14,4383.84,980494
16.9583,113.494,-25.6411,101.396,8276.39,4379.31,987008
16.9750,113.589,-25.6744,101.546,8237.09,4347.81,976494
16.9917,113.583,-25.6489,101.606,8184.22,4363.89,990163
17.0083,113.567,-25.6038,101.656,8193.11,4321.34,950517
17.0250,113.563,-25.5637,101.712,8073.46,4317.41,954014
17.0417,113.569,-25.5217,101.776,8109.37,4309.78,886171
17.0583,113.676,-25.5152,101.934,8073.67,4323.49,905199
17.0750,113.805,-25.5453,102.118,8091.43,4318.23,910441
17.0917,113.947,-25.581,102.319,8055.44,4319.57,897361
17.1083,114.065,-25.5741,102.492,8037.56,4325.33,871522
17.1250,114.131,-25.5366,102.609,8038.58,4312.99,861311
17.1417,114.241,-25.5067,102.773,8117.3,4314.37,875207
17.1583,114.289,-25.4835,102.892,8097.44,4302.35,838285
17.1750,114.279,-25.3223,102.926,8133.93,4313.21,858194
17.1917,114.192,-25.1706,102.908,8105.96,4311.6,850740
17.2083,114.148,-25.1566,102.948,8042.87,4318.54,817933
17.2250,114.105,-25.1769,102.999,8005.84,4301.03,784885
17.2417,114.115,-25.1802,103.093,7939.42,4308.97,768305
17.2583,114.14,-25.1759,103.194,7933.41,4316.87,781177
17.2750,114.2,-25.1983,103.328,7904.42,4307.39,786748
17.2917,114.243,-25.202,103.444,7880.76,4330.97,741761
17.3083,114.206,-25.2155,103.489,7838.66,4299.35,770001
17.3250,114.184,-25.2488,103.56,7769.12,4297.51,737295
17.3417,114.195,-25.2855,103.638,7725.73,4316.94,699843
17.3583,114.27,-25.3167,103.768,7723.77,4322.57,706283
17.3750,114.319,-25.3161,103.871,7712.29,4309.69,714821
17.3917,114.372,-25.3373,103.968,7705.89,4315.16,691290
17.4083,114.465,-25.3833,104.116,7704.03,4346.02,672873
17.4250,114.518,-25.3795,104.222,7636.18,4324.61,669581
17.4417,114.556,-25.4068,104.313,7635.67,4340.12,681382
17.4583,114.731,-25.4122,104.515,7607.96,4325.39,711574
17.4750,114.877,-25.4277,104.699,7628.26,4330.93,665493
17.4917,114.961,-25.3935,104.832,7583.95,4334.8,674941
17.5083,115.095,-25.3918,105.021,7600.66,4351.13,698141
17.5250,115.148,-25.355,105.137,7560.96,4347.9,698955
17.5417,115.265,-25.3572,105.301,7552.86,4350.53,690555
17.5583,115.397,-25.3983,105.475,7508.06,4351.44,650637
17.5750,115.522,-25.3935,105.63,7527.18,4369.57,650937
17.5917,115.506,-25.3113,105.657,7446.45,4375.78,650823
17.6083,115.502,-25.3074,105.713,7420.55,4362.58,642362
17.6250,115.587,-25.2442,105.828,7443,4384.1,672121
17.6417,115.526,-25.0833,105.801,7340.56,4354.22,715371
17.6583,115.351,-25.03,105.689,7342.04,4337.03,684589
17.6750,115.402,-25.127,105.804,7257.66,4379.75,660205
17.6917,115.553,-25.1463,105.989,7307.84,4369.89,719087
17.7083,115.632,-25.1429,106.115,7278.3,4353.45,692651
17.7250,115.726,-25.1236,106.252,7213.46,4359.11,705072
17.7417,115.867,-25.1735,106.445,7180.41,4371,686751
17.7583,115.947,-25.1394,106.579,7159.67,4369.26,698853
17.7750,116.004,-25.1271,106.686,7134.56,4354.79,723371
17.7917,116.034,-25.0965,106.759,7097.11,4376.03,724091
17.8083,116.065,-25.035,106.825,7069.94,4360.4,734436
17.8250,116.037,-24.9831,106.845,7023.82,4344.53,734848
17.8417,116.006,-24.8789,106.865,7012.75,4360.63,713407
17.8583,116.038,-24.791,106.944,6988.78,4343.39,750764
17.8750,116.081,-24.7095,107.042,7038.19,4367.51,738457
17.8917,116.093,-24.6189,107.118,6973.36,4348.42,749548
17.9083,116.044,-24.5203,107.123,6966.75,4322.68,741892
17.9250,115.972,-24.4758,107.12,6948.23,4316.07,714919
17.9417,115.971,-24.468,107.184,6936.92,4306.66,723123
17.9583,115.972,-24.4101,107.236,6892.84,4324.59,713254
17.9750,115.933,-24.3513,107.265,6845.92,4306.22,667900
17.9917,115.917,-24.3305,107.32,6864.57,4291.96,689375
18.0083,115.988,-24.3724,107.457,6839.33,4318.14,672414
18.0250,116.025,-24.4257,107.567,6787.46,4270.49,671754
18.0417,116.061,-24.4727,107.672,6779.18,4270.9,636601
18.0583,116.102,-24.4649,107.757,6782.17,4282.96,662495
18.0750,116.196,-24.4135,107.887,6781.13,4253.66,639450
18.0917,116.248,-24.4019,107.962,6779.25,4274.17,619975
18.1083,116.221,-24.475,108.003,6799.19,4254.91,661136
18.1250,116.367,-24.4822,108.165,6807.5,4294.48,684366
18.1417,116.457,-24.4546,108.317,6827.07,4289.69,635067
18.1583,116.506,-24.4999,108.449,6834.67,4277.2,647498
18.1750,116.602,-24.4608,108.61,6800.6,4271.34,647496
18.1917,116.594,-24.3236,108.656,6800.87,4226.03,605299
18.2083,116.412,-24.1678,108.551,6774.72,4258.15,619308
18.2250,116.504,-24.1851,108.684,6759.53,4242.94,665258
18.2417,116.467,-24.1633,108.706,6774.18,4247.96,588162
18.2583,116.466,-24.2553,108.788,6792.24,4221,601549
18.2750,116.321,-24.2226,108.704,6776.94,4256.62,575345
18.2917,116.136,-24.1354,108.572,6752.79,4215.66,604991
18.3083,115.92,-24.0581,108.399,6747.63,4240.71,584369
18.3250,115.784,-24.0577,108.328,6731.44,4221.77,555108
18.3417,117.31,-24.2177,109.712,6879.13,4252.91,626778
18.3583,119.004,-24.3897,111.227,7070.65,4336.15,647531
18.3750,120.109,-24.5147,112.303,7086.69,4324.24,604248
18.3917,121.635,-24.3125,113.64,7311.7,4378.39,682067
18.4083,122.837,-24.2844,114.868,7453.23,4420.37,631667
18.4250,124.119,-24.4409,116.155,7526.84,4415.35,663220
18.4417,124.552,-24.635,116.665,7515.93,4409.26,645085
18.4583,124.442,-24.5447,116.703,7439.01,4377.74,670299
18.4750,124.39,-24.4979,116.698,7443.63,4356.44,657496
18.4917,124.451,-24.4129,116.809,7415.93,4364.7,580206
18.5083,124.664,-24.5524,117.106,7366.98,4353.7,602746
18.5250,124.823,-24.7259,117.335,7371.8,4386.3,587184
18.5417,124.796,-24.7614,117.374,7308.03,4354.1,562602
18.5583,125.076,-24.89,117.695,7354.36,4374.33,499888
18.5750,125.512,-24.8977,118.081,7434.67,4386.22,508592
18.5917,125.769,-24.9558,118.363,7438.43,4402.09,554480
18.6083,126.108,-25.0827,118.739,7425.46,4331.89,536426
18.6250,126.482,-25.178,119.152,7454.79,4376.84,519534
18.6417,127.019,-25.1791,119.638,7532.62,4394.64,472785
18.6583,127.674,-25.0648,120.252,7606.63,4423.42,509838
18.6750,128.21,-24.9467,120.808,7711.73,4432.08,529344
18.6917,128.614,-24.8664,121.233,7704.96,4458.47,530340
18.7083,128.78,-24.8289,121.485,7729.23,4424.23,543255
18.7250,128.935,-24.721,121.676,7764.75,4463.83,517971
18.7417,129.213,-24.8265,122.002,7830.28,4461.58,565236
18.7583,129.122,-24.8859,122,7739.41,4469.19,520612
18.7750,128.745,-24.6521,121.645,7750.96,4491.32,494467
18.7917,128.438,-24.4537,121.373,7744.38,4503.66,533115
18.8083,128.125,-24.4791,121.146,7746.88,4475.98,503501
18.8250,127.707,-24.5006,120.84,7676.53,4455.79,507591
18.8417,127.548,-24.3993,120.692,7699.93,4479.75,521731
18.8583,127.391,-24.4599,120.598,7662.6,4474.3,491397
18.8750,127.35,-24.6672,120.625,7677.42,4468.93,454755
18.8917,127.165,-24.7888,120.527,7639.51,4441.68,470248
18.9083,127.23,-24.8378,120.612,7684.7,4446.41,446982
18.9250,127.537,-24.828,120.899,7748.04,4453.52,410225
18.9417,127.923,-24.7644,121.285,7794.11,4482.61,466294
18.9583,128.245,-24.7557,121.638,7874.95,4452.02,462296
18.9750,128.759,-24.7564,122.159,8002.03,4501.78,414001
18.9917,129.107,-24.7737,122.523,8145.74,4518.56,456427
19.0083,129.435,-24.8906,122.911,8264.44,4506.11,459816
19.0250,129.661,-24.9634,123.182,8361.47,4510.02,448835
19.0417,129.713,-24.6961,123.207,8505.5,4550.56,440709
19.0583,129.658,-24.5158,123.203,8602.27,4521.32,424216
19.0750,129.585,-24.4926,123.217,8579.01,4529.53,439461
19.0917,129.78,-24.4028,123.427,8724.56,4578.34,435046
19.1083,129.938,-24.2847,123.608,8903.4,4543.85,424682
19.1250,130.013,-24.3011,123.737,8976.51,4557.83,412052
19.1417,129.967,-24.2646,123.728,8996.25,4540.88,429338
19.1583,129.792,-24.0416,123.569,9094.29,4529.2,435035
19.1750,129.649,-23.7155,123.42,9123.82,4483.36,492452
19.1917,129.363,-23.4318,123.129,9189,4493.91,473425
19.2083,128.362,-23.3568,122.288,8966.32,4472.09,439213
19.2250,127.166,-23.4853,121.299,8681.42,4414.45,387953
19.2417,126.705,-23.0748,120.797,8643.99,4390.17,459350
19.2583,126.679,-22.8898,120.776,8639.37,4409.52,432469
19.2750,126.735,-22.9622,120.93,8572.65,4374.32,438053
19.2917,126.695,-22.8274,120.944,8547.17,4374.54,426526
19.3083,126.743,-22.6251,121.024,8481.07,4388.48,433246
19.3250,127.077,-22.5729,121.388,8498.79,4362.27,469921
19.3417,127.452,-22.8652,121.897,8462.76,4350.02,473744
19.3583,127.661,-23.3859,122.275,8396.48,4305.05,441232
19.3750,127.853,-23.7448,122.547,8357.68,4276.95,433965
19.3917,128.269,-23.6762,122.929,8373.34,4276.31,420050
19.4083,128.849,-23.8815,123.565,8398.77,4272.47,422378
19.4250,129.844,-24.0753,124.556,8470.92,4290.16,365228
19.4417,130.886,-24.4511,125.627,8700.48,4272.46,400169
19.4583,131.468,-25.0403,126.33,8588.47,4271.15,380251
19.4750,131.843,-25.1447,126.716,8672.23,4241.34,373064
19.4917,131.803,-24.9281,126.674,8607.95,4267.97,387441
19.5083,131.65,-24.8639,126.556,8524.51,4265.52,376648
19.5250,131.808,-24.5977,126.664,8614.21,4269.26,355523
19.5417,132.026,-24.72,126.928,8760.84,4268.87,390509
19.5583,131.895,-24.8216,126.85,8712.74,4279.93,387810
19.5750,131.759,-24.5007,126.674,8771.93,4284.44,383458
19.5917,131.629,-24.068,126.49,8897.01,4301.31,387933
19.6083,131.526,-23.7245,126.358,8997.71,4287.12,379795
19.6250,131.57,-23.5986,126.416,9034.27,4303.66,395189
19.6417,131.663,-23.557,126.539,9171.25,4315.83,403333
19.6583,131.176,-23.4554,126.102,9131.29,4323.19,411440
19.6750,130.933,-23.1544,125.846,9194.3,4328.24,398891
19.6917,131.166,-23.0571,126.073,9403.54,4371.47,421379
19.7083,131.298,-23.1947,126.272,9435.56,4348.26,413181
19.7250,131.748,-23.2502,126.745,9660.9,4360.97,417971
19.7417,132.025,-23.3853,127.084,9713.96,4318.06,425441
19.7583,132.325,-23.4717,127.44,9826.04,4379.57,381140
19.7750,132.446,-23.6636,127.655,9884.19,4369.01,377868
19.7917,132.151,-23.611,127.414,9934.1,4358.76,410719
19.8083,131.798,-23.5296,127.096,9741.09,4365.78,391698
19.8250,131.47,-23.2942,126.765,9754,4382.81,414296
19.8417,131.253,-23.2081,126.588,9656.49,4364.68,408168
19.8583,131.163,-23.1889,126.52,9659.19,4388.04,381404
19.8750,131.151,-23.0923,126.516,9602.31,4396.6,415262
19.8917,131.407,-22.9616,126.757,9743.65,4388.08,414784
19.9083,131.516,-22.9393,126.895,9861.93,4412.48,398507
19.9250,131.44,-23.0195,126.883,9808.4,4406.3,445026
19.9417,131.064,-22.9119,126.547,9618.96,4401.97,380041
19.9583,130.42,-22.5764,125.92,9340.03,4380.78,434348
19.9750,129.49,-22.4598,125.1,9068.32,4353.58,453455
19.9917,128.767,-22.3783,124.449,8846.53,4307.2,421188
20.0083,128.486,-22.3596,124.212,8692.9,4336.33,417210
20.0250,128.498,-22.372,124.254,8692.39,4311.67,407824
20.0417,128.821,-22.2797,124.579,8628.78,4304.05,443105
20.0583,129.283,-22.5804,125.131,8661.8,4345.29,423320
20.0750,130.032,-22.9829,125.96,8779.96,4329.19,436316
20.0917,130.187,-23.267,126.19,8594.11,4333.79,424586
20.1083,130.335,-23.5421,126.427,8556.98,4303.89,409906
20.1250,130.674,-23.5267,126.773,8536.75,4316.2,428206
20.1417,130.586,-23.4423,126.702,8384.57,4317.56,420365
20.1583,130.848,-23.7649,127.036,8342.89,4285.25,362249
20.1750,131.106,-23.7682,127.314,8437.23,4308.15,396758
20.1917,131.021,-23.6093,127.218,8415.49,4309.71,392345
20.2083,131.06,-23.66,127.284,8431.26,4329.88,405525
20.2250,131.352,-23.7619,127.613,8534.12,4315.26,414470
20.2417,131.746,-23.6731,127.987,8558.38,4313.3,406431
20.2583,132.066,-23.3589,128.243,8689.23,4340.59,422169
20.2750,132.208,-23.1354,128.355,8756.6,4348.17,401195
20.2917,132.438,-23.2323,128.626,8841.4,4326.48,462515
20.3083,132.86,-23.2727,129.063,8940.88,4308.77,467207
20.3250,133.046,-23.1425,129.238,8998.69,4298.41,467912
20.3417,132.944,-23.2212,129.191,9061.95,4322.05,455210
20.3583,133.029,-23.3496,129.331,9064.11,4334.57,428716
20.3750,133.004,-23.4421,129.365,9074.12,4337.25,445300
20.3917,133.296,-23.4661,129.668,9258.1,4369,486009
20.4083,133.607,-23.5413,130.003,9376.13,4369.57,449190
20.4250,133.5,-23.7616,129.976,9411.91,4388.12,472998
20.4417,133.152,-23.7837,129.679,9336.02,4349.06,458795
20.4583,132.911,-23.689,129.459,9400.5,4411.21,465890
20.4750,132.777,-23.6136,129.345,9426.13,4400.57,480065
20.4917,132.727,-23.6196,129.327,9538.77,4405.68,482594
20.5083,132.735,-23.6309,129.363,9628.38,4386.89,471913
20.5250,132.83,-23.6946,129.498,9756.12,4379.57,457935
20.5417,132.841,-23.566,129.513,9869.04,4340.9,454784
20.5583,132.926,-23.4546,129.599,10194.5,4301.9,477169
20.5750,133.156,-23.5025,129.857,10498.2,4226.73,492164
20.5917,133.439,-23.4339,130.138,10887.4,4207.95,494679
20.6083,133.76,-23.2626,130.432,11327,4157.01,469445
20.6250,133.813,-23.1529,130.485,11682.9,4156.16,490109
20.6417,133.816,-23.2608,130.541,11917.5,4119.81,504312
20.6583,133.792,-23.3513,130.566,12213.7,4102.87,462802
20.6750,133.656,-23.382,130.473,12355.4,4080.9,495175
20.6917,133.324,-23.2205,130.154,12404.3,4084.85,513795
20.7083,132.926,-23.2456,129.812,12505.9,4076.61,527986
20.7250,132.674,-23.2537,129.603,12696.3,4049.19,515829
20.7417,132.611,-23.283,129.576,12825.3,4079.81,485710
20.7583,132.542,-23.3283,129.546,12913.6,4057.11,495046
20.7750,132.704,-23.3581,129.729,13229.8,4088.66,508476
20.7917,132.9,-23.2976,129.924,13508.2,4075.99,518927
20.8083,132.894,-23.1908,129.918,13355.7,4113.96,480024
20.8250,132.845,-23.1523,129.885,13266.3,4101.96,485656
20.8417,132.691,-23.1593,129.765,13124,4113.95,494290
20.8583,132.552,-23.1358,129.651,12799.8,4134.79,526651
20.8750,132.678,-23.2616,129.818,12858.7,4175.86,526279
20.8917,132.779,-23.1082,129.902,12785.6,4178.62,513732
20.9083,133.147,-22.9734,130.241,12859.7,4238.65,573847
20.9250,133.397,-22.9711,130.497,12838.5,4270.26,498713
20.9417,133.381,-22.9451,130.498,12475,4291.81,524170
20.9583,133.283,-22.8958,130.416,12122,4317.94,542356
20.9750,133.277,-22.895,130.43,11830.4,4347.84,513438
20.9917,133.312,-22.9204,130.489,11470.6,4355.12,557661
21.0083,133.211,-22.8982,130.409,11099.5,4348.54,576617
21.0250,132.975,-23.0066,130.229,10618.3,4359.58,561289
21.0417,131.68,-23.7362,129.171,9542.89,4308.82,532463
21.0583,129.198,-23.8116,126.856,8381.28,4252.18,491055
21.0750,127.139,-23.0653,124.781,7903.13,4233.78,517272
21.0917,125.927,-22.5806,123.558,7622.26,4234.41,549336
21.1083,125.102,-22.3353,122.746,7438.42,4224.38,551895
21.1250,124.966,-21.9153,122.552,7474.13,4286.31,565105
21.1417,125.212,-21.9145,122.801,7385.62,4279.75,529010
21.1583,125.149,-22.1619,122.806,7283.35,4270.36,557371
21.1750,125.124,-22.2102,122.808,7336.38,4237.88,558456
21.1917,125.18,-22.1987,122.873,7275.1,4259.97,575556
21.2083,125.109,-22.0773,122.798,7264.91,4270.43,541515
21.2250,124.895,-21.9344,122.582,7279.84,4271.87,560517
21.2417,124.816,-21.7325,122.483,7205.65,4280.2,572717
21.2583,125.156,-21.5105,122.777,7298.87,4238.53,612424
21.2750,125.702,-21.4637,123.302,7395.88,4236.67,586253
21.2917,126.203,-21.7658,123.851,7521.09,4229.17,616348
21.3083,126.45,-22.2274,124.192,7577.03,4217.75,583747
21.3250,126.467,-22.5281,124.281,7540.32,4215.34,503095
21.3417,126.436,-22.5137,124.264,7525.67,4220.34,529791
21.3583,126.58,-22.308,124.378,7543.02,4211.02,559694
21.3750,126.666,-22.1457,124.445,7580.59,4232.57,577059
21.3917,127.03,-22.1077,124.798,7769.1,4230.42,576553
21.4083,127.289,-22.0605,125.054,7985.09,4229.1,554912
21.4250,127.498,-22.2334,125.3,8109.97,4221.24,558904
21.4417,127.48,-22.2781,125.305,8252.89,4220.13,541777
21.4583,127.237,-22.3346,125.097,8145.33,4234.69,538208
21.4750,127.074,-22.337,124.957,8083.44,4209.52,559462
21.4917,126.949,-22.2073,124.827,8224.09,4229.95,549658
21.5083,127.045,-22.1962,124.93,8292.29,4179.4,555567
21.5250,127.276,-22.4691,125.211,8439.36,4223.83,557431
21.5417,127.391,-22.5413,125.346,8688.1,4218.67,552445
21.5583,127.327,-22.3159,125.258,8735.04,4213.2,538565
21.5750,127.407,-22.2244,125.332,8792.75,4220.29,561867
21.5917,127.236,-22.2503,125.184,8705.41,4185.01,535462
21.6083,126.946,-22.2253,124.914,8660.49,4212.17,527513
21.6250,126.692,-22.3469,124.706,8580.2,4202.03,538990
21.6417,126.34,-22.3198,124.372,8529.76,4213.95,522351
21.6583,126.134,-22.2,124.164,8262.24,4196.64,550618
21.6750,126.008,-21.9186,124.006,8117.42,4176.61,571213
21.6917,125.957,-21.7411,123.938,7966.45,4178.6,568962
21.7083,125.921,-21.8744,123.941,7617.73,4169.26,582169
21.7250,125.9,-22.0472,123.956,7418.89,4176.01,538328
21.7417,125.92,-22.04,123.975,7350.3,4172.34,556833
21.7583,125.785,-22.2045,123.875,7188.17,4133.97,515578
21.7750,125.68,-22.3669,123.813,7116.55,4147.06,517499
21.7917,125.468,-22.3584,123.623,7131.69,4170.48,522564
21.8083,125.412,-22.5381,123.614,6989.17,4126.21,538593
21.8250,125.323,-22.5152,123.532,6831.02,4189.47,558636
21.8417,125.34,-22.3672,123.535,6821.24,4157.86,525011
21.8583,125.456,-22.1752,123.625,6848.56,4184.65,536735
21.8750,125.557,-22.1114,123.714,6857.26,4177.64,549148
21.8917,125.503,-21.9021,123.64,6906.22,4194.72,548806
21.9083,125.513,-21.881,123.655,6883.19,4227.94,571841
21.9250,125.318,-21.7394,123.447,6762.18,4198.21,566627
21.9417,125.043,-21.5769,123.163,6708.01,4252.03,553400
21.9583,124.792,-21.7379,122.954,6689.02,4196.98,569039
21.9750,124.682,-21.8442,122.879,6674.59,4234.15,558487
21.9917,124.445,-21.8019,122.649,6660.32,4203.92,581515
22.0083,124.117,-21.5754,122.303,6687.26,4232.18,549883
22.0250,124.069,-21.6261,122.272,6637.77,4200.21,537791
22.0417,124.384,-21.9208,122.623,6630.39,4203.94,537655
22.0583,124.862,-22.2028,123.12,6652.8,4188.07,516767
22.0750,125.133,-22.4431,123.419,6691.8,4185.82,539634
22.0917,125.282,-22.5939,123.583,6723.42,4212.96,533651
22.1083,125.568,-22.8018,123.88,6728.58,4214.77,496753
22.1250,125.776,-22.6281,124.059,6869.33,4272.66,488533
22.1417,126.133,-22.5057,124.388,6976.84,4280.67,484115
22.1583,126.571,-22.427,124.795,7047.19,4315.52,537414
22.1750,126.941,-22.5475,125.158,7127.33,4313.47,524427
22.1917,127.104,-22.6538,125.325,7307.12,4359.85,465455
22.2083,127.153,-22.7881,125.397,7267.76,4366.63,499583
22.2250,126.972,-22.7469,125.216,7380.32,4352.47,497733
22.2417,126.896,-22.8501,125.155,7368.54,4310.04,497440
22.2583,126.958,-22.9717,125.222,7390.66,4338.64,471699
22.2750,127.211,-23.0556,125.469,7548.26,4347.51,521888
22.2917,127.116,-23.0923,125.379,7611.13,4323.36,461600
22.3083,126.779,-23.0871,125.054,7734.44,4335.64,463735
22.3250,126.541,-23.041,124.818,7747.84,4325.84,462354
22.3417,126.516,-23.0412,124.796,7812.78,4351.39,476346
22.3583,126.531,-22.9718,124.797,7894.75,4371.18,469511
22.3750,126.582,-22.9802,124.849,8007.39,4389.3,457251
22.3917,126.776,-23.0857,125.047,8123.83,4373.74,450374
22.4083,127.001,-23.1569,125.259,8217.14,4418.41,464206
22.4250,127.246,-23.0939,125.471,8395.75,4421.72,498385
22.4417,127.3,-22.8107,125.476,8556.16,4463.16,501913
22.4583,127.082,-22.6132,125.237,8649.08,4470.76,505040
22.4750,126.596,-22.4315,124.746,8700.71,4431.26,508611
22.4917,126.166,-22.4008,124.341,8654.47,4419.07,535084
22.5083,125.766,-22.609,123.985,8606.61,4359.62,510691
22.5250,125.562,-22.8586,123.807,8697.9,4328.3,486423
22.5417,125.332,-22.9527,123.588,8694.3,4331.94,483833
22.5583,125.124,-22.9168,123.386,8763.39,4302.51,478935
22.5750,125.032,-22.8203,123.291,8914.54,4293.37,483357
22.5917,125.185,-22.8412,123.45,9052.31,4269.77,486501
22.6083,125.403,-22.9816,123.671,9199.66,4266.7,478246
22.6250,125.336,-23.2913,123.641,9258.47,4260.08,449254
22.6417,124.867,-23.6078,123.212,9185.53,4219.44,479606
22.6583,123.815,-23.2984,122.149,9106.06,4182.33,463656
22.6750,122.27,-22.7934,120.597,8942.18,4094.38,497210
22.6917,120.75,-22.4049,119.091,8850.75,4075.99,506609
22.7083,119.98,-22.5045,118.361,8841.79,4027.39,496202
22.7250,119.65,-22.576,118.048,8921.43,4010.34,483543
22.7417,119.45,-22.5998,117.841,9026.97,3992.63,515309
22.7583,119.266,-22.5922,117.65,9086.2,4011.34,495312
22.7750,119.613,-22.7746,117.991,9215.47,4030,483019
22.7917,120.688,-23.112,119.047,9627.47,4004.63,478559
22.8083,121.948,-23.4934,120.283,10000.5,4006.67,464395
22.8250,122.398,-23.3941,120.697,10217.3,4040.06,439730
22.8417,122.399,-23.2767,120.664,10232.6,4023.84,452532
22.8583,122.369,-23.2582,120.616,10415.2,4030.08,452141
22.8750,122.346,-23.229,120.587,10420.6,4023.71,440646
22.8917,122.463,-23.0511,120.682,10400.2,4027.58,425569
22.9083,122.272,-22.4064,120.466,10535.7,4051.7,501319
22.9250,121.798,-22.2338,120.023,10372.3,4062.68,475803
22.9417,121.371,-22.4269,119.658,10174.9,4058.35,472298
22.9583,121.157,-22.9107,119.502,10066.9,4029.82,460261
22.9750,121.122,-23.1155,119.48,10023.7,4083.55,481763
22.9917,121.1,-23.134,119.446,10208.7,4055.6,481730
23.0083,120.89,-23.03,119.223,10237.3,4084.08,458234
23.0250,120.584,-22.8349,118.904,10093.1,4089.69,470035
23.0417,120.399,-22.6083,118.698,10055.7,4091.68,481556
23.0583,120.371,-22.496,118.66,10110.6,4088.73,475164
23.0750,120.437,-22.7171,118.734,10053.1,4106.43,466276
23.0917,120.452,-22.9995,118.752,10043.1,4109.93,455556
23.1083,120.132,-22.9862,118.425,9894.41,4082.53,469097
23.1250,119.893,-22.907,118.175,9800.53,4055.66,452025
23.1417,120.097,-22.7423,118.359,9791.2,4106.98,478452
23.1583,120.19,-22.74,118.469,9849.96,4089.02,457729
23.1750,119.775,-22.7288,118.087,9649.17,4074.91,452600
23.1917,118.974,-22.6868,117.318,9072.87,4064.32,480075
23.2083,118.307,-22.4317,116.651,8719.89,4058.25,483426
23.2250,117.954,-22.2657,116.295,8713.21,4065.86,495836
23.2417,117.688,-22.2025,116.035,8517.69,4060.89,490703
23.2583,117.308,-22.1732,115.678,8221.89,3994.14,478219
23.2750,116.998,-22.1265,115.38,7980.43,4021.85,454206
23.2917,116.99,-22.1267,115.359,7896.43,3978.54,499587
23.3083,116.995,-22.3011,115.35,7885.64,4009.67,488114
23.3250,116.852,-22.2813,115.203,7707.25,3986.43,493869
23.3417,116.552,-22.1471,114.899,7440.17,3965.16,461431
23.3583,116.226,-22.0728,114.582,7236.71,3939.5,467523
23.3750,116.131,-22.1875,114.494,7053.26,3942.29,476569
23.3917,116.083,-22.304,114.432,6971.93,3925.49,445701
23.4083,116.198,-22.323,114.526,6938.08,3950.19,481387
23.4250,116.203,-22.2061,114.513,6874.54,3909.51,471199
23.4417,116.255,-22.1642,114.552,6807.28,3923.38,454401
23.4583,116.376,-22.0819,114.65,6745.14,3915.68,479480
23.4750,116.505,-21.917,114.768,6655.15,3937.32,460236
23.4917,116.655,-21.9514,114.947,6564.57,3905.27,455347
23.5083,116.91,-22.3232,115.226,6482.27,3923.77,461013
23.5250,116.994,-22.4412,115.284,6418.48,3904.08,456734
23.5417,116.75,-22.5597,115.02,6286.12,3895.38,461248
23.5583,116.588,-22.62,114.857,6133.77,3884.65,448237
23.5750,116.63,-22.4385,114.899,6126.02,3879.9,463445
23.5917,116.725,-22.2245,114.966,6084.44,3893.57,487216
23.6083,116.655,-22.1414,114.885,6030.18,3889.49,483659
23.6250,116.49,-22.0949,114.729,5949.84,3869.37,492132
23.6417,116.386,-22.2826,114.624,5898.86,3900.56,471345
23.6583,116.534,-22.4768,114.757,5879.65,3873.97,485550
23.6750,116.738,-22.3874,114.948,5875.01,3876.33,457080
23.6917,116.82,-22.0395,115.046,5918.27,3883.97,479233
23.7083,116.739,-21.7821,115.002,5874.89,3894.18,473070
23.7250,116.622,-21.7945,114.879,5825.61,3898.27,480873
23.7417,116.666,-22.0983,114.915,5785.35,3874.2,494917
23.7583,116.816,-22.291,115.073,5735.04,3864.06,483782
23.7750,116.994,-22.2942,115.251,5755.76,3901.59,440213
23.7917,117.056,-22.4103,115.294,5750.45,3877.1,473658
23.8083,117.131,-22.2411,115.362,5776.88,3934.93,471207
23.8250,117.009,-22.1295,115.253,5733.74,3937.36,461891
23.8417,116.831,-22.0646,115.085,5715.03,3909.57,498532
23.8583,116.553,-22.0064,114.822,5710.61,3909.9,466935
23.8750,116.493,-22.0325,114.739,5645.15,3909.65,471420
23.8917,116.318,-22.0565,114.554,5626.7,3906.02,476522
23.9083,115.906,-22.0896,114.148,5625.87,3922.8,497363
23.9250,115.84,-22.1321,114.083,5616.84,3914.84,498805
23.9417,115.82,-22.0175,114.062,5651.49,3954.27,468780
23.9583,115.852,-21.8487,114.095,5652.67,3940.12,499729
23.9750,115.744,-21.8317,114.005,5654.22,3953.18,502314
23.9917,115.62,-21.6935,113.866,5652.23,3935.38,487033
24.0083,115.433,-21.6115,113.664,5636.14,3917.65,504203
24.0250,115.255,-21.6111,113.478,5651.87,3968.09,561260
24.0417,115.098,-21.5405,113.316,5675.31,3921.42,528242
24.0583,114.981,-21.4383,113.193,5659.56,3916.35,568683
24.0750,114.75,-21.2835,112.955,5699.06,3923.26,493229
24.0917,114.425,-21.2173,112.645,5677.49,3943.86,503681
24.1083,114.079,-21.1422,112.305,5727.05,3939.73,523323
24.1250,113.764,-21.1779,111.968,5672.18,3925.46,535958
24.1417,113.365,-21.3213,111.546,5725.5,3913.12,506221
24.1583,113.147,-21.4646,111.294,5699.73,3862.55,497604
24.1750,113.204,-21.3504,111.329,5779,3901.64,492318
24.1917,113.36,-21.003,111.485,5841.67,3905.45,495065
24.2083,113.39,-20.9376,111.504,5846.21,3908.78,484108
24.2250,113.296,-21.0751,111.393,5887.19,3904.88,491285
24.2417,113.216,-21.2891,111.293,5902.54,3877.05,499993
24.2583,113.643,-21.6104,111.7,5989.15,3900.98,513225
24.2750,113.62,-21.7957,111.651,6016.53,3899.27,488849
24.2917,113.278,-21.9852,111.273,6047.88,3873.83,515772
24.3083,113.092,-22.122,111.055,6101.69,3883.45,497498
24.3250,112.755,-22.2373,110.71,6074.56,3876.31,500787
24.3417,112.187,-22.3528,110.107,6049.32,3866.22,474896
24.3583,111.907,-22.5909,109.813,6124.48,3819.81,450407
24.3750,111.655,-22.6088,109.512,6096.62,3822.31,451032
24.3917,111.424,-22.7894,109.255,6074.37,3803.65,442164
24.4083,111.213,-22.8885,108.997,6174.73,3819.7,458009
24.4250,111.139,-22.9316,108.914,6200.45,3825.22,450344
24.4417,111.042,-23.1046,108.775,6279.92,3778.13,411370
24.4583,110.849,-23.093,108.581,6278.81,3787.73,410845
24.4750,110.591,-23.0005,108.342,6324.87,3796.06,432951
24.4917,110.497,-23.0478,108.243,6377.08,3768.96,454088
24.5083,110.24,-23.1831,107.942,6348.96,3742.09,399203
24.5250,109.68,-23.165,107.353,6337.45,3750.78,387604
24.5417,109.127,-23.0561,106.781,6362.52,3712.56,397224
24.5583,108.589,-22.767,106.215,6373.92,3748.38,363347
24.5750,108.524,-22.4486,106.114,6379.96,3736.33,355851
24.5917,108.315,-22.1367,105.858,6453.58,3749.35,329057
24.6083,108.34,-21.6951,105.863,6663.05,3793.75,393991
24.6250,108.713,-21.1069,106.263,6868.63,3793.75,453011
24.6417,109.576,-20.4399,107.179,7040.07,3805.98,527642
24.6583,110.472,-20.5205,108.141,7333.3,3833.09,551892
24.6750,110.576,-21.5455,108.261,7514.33,3791.01,507425
24.6917,110.141,-23.2418,107.721,7458.94,3735.03,399613
24.7083,110.126,-23.8143,107.631,7317.62,3708.49,423103
24.7250,109.714,-22.5629,107.327,7202.79,3733.65,477222
24.7417,108.875,-22.2137,106.467,7217.7,3736.38,446008
24.7583,108.506,-22.4291,106.043,7377.58,3727.81,479212
24.7750,108.382,-22.6443,105.908,7388.19,3721.14,446864
24.7917,108.308,-22.7431,105.856,7267.16,3703.89,430386
24.8083,108.118,-22.792,105.639,7180.23,3723.57,440220
24.8250,107.521,-22.9732,105.01,7279,3666.2,409408
24.8417,106.942,-22.9589,104.414,7210.71,3663.04,422647
24.8583,106.549,-22.7816,104.002,7118.5,3682.16,426772
24.8750,106.37,-22.6119,103.792,7203.21,3675.04,442945
24.8917,106.454,-22.4985,103.889,7288.93,3667.72,439459
24.9083,106.264,-22.5835,103.711,7271.21,3633.88,438153
24.9250,106.059,-22.8119,103.518,7019.54,3619.86,417898
24.9417,105.75,-22.939,103.196,6791.14,3603.04,431724
24.9583,105.286,-23.0651,102.698,6737.87,3561.7,448568
24.9750,104.974,-22.9954,102.366,6697.42,3563.48,449554
24.9917,104.785,-23.0659,102.17,6561.13,3563,453086
25.0083,104.714,-22.8962,102.066,6507.26,3557.56,423036
25.0250,104.62,-23.0386,101.953,6435.9,3561.31,463562
25.0417,104.393,-23.0402,101.749,6320.16,3512.62,430718
25.0583,104.187,-23.0233,101.537,6096.23,3482.8,410859
25.0750,104.113,-22.9833,101.468,6040.89,3458.08,430913
25.0917,103.985,-23.225,101.309,5923.97,3418.5,413076
25.1083,104.157,-23.3631,101.462,5797.4,3392.35,399595
25.1250,104.059,-23.2113,101.357,5717.83,3391.58,450418
25.1417,103.861,-23.1146,101.135,5666.15,3364.66,413131
25.1583,103.791,-23.0743,101.063,5582.35,3385.68,401514
25.1750,103.888,-23.0726,101.167,5495.21,3398.34,436167
25.1917,104.03,-23.2212,101.312,5442.76,3391.78,436201
25.2083,104.036,-23.2299,101.315,5409.01,3379.97,439074
25.2250,103.999,-23.2209,101.262,5307.36,3377.32,430770
25.2417,104.068,-23.3021,101.294,5293.77,3394.75,427912
25.2583,104.257,-23.2743,101.49,5224.45,3394.42,446184
25.2750,103.793,-23.4067,100.988,5166.1,3375.34,411814
25.2917,103.239,-23.3855,100.354,5065.14,3335.5,437737
25.3083,103.032,-23.5034,100.108,5044.97,3335.01,470901
25.3250,102.684,-23.5596,99.7138,4996.85,3343.5,509819
25.3417,102.847,-23.3379,99.9025,4959.12,3385.64,557547
25.3583,102.647,-23.0662,99.7307,4934.27,3390.99,539182
25.3750,102.448,-23.2813,99.4403,4880.96,3403.88,489639
25.3917,102.431,-23.0311,99.4487,4866.45,3397.78,501929
25.4083,102.164,-22.9368,99.2099,4831.08,3469.85,477813
25.4250,102.048,-23.1848,99.0084,4873.08,3481.71,452404
25.4417,102.105,-23.2425,99.0446,4812.06,3499.73,426470
25.4583,102.02,-22.9907,99.0272,4858.25,3492.47,392222
25.4750,101.685,-22.6619,98.726,4766.35,3493.45,453577
25.4917,101.199,-22.7996,98.1584,4718.22,3504.4,430264
25.5083,100.902,-23.1164,97.7482,4644.98,3452.52,384878
25.5250,100.369,-23.2416,97.1853,4644.71,3438.14,401370
25.5417,99.6168,-23.1362,96.4919,4597.9,3441.92,424468
25.5583,99.1467,-22.9392,96.0719,4587.43,3411.34,419224
25.5750,96.9298,-22.5315,93.9754,4563.75,3360.85,444491
25.5917,93.3428,-21.7327,90.5359,4457.99,3288.14,390851
25.6083,90.8282,-20.7964,88.1131,4412.12,3265.11,408903
25.6250,87.6762,-20.8229,85.1255,4322.23,3203.04,394404
25.6417,85.6656,-20.9141,83.1697,4311.82,3132.34,372590
25.6583,84.4708,-21.498,81.9314,4262.41,3098.25,362740
25.6750,83.243,-21.5739,80.6326,4256.33,3053.23,346445
25.6917,82.9408,-21.9102,80.2375,4242.67,3055.35,361993
25.7083,82.6653,-22.5264,79.8265,4270.2,3023.21,360907
25.7250,83.8532,-23.742,80.9103,4306.19,3029.27,361655
25.7417,83.9099,-23.7134,80.9771,4307.91,3030.16,363172
25.7583,83.6487,-23.9852,80.6623,4277.64,3030.37,361791
25.7750,83.8363,-24.4823,80.7425,4338.62,3026.82,368242
25.7917,84.4815,-25.1762,81.199,4350.32,3031.9,367836
25.8083,85.7205,-25.8253,82.297,4362.06,3045.64,416110
25.8250,87.6714,-26.9714,84.0723,4423.85,3124.55,391368
25.8417,88.9478,-27.1045,85.3768,4498.58,3211.86,372669
25.8583,89.4477,-27.3146,85.8186,4566.08,3225.13,355539
25.8750,90.4273,-26.9603,86.8246,4664.74,3266.28,358828
25.8917,90.1216,-27.2363,86.4025,4679.24,3285.85,318291
25.9083,89.9353,-27.6067,86.0705,4693.24,3324.14,328558
25.9250,90.0091,-28.1288,86.0003,4751.5,3392.64,355254
25.9417,90.874,-28.6974,86.6925,4815.54,3479.44,351774
25.9583,90.5036,-29.0424,86.2829,4905.84,3570.24,356475
25.9750,91.5017,-29.0076,87.1576,4923.05,3655.18,358422
25.9917,92.0868,-29.779,87.4501,4946.85,3771.4,329922
26.0083,93.2125,-29.4094,88.7005,5022.06,4010.82,293273
26.0250,91.9761,-29.0782,87.5365,5125.57,4342.97,326966
26.0417,92.1341,-28.1502,87.857,5205.79,4640.26,313693
26.0583,93.9252,-28.6207,89.5422,5343.34,4889.64,317349
26.0750,93.2911,-27.8387,89.2059,5484.69,5428.63,324157
26.0917,92.4002,-27.9182,88.1166,5712.85,6257.53,343342
26.1083,93.7046,-26.5251,89.8108,6027.47,7000.83,331633
26.1250,94.4682,-27.3913,90.4912,6302.35,7805.27,300935
26.1417,94.5068,-26.505,90.4381,6633.16,8778.5,302968
26.1583,94.3082,-26.0489,90.4428,7030.69,9897.89,254440
26.1750,94.9666,-26.144,90.9091,7331.71,10909.2,254676
26.1917,96.6198,-27.4746,92.4417,7676.74,11795,273982
26.2083,95.782,-27.3362,91.5846,8053.85,12665,280012
26.2250,95.6404,-27.3473,91.4534,8472.44,13427.7,240102
26.2417,94.3162,-27.3064,90.0421,9042.87,14388.7,310394
26.2583,92.0329,-25.6399,87.9674,9759.13,15522.5,243397
26.2750,90.5862,-24.9779,86.5602,10529.5,16149.5,228084
26.2917,92.2143,-24.7847,88.2054,11357.2,16721.8,248538
26.3083,90.571,-25.6626,86.3361,12240.6,17155,235860
26.3250,92.6656,-25.6782,88.4428,13111.7,18472.2,233709
26.3417,92.5659,-26.2486,88.2976,14471,19938.6,199410
26.3583,93.1572,-26.4423,88.8113,16019,21273.7,166736
26.3750,95.0584,-26.6852,90.6657,17319.6,22782.1,173360
26.3917,94.0318,-26.7856,89.5725,19179.5,24103.7,206378
26.4083,93.8193,-26.3718,89.3726,20990.5,24980.4,143966
26.4250,95.1535,-26.2495,90.7624,22161.4,24455.7,168010
26.4417,95.9678,-26.92,91.5087,24265.6,23875.6,144807
26.4583,95.7659,-27.3394,91.1875,26829.5,24330.7,149871
26.4750,94.6167,-25.8678,90.2504,29799.7,25967.8,163254
26.4917,94.9282,-26.3133,90.3059,33458.9,28110.4,218397
26.5083,95.8094,-26.803,90.9903,36979.5,28019.6,230882
26.5250,96.5773,-26.073,92.0204,39864.9,29012.5,248443
26.5417,98.1231,-25.8068,93.6324,42096.4,29627.5,233419
26.5583,96.4268,-25.838,91.762,44883.5,29301.7,193459
26.5750,96.5835,-24.1905,92.2829,48366.7,32256.2,171024
26.5917,95.9776,-24.3943,91.5923,52801.7,35537.4,186850
26.6083,98.5784,-24.849,94.1804,55753.3,36413.1,199113
26.6250,99.3816,-25.0606,94.9781,57708,34199.7,180142
26.6417,97.342,-24.9359,93.0312,60852.9,32666.6,159484
26.6583,98.694,-23.5392,94.6218,64442.4,34497.5,175729
26.6750,96.7542,-24.1909,92.4844,68630,35953.9,218255
26.6917,99.0626,-23.825,94.8991,71011.6,37024.6,231259
26.7083,98.9422,-24.721,94.4458,72689.3,35108.7,196311
26.7250,101.225,-24.2333,96.9266,73808.8,33796.3,186625
26.7417,101.553,-23.8379,97.2018,76989.1,33266.5,170878
26.7583,101.771,-23.9807,97.4936,79544.7,32572.6,190360
26.7750,101.77,-24.822,97.2405,81297.4,31834.1,195147
26.7917,101.632,-24.3034,97.3126,84241.8,31805.6,294461
26.8083,100.934,-24.1879,96.5278,87816.9,31222,276791
26.8250,98.7488,-23.6268,94.5511,90050,28282.4,249873
26.8417,98.2067,-23.5919,93.8793,90798.3,25546.5,276605
26.8583,98.0444,-23.4609,93.7841,92404.5,23411.1,208586
26.8750,98.807,-23.3975,94.5563,93977.5,23533.3,186143
26.8917,97.7028,-23.3789,93.4118,96589,23323.3,244439
26.9083,100.505,-23.6661,96.2116,98833,22253.9,372661
26.9250,98.3772,-23.9758,93.936,101335,19616.7,371032
26.9417,100.904,-24.0556,96.4745,101534,19070.2,376086
26.9583,100.996,-24.873,96.3688,102828,19201.5,428075
26.9750,101.768,-24.1389,97.138,107002,19946,412051
26.9917,100.988,-23.1166,96.6879,112208,19543.8,339395
27.0083,98.4905,-22.9036,94.1002,113846,17512.8,284420
27.0250,98.7263,-23.3318,94.2567,113771,16029.7,299546
27.0417,99.0792,-23.23,94.6202,114103,16046.3,196638
27.0583,97.9755,-24.0354,93.3277,113942,15793.4,106770
27.0750,99.7563,-24.1999,95.1456,114917,15779.8,102517
27.0917,100.659,-24.4754,95.7908,116086,15102.6,126148
27.1083,99.0482,-24.0283,94.3952,115211,13879.8,167819
27.1250,101.646,-23.8719,96.8862,115392,14720,145139
27.1417,101.804,-22.4445,97.3959,118235,16683.8,215315
27.1583,101.782,-21.5661,97.4477,120328,18652.4,287479
27.1750,102.311,-22.3235,97.7892,120371,19367.3,178897
27.1917,103.214,-22.7139,98.5246,121476,20503.3,147293
27.2083,104.162,-23.3999,99.2512,120321,21420.2,288808
27.2250,106.211,-23.1068,101.49,118804,21905.6,287447
27.2417,107.331,-24.5522,102.297,117758,21583.5,238178
27.2583,106.89,-23.7854,101.885,117855,22000.6,302206
27.2750,106.147,-23.6701,101.389,117106,22472.2,262582
27.2917,105.635,-23.9758,100.584,116672,24217.9,264357
27.3083,106.155,-23.4836,101.172,117686,26456.3,359190
27.3250,108.719,-23.8939,103.813,118121,29377.4,365821
27.3417,108.916,-23.1144,104.218,116097,30525.6,186876
27.3583,108.349,-22.7167,103.648,114087,29518.4,114299
27.3750,106.616,-22.2154,102.091,110115,26018.6,109084
27.3917,106.344,-21.4821,102.027,105071,21106,237905
27.4083,106.505,-21.2383,102.24,101275,17584.1,258228
27.4250,106.691,-21.6252,102.259,97506.2,16264.4,366759
27.4417,107.089,-20.9187,102.8,96653.6,17222.8,384661
27.4583,108.303,-21.4451,104.01,97600.9,19015.8,349330
27.4750,105.868,-22.1479,101.518,97709.7,20013.6,569660
27.4917,103.215,-23.0218,98.4834,100491,21358.1,359433
27.5083,103.348,-25.3096,97.9849,103459,22235.8,660271
27.5250,102.323,-24.5976,97.1438,105111,21702.5,533828
27.5417,101.393,-25.5181,96.0851,104251,19455.2,490591
27.5583,100.3,-24.1977,95.3559,102705,17118.8,396602
27.5750,100.032,-25.255,94.827,96613.7,14050.8,246924
27.5917,99.5891,-25.3837,94.3199,90523.9,12191.2,161751
27.6083,98.7417,-25.9813,93.2475,85434.7,12653.1,178268
27.6250,98.5219,-26.512,92.8763,82447.5,13768.3,155137
27.6417,96.7177,-26.2358,91.1042,81181,14352.7,278916
27.6583,96.6058,-26.1688,91.0154,82464.9,15191.4,660500
27.6750,96.284,-26.743,90.501,84677.1,15141.7,698231
27.6917,95.5066,-26.9107,89.6414,86750.2,14344.3,813542
27.7083,94.1736,-26.9197,88.2113,85577.7,13598.1,1.24363e+06
27.7250,92.8923,-26.8277,86.9442,80426.5,12706.4,1.62638e+06
27.7417,92.9448,-27.3268,86.863,73542.5,12463.3,1.51464e+06
27.7583,93.0646,-27.7006,86.886,66511.2,13201.7,1.29328e+06
27.7750,92.526,-27.6213,86.34,62664.1,13395,971104
27.7917,91.7823,-27.5058,85.5969,62612.7,12516.8,722319
27.8083,91.3411,-27.5694,85.0983,64707.2,11311,632367
27.8250,90.5875,-27.5268,84.3401,64604.3,10568.7,570441
27.8417,90.2168,-27.7406,83.9219,62111.9,10081.6,1.23241e+06
27.8583,90.3576,-28.0485,83.9859,57901.6,9612.19,1.82389e+06
27.8750,90.0695,-28.2722,83.6095,51391.2,9162.81,2.02553e+06
27.8917,89.9663,-28.6192,83.3866,48979.8,8886.73,2.21707e+06
27.9083,89.4243,-28.444,82.8914,49346,8688.5,2.33027e+06
27.9250,89.8039,-28.4215,83.2987,45543.7,8291.24,2.20758e+06
27.9417,90.3222,-28.4047,83.8069,46347.2,8122.89,2.11657e+06
27.9583,89.6231,-28.2267,83.1368,46944,7844.4,2.03455e+06
27.9750,88.0793,-27.9357,81.6957,42567,7635.48,1.90286e+06
27.9917,87.0686,-27.9449,80.7236,38632.3,7349.16,1.89176e+06
28.0083,86.2477,-27.8778,79.9242,34815.4,7225.91,2.17014e+06
28.0250,85.2288,-27.7425,78.9008,31750.9,7122.93,2.25273e+06
28.0417,83.9951,-27.812,77.5975,28789.8,6963.82,2.15143e+06
28.0583,83.4023,-27.8786,76.9174,26286,6662.83,2.08768e+06
28.0750,82.1575,-27.8887,75.6018,23695,6286.62,2.12989e+06
28.0917,81.0893,-27.9593,74.4452,21782.7,6113.08,2.02619e+06
28.1083,78.9,-27.832,72.1843,20399.8,6050.45,1.94975e+06
28.1250,77.7705,-28.2552,70.8366,18457,5953.37,1.75216e+06
28.1417,77.6004,-28.5943,70.5008,16867.2,6090.81,1.5213e+06
28.1583,76.3343,-28.5206,69.1383,16067.7,6247.3,1.20705e+06
28.1750,74.5888,-28.2516,67.3774,15904.1,6343.26,1.08681e+06
28.1917,74.298,-28.0746,67.1083,15582.9,6230.7,989903
28.2083,74.8947,-28.6001,67.515,14930,6094.97,1.14034e+06
28.2250,75.382,-29.0194,67.8167,14334.5,6104.01,1.28314e+06
28.2417,76.1265,-29.8429,68.1991,14028.7,6270.93,1.63815e+06
28.2583,76.7959,-30.524,68.5547,13930.4,6414.15,2.14705e+06
28.2750,75.9576,-30.597,67.5968,13780.9,6290.45,2.07925e+06
28.2917,76.1873,-31.0073,67.6057,13453.2,6158.34,1.88395e+06
28.3083,75.8723,-30.9146,67.2603,13436.6,6106.67,1.96426e+06
28.3250,75.6293,-30.8647,66.9574,13607.8,6149.17,2.12213e+06
28.3417,75.9546,-31.1559,67.1363,13740.6,6220.79,2.12715e+06
28.3583,76.2324,-31.7018,67.1746,13805.4,6172.43,1.99e+06
28.3750,76.0233,-31.8233,66.8255,13994.4,6214.11,1.99308e+06
28.3917,76.1872,-31.858,66.9329,14228.7,6337.17,2.02743e+06
28.4083,75.6634,-31.7203,66.3941,14372.5,6394.26,2.03835e+06
28.4250,75.3762,-31.9565,65.9455,14498.3,6490.76,1.9302e+06
28.4417,75.1932,-32.3047,65.5525,14627.8,6586.34,1.84516e+06
28.4583,75.1366,-32.4586,65.3904,14820.2,6639.06,1.73267e+06
28.4750,75.2726,-32.583,65.3837,15164.6,6893.84,1.66634e+06
28.4917,75.61,-32.9878,65.4852,15469.9,7110.74,1.59803e+06
28.5083,75.8293,-32.9888,65.6609,15772.2,7361.6,1.38157e+06
28.5250,76.204,-33.1644,65.9404,16203.2,7579.89,1.29588e+06
28.5417,76.5807,-33.5991,66.0739,16528.6,7598,1.27903e+06
28.5583,76.4648,-33.727,65.7897,16855.4,7653.58,1.26947e+06
28.5750,76.0741,-33.5594,65.4265,17275,7676.56,1.29544e+06
28.5917,75.977,-33.6625,65.2458,17524.2,7639.16,1.42975e+06
28.6083,75.8887,-33.6639,65.1154,17621.5,7550.35,1.47617e+06
28.6250,75.4735,-33.3667,64.8174,17931.9,7632.82,1.48365e+06
28.6417,75.6937,-33.8935,64.7056,18267.4,7659.1,1.48035e+06
28.6583,75.862,-34.1642,64.6803,18671.9,7749.17,1.46324e+06
28.6750,75.9558,-34.489,64.5701,19230.8,7929.3,1.4218e+06
28.6917,75.6855,-34.7275,64.1189,19697.7,7912.31,1.41481e+06
28.7083,75.5721,-34.7959,63.9382,20162.3,7987.24,1.38332e+06
28.7250,75.3622,-34.8311,63.5875,20558.9,8044.43,1.38371e+06
28.7417,75.4331,-34.9421,63.5907,21149.1,8159.01,1.27479e+06
28.7583,75.0229,-34.7239,63.1945,21770.1,8184.97,1.33102e+06
28.7750,74.4236,-34.506,62.6603,22230.3,8297.92,1.30611e+06
28.7917,73.6652,-34.2981,61.9,22712.8,8208.36,1.30747e+06
28.8083,72.8848,-33.9008,61.2635,23372.4,8181.01,1.26494e+06
28.8250,72.0972,-33.8232,60.4586,23838,8117.57,1.24047e+06
28.8417,71.9038,-33.9778,60.1867,24238.7,7984.71,1.20929e+06
28.8583,71.7092,-33.9891,59.906,24722.8,7984.37,1.21245e+06
28.8750,71.7484,-34.188,59.7779,25012,7837.02,1.20906e+06
28.8917,70.9548,-34.3725,58.8169,25166.5,7903.09,1.18347e+06
28.9083,70.8184,-34.5284,58.4732,25665.3,7921.16,1.1966e+06
28.9250,69.7583,-34.3511,57.4302,26029.8,7654.52,1.23102e+06
28.9417,68.8829,-34.1269,56.5304,26573.8,7499.05,1.21356e+06
28.9583,67.9342,-34.0902,55.5163,26820.7,7259.18,1.26637e+06
28.9750,66.4652,-33.8787,54.0366,26977.7,7057.1,1.26069e+06
28.9917,66.3,-34.3975,53.4792,27265.6,6932.2,1.16254e+06
29.0083,66.786,-35.5193,53.3794,27807.6,6793.78,1.13668e+06
29.0250,67.9863,-36.1854,54.0773,28382.7,6997.95,1.18863e+06
29.0417,67.1534,-36.0613,53.0975,28946.5,6842.51,1.15004e+06
29.0583,67.7183,-35.5457,53.879,29138.5,6718.81,1.19833e+06
29.0750,68.2568,-35.912,54.2586,29731.4,6823.21,1.24462e+06
29.0917,69.1946,-37.0279,54.6079,29750.4,6665.78,1.15681e+06
29.1083,69.094,-36.6662,54.7346,29936.9,6620.63,1.19572e+06
29.1250,69.7924,-37.5198,54.8365,30042.6,6346.1,1.18365e+06
29.1417,69.7997,-37.7696,54.7322,29872.2,6311.13,1.17137e+06
29.1583,70.2157,-38.5485,54.5268,30171.7,6115,1.12422e+06
29.1750,70.2017,-38.5031,54.6344,30311.5,5976.14,1.17658e+06
29.1917,70.5993,-38.714,54.8171,30489.5,5863.37,1.13505e+06
29.2083,71.0492,-39.0618,55.0728,30903.7,5747.3,1.18753e+06
29.2250,71.7837,-39.6947,55.4525,31067.9,5719.48,1.17879e+06
29.2417,72.2756,-40.2251,55.6135,31306.7,5545.58,1.13995e+06
29.2583,72.8066,-40.5944,55.9193,31358.9,5470.95,1.20143e+06
29.2750,72.7818,-40.5075,55.916,31572.9,5335.68,1.23108e+06
29.2917,72.875,-40.5455,55.9872,31517.6,5229.87,1.22303e+06
29.3083,72.5774,-40.339,55.7238,31361,5084.25,1.22023e+06
29.3250,72.161,-39.9821,55.4545,31220.6,5027.98,1.20383e+06
29.3417,71.6082,-39.7029,54.9658,31145.1,4883.47,1.18215e+06
29.3583,71.3906,-39.625,54.7767,30816.4,4749.63,1.1571e+06
29.3750,70.9505,-39.3654,54.4396,30579,4657.93,1.1911e+06
29.3917,70.6327,-39.3148,54.071,30114.8,4551.57,1.12778e+06
29.4083,70.342,-39.0343,53.9452,29670.4,4462.82,1.11224e+06
29.4250,70.3784,-39.3295,53.7312,29317.9,4394.78,1.13949e+06
29.4417,70.4222,-39.7746,53.4363,29013,4324.01,1.0838e+06
29.4583,69.9201,-39.8073,52.867,28548.6,4269.54,1.09245e+06
29.4750,69.4272,-39.6349,52.4589,28163.6,4180.82,1.08397e+06
29.4917,68.0981,-38.9932,51.3318,27391.6,4067.84,1.05069e+06
29.5083,67.5411,-38.8526,50.7209,26976.2,4039.41,1.00969e+06
29.5250,67.2643,-38.6808,50.4703,26530.9,3984.37,1.03264e+06
29.5417,66.7607,-38.6315,49.9125,26098.9,3908.06,1.02732e+06
29.5583,66.6632,-38.745,49.7109,25559.4,3950.85,999143
29.5750,66.4871,-38.8367,49.4488,25360,3939.64,984646
29.5917,65.7967,-38.6044,48.8009,24860.4,3915.18,933516
29.6083,65.524,-38.4662,48.5386,24612.9,3926.04,899923
29.6250,64.967,-38.374,47.9593,23959.9,3904.23,867563
29.6417,63.3744,-38.085,46.3915,23187.5,3819.14,834062
29.6583,62.7132,-38.2903,45.5238,22798.9,3817.73,845047
29.6750,63.5509,-38.3534,46.2513,22821.7,3877.71,844344
29.6917,65.552,-38.7537,48.1617,23118.6,4083.16,868720
29.7083,66.1041,-39.6107,48.1711,23078.8,4146.81,825688
29.7250,64.5525,-39.5734,46.3309,22526.6,4080.65,835733
29.7417,64.2889,-40.1846,45.6009,22033.2,4065.01,840378
29.7583,62.8565,-39.5372,44.4847,21468.5,4010.92,838126
29.7750,61.6745,-39.3927,43.2288,20809.1,3942.35,835096
29.7917,63.7709,-40.7833,44.5515,21080.8,4046.25,855809
29.8083,64.9435,-40.1448,46.3083,21750,4206.87,834380
29.8250,65.6506,-40.1854,47.0576,22175.8,4343.11,891951
29.8417,66.4284,-40.3724,47.9181,22127.9,4478.65,881198
29.8583,65.191,-39.0736,47.5214,21613.9,4429.91,918054
29.8750,62.949,-38.0651,45.6674,20455.9,4222.54,1.01548e+06
29.8917,63.6977,-39.062,45.7871,19862.7,4202.72,962428
29.9083,59.8491,-37.2475,42.773,18560,4072.22,1.16565e+06
29.9250,56.8066,-35.8784,40.0975,17340.8,3831.18,1.38998e+06
29.9417,59.8943,-38.0292,42.0976,17684.5,3723.16,1.22828e+06
29.9583,61.6672,-39.8724,42.6189,17884.5,3614.47,1.0985e+06
29.9750,63.2529,-38.9927,45.2816,18908,3881.36,975530
29.9917,63.5975,-37.4068,46.6908,18864,4117.61,1.07987e+06
30.0083,65.2966,-37.5737,48.171,18954.4,4232.73,984886
30.0250,68.0689,-38.2722,50.9719,19698.6,4363.26,1.02837e+06
30.0417,70.5222,-38.652,53.4313,20462.5,4395.14,1.4043e+06
30.0583,70.885,-38.9108,53.6569,20968.8,4318.11,1.28961e+06
30.0750,71.5772,-39.4192,54.0573,21783.9,4498.76,997921
30.0917,71.3751,-39.2411,53.8105,21821,4414.88,1.07652e+06
30.1083,71.9609,-39.2016,54.4903,21612.4,4503.6,1.22662e+06
30.1250,72.0673,-39.0495,54.8689,21919.9,4580.79,2.44574e+06
30.1417,71.4512,-39.033,54.2031,21749.4,4523.91,2.30616e+06
30.1583,70.012,-38.7587,52.5582,21425.6,4315.21,1.88061e+06
30.1750,69.2461,-38.7497,51.6553,20858,4226.17,1.3758e+06
30.1917,67.9728,-38.1923,50.7877,20594.4,4058.29,2.39845e+06
30.2083,63.252,-35.5932,47.1227,19401.7,3744.28,3.05614e+06
30.2250,66.0945,-39.5043,47.5027,19659.5,3794.56,3.25298e+06
30.2417,63.2226,-38.7793,44.554,18639.2,3624.87,3.13814e+06
30.2583,61.1454,-38.3379,42.377,17800.3,3469.97,3.3594e+06
30.2750,59.4317,-38.3965,40.3519,16934.7,3286.04,3.21939e+06
30.2917,60.5787,-39.2853,40.6775,16901.4,3275.38,3.03459e+06
30.3083,63.0194,-40.0593,42.9024,17789.4,3413.88,3.19839e+06
30.3250,63.6959,-40.8881,42.9958,17679.6,3340.87,3.35435e+06
30.3417,63.4297,-40.8508,42.5196,17611.3,3342.54,3.25927e+06
30.3583,64.3048,-41.6106,42.908,17719.6,3361.77,3.30911e+06
30.3750,62.7408,-41.512,41.2571,17088.3,3265.34,3.1256e+06
30.3917,62.9347,-41.9537,41.0175,16788.7,3209.59,3.18153e+06
30.4083,63.8711,-42.7419,41.3746,16967.1,3219.48,3.03484e+06
30.4250,64.3583,-42.5084,42.0017,17129.8,3221.54,3.18e+06
30.4417,65.1686,-43.2831,42.3486,17221.4,3261.25,2.97506e+06
30.4583,64.4527,-43.3129,41.3886,16768.3,3203.65,2.80625e+06
30.4750,63.6201,-42.787,40.8684,16362.2,3176.68,2.85058e+06
30.4917,64.3478,-43.3823,41.2749,16510,3164.61,3.24342e+06
30.5083,64.8727,-43.5532,41.6714,16603.5,3188.32,3.0183e+06
30.5250,62.7341,-41.7458,40.6431,16031.1,3083.08,3.1704e+06
30.5417,62.2552,-41.6828,40.2808,15760,3079.06,3.06338e+06
30.5583,61.579,-40.9579,40.0522,15504.8,3075.24,2.78591e+06
30.5750,62.0032,-41.5578,39.865,15549.2,3100.75,2.5837e+06
30.5917,61.5454,-41.0286,39.8568,15382.9,3078.87,2.38696e+06
30.6083,61.3323,-41.2196,39.4093,15254.9,3064.38,2.3086e+06
30.6250,59.0472,-40.5445,37.2223,14541.2,2974.01,2.67287e+06
30.6417,57.9317,-40.068,36.2252,14036.5,2920.88,2.68799e+06
30.6583,59.2597,-40.7955,37.0487,14321.2,3002.91,2.86221e+06
30.6750,58.4234,-40.5987,36.156,14201.6,2958.74,2.61708e+06
30.6917,57.6505,-40.5047,35.31,13761.3,2918.74,2.97019e+06
30.7083,58.9289,-41.1324,36.3269,14041.4,2986.33,2.95522e+06
30.7250,60.2716,-41.6428,37.4667,14425.1,3030.09,3.00607e+06
30.7417,61.1261,-42.0863,38.0961,14674.7,3077.81,2.78843e+06
30.7583,61.7631,-41.8473,39.1251,14907.6,3111.32,2.85882e+06
30.7750,61.5352,-41.0712,39.5404,14946.1,3168.07,2.99983e+06
30.7917,63.1529,-42.0884,40.5201,15175.1,3219.28,3.1178e+06
30.8083,63.1815,-41.8177,40.716,15207.9,3236.24,3.14167e+06
30.8250,61.8768,-40.8243,40.0462,15020.3,3227.11,3.04967e+06
30.8417,61.7336,-41.2724,39.4787,14664.6,3202.68,3.06433e+06
30.8583,61.9801,-41.4745,39.6738,14832,3248.16,3.09057e+06
30.8750,62.053,-42.0452,39.0248,14694.9,3209.12,3.13065e+06
30.8917,63.6511,-43.0125,40.1208,14829.1,3297.9,3.07787e+06
30.9083,64.4966,-43.6785,40.4325,15065,3370.84,3.07413e+06
30.9250,62.6574,-42.1163,39.6485,14816.7,3287.73,3.11629e+06
30.9417,63.0762,-42.2114,40.1773,14693.7,3265.55,3.22197e+06
30.9583,64.1258,-42.5017,41.0725,14849.4,3286.05,3.35262e+06
30.9750,62.9614,-41.7532,40.3077,14327.7,3172.54,3.7414e+06
30.9917,63.5209,-41.3423,41.3477,14796.4,3264.29,4.78438e+06
31.0083,63.5187,-40.7446,41.8022,14964.2,3279.88,6.6435e+06
31.0250,65.0041,-40.3487,44.0105,15081.3,3323.17,7.43673e+06
31.0417,64.7982,-39.753,44.197,14936.7,3361.63,7.60379e+06
31.0583,64.3811,-39.9052,43.3514,15369.6,3264.43,7.68578e+06
31.0750,63.7196,-40.4785,42.1928,14076.5,3253.58,7.254e+06
31.0917,61.0984,-40.5829,39.057,12568.7,3071.53,5.69619e+06
31.1083,63.0082,-40.8801,41.1773,12667.4,3180.51,5.55113e+06
31.1250,68.0258,-42.9314,45.6403,13717,3382.34,6.59603e+06
31.1417,65.8788,-41.9261,43.7683,13987.2,3296.88,3.80177e+06
31.1583,62.3278,-39.2002,41.7384,13304.8,3207.22,3.92514e+06
31.1750,59.9857,-36.695,40.5831,19721,3182.04,3.60992e+06
31.1917,63.1514,-35.779,45.1279,64142.6,4148.87,2.52938e+06
31.2083,68.6054,-37.4697,50.7471,44838.9,3985.5,2.55644e+06
31.2250,70.0745,-39.5548,50.7671,20827.5,3646.7,3.0407e+06
31.2417,67.1169,-37.6688,48.7427,15415.5,3461.48,3.50463e+06
31.2583,68.2391,-37.4033,50.2999,23375.1,3953.32,2.86304e+06
31.2750,70.0466,-35.9349,53.6687,15911.2,3569.95,2.31669e+06
31.2917,73.0632,-35.333,57.4774,16693.9,3681.22,2.49751e+06
31.3083,71.2915,-32.428,57.3707,22019.8,3810.96,2.08968e+06
31.3250,71.2144,-33.6941,56.3647,16741.9,3675.75,2.69256e+06
31.3417,71.3683,-36.3058,54.7228,19099.3,3760.21,3.2595e+06
31.3583,72.085,-36.996,55.0585,19933.1,4068.87,3.36275e+06
31.3750,71.3588,-38.4309,53.0865,26129.4,4526.6,3.58278e+06
31.3917,71.338,-37.5498,53.6516,18625.1,3695.28,3.9612e+06
31.4083,73.5275,-37.7516,55.8782,16603.1,3744.58,3.87752e+06
31.4250,72.5405,-36.1657,55.935,17384.2,3890.27,3.58692e+06
31.4417,75.6306,-36.1115,59.4576,20948.7,4043.39,3.23429e+06
31.4583,74.2736,-34.3192,59.0689,22869.3,3938.39,3.27566e+06
31.4750,75.0178,-36.6115,58.2193,23513,4000.27,3.11705e+06
31.4917,77.888,-37.455,60.7405,30802,4307.2,3.08924e+06
31.5083,79.7723,-36.6699,63.5298,39978.1,4297,3.086e+06
31.5250,80.8839,-37.7497,63.9513,28046.6,4918.44,3.12295e+06
31.5417,79.0249,-37.4634,62.0245,26275.4,4347.71,3.33295e+06
31.5583,78.1781,-36.5972,61.582,26112.6,4135.86,3.18458e+06
31.5750,80.265,-37.475,63.3128,25491.2,4046.95,2.92046e+06
31.5917,80.4076,-36.6019,63.9407,43870.6,4429.02,2.64623e+06
31.6083,81.0069,-36.688,64.503,112318,5358.91,2.00491e+06
31.6250,80.7083,-37.0253,63.8603,131896,5285.65,2.21834e+06
31.6417,80.2798,-38.0839,62.5963,85680.5,4828.37,1.86659e+06
31.6583,79.168,-38.5839,61.0082,81732.3,4548.4,1.97991e+06
31.6750,74.9599,-37.493,57.0587,69689.1,4527.1,1.94545e+06
31.6917,73.77,-39.5773,54.1806,26246.5,3960.04,2.40769e+06
31.7083,73.5209,-40.5306,52.9491,22286.6,3882.69,2.04549e+06
31.7250,74.1878,-38.4208,55.3366,29382.7,3902.6,2.05175e+06
31.7417,76.4825,-38.2534,58.0701,42166.3,4214.56,2.24547e+06
31.7583,75.8666,-37.3186,58.008,61436.2,4438.12,2.93662e+06
31.7750,73.8199,-35.0822,56.9484,110509,5223.53,2.47542e+06
31.7917,77.0862,-35.6393,60.2565,125481,4660.72,3.12775e+06
31.8083,78.6753,-34.8909,62.3593,71866.7,4196.66,2.56239e+06
31.8250,81.4032,-34.8858,65.3751,117439,5402.14,2.50359e+06
31.8417,81.5923,-34.6813,65.6149,115918,5417.86,1.82404e+06
31.8583,80.6938,-34.7376,64.5006,82652.6,5631.98,2.57917e+06
31.8750,80.9781,-35.7631,64.1235,75915.7,6485.04,2.9259e+06
31.8917,80.4155,-36.4857,63.0154,104690,4998.05,3.09087e+06
31.9083,78.1611,-37.5179,59.8775,107238,4585.3,3.14309e+06
31.9250,76.1132,-37.7679,57.3355,89302.4,4107.9,3.4031e+06
31.9417,77.6019,-38.1846,58.5583,74741.7,4087.63,3.43089e+06
31.9583,78.328,-37.5764,59.8872,64684.8,3987.41,2.73422e+06
31.9750,79.8656,-38.5673,60.7424,57398.4,4136.4,2.82829e+06
31.9917,79.1739,-38.1634,60.1742,53382.1,4335.72,3.5518e+06
32.0083,80.3093,-38.8874,60.9595,59038.6,4307.08,3.31267e+06
32.0250,75.9258,-37.6357,57.0632,60263.2,4220.82,3.20251e+06
32.0417,76.226,-37.0456,57.7127,62462.4,4125.77,3.43975e+06
32.0583,75.0593,-38.1875,55.617,57811.2,3889.79,3.25591e+06
32.0750,72.9708,-38.2915,53.1148,44714.4,3784.71,3.31177e+06
32.0917,71.7127,-40.5724,50.0812,29921.9,3627.99,2.89086e+06
32.1083,72.0257,-39.7168,51.0003,34428.4,3673.37,3.08706e+06
32.1250,73.0072,-38.6017,52.947,40225.8,3934.16,3.42777e+06
32.1417,74.5094,-38.7441,54.3994,46245.9,4369.56,3.45062e+06
32.1583,75.1389,-38.2559,55.5622,127157,5963.99,3.51466e+06
32.1750,75.3036,-38.8294,55.2691,139000,5441.55,3.74287e+06
32.1917,74.1257,-37.2837,54.9452,143261,5141.6,3.70842e+06
32.2083,75.3858,-39.5152,54.5303,114434,5874.81,3.33443e+06
32.2250,76.0941,-40.0676,54.6752,161877,10128.8,3.28056e+06
32.2417,75.1758,-40.0695,53.3527,154890,8764.37,3.3442e+06
32.2583,76.6088,-41.5097,53.777,153593,6569.4,3.33011e+06
32.2750,76.752,-40.6119,54.5345,152065,6760.83,3.28752e+06
32.2917,77.328,-40.4466,55.2417,121891,6889.14,3.61859e+06
32.3083,78.074,-41.0379,55.6208,105631,7731.9,3.44835e+06
32.3250,79.1771,-40.8056,57.1211,110341,9443.2,3.81897e+06
32.3417,78.9723,-39.4389,58.0692,133233,11053.6,3.9162e+06
32.3583,81.5808,-39.7799,60.6463,165970,10946.5,3.91183e+06
32.3750,81.3108,-38.9723,60.9797,196643,8779.65,3.97135e+06
32.3917,83.5968,-41.0386,62.0157,175567,7262.72,3.86161e+06
32.4083,84.5174,-41.3463,62.6669,151152,7630.55,3.68146e+06
32.4250,83.2413,-40.4446,61.8056,132240,8931,3.75544e+06
32.4417,82.9667,-39.2348,62.3765,138593,10665.9,3.62074e+06
32.4583,82.759,-39.1341,62.2558,152835,11985.2,3.66533e+06
32.4750,83.5067,-39.4199,62.8634,172589,14392.1,3.51341e+06
32.4917,82.6888,-38.9048,62.303,194468,13250.2,3.54368e+06
32.5083,82.1643,-37.9086,62.4949,221163,9175.5,3.69255e+06
32.5250,81.9968,-38.2604,62.0643,237508,8849.17,3.71273e+06
32.5417,82.2517,-38.4962,62.165,221127,10421.3,3.74012e+06
32.5583,82.1772,-38.3146,62.1904,187264,12363.2,3.59251e+06
32.5750,81.0601,-36.9365,61.9697,184453,13533.8,3.56266e+06
32.5917,79.9177,-36.3365,61.1623,191773,12146.2,3.71689e+06
32.6083,79.1798,-36.2997,60.2861,196696,10117.9,3.67303e+06
32.6250,79.1781,-36.2879,60.2564,202472,8637.37,3.51459e+06
32.6417,79.3615,-35.9788,60.6667,210387,8190.4,3.60223e+06
32.6583,79.4943,-35.3351,61.2856,213059,7978.33,3.48387e+06
32.6750,79.4717,-34.8987,61.6044,205347,7982.64,3.58361e+06
32.6917,78.6211,-34.9731,60.6065,159629,7966.65,3.49361e+06
32.7083,78.2095,-35.5,59.7265,124193,8002.26,3.74704e+06
32.7250,76.8855,-35.2082,58.504,102818,7935.11,3.61478e+06
32.7417,76.6327,-35.2218,58.2258,80675.7,8011.3,3.47986e+06
32.7583,77.6007,-36.1883,58.6421,57257.8,7886.63,3.55319e+06
32.7750,77.3386,-36.0334,58.4376,45411.9,8112.44,3.49556e+06
32.7917,78.4417,-37.0152,58.8754,38242.2,8306.55,3.42663e+06
32.8083,77.9078,-37.6984,57.7236,31709,8245.53,3.44003e+06
32.8250,77.491,-37.6429,57.244,30193.9,8253.63,3.39889e+06
32.8417,77.8178,-37.7996,57.5094,28691.9,8314.07,3.34615e+06
32.8583,78.3887,-38.4569,57.5836,27347.9,8241.32,3.40777e+06
32.8750,78.1847,-37.7943,57.8394,26567.1,8394.39,3.46194e+06
32.8917,77.096,-37.5875,56.7261,24430.9,8304.77,3.45893e+06
32.9083,78.0161,-37.2743,57.948,24015.7,8656.36,3.50542e+06
32.9250,78.7013,-37.347,58.6414,23184.5,8777.43,3.507e+06
32.9417,77.5409,-37.4139,57.337,21948.2,8664.21,3.51908e+06
32.9583,77.0454,-37.0141,57.1098,22086.7,8696.35,3.49498e+06
32.9750,77.6984,-36.6765,58.0396,22519.2,8710.15,3.58727e+06
32.9917,77.3258,-36.8386,57.5174,22693.5,8569.93,3.52941e+06
33.0083,76.6836,-36.8698,56.7998,23275.8,8522.98,3.56798e+06
33.0250,77.1523,-37.2892,56.9919,24108.5,8449.74,3.43975e+06
33.0417,77.2826,-37.3761,57.0463,24650.4,8314.09,3.50748e+06
33.0583,76.2622,-36.3879,56.6618,25329.9,8235.95,3.48323e+06
33.0750,75.5677,-35.2196,56.7175,26342.4,8442.37,3.52479e+06
33.0917,75.4174,-35.3311,56.4367,27865.4,8707.83,3.63955e+06
33.1083,75.741,-35.7891,56.4408,28720,8635.69,3.6247e+06
33.1250,75.5237,-35.444,56.4188,29485.1,8781.62,3.6804e+06
33.1417,76.1497,-36.2062,56.5093,30634.8,8732.86,3.66711e+06
33.1583,75.2074,-35.9462,55.6333,31570.6,8755.3,3.71267e+06
33.1750,76.5292,-36.4359,56.6822,33056,9195.02,3.80526e+06
33.1917,76.6941,-36.5861,56.7168,34281.6,9347.54,3.86071e+06
33.2083,77.3293,-36.48,57.4687,35265.4,9722.01,3.84541e+06
33.2250,77.5296,-36.7936,57.428,36226.7,9723.1,3.81481e+06
33.2417,76.9049,-36.342,57.0551,36966.9,9574.1,3.81523e+06
33.2583,76.5059,-35.0887,57.5258,37895.2,9812.64,3.74809e+06
33.2750,77.5232,-34.8605,58.7667,38834.6,10391.5,4.0396e+06
33.2917,78.4376,-34.9794,59.64,40180.2,10699.4,3.96641e+06
33.3083,78.2401,-35.126,59.2923,41081.6,10603.9,3.94649e+06
33.3250,77.9124,-34.9819,59.0125,41829.5,10741.1,3.82613e+06
33.3417,78.1145,-34.8424,59.2951,42290.8,10800.2,3.83443e+06
33.3583,78.6715,-35.2226,59.5921,43301.4,11053.4,3.68531e+06
33.3750,78.7903,-35.2461,59.6744,44183.8,11308.8,3.65608e+06
33.3917,78.0059,-35.2447,58.7963,43903.6,11127.1,3.72832e+06
33.4083,78.5221,-36.0948,58.6963,45425.5,11301.4,3.74334e+06
33.4250,78.3312,-35.9819,58.5412,46187,11273.3,3.66373e+06
33.4417,79.5,-36.1978,59.6234,47568.4,11576.4,3.70552e+06
33.4583,79.9083,-36.5626,59.7648,47915.3,11640.7,3.62932e+06
33.4750,79.315,-36.8273,58.887,47739.6,11594.1,3.61918e+06
33.4917,79.6968,-37.0686,59.0903,47730.4,11760.9,3.68593e+06
33.5083,79.4556,-36.64,59.1188,48310.4,11879.7,3.83951e+06
33.5250,78.8987,-36.3451,58.6985,49483.1,11900.9,3.83025e+06
33.5417,79.1945,-36.0922,59.1781,50210.8,12105.1,3.81801e+06
33.5583,79.7714,-36.0813,59.7792,50901.8,12343.5,3.59703e+06
33.5750,79.915,-36.0487,59.9269,51063.7,12541.9,3.51786e+06
33.5917,79.8602,-36.1576,59.755,51663.9,12573.3,3.67525e+06
33.6083,80.1989,-36.3113,59.9762,52166.3,12749.7,3.77896e+06
33.6250,80.3312,-36.4183,60.0093,52391.8,12848.1,3.58317e+06
33.6417,80.3133,-36.3912,59.9783,52267.7,12955.2,3.55102e+06
33.6583,80.4395,-36.5175,59.992,52211.7,12955.2,3.38959e+06
33.6750,80.1853,-36.554,59.6591,53201.3,12939.9,3.27654e+06
33.6917,79.9963,-36.6293,59.3658,53982,12896.3,3.28326e+06
33.7083,80.2578,-36.9419,59.3833,54591.1,12840.5,3.26352e+06
33.7250,80.3399,-37.2531,59.2056,54979.7,12906.7,3.31077e+06
33.7417,80.2389,-37.3865,58.9645,55395.7,12916.7,3.29563e+06
33.7583,80.2509,-37.4938,58.8697,55558.1,12862.3,3.35408e+06
33.7750,80.3257,-37.7003,58.7646,55676.6,12862.5,3.33773e+06
33.7917,80.2086,-37.8407,58.4994,55199,12745.7,3.42934e+06
33.8083,80.0212,-37.8487,58.2593,55983.4,12611.2,3.48955e+06
33.8250,79.9422,-37.7344,58.232,56312.8,12545.1,3.45743e+06
33.8417,79.9559,-37.6473,58.2833,56349.5,12475.1,3.56156e+06
33.8583,80.0498,-37.6465,58.3481,56730.8,12281.4,3.74094e+06
33.8750,80.3017,-37.7554,58.5045,56903,12130.6,3.84333e+06
33.8917,80.5784,-37.8624,58.688,56814.9,11954.6,4.21432e+06
33.9083,80.4913,-37.7755,58.6278,56525.4,11600.3,4.16667e+06
33.9250,80.5051,-37.701,58.6666,56365.2,11391.9,4.21033e+06
33.9417,80.4553,-37.6853,58.5948,56444.9,11253.9,4.69817e+06
33.9583,80.382,-37.5606,58.5804,56645.1,11108.2,5.38285e+06
33.9750,79.8875,-37.1548,58.331,56044.1,10653.2,5.306e+06
33.9917,79.8301,-37.0436,58.3069,56063.2,10457.7,5.26528e+06
34.0083,79.8503,-36.869,58.4364,56412.8,10230.2,5.39368e+06
34.0250,80.0312,-36.9092,58.5628,56280.6,10222.2,5.36064e+06
34.0417,79.7778,-36.8995,58.2654,56338.2,9995.29,5.48919e+06
34.0583,79.5018,-37.0356,57.8297,55872.2,9837.09,5.30539e+06
34.0750,79.2718,-37.192,57.4204,55353.1,9632.76,5.22868e+06
34.0917,79.2841,-37.2778,57.3303,55086.7,9428.22,5.24423e+06
34.1083,79.4507,-37.3045,57.4467,54726.8,9302.25,5.02601e+06
34.1250,79.5678,-37.3295,57.5076,54768.2,9174.16,4.8479e+06
34.1417,79.5859,-37.2592,57.5463,54469.9,9025.68,4.73715e+06
34.1583,79.515,-37.1945,57.4859,53724.3,8857.83,4.689e+06
34.1750,79.3195,-37.0547,57.3447,52911.6,8676.67,4.87983e+06
34.1917,79.3416,-37.1032,57.2816,52706.9,8573.86,4.92422e+06
34.2083,79.0209,-37.1141,56.878,52568.8,8386.68,4.846e+06
34.2250,78.8564,-37.0717,56.6851,51787.8,8229.35,4.69234e+06
34.2417,78.6555,-36.8876,56.5758,50977.2,8149.89,4.77643e+06
34.2583,78.7366,-36.7504,56.7514,50648.9,8053.67,4.90251e+06
34.2750,79.0231,-36.6945,57.0585,50281.4,8019.03,4.84332e+06
34.2917,78.7096,-36.1236,57.1468,50335,8075.2,4.75935e+06
34.3083,78.5148,-35.7734,57.1754,50109,8091.89,4.74603e+06
34.3250,78.5722,-35.6808,57.2862,49478.6,8126.06,4.78259e+06
34.3417,78.5557,-35.5834,57.3329,49525.2,8144.23,4.51436e+06
34.3583,78.3539,-35.6806,57.0343,49636.5,8200.63,4.48977e+06
34.3750,78.1515,-35.8185,56.6767,49392.7,8257.32,4.52356e+06
34.3917,78.0004,-35.6827,56.6159,50196.3,8337.61,4.53477e+06
34.4083,77.9722,-35.4757,56.726,49320.6,8360.05,4.55913e+06
34.4250,77.842,-35.3582,56.6808,48955.9,8321.9,4.51525e+06
34.4417,77.9307,-35.3422,56.7654,48758.7,8390.21,4.61168e+06
34.4583,77.6717,-34.8364,56.9139,49129.2,8419.78,4.57081e+06
34.4750,77.4858,-34.3702,57.0362,48842.4,8462.17,4.56455e+06
34.4917,77.0226,-33.539,57.1771,48471.5,8453.18,4.3968e+06
34.5083,76.6714,-33.2507,57.0157,47215.7,8315.99,4.3541e+06
34.5250,76.407,-33.038,56.8782,46069.9,8133.18,4.38417e+06
34.5417,76.1101,-32.2527,57.0969,45875.6,8098.7,4.36379e+06
34.5583,76.0089,-32.0592,57.1092,45159.8,7933.61,4.42841e+06
34.5750,75.6011,-31.6496,56.9442,43454.2,7805.3,4.46762e+06
34.5917,75.6405,-31.7092,56.9284,42682.7,7740.46,4.4746e+06
34.6083,75.7762,-31.7723,57.0027,41954.9,7664.92,4.63567e+06
34.6250,75.8766,-31.6478,57.1712,40862.1,7796.44,4.72468e+06
34.6417,75.168,-31.2558,56.6645,39730.5,7698.87,4.45623e+06
34.6583,74.8446,-31.2433,56.3005,38983.8,7631.28,4.50618e+06
34.6750,74.5229,-31.2446,55.9393,37895,7691.1,4.50205e+06
34.6917,74.5828,-31.5174,55.7622,37834.3,7738.83,4.02495e+06
34.7083,74.7401,-32.126,55.4761,36166.3,7754.54,3.7543e+06
34.7250,74.523,-32.2138,55.114,35378.1,7672.28,3.73052e+06
34.7417,74.2693,-32.424,54.6719,35889.9,7606.32,3.81692e+06
34.7583,74.579,-32.2908,55.0447,36169.8,7720.59,3.69096e+06
34.7750,75.0754,-32.34,55.5876,36306.6,7904.05,3.48681e+06
34.7917,75.2215,-32.3829,55.6523,36252.4,7965.61,3.6227e+06
34.8083,75.3519,-32.2733,55.8948,35793.6,7907.19,3.67513e+06
34.8250,74.7368,-31.9888,55.3867,34373.8,7946.9,3.74154e+06
34.8417,74.0327,-31.6405,54.9646,33567.6,7641.22,3.65237e+06
34.8583,73.4619,-31.4005,54.4751,33171.2,7538.32,3.77515e+06
34.8750,73.7424,-31.5161,54.6691,32821.9,7534.79,3.69476e+06
34.8917,72.7107,-31.5077,53.4374,31933.1,7177.05,3.63661e+06
34.9083,72.1055,-30.9586,53.0994,30733.1,6994.54,3.73399e+06
34.9250,72.984,-31.0258,53.9986,30152.4,6916.94,3.78833e+06
34.9417,73.2902,-31.272,54.1087,29370.6,6852.31,3.73275e+06
34.9583,72.9687,-31.2175,53.75,28234,6644.17,3.72624e+06
34.9750,72.5487,-30.8532,53.6216,27372.9,6483.08,3.80994e+06
34.9917,72.9121,-30.6135,54.1234,27230.3,6460.92,3.76983e+06
35.0083,73.7438,-30.9298,54.7174,26967.8,6332.92,3.67852e+06
35.0250,74.2484,-31.0401,55.1189,26338.7,6289.92,3.5388e+06
35.0417,73.6641,-31.0628,54.4333,25846.2,6049.21,3.42991e+06
35.0583,73.3554,-31.14,53.9918,25715.4,6033.58,3.53556e+06
35.0750,72.8168,-30.5596,53.9129,25188.5,5845.51,3.45408e+06
35.0917,74.1393,-31.0911,54.8414,25127.1,5930.45,3.56083e+06
35.1083,73.7034,-31.1299,54.2864,24676.6,5909.65,3.60357e+06
35.1250,73.7743,-31.1676,54.3124,24957.3,5981.41,3.74635e+06
35.1417,74.4326,-31.3535,54.7979,24935.8,6054.82,3.56646e+06
35.1583,75.0211,-31.4441,55.3427,24561.3,6030.06,3.62768e+06
35.1750,75.5423,-31.761,55.5762,24254,6028.68,3.65111e+06
35.1917,74.7273,-31.6717,54.7055,23829.1,5987.16,3.62774e+06
35.2083,74.5664,-31.4655,54.6166,23892,6137.9,3.656e+06
35.2250,74.6505,-31.4771,54.7359,23723.7,6150.71,3.63926e+06
35.2417,74.4431,-31.594,54.4179,23622.7,6166.67,3.55705e+06
35.2583,74.7997,-31.6124,54.7277,23741.7,6266.05,3.57367e+06
35.2750,74.8634,-31.8381,54.5883,23667.8,6367.03,3.47626e+06
35.2917,75.0507,-31.6211,54.9944,23962.6,6462.92,3.46929e+06
35.3083,75.6251,-31.7645,55.4793,24112.9,6534.94,3.5398e+06
35.3250,75.5954,-31.8606,55.4127,24092.5,6558.53,3.57336e+06
35.3417,75.4708,-31.6085,55.4526,24174.3,6576.61,3.60449e+06
35.3583,75.5568,-31.4184,55.657,24394.5,6665.15,3.5742e+06
35.3750,74.4201,-31.3022,54.5372,24209.8,6612.63,3.56488e+06
35.3917,74.5153,-31.1308,54.7923,24425.7,6684.55,3.64371e+06
35.4083,73.7636,-30.5177,54.4389,24648.8,6732.9,3.50863e+06
35.4250,73.6996,-31.0119,53.9224,24612.2,6698.54,3.49529e+06
35.4417,73.399,-30.7375,53.8523,24698.2,6673.53,3.61421e+06
35.4583,73.0867,-30.6895,53.568,24614.2,6693.53,3.79365e+06
35.4750,72.7208,-30.8036,52.9925,24595.1,6698.3,3.74223e+06
35.4917,73.0811,-30.6868,53.4303,24744.8,6734.09,3.5202e+06
35.5083,72.7272,-30.732,52.9687,24563.6,6770.11,3.48901e+06
35.5250,72.3758,-30.3034,52.8906,24761.1,6892.39,3.28097e+06
35.5417,73.1045,-30.5804,53.4543,24823.4,7000.54,3.26453e+06
35.5583,73.9525,-31.1193,53.8379,25115.2,7094.38,3.25967e+06
35.5750,72.366,-30.7514,52.4865,25062.6,7042.71,3.4839e+06
35.5917,73.5226,-31.0084,53.4925,25802.9,7266.82,3.44698e+06
35.6083,73.4174,-30.7665,53.6169,25885.6,7298.34,3.495e+06
35.6250,73.9932,-30.8945,54.1069,26408.3,7343.66,3.46495e+06
35.6417,74.1061,-31.1904,53.9393,26740.5,7433.95,3.41427e+06
35.6583,73.3505,-30.8717,53.4263,26974.2,7454,3.41078e+06
35.6750,74.2018,-30.9231,54.2415,27580.3,7627.96,3.4203e+06
35.6917,74.4485,-31.0537,54.3905,28096.4,7763.16,3.29413e+06
35.7083,74.4223,-30.9637,54.4403,28630.8,7810.64,3.39888e+06
35.7250,74.2175,-31.0222,54.1996,29155.4,7815.81,3.44362e+06
35.7417,73.4514,-30.6235,53.6673,29449.1,7696.62,3.44739e+06
35.7583,73.6491,-30.4727,53.9848,30055.5,7724.18,3.46526e+06
35.7750,73.8683,-30.2069,54.3633,30362.9,7586.46,3.66925e+06
35.7917,73.7484,-30.2123,54.2405,30663.8,7537.4,3.71233e+06
35.8083,73.2,-29.7403,54.0881,30719.9,7309.53,3.70813e+06
35.8250,73.3643,-29.5589,54.3595,31258.4,7373.92,3.76246e+06
35.8417,73.8574,-29.61,54.8059,31326.4,7308.78,3.7006e+06
35.8583,73.7074,-29.5991,54.6308,31031.9,7276.83,3.73977e+06
35.8750,74.3353,-29.6851,55.3413,30012.6,7245.12,3.5502e+06
35.8917,73.6697,-29.2752,54.9955,28915.9,7078.05,3.47416e+06
35.9083,74.3607,-29.1557,55.705,28851.5,6851.38,3.54904e+06
35.9250,74.68,-28.8155,56.2054,28522.5,6917.45,3.48468e+06
35.9417,74.0329,-28.3649,55.8192,30037.9,8086.35,3.46522e+06
35.9583,73.934,-28.3012,55.8134,32945.7,8628.87,3.48674e+06
35.9750,74.6883,-28.6002,56.3958,41193.8,8566.13,3.53228e+06
35.9917,74.5696,-28.4609,56.3583,50789.7,8627.69,3.18492e+06
36.0083,74.3196,-27.9993,56.5164,69270.5,8696.36,3.15404e+06
36.0250,74.7969,-28.467,56.7387,77949,8944.13,3.1087e+06
36.0417,75.9461,-28.7828,57.6683,81703.2,8434.2,2.93062e+06
36.0583,76.207,-28.7494,58.0419,78227,8141.95,2.98434e+06
36.0750,76.0525,-28.6468,58.0606,79545.2,8278.54,3.07896e+06
36.0917,76.8405,-28.7507,58.7755,67383.4,8187.85,3.20302e+06
36.1083,76.4637,-28.5892,58.4942,64686.7,8380.58,3.13497e+06
36.1250,77.111,-28.4235,59.3562,62158.8,8287.82,2.98779e+06
36.1417,76.7377,-27.5709,59.5589,66851.6,8577.12,2.9473e+06
36.1583,77.4421,-28.8136,59.5261,64975,8095.49,3.11778e+06
36.1750,76.6951,-29.2973,58.6223,70402.7,7334.88,3.12969e+06
36.1917,75.0833,-28.148,57.7085,74650.8,7703.56,3.19365e+06
36.2083,74.9732,-27.7988,57.9237,75643.7,7869.36,3.16278e+06
36.2250,74.9887,-28.407,57.4311,68135.9,7638.46,3.04661e+06
36.2417,75.6626,-28.3941,58.2284,65550.4,7504.49,3.09817e+06
36.2583,76.0584,-28.1942,58.8653,66267.3,7253.75,3.0909e+06
36.2750,76.7133,-27.8884,59.7782,64433.7,7187.13,2.96214e+06
36.2917,77.2246,-28.1099,60.1524,60837.7,6880.58,2.89267e+06
36.3083,76.4794,-28.1783,59.3548,61160.5,6949.37,2.94832e+06
36.3250,77.0349,-28.1848,59.9142,61051.8,7027.14,2.91641e+06
36.3417,76.5033,-28.0359,59.5032,60228.2,7054.72,2.90984e+06
36.3583,77.6849,-28.6906,60.2993,61419,7115.21,2.87358e+06
36.3750,78.5529,-28.7346,61.0907,62367.5,7003.48,2.83881e+06
36.3917,78.7816,-27.8986,61.8559,68711.1,7219.04,2.83248e+06
36.4083,78.7858,-27.3873,62.2669,65477.4,7233.9,2.91155e+06
36.4250,77.8469,-27.404,61.4586,64780.8,7118.95,2.89805e+06
36.4417,78.0118,-27.7452,61.4671,58406.9,7174.59,2.97161e+06
36.4583,78.1642,-27.9519,61.3648,56300.3,7173.3,2.86157e+06
36.4750,78.0082,-28.0275,61.2229,53188.7,7027.73,2.91622e+06
36.4917,77.934,-28.134,61.0754,52130,6929.52,2.95097e+06
36.5083,77.9749,-28.0447,61.2078,52459.3,6903.97,2.9588e+06
36.5250,78.4364,-27.8082,61.8689,54931,6947.02,3.0956e+06
36.5417,78.8734,-27.7055,62.3581,52724.7,6998.9,3.31508e+06
36.5583,79.1824,-27.0823,63.0578,56546,7078.1,3.63895e+06
36.5750,78.9181,-27.0131,62.8344,56802.2,7204.08,3.80209e+06
36.5917,78.4689,-27.1116,62.337,53691.6,7224.38,3.88245e+06
36.6083,78.8349,-27.3735,62.4445,49183.5,7209.1,3.92325e+06
36.6250,78.2764,-27.3651,61.9303,48038.7,7140.78,3.94973e+06
36.6417,77.6915,-27.0889,61.4594,47491.6,7175.86,3.99724e+06
36.6583,78.3847,-27.3072,62.0191,45123.6,7312.64,4.09334e+06
36.6750,79.616,-27.5499,63.131,43517.2,7397.9,4.21298e+06
36.6917,77.3153,-27.026,60.984,38621.1,7418.97,4.13938e+06
36.7083,78.1488,-27.4041,61.5833,40842.8,7609.6,4.0737e+06
36.7250,79.0037,-27.6308,62.2755,42421.3,7740.83,4.06345e+06
36.7417,80.0077,-27.8961,63.1179,41892.3,7827.47,4.07196e+06
36.7583,80.2705,-28.0618,63.2677,39646.2,7943.75,4.2235e+06
36.7750,80.0429,-28.2376,62.8731,37094.5,8010.22,4.21997e+06
36.7917,79.3746,-27.8385,62.3954,35862.8,8093.09,4.23774e+06
36.8083,79.3505,-27.6908,62.4257,34301,8194.33,4.18789e+06
36.8250,78.9864,-27.5282,62.1504,31633.8,8166.46,4.05854e+06
36.8417,79.2634,-27.9012,62.2408,29229.2,8260.39,4.02818e+06
36.8583,80.0235,-28.094,62.8847,29469.5,8371.58,4.15335e+06
36.8750,79.8521,-28.1012,62.5936,29145.3,8538.52,4.08717e+06
36.8917,80.2515,-28.2948,62.8414,29782.6,8575.48,4.11943e+06
36.9083,80.8627,-28.5767,63.2739,29660.4,8668.72,4.094e+06
36.9250,80.7541,-28.8515,62.9892,29570.3,8866.53,4.13985e+06
36.9417,80.7855,-28.7955,62.9802,29608.2,8913.05,4.07711e+06
36.9583,81.6652,-28.9447,63.8168,29461.8,8970.39,4.03658e+06
36.9750,81.9023,-28.7685,64.1394,28723.6,8988.68,4.07386e+06
36.9917,82.3359,-28.8163,64.511,28704,8931.79,3.91354e+06
37.0083,82.0684,-28.7518,64.2574,30552,8875.76,3.99101e+06
37.0250,80.9177,-28.7412,63.0617,30140.3,8841.15,3.94136e+06
37.0417,81.4665,-29.3257,63.1717,28934.1,8840.14,3.9214e+06
37.0583,82.0693,-29.1635,63.9244,28663.7,8873.02,3.96673e+06
37.0750,82.9422,-29.2535,64.701,29208.4,9093.73,3.90705e+06
37.0917,82.8589,-29.02,64.7323,32181.6,9145.41,3.94103e+06
37.1083,83.2437,-29.0878,65.0569,34832.7,9281.5,4.12579e+06
37.1250,82.4341,-28.8396,64.3711,35749.9,9325.77,4.18315e+06
37.1417,83.1281,-29.0262,64.8695,35172.9,9452.24,4.15358e+06
37.1583,84.3772,-28.9556,66.1652,35243,9705.15,4.1155e+06
37.1750,84.6489,-28.6539,66.5705,34585.6,9765.6,4.15855e+06
37.1917,84.8997,-29.0082,66.6717,33426.7,9707.81,4.16725e+06
37.2083,84.5695,-29.074,66.3334,31574.5,9546.35,4.18627e+06
37.2250,84.4349,-29.6496,65.9435,30212.8,9337.81,4.17678e+06
37.2417,83.5221,-30.3194,64.6523,30542,9370.3,3.9873e+06
37.2583,83.4314,-30.8429,64.2034,30194.9,9357.61,4.17538e+06
37.2750,83.6499,-31.0814,64.1884,30102.2,9307.32,4.40994e+06
37.2917,84.554,-31.0589,65.0629,29707,9306.6,4.29871e+06
37.3083,84.7104,-30.7508,65.3455,29219.5,9400.18,4.23594e+06
37.3250,84.1434,-30.321,65.0406,29353,9492.27,4.35813e+06
37.3417,84.5662,-30.0281,65.5721,29146.7,9499.56,4.26677e+06
37.3583,84.6563,-29.9201,65.6302,29139.9,9566.04,4.19797e+06
37.3750,84.935,-29.7866,65.932,29386.4,9667.13,4.05509e+06
37.3917,85.1584,-29.5791,66.2671,29514.2,9801.58,4.37096e+06
37.4083,85.2515,-29.2302,66.5259,29470.3,9819.33,4.41448e+06
37.4250,85.0537,-29.1497,66.4092,29095.1,9773.25,4.3865e+06
37.4417,84.3123,-29.0833,65.7256,28716.7,9706.9,4.28133e+06
37.4583,84.31,-29.0843,65.7189,28728,9733.21,4.18921e+06
37.4750,84.4159,-29.2114,65.668,28942.5,9741.96,4.22437e+06
37.4917,84.8771,-29.4492,65.9967,29080.9,9787.2,3.90549e+06
37.5083,85.2209,-29.5178,66.2721,29702.6,9991.25,3.91088e+06
37.5250,85.8231,-29.5628,66.8201,30099.3,10041,4.02822e+06
37.5417,85.7578,-29.5673,66.7122,30537.9,10102.4,3.99271e+06
37.5583,86.1054,-29.4586,67.1189,30378.6,10138.6,4.19027e+06
37.5750,86.3127,-29.5491,67.1571,30468.7,10395.8,4.32409e+06
37.5917,86.6678,-29.5692,67.456,30865.7,10545.2,4.19508e+06
37.6083,87.0231,-29.6561,67.6937,31436.6,10657.2,4.14621e+06
37.6250,87.2366,-29.6929,67.8602,32044.7,10738.6,4.16349e+06
37.6417,86.9801,-29.6722,67.6279,32389.4,10839.4,4.10419e+06
37.6583,87.0475,-29.6996,67.7093,32638.1,11017.6,4.00377e+06
37.6750,87.224,-29.7526,67.8808,33152.9,10974.4,3.96776e+06
37.6917,87.3883,-29.7135,67.9968,33246,10954.9,3.94562e+06
37.7083,87.4005,-29.7661,67.916,34203.9,11221.3,4.08353e+06
37.7250,87.4554,-29.8012,67.9126,34875,11520.1,4.03162e+06
37.7417,87.249,-29.6812,67.7546,35291.3,11643.1,4.0571e+06
37.7583,87.1482,-29.1984,67.9245,36030.8,11654.8,3.97792e+06
37.7750,87.3032,-29.0441,68.1962,35564.2,11496.2,4.03584e+06
37.7917,87.5257,-28.9518,68.4036,36269.5,11515.6,3.90247e+06
37.8083,88.0074,-28.9912,68.7898,37038.1,11667,4.00411e+06
37.8250,88.147,-29.272,68.7171,37415.2,11797.9,4.04011e+06
37.8417,88.7684,-29.6438,69.1109,39180.9,12005.7,4.12016e+06
37.8583,88.9824,-29.7045,69.2717,40382,12596,3.97065e+06
37.8750,89.5691,-29.9712,69.7026,41301.6,13006.6,3.96316e+06
37.8917,90.1807,-30.2822,70.0775,43762.6,13730.3,3.88284e+06
37.9083,90.5916,-30.6913,70.412,45114.3,13985.9,3.82246e+06
37.9250,91.0091,-31.0049,70.5114,46305.6,14035.8,3.86392e+06
37.9417,90.907,-30.6242,70.5418,47631.5,14075,3.91753e+06
37.9583,91.0914,-30.5474,70.7677,47565.4,13926.1,4.04643e+06
37.9750,90.8215,-30.2735,70.6346,48519.5,13943.9,4.17436e+06
37.9917,90.926,-29.9432,70.9305,48602.9,13798.2,4.10016e+06
38.0083,91.1579,-30.0733,71.1134,49321.6,13704.3,4.00337e+06
38.0250,91.0259,-29.7892,71.1014,49809.9,13910.8,3.92369e+06
38.0417,91.1769,-29.609,71.2164,51065,13984.7,4.0162e+06
38.0583,91.4055,-29.6035,71.4808,52702.5,14352.6,3.99675e+06
38.0750,91.4002,-29.6368,71.5012,52474,14428.3,3.95587e+06
38.0917,91.3283,-29.7101,71.4557,52382.5,14226.7,3.86294e+06
38.1083,91.0618,-29.8625,71.1026,52824.1,14167.5,3.6808e+06
38.1250,91.273,-30.1845,71.128,52824,14084.5,3.72711e+06
38.1417,91.5227,-30.2209,71.3791,54550.1,14256.8,3.84211e+06
38.1583,91.5042,-30.0895,71.4279,55139.9,14140.3,4.05786e+06
38.1750,91.0914,-29.6701,71.4135,55557.5,14366.3,4.06924e+06
38.1917,91.2406,-29.6287,71.5643,57040.6,14518.7,4.16563e+06
38.2083,91.0282,-29.2666,71.5152,57445.1,14538.8,4.10212e+06
38.2250,91.1302,-28.9744,71.857,58567.1,14678.8,3.81632e+06
38.2417,91.4375,-28.9276,72.194,59818.5,14798.5,3.85101e+06
38.2583,91.4641,-28.9709,72.3348,61242.1,14764,4.04763e+06
38.2750,91.692,-29.0544,72.4404,61849.2,14847.3,4.08128e+06
38.2917,91.5934,-29.1317,72.244,64081.6,14997.7,4.16109e+06
38.3083,91.463,-29.0219,72.2764,66364.4,15223.8,4.07714e+06
38.3250,91.4238,-29.2269,72.1073,67317.8,15113,4.10416e+06
38.3417,91.5275,-29.1157,72.249,68497,15368.3,3.70504e+06
38.3583,91.4357,-29.0089,72.3204,69066.2,15083.4,3.61678e+06
38.3750,91.5179,-28.9104,72.4208,71624.1,15259.1,3.48829e+06
38.3917,91.4945,-28.8069,72.4616,71801.2,15157.2,3.42826e+06
38.4083,91.7313,-29.1934,72.5676,71694.5,14805.3,3.27707e+06
38.4250,92.2486,-29.5255,72.963,71940.2,14808.8,3.14758e+06
38.4417,92.4429,-29.8772,72.9901,71325.7,14549.9,3.12857e+06
38.4583,92.652,-29.8188,73.2604,69938.2,14134.1,3.24522e+06
38.4750,92.7025,-29.8372,73.2815,68390.2,13293.9,3.05725e+06
38.4917,92.6117,-29.3099,73.3005,67667.9,12957.5,3.16846e+06
38.5083,92.7142,-29.346,73.3444,68852.4,12966.9,3.1177e+06
38.5250,93.855,-29.8701,74.1412,70861.2,13640.9,3.03325e+06
38.5417,94.1154,-29.5659,74.3968,71876.2,13874.7,3.11536e+06
38.5583,94.6147,-29.543,74.7746,70242.6,13310.6,3.24505e+06
38.5750,94.9534,-29.1169,75.0101,68110.4,12749.8,3.10461e+06
38.5917,94.8199,-28.7236,75.1415,66881.3,12346.7,2.88711e+06
38.6083,94.6777,-28.3005,75.158,65608.4,12053.2,2.92167e+06
38.6250,94.5033,-28.6797,74.8947,64393.1,11604.7,2.91874e+06
38.6417,94.9325,-29.5871,74.747,65636.9,11613.5,2.90731e+06
38.6583,95.8887,-30.0665,75.399,66103.3,11671.1,3.01762e+06
38.6750,96.2191,-29.6798,75.7382,65918.3,11644.9,3.01127e+06
38.6917,95.7685,-28.9704,75.5506,64058.1,11253,3.02487e+06
38.7083,95.6453,-28.3617,75.4583,63135.8,11184.7,2.90655e+06
38.7250,95.5613,-27.9182,75.5266,62027.5,11014.9,2.85473e+06
38.7417,95.3777,-27.6039,75.4574,62284.3,11330.7,2.78417e+06
38.7583,95.7151,-27.4658,75.9017,63203.9,11845.2,2.76964e+06
38.7750,96.1648,-27.5982,76.3756,62557.6,11863,2.69297e+06
38.7917,96.7391,-27.6169,76.9034,63995.9,12563.5,2.68391e+06
38.8083,97.0762,-27.6259,77.4164,64359.5,13430.3,2.66041e+06
38.8250,97.7139,-27.5352,77.9013,65901.4,14041.9,2.65834e+06
38.8417,97.9746,-27.2514,78.1742,66436.3,14584.9,2.68513e+06
38.8583,98.2649,-27.2333,78.4081,65533.4,14514.4,2.67199e+06
38.8750,98.7301,-27.5113,78.6395,67187.6,14925.2,2.69813e+06
38.8917,98.8227,-28.1688,78.5394,69161.5,15136.8,2.75403e+06
38.9083,99.2099,-28.9872,78.637,68127.1,14964.4,2.73286e+06
38.9250,100.079,-29.5531,78.9706,73658.2,15545.3,2.8265e+06
38.9417,101.198,-30.4377,79.7483,77474.1,15976.1,3.0563e+06
38.9583,101.242,-31.5418,79.2331,78689.6,16419.2,3.12186e+06
38.9750,101.654,-32.6145,79.0253,78694.1,16841.5,3.0862e+06
38.9917,101.118,-32.4804,78.469,80354.5,17568.1,3.02354e+06
39.0083,101.092,-32.2841,78.4289,77911.5,17222,3.10519e+06
39.0250,100.938,-31.8597,78.4572,76006,17404.1,2.96865e+06
39.0417,101.78,-31.4006,79.4134,77555.4,17693.8,2.96254e+06
39.0583,102.277,-31.3462,79.6643,78220.6,18108.4,2.86655e+06
39.0750,101.171,-30.878,79.5047,73545.7,17297.8,2.892e+06
39.0917,101.17,-30.5524,79.3145,75022.5,17934.9,2.90263e+06
39.1083,101.432,-30.5171,79.7698,73454.2,17961.6,2.79572e+06
39.1250,101.817,-30.6023,80.069,72133.6,17992.9,2.90575e+06
39.1417,102.22,-30.7222,80.1587,71758.2,18241.6,2.88129e+06
39.1583,101.553,-30.1119,80.0975,69930.2,18164.4,2.69854e+06
39.1750,101.554,-29.79,80.2289,66536.7,17931.5,2.76444e+06
39.1917,100.881,-29.6755,80.0543,64353.8,17708.4,2.70319e+06
39.2083,100.64,-29.7773,79.9338,61548.6,17529.6,2.58299e+06
39.2250,100.811,-29.6439,80.038,61090.3,17606.8,2.68566e+06
39.2417,100.679,-29.1223,80.2331,61245.3,17983.7,2.52936e+06
39.2583,101.413,-28.9904,81.0367,60822.8,17995.5,2.62358e+06
39.2750,102.326,-30.1156,81.9005,62721.9,18687.5,2.59732e+06
39.2917,103.964,-30.3511,83.2253,64146.2,18798.4,2.60437e+06
39.3083,103.237,-28.9409,82.7737,62057.3,18468,2.45857e+06
39.3250,102.452,-28.4135,82.6264,58361.3,17517,2.57673e+06
39.3417,102.786,-28.5543,83.1322,58550.2,17802.3,2.49876e+06
39.3583,103.281,-29.1526,83.812,59017.6,17526.4,2.57601e+06
39.3750,102.918,-29.5613,83.8571,54165,16507.6,2.54956e+06
39.3917,104.85,-30.5292,85.2667,56649,16793,2.57077e+06
39.4083,104.972,-31.0246,85.1553,55059.8,16681.4,2.55338e+06
39.4250,104.239,-30.4162,85.0284,52709.7,16186.8,2.49584e+06
39.4417,104.78,-29.676,85.4415,51266.6,16064.7,2.53898e+06
39.4583,104.818,-29.1189,86.0064,52986.5,16422.1,2.55183e+06
39.4750,105.293,-29.3983,86.4772,55016.6,16815.9,2.49623e+06
39.4917,106.031,-30.2159,87.0773,53078.9,16848.2,2.50757e+06
39.5083,106.448,-30.3417,87.317,54379,16835.6,2.48053e+06
39.5250,106.821,-29.9797,87.567,54804.8,17265.6,2.40693e+06
39.5417,106.453,-29.6629,87.813,56648.3,17529.4,2.47532e+06
39.5583,107.228,-29.8951,88.3499,54253.4,17044.8,2.48615e+06
39.5750,107.359,-30.1883,88.3738,54051,17139,2.5044e+06
39.5917,107.405,-29.916,88.6234,51350.6,16663.6,2.46828e+06
39.6083,106.797,-29.2125,88.254,53984.1,17541.5,2.45629e+06
39.6250,106.376,-29.2455,87.7331,55671.7,18047.4,2.51884e+06
39.6417,106.744,-31.0531,87.4509,58282.7,19352.5,2.47984e+06
39.6583,108.396,-31.0659,88.1653,57663.9,19147.3,2.64247e+06
39.6750,107.996,-29.8404,88.6113,58345.3,20046.5,2.46102e+06
39.6917,107.828,-28.6455,88.5564,60979,20299.2,2.4997e+06
39.7083,108.487,-27.9229,89.0681,65695.8,22562.4,2.53574e+06
39.7250,107.107,-27.3816,87.9673,61178.2,21126.1,2.36998e+06
39.7417,106.683,-28.0197,88.5321,49171.4,18115,2.3055e+06
39.7583,106.144,-28.3056,88.058,51736.5,18712.6,2.30414e+06
39.7750,106.361,-29.1557,88.2688,49626.8,18318.7,2.4223e+06
39.7917,106.717,-29.0418,88.0984,57549.1,21395.3,2.43414e+06
39.8083,108.487,-29.737,89.6382,58079.2,22052.3,2.38136e+06
39.8250,110.45,-29.606,91.3298,65170.3,23937.7,2.32812e+06
39.8417,110.669,-28.0752,91.6855,70497.8,25474.7,2.38596e+06
39.8583,109.773,-26.4336,92.2458,62114.6,22066.1,2.1279e+06
39.8750,109.457,-27.4193,91.9751,63380.8,21899.8,2.26586e+06
39.8917,111.459,-29.3144,93.4042,66057.5,22206.1,2.31367e+06
39.9083,112.301,-29.8792,93.9483,67435.9,22872.5,2.31895e+06
39.9250,112.689,-30.4449,93.7559,71203.9,23537.9,2.45207e+06
39.9417,113.827,-30.6204,95.3903,66500.7,22085.3,2.27689e+06
39.9583,114.028,-29.1241,95.7705,65495.3,21442.3,2.20145e+06
39.9750,114.664,-29.0219,96.3575,63401.3,20507.7,2.22828e+06
39.9917,113.012,-29.265,95.7581,62845.3,20259.7,2.26027e+06
40.0083,115.407,-30.4818,97.0309,62815.8,20662.7,2.2448e+06
40.0250,116.56,-30.5332,98.0848,63601.4,20413.6,2.18026e+06
40.0417,116.272,-30.2786,98.5073,66506.9,21139.4,2.30392e+06
40.0583,117.946,-30.6258,99.4629,67754,21237.4,2.20105e+06
40.0750,117.589,-30.4017,99.2215,66579.7,20685.3,2.30674e+06
40.0917,117.68,-30.3387,99.7032,64863,21294.2,2.29304e+06
40.1083,118.863,-29.5994,100.38,66293.1,21189.7,2.23448e+06
40.1250,117.882,-29.3603,100.027,64469,21994.4,2.21062e+06
40.1417,116.893,-29.8555,99.1812,59973.4,21611.9,2.20562e+06
40.1583,118.258,-29.171,100.362,61527.8,22894.4,2.15748e+06
40.1750,119.068,-28.8093,101.274,65422.1,24690.4,2.13758e+06
40.1917,119.985,-29.5199,102.148,65415.5,26799.8,2.18762e+06
40.2083,120.838,-29.9647,102.815,65174.7,25277.1,2.21474e+06
40.2250,120.267,-29.5823,102.584,64508.5,26581.7,2.2167e+06
40.2417,119.981,-29.2457,102.657,62661.4,25468.9,2.30728e+06
40.2583,119.085,-29.6975,101.887,60828.6,25023.3,2.31755e+06
40.2750,117.864,-28.854,100.821,59618.6,23253.2,2.31779e+06
40.2917,117.138,-27.5124,100.415,62133.6,24621.4,2.21886e+06
40.3083,117.266,-27.5891,100.682,60020.8,22271.1,2.41621e+06
40.3250,116.915,-27.856,100.564,60429.2,22439.1,2.13693e+06
40.3417,117.707,-27.9408,101.402,63189.2,22750.2,2.19412e+06
40.3583,118.439,-28.8541,102.211,60552,21213,2.39725e+06
40.3750,117.197,-28.3123,101.172,60391.4,20581.1,2.26666e+06
40.3917,116.921,-26.8078,101.028,60566.5,19908.5,2.29236e+06
40.4083,116.907,-26.8714,101.396,60888.5,18864.1,2.32296e+06
40.4250,116.894,-26.7663,101.502,60022.5,18104,2.36124e+06
40.4417,116.013,-26.819,100.799,62899.2,18766.5,2.34841e+06
40.4583,116.009,-27.2225,100.841,60073.5,16929.4,2.36429e+06
40.4750,117.263,-27.8627,101.546,63180.8,17440.1,2.51278e+06
40.4917,116.975,-27.535,101.599,62501.7,16907.1,2.39579e+06
40.5083,116.877,-27.366,101.665,63631.6,16712.5,2.49679e+06
40.5250,117.142,-27.7799,101.89,66865.3,17339.9,2.51178e+06
40.5417,117.951,-28.2098,102.708,66800.9,16568.9,2.51251e+06
40.5583,118.846,-28.2353,102.982,72255.9,18180.4,2.73773e+06
40.5750,119.122,-28.3427,103.378,74916.7,18196,2.59323e+06
40.5917,119.56,-28.1289,104.138,71472.4,17901.1,2.56285e+06
40.6083,119.871,-27.8968,104.368,72430.8,17837.1,2.68106e+06
40.6250,119.809,-27.5114,104.713,73081.3,17861.7,2.64519e+06
40.6417,120.925,-29.1215,105.953,72546.6,17676.1,2.61119e+06
40.6583,122.58,-30.4583,107.259,73773.7,18398.1,2.70667e+06
40.6750,122.94,-31.1279,107.418,76584.4,19084.1,2.61955e+06
40.6917,123.731,-31.003,108.196,79670.5,19580.7,2.70421e+06
40.7083,125.767,-31.2474,109.972,85778.1,21071.2,2.78273e+06
40.7250,127.044,-31.0986,111.006,88335.2,21845.8,2.87807e+06
40.7417,127.392,-30.2358,111.241,91298,21880.8,2.85097e+06
40.7583,127.598,-30.2449,111.785,89068.1,21449,2.86196e+06
40.7750,128.003,-30.1625,112.23,87501.1,21631,2.91854e+06
40.7917,127.585,-29.3134,111.822,86006.1,21500.2,2.92466e+06
40.8083,126.234,-28.1495,110.906,82830.3,20953.9,2.8361e+06
40.8250,125.584,-27.4109,110.752,71964.8,19161.1,2.74815e+06
40.8417,124.139,-26.4001,109.525,66043.5,18488.5,2.75881e+06
40.8583,123.084,-26.9748,109.002,60523.5,17242.1,2.55917e+06
40.8750,123.104,-27.9406,109.136,59614.1,16965.6,2.55844e+06
40.8917,125.234,-30.0675,110.697,65135.4,17803.4,2.67839e+06
40.9083,127.479,-31.6947,112.174,72430,19487.9,2.90257e+06
40.9250,128.984,-31.5934,113.764,71676,19960.1,2.78231e+06
40.9417,128.26,-29.595,113.061,73710.1,20853.1,2.82831e+06
40.9583,127.373,-27.749,112.36,70075.3,20178.6,2.90497e+06
40.9750,126.526,-26.8334,112.582,63360.5,19279.1,2.75133e+06
40.9917,126.029,-26.862,112.221,59784.2,18538.5,2.71254e+06
41.0083,125.432,-26.6705,111.708,55167.7,18186.8,2.67116e+06
41.0250,124.372,-26.7551,110.79,53003.8,18033.5,2.61112e+06
41.0417,125.281,-27.3839,111.594,54751.7,17896.2,2.68229e+06
41.0583,125.451,-26.3962,111.95,52167,18232.5,2.59367e+06
41.0750,123.961,-24.6918,110.773,51228.1,17803.8,2.64578e+06
41.0917,138.06,-33.6247,123.835,64900.9,20085.8,3.75881e+06
41.1083,174.686,-41.0913,146.067,292486,24268.2,7.20129e+06
41.1250,148.735,-33.6748,117.032,84373.7,8048.55,8.01672e+06
41.1417,204.792,-44.6882,182.548,218003,25948.4,6.8522e+06
41.1583,193.42,-31.1516,170.836,314617,31133.5,7.62365e+06
41.1750,185.777,-35.4956,168.391,525153,50178.1,7.85382e+06
41.1917,204.452,-46.3031,177.19,444425,43819.4,8.70246e+06
41.2083,206.198,-35.4366,178.311,373751,38481.3,8.4335e+06
41.2250,203.019,-41.8308,178.131,221484,27195.9,8.23697e+06
41.2417,201.271,-43.0359,182.438,297412,34969.4,8.42693e+06
41.2583,217.45,-59.3674,156.959,15123.4,2233.82,5.75622e+06
41.2750,220.585,-51.0901,171.512,37061.8,4858.84,5.57233e+06
41.2917,210.517,-44.3741,187.515,480260,58080.7,9.39132e+06
41.3083,210.731,-35.6827,189.128,415530,40397.5,7.93235e+06
41.3250,209.447,-41.5371,188.007,274000,25630.5,8.07222e+06
41.3417,194.178,-7.51562,-60.1693,7438.41,1111.26,5.30993e+06
41.3583,158.737,46.4929,-137.822,2057.58,412.31,3.7441e+06
41.3750,122.658,19.4307,-114.409,2119.21,426.718,4.55143e+06
41.3917,129.923,21.3187,-117.598,2139.27,431.962,4.23273e+06
41.4083,124.375,15.7818,-107.394,7207.18,1066.53,4.24974e+06
41.4250,130.624,4.74972,28.9521,21458.8,3070.9,6.28747e+06
41.4417,134.78,19.3542,-83.956,7461.68,1467.4,4.8074e+06
41.4583,121.751,16.164,-82.5441,3593.92,812.749,4.38038e+06
41.4750,127.435,26.5046,-112.899,5082.59,1276.42,4.45607e+06
41.4917,111.809,23.5842,-98.8836,2982.02,672.49,4.43372e+06
41.5083,120.091,22.9037,-115.649,2321.09,486.694,4.41838e+06
41.5250,128.504,7.52968,-117.416,2294.1,480.292,4.0296e+06
41.5417,131.028,23.4812,-61.8271,2976.86,777.765,4.01835e+06
41.5583,119.374,17.1826,-106.912,2605.89,622.287,4.02616e+06
41.5750,117.176,17.6233,-113.183,2200.81,455.335,4.163e+06
41.5917,117.325,23.4088,-115.562,2243.16,469.549,4.20524e+06
41.6083,97.9942,20.0637,-95.075,2302.11,453.563,4.47807e+06
41.6250,90.9151,24.8737,-35.2153,2456.7,419.348,6.93969e+06
41.6417,103.476,31.944,-60.6607,2352.91,378.07,7.73342e+06
41.6583,92.4234,29.7539,-63.3803,2394.1,357.617,9.25467e+06
41.6750,93.6618,32.068,-54.8175,2226.11,359.226,8.00385e+06
41.6917,106.633,20.1288,-76.2015,2103.19,370.606,6.19574e+06
41.7083,118.466,18.3068,-104.649,1922.1,358.104,4.97973e+06
41.7250,118.592,39.0545,-51.5518,2072.91,393.266,4.80369e+06
41.7417,92.9878,33.4554,-30.2485,2166.64,411.208,5.0457e+06
41.7583,111.164,35.0303,-13.3872,1912.13,366.952,5.89783e+06
41.7750,158.738,34.9658,-100.08,1744.88,333.817,5.78297e+06
41.7917,170.223,23.7029,-147.12,1376.03,265.339,4.43851e+06
41.8083,166.558,29.2047,-145.76,1479.4,294.904,3.81331e+06
41.8250,146.966,30.6298,-119.86,1369.41,272.164,4.02427e+06
41.8417,97.7127,11.2438,-92.3904,1267.51,228.061,4.92406e+06
41.8583,98.647,13.119,-88.3978,1250.28,222.836,4.80678e+06
41.8750,123.165,-18.979,-67.1647,1351.1,255.092,4.45886e+06
41.8917,122.963,-13.0006,-81.4095,1674.23,331.88,4.95912e+06
41.9083,135.895,39.0122,-14.8952,895.854,154.645,4.40107e+06
41.9250,145.867,35.7642,-40.2197,894.915,156.229,4.34128e+06
41.9417,143.216,40.501,-52.9951,850.493,136.51,4.23444e+06
41.9583,134.623,29.8858,-76.4402,813.458,137.929,3.99953e+06
41.9750,138.292,28.1553,-95.3538,804.843,132.19,3.71461e+06
41.9917,176.125,38.8621,-126.826,683.698,113.777,3.63316e+06
42.0083,177.037,47.8471,-108.926,634.262,98.1231,4.01846e+06
42.0250,175.819,42.8819,-118.169,636.279,97.0106,4.43647e+06
42.0417,169.334,39.2924,-123.529,630.126,98.3833,4.55759e+06
42.0583,170.907,35.7194,-128.482,639.398,96.6454,4.49304e+06
42.0750,165.191,32.0584,-131.784,597.073,90.4427,4.01432e+06
42.0917,177.016,28.3029,-148.022,574.518,87.9284,3.46245e+06
42.1083,178.18,25.8506,-154.025,527.676,80.8697,3.44778e+06
42.1250,169.764,24.8822,-149.969,522.281,76.1761,3.37004e+06
42.1417,166.358,18.5922,-154.668,606.453,93.8798,3.19905e+06
42.1583,171.869,17.5859,-160.583,608.96,92.4947,3.06987e+06
42.1750,174.434,13.3708,-166.054,575.607,92.1084,3.17138e+06
42.1917,168.938,12.3714,-160.843,560.126,85.3744,3.35547e+06
42.2083,167.485,16.7812,-155.317,543.534,82.9504,3.17078e+06
42.2250,167.846,7.88695,-158.317,488.475,73.15,2.55853e+06
42.2417,169.816,19.464,-151.191,462.548,67.7632,2.56082e+06
42.2583,165.53,34.2902,-121.282,459.537,63.4957,2.68173e+06
42.2750,168.299,42.7811,-91.7171,465.386,67.233,2.42675e+06
42.2917,168.974,41.9432,-84.4438,503.807,69.5861,2.40944e+06
42.3083,175.403,46.2806,-68.6172,531.93,74.2162,2.5056e+06
42.3250,176.756,49.3131,-59.124,493.134,66.044,2.3261e+06
42.3417,173.455,49.1383,-52.8612,521.213,76.1783,2.45134e+06
42.3583,175.428,48.6456,-75.1657,552.567,75.5387,2.38333e+06
42.3750,181.196,49.3503,-85.2384,520.909,74.7451,2.24715e+06
42.3917,183.082,48.9282,-50.6626,428.369,52.9423,2.01028e+06
42.4083,177.896,50,-82.299,384.406,41.0413,1.72609e+06
42.4250,178.52,48.763,-105.013,371.319,34.7095,1.72765e+06
42.4417,200.558,58.5175,-83.3148,409.12,35.2071,2.25738e+06
42.4583,111.013,11.5808,8.69456,425.152,25.2843,4.51559e+06
42.4750,92.6797,-27.2377,68.05,388.907,22.8806,4.82435e+06
42.4917,93.7706,-26.2757,8.20639,413.881,24.4705,6.4941e+06
42.5083,86.8066,-13.2793,-47.5428,492.022,28.6732,7.93143e+06
42.5250,95.2914,-7.81617,-64.6004,389.213,24.9505,6.20209e+06
42.5417,154.026,13.7668,-144.508,321.882,23.407,4.7491e+06
42.5583,176.019,23.3592,-168.629,303.384,24.3654,3.55212e+06
42.5750,179.816,23.4892,-170.385,292.432,24.0778,3.25756e+06
42.5917,186.64,23.0115,-176.671,277.861,24.9152,3.13231e+06
42.6083,193.576,20.9853,-183.281,245.952,25.2319,3.11419e+06
42.6250,191.213,22.8736,-177.902,250.473,26.3773,3.21182e+06
42.6417,194.78,20.2258,-183.024,242.642,23.8523,3.10377e+06
42.6583,192.932,20.5276,-181.212,258.061,23.8345,3.0177e+06
42.6750,193.581,21.9673,-180.128,257.731,26.9881,3.07534e+06
42.6917,193.481,21.385,-179.846,262.843,25.1213,3.25264e+06
42.7083,194.364,22.9516,-180.279,283.577,26.0024,3.18283e+06
42.7250,192.689,20.8259,-179.144,282.789,27.2394,3.22802e+06
42.7417,188.701,21.1201,-174.352,279.745,25.4325,3.13266e+06
42.7583,181.402,22.1819,-166.543,283.403,28.6456,3.27905e+06
42.7750,179.664,19.3399,-166.515,264.888,27.3827,2.92823e+06
42.7917,182.924,18.5522,-170.111,269.718,25.9911,3.21081e+06
42.8083,185.716,18.1114,-170.958,275.59,29.7742,2.99751e+06
42.8250,187.073,19.0543,-175.885,262.919,27.758,3.04589e+06
42.8417,180.659,26.7033,-165.322,324.827,26.9278,4.36831e+06
42.8583,180.105,27.3033,-164.45,342.654,28.9786,4.8263e+06
42.8750,181.734,25.9677,-165.915,332.929,30.3036,5.22594e+06
42.8917,185.851,24.819,-167.555,307.533,27.945,5.32758e+06
42.9083,186.553,24.6397,-170.764,301.422,27.6636,5.39857e+06
42.9250,191.656,23.2762,-177.453,307.171,27.3837,5.31407e+06
42.9417,181.306,22.483,-168.864,286.157,27.2799,4.82714e+06
42.9583,168.194,16.4414,-157.306,276.107,24.59,4.24144e+06
42.9750,124.688,10.7162,-14.7591,287.734,27.1492,4.10283e+06
42.9917,111.654,21.9323,-1.53524,310.016,27.9253,3.9644e+06
43.0083,119.821,27.0513,-51.7652,309.461,32.3943,2.93594e+06
43.0250,141.557,34.3607,-43.1195,296.824,32.1733,2.96089e+06
43.0417,156.515,36.8782,-65.4298,293.165,32.4657,2.94232e+06
43.0583,155.571,33.8337,-57.2224,277.975,31.5881,3.09478e+06
43.0750,165.386,31.6184,-51.6862,265.374,33.2964,2.10857e+06
43.0917,155.673,32.9993,-19.5681,265.544,30.3163,2.13181e+06
43.1083,164.942,34.4497,22.3832,254.181,27.1935,1.88371e+06
43.1250,167.844,34.5008,28.3455,260.254,27.1548,1.84591e+06
43.1417,172.245,39.1487,2.61682,251.149,28.5286,1.72091e+06
43.1583,170.164,37.6032,7.2956,263.115,29.3481,1.88716e+06
43.1750,173.071,35.3317,1.25404,255.866,29.1049,2.88652e+06
43.1917,169.002,40.1757,-20.9079,268.859,28.2344,3.07779e+06
43.2083,169.688,31.2683,41.047,262.645,26.9032,2.72115e+06
43.2250,170.264,33.3704,24.0376,271.757,31.1112,3.20167e+06
43.2417,164.811,28.1887,1.18768,250.093,26.8672,3.57194e+06
43.2583,179.326,31.9831,-23.1874,235.099,28.3612,1.54599e+06
43.2750,177.002,27.74,-28.6766,229.832,28.2666,1.92957e+06
43.2917,178.342,29.651,-29.8453,241.935,26.8645,2.60301e+06
43.3083,176.805,20.1577,44.5032,242.857,25.4683,1.48722e+06
43.3250,179.593,18.5552,48.3311,243.091,25.5656,1.45479e+06
43.3417,179.561,22.4313,41.5508,238.729,25.3275,1.51341e+06
43.3583,179.939,22.3843,51.0365,248.706,25.6062,1.52793e+06
43.3750,190.389,20.0322,65.3354,254.176,24.8043,1.59421e+06
43.3917,189.822,15.6226,76.5377,245.882,23.9545,1.48814e+06
43.4083,188.549,14.6928,71.8946,236.844,22.936,1.45779e+06
43.4250,178.441,22.4879,15.5681,245.894,27.622,2.40501e+06
43.4417,190.576,28.2188,-30.1868,240.195,25.6681,1.88839e+06
43.4583,202.69,32.4755,-41.4005,239.989,26.8916,1.52024e+06
43.4750,206.826,31.7799,-45.8359,235.564,25.4936,1.48259e+06
43.4917,203.727,37.4486,-53.2223,236.582,21.4447,1.89037e+06
43.5083,206.459,34.6202,-57.7904,226.753,22.581,1.43614e+06
43.5250,215.911,38.1351,-79.8377,227.618,22.6448,1.36818e+06
43.5417,201.375,43.7511,-64.2449,231.187,22.6335,1.89349e+06
43.5583,196.641,24.7109,-6.0767,229.342,24.6502,1.30889e+06
43.5750,202.984,22.1252,-4.50053,225.921,24.7583,1.23412e+06
43.5917,210.702,34.4436,-34.0491,240.953,22.9757,1.8077e+06
43.6083,203.835,14.7081,6.33889,249.715,22.8877,3.13513e+06
43.6250,168.879,18.3363,5.55187,278.953,26.0924,3.62625e+06
43.6417,133.497,11.6658,26.255,303.048,25.4189,3.93106e+06
43.6583,134.896,19.6756,-32.2079,284.58,21.9233,4.86545e+06
43.6750,140.229,19.4408,-40.8564,266.215,21.6578,4.62772e+06
43.6917,126.084,8.67593,18.4062,272.249,21.1169,4.21665e+06
43.7083,121.244,4.22246,36.3531,264.218,19.8162,3.87638e+06
43.7250,136.142,20.0794,-32.2398,249.186,20.1073,3.86628e+06
43.7417,154.488,30.2669,-116.618,215.726,22.3619,3.63266e+06
43.7583,170.628,24.5638,-95.2686,253.807,22.9424,4.14959e+06
43.7750,184.672,25.1822,-89.3471,276.381,24.0965,5.63926e+06
43.7917,179.068,25.2508,-92.882,308.934,23.9509,9.01229e+06
43.8083,190.031,28.5806,-105.291,255.63,22.5128,8.97267e+06
43.8250,191.879,27.5397,-97.0923,230.734,20.0706,9.18733e+06
43.8417,187.799,27.1234,-102.642,264.496,24.33,8.33598e+06
43.8583,207.039,34.7632,-138.88,224.353,23.3241,8.01859e+06
43.8750,197.133,31.8578,-128.322,214.96,21.1732,8.02596e+06
43.8917,194.325,29.2278,-126.719,265.651,22.6295,8.87118e+06
43.9083,197.481,29.0879,-136.19,354.025,30.2222,9.19683e+06
43.9250,191.484,26.3211,-129.327,385.347,30.7333,8.67626e+06
43.9417,184.371,25.8217,-117.409,564.368,42.1528,0
43.9583,167.873,17.5335,-122.947,271.85,21.8877,8.04162e+06
43.9750,204.789,22.2827,-167.284,204.925,20.6791,6.14692e+06
43.9917,199.376,20.5457,-167.769,201.43,19.9618,5.34877e+06
44.0083,198.129,22.8518,-170.984,196.32,20.5856,4.50987e+06
44.0250,202.308,27.1763,-177.471,178.284,20.1238,4.11131e+06
44.0417,192.337,29.1928,-180.511,169.353,19.7223,3.78584e+06
44.0583,194.149,27.4262,-183.108,180.176,18.9973,3.37565e+06
44.0750,189.245,24.094,-176.107,197.472,19.6701,3.61648e+06
44.0917,189.039,21.0869,-177.787,183.377,18.1546,3.29671e+06
44.1083,187.182,18.2183,-176.189,197.531,20.6826,3.34212e+06
44.1250,186.354,16.1541,-176.043,194.355,20.7236,3.42049e+06
44.1417,191.641,15.572,-180.147,180.699,16.5648,4.11478e+06
44.1583,193.546,13.1815,-176.967,137.053,15.9042,3.81871e+06
44.1750,183.167,10.142,-158.864,131.056,13.8754,3.4648e+06
44.1917,192.451,10.1673,-171.546,154.384,15.8508,3.98347e+06
44.2083,165.911,10.1014,-143.583,145.387,13.5439,3.17741e+06
44.2250,166.181,4.53489,-129.358,153.744,14.4645,3.17791e+06
44.2417,152.955,4.84563,-115.376,162.957,13.6009,4.69476e+06
44.2583,148.232,5.6676,-110.353,149.811,11.1925,4.88882e+06
44.2750,162.133,8.50618,-121.904,142.265,13.1225,4.24421e+06
44.2917,166.955,9.38875,-124.502,166.463,13.0629,6.89017e+06
44.3083,171.559,5.6123,-124.324,166.092,13.8735,6.26211e+06
44.3250,160.358,3.42388,-115.966,149.403,12.8747,6.07846e+06
44.3417,160.02,4.86463,-119.908,171.033,13.0805,6.36662e+06
44.3583,150.948,7.25668,-125.92,170.094,12.2136,7.01537e+06
44.3750,148.095,13.1331,-134.314,284.786,17.6165,8.97173e+06
44.3917,139.034,16.3321,-129.426,478.448,31.9422,0
44.4083,132.75,18.4196,-127.34,558.908,31.9474,0
44.4250,116.436,9.01509,-106.95,1055.54,118.855,0
44.4417,115.068,7.01017,-104.919,1265.3,142.682,0
44.4583,109.149,2.02874,-80.6555,454.557,22.5176,0
44.4750,125.273,0.115299,-80.0625,251.183,15.2591,0
44.4917,98.5593,-0.800788,-77.676,361.233,15.1956,8.20697e+06
44.5083,85.8626,-1.35662,-70.6387,667.165,33.9923,3.07086e+06
44.5250,21.6861,-6.30618,-15.9771,828.677,14.4625,1.28044e+06
44.5417,26.7588,-5.35834,-19.6507,723.215,13.8829,1.60629e+06
44.5583,75.4972,1.18784,-56.2076,636.938,13.3021,7.74374e+06
44.5750,78.7614,1.85449,-64.6578,787.174,50.5991,7.60531e+06
44.5917,89.598,3.48732,-75.4641,999.052,118.124,9.6744e+06
44.6083,114.18,7.23385,-106.739,869.89,111.888,0
44.6250,116.004,4.98158,-106.533,369.446,26.1717,0
44.6417,114.895,8.90611,-107.446,1348.31,274.315,0
44.6583,124.503,11.9502,-117.838,868.009,77.7151,0
44.6750,126.231,13.0005,-119.868,1121.79,221.344,0
44.6917,119.431,14.4867,-113.32,983.164,177.4,0
44.7083,114.719,9.13538,-107.303,817.777,105.128,0
44.7250,117.84,4.59268,-107.15,833.085,99.1952,0
44.7417,118.224,14.2404,-112.733,1906.12,477.776,0
44.7583,121.21,7.47899,-113.825,1557.68,343.452,0
44.7750,108.002,9.6558,-101.536,2378.35,563.54,0
44.7917,117.512,7.89269,-110.638,1817.77,372.128,0
44.8083,120.394,11.9083,-114.003,1199.13,235.702,0
44.8250,120.548,10.1295,-113.854,1391.91,287.008,0
44.8417,119.304,8.26412,-112.632,710.263,62.1153,0
44.8583,124.58,13.1667,-119.114,555.646,44.0972,0
44.8750,127.787,13.4066,-122.074,749.26,84.6482,0
44.8917,123.149,11.237,-117.105,865.952,103.019,0
44.9083,122.393,8.93781,-114.936,1891.63,451.269,0
44.9250,127.149,4.74317,-117.819,1659.6,383.585,0
44.9417,134.152,12.0107,-118.939,298.042,15.5995,0
44.9583,140.176,13.5415,-122.351,237.339,13.3661,7.97356e+06
44.9750,159.468,14.4705,-151.318,226.988,13.2279,7.07518e+06
44.9917,170.689,12.0277,-160.124,226.179,13.6667,5.15857e+06
45.0083,176.496,14.7694,-165.438,225.376,13.9987,4.36e+06
45.0250,184.684,15.4501,-170.716,238.743,14.0361,4.95189e+06
45.0417,170.508,11.3938,-141.591,255.637,13.8746,6.00801e+06
45.0583,170.509,12.4568,-136.911,270.447,15.0263,6.22657e+06
45.0750,174.878,7.12554,-127.869,260.427,15.754,5.72336e+06
45.0917,178.059,16.9222,-155.79,252.543,15.5344,4.58562e+06
45.1083,172.699,21.1198,-166.087,257.913,16.4647,4.0375e+06
45.1250,175.272,18.0032,-166.584,250.518,16.2834,4.02571e+06
45.1417,181.276,19.9346,-170.785,256.212,15.9048,4.22465e+06
45.1583,177.013,21.7793,-169.463,270.752,19.1199,4.10651e+06
45.1750,175.164,20.1133,-168.305,245.934,16.2425,3.74582e+06
45.1917,176.143,20.9022,-168.422,241.186,15.7567,3.30884e+06
45.2083,180.657,26.7632,-160.229,203.883,14.1845,3.29446e+06
45.2250,190.363,28.1621,-168.402,195.103,14.4086,3.28132e+06
45.2417,191.503,32.0402,-159.175,196.494,14.1423,3.22317e+06
45.2583,193.255,33.7089,-149.883,211.109,17.007,3.08176e+06
45.2750,187.354,29.0076,-154.315,197.459,14.1202,3.1397e+06
45.2917,180.242,28.2617,-142.575,189.123,14.6316,2.93373e+06
45.3083,194.534,30.3899,-147.56,167.357,14.0286,2.89379e+06
45.3250,204.914,31.0443,-159.304,153.479,12.8855,3.11124e+06
45.3417,196.718,23.234,-176.706,238.271,17.9285,4.07777e+06
45.3583,194.283,10.1954,-169.251,293.377,20.6688,3.64159e+06
45.3750,192.31,11.3054,-170.168,253.533,18.1218,3.16993e+06
45.3917,190.941,12.9514,-175.596,240.15,17.5843,3.31063e+06
45.4083,184.178,16.302,-175.666,236.15,16.8328,3.79857e+06
45.4250,187.655,14.0012,-178.109,239.98,16.4033,3.82778e+06
45.4417,186.264,11.9714,-176.985,230.058,16.5276,3.576e+06
45.4583,182.646,11.0046,-172.462,228.896,14.9019,3.66444e+06
45.4750,185.051,10.1766,-174.828,222.393,17.1468,3.55826e+06
45.4917,185.032,11.0444,-175.068,235.577,16.9005,3.82087e+06
45.5083,182.714,11.525,-173.069,228.051,16.1629,3.69534e+06
45.5250,186.714,12.3024,-177.424,220.759,15.1394,3.6631e+06
45.5417,183.655,14.5103,-175.745,220.634,15.3343,4.01803e+06
45.5583,185.297,14.0283,-176.91,203.311,14.622,3.67101e+06
45.5750,182.963,14.8599,-175.403,216.966,15.7627,4.23507e+06
45.5917,182.844,12.9883,-174.576,232.989,15.4794,4.59192e+06
45.6083,174.878,12.7418,-166.468,263.2,16.4852,4.86704e+06
45.6250,179.039,15.3688,-171.833,261.509,16.6338,4.33303e+06
45.6417,173.863,14.0638,-166.605,245.978,17.1496,4.47946e+06
45.6583,174.465,15.021,-167.836,237.16,15.6299,5.1556e+06
45.6750,172.389,18.0102,-166.816,200.393,16.0524,4.06269e+06
45.6917,149.595,14.0877,-144.155,152.067,13.7466,2.58466e+06
45.7083,146.251,11.3214,-139.873,142.954,14.2591,2.11163e+06
45.7250,142.306,1.86348,-130.748,159.08,14.032,2.13267e+06
45.7417,150.374,19.7792,-135.138,131.094,14.4577,2.23343e+06
45.7583,153.81,32.1359,-126.202,133.583,12.6813,2.33665e+06
45.7750,158.219,30.2644,-137.32,133.214,12.792,2.33902e+06
45.7917,157.72,28.7252,-140.79,136.442,15.4634,2.40554e+06
45.8083,161.588,29.9946,-143.943,125.586,14.3253,2.16285e+06
45.8250,168.942,27.0301,-157.958,122.304,14.6985,2.51958e+06
45.8417,177.12,27.1606,-167.605,129.386,11.9184,2.65027e+06
45.8583,178.45,26.5663,-169.002,126.841,14.4174,2.0768e+06
45.8750,184.172,25.19,-175.8,124.08,13.4127,1.82129e+06
45.8917,186,23.7157,-177.828,127.568,11.7279,1.75171e+06
45.9083,186.083,21.1236,-179.546,128.574,13.8754,1.55009e+06
45.9250,182.149,14.0656,-176.023,122.516,12.2951,1.40733e+06
45.9417,179.781,11.1227,-172.633,124.536,12.2072,1.3726e+06
45.9583,174.126,13.0154,-168.072,120.203,14.3994,1.23038e+06
45.9750,171.423,13.4867,-165.699,118.711,12.1974,1.03715e+06
45.9917,169.463,13.6783,-164.029,122.182,13.3655,1.1803e+06
46.0083,171.416,17.4566,-166.642,121.977,11.7664,1.42969e+06
46.0250,173.888,18.0909,-168.585,128.745,12.7762,1.91069e+06
46.0417,216.115,10.4172,-199.978,142.269,14.1725,1.77436e+06
46.0583,245.631,9.40815,-223.888,196.395,12.8293,1.69286e+06
46.0750,245.12,-4.76033,-178.733,200.715,14.6081,2.58538e+06
46.0917,258.542,-15.5375,-146.906,200.446,13.8741,2.87404e+06
46.1083,269.602,-19.6984,-142.255,153.924,12.4826,2.65168e+06
46.1250,279.936,-20.8533,-152.98,173.726,14.4983,2.79443e+06
46.1417,277.864,-19.3162,-154.301,135.32,13.209,2.62373e+06
46.1583,263.177,-18.921,-149.021,126.491,11.7201,2.73941e+06
46.1750,263.458,-19.2246,-148.414,119.279,13.6238,2.22244e+06
46.1917,261.1,-22.0819,-143.537,116.038,13.6276,2.39163e+06
46.2083,266.48,-24.3475,-150.645,119.394,12.819,2.64814e+06
46.2250,275.66,-26.5204,-155.848,120.625,11.7632,3.04102e+06
46.2417,279.08,-26.5103,-148.899,119.3,12.2485,3.13013e+06
46.2583,257.241,-20.2162,-147.817,106.07,11.8534,1.93526e+06
46.2750,243.923,-16.9488,-160.547,112.047,12.8754,1.67422e+06
46.2917,247.633,-25.2329,-129.124,108.002,11.9631,1.49766e+06
46.3083,254.224,-30.249,-111.555,98.563,13.1595,1.77822e+06
46.3250,256.03,-30.9787,-109.068,101.309,10.866,1.92002e+06
46.3417,246.874,-26.743,-103.273,94.9333,10.0571,1.39152e+06
46.3583,237.295,-23.949,-124.768,90.6989,11.335,1.19577e+06
46.3750,237.454,-19.7145,-145.284,95.546,13.3243,1.4241e+06
46.3917,237.552,-24.832,-119.869,92.1814,10.2337,1.16322e+06
46.4083,258.049,-22.5711,-163.646,98.8319,11.9516,2.09331e+06
46.4250,263.755,-13.288,-195.72,98.2053,11.9989,2.19485e+06
46.4417,262.603,-18.8687,-170.049,93.0565,11.5307,1.77307e+06
46.4583,252.333,-26.634,-125.369,88.9132,9.90333,1.15113e+06
46.4750,247.851,-28.5435,-106.057,83.9574,8.66352,893823
46.4917,260.679,-40.0076,-61.6118,83.9025,10.7879,972391
46.5083,282.459,-47.6818,-60.249,91.3062,9.90362,1.10576e+06
46.5250,306.358,-50.9425,-68.668,109.856,10.7672,1.93386e+06
46.5417,306.313,-46.2743,-85.6334,145.531,10.6827,2.19027e+06
46.5583,308.479,-63.0024,-77.6956,196.231,13.1749,3.31988e+06
46.5750,240.662,-53.5926,120.222,364.188,19.3004,7.16824e+06
46.5917,253.91,3.14368,193.468,351.904,16.1,6.47852e+06
46.6083,260.348,12.1454,199.069,157.817,13.7465,4.77713e+06
46.6250,262.791,11.0793,221.928,141.106,12.2049,5.52263e+06
46.6417,280.394,15.1591,217.978,173.252,15.3878,7.65412e+06
46.6583,278.422,21.2078,203.139,177.061,14.4011,6.63072e+06
46.6750,289.455,22.7722,199.791,156.637,13.0687,4.84444e+06
46.6917,304.538,22.6832,203.388,141.098,11.7377,3.16851e+06
46.7083,308.276,16.4106,216.191,145.991,12.106,3.17632e+06
46.7250,311.622,19.7234,207.502,146.59,12.9743,3.5999e+06
46.7417,338.205,19.4636,198.581,134.389,12.4083,3.40746e+06
46.7583,351.148,37.7711,187.201,151.3,14.3593,4.07479e+06
46.7750,318.859,29.6748,157.43,163.851,12.8183,4.60019e+06
46.7917,302.999,23.6905,131.056,181.034,15.4609,5.57706e+06
46.8083,314.394,27.7745,135.954,141.433,14.2374,4.9392e+06
46.8250,337.808,38.939,67.2674,153.415,9.77063,4.33667e+06
46.8417,331.432,44.162,56.7727,160.211,10.101,4.2097e+06
46.8583,314.122,35.9284,61.3064,141.659,10.5285,3.63561e+06
46.8750,233.435,-22.88,126.984,291.048,32.522,1.17359e+06
46.8917,172.897,-47.9008,153.519,410.427,48.2205,0
46.9083,166.054,-48.8283,148.201,491.99,27.602,0
46.9250,164.186,-39.0728,159.995,556.061,27.5812,0
46.9417,177.416,-49.4436,174.183,536.324,35.3644,0
46.9583,232.382,-38.176,220.695,415.214,51.3217,0
46.9750,249.243,-13.0913,210.063,402.743,49.7272,0
46.9917,260.444,21.4874,116.511,450.49,70.9814,2.49994e+06
47.0083,318.318,26.945,69.3904,269.171,10.8211,807072
47.0250,326.71,23.0443,79.9357,228.113,13.5444,776380
47.0417,319.695,15.9182,89.0367,292.187,13.6027,1.77993e+06
47.0583,336.716,29.0858,75.6549,232.059,12.2121,1.0933e+06
47.0750,339.116,44.0979,92.7483,180.468,11.6437,1.02134e+06
47.0917,339.138,21.8873,148.236,140.251,10.3401,1.13386e+06
47.1083,348.216,11.8409,156.153,123.958,10.5334,1.21037e+06
47.1250,343.185,22.0114,109.396,117.34,10.193,1.15049e+06
47.1417,344.075,19.4136,108.477,106.142,11.1981,974578
47.1583,257.293,-35.2587,166.813,303.664,32.5653,5.59751e+06
47.1750,210.619,-60.0895,204.028,563.265,49.6693,8.5905e+06
47.1917,196.191,-63.0331,190.467,808.849,71.8675,0
47.2083,199.017,-62.5081,192.399,688.849,54.9511,0
47.2250,219.875,-69.9043,212.517,408.336,28.6152,0
47.2417,233.399,-51.3245,223.757,406.373,37.1642,0
47.2583,210.294,-78.2205,198.875,434.732,38.7739,0
47.2750,205.943,-67.8171,195.589,593.117,78.7355,0
47.2917,203.136,-68.3708,198.163,865.716,149.372,0
47.3083,203.461,-60.6112,198.695,1074.43,188.351,0
47.3250,203.964,-63.8209,196.412,537.89,87.2457,0
47.3417,209.182,-39.6624,203.07,423.8,61.9192,9.74888e+06
47.3583,219.657,-39.932,217.017,235.166,20.3627,0
47.3750,229.015,-67.4645,206.104,190.298,14.2809,0
47.3917,232.068,-84.4361,188.952,183.327,15.2296,0
47.4083,262.077,-78.186,203.153,181.929,18.8609,0
47.4250,280.713,-112.287,248.411,235.519,22.0668,0
47.4417,310.205,10.3955,260.439,274.298,29.8999,6.75589e+06
47.4583,265.232,-22.0799,209.313,596.576,83.7641,0
47.4750,250.279,-2.67122,156.662,435.671,50.7804,0
47.4917,226.595,-30.5653,190.181,213.955,18.6542,9.18164e+06
47.5083,213.037,-39.2152,207.825,788.469,80.1562,0
47.5250,193.885,-43.2118,190.316,1741.74,240.37,8.67886e+06
47.5417,193.198,-51.9245,191.452,1464.4,199.139,0
47.5583,189.897,-59.3594,186.218,1569.72,210.045,9.155e+06
47.5750,202.159,-35.4141,196.294,1332.63,131.164,8.65233e+06
47.5917,196.511,-27.8409,192.845,1382.6,133.806,7.72184e+06
47.6083,200.414,-31.3508,195.478,1169.06,100.275,8.6716e+06
47.6250,212.519,-33.4951,209.81,1244.62,99.0013,8.41051e+06
47.6417,218.972,-29.1075,201.342,1138.52,114.913,6.692e+06
47.6583,306.268,73.3478,-33.1799,149.932,10.819,1.78419e+06
47.6750,289.123,68.509,11.8611,100.38,11.0693,910893
47.6917,227.485,-32.4957,117.264,139.947,13.2403,4.14022e+06
47.7083,225.306,-70.8947,206.556,148.73,17.9072,6.71194e+06
47.7250,212.257,-59.0751,206.254,9632.66,1229.8,2.83352e+06
47.7417,194.148,-57.8436,190.83,10715.9,1442.46,260945
47.7583,190.176,-57.8062,186.723,8907.78,1281.31,488025
47.7750,186.479,-52.7423,183.396,5237.84,857.184,1.24876e+06
47.7917,174.007,-9.49203,166.707,8057.56,1410.08,121089
47.8083,165.114,10.2664,154.731,7868.35,1388.98,411768
47.8250,154.804,-17.4902,150.771,8907.29,1436.93,359051
47.8417,160.588,-14.3755,156.199,9801.33,1326,50399.3
47.8583,163.359,-21.2055,161.373,10536.4,1530.61,93241.1
47.8750,165.329,-25.7606,163.302,10924.3,1520.4,89604.2
47.8917,158.914,-22.7288,156.149,9340.33,1237.12,33548.1
47.9083,166.298,-24.1693,165.114,8816.02,1181,1490.03
47.9250,167.409,-7.44285,164.717,8274.7,1143.63,23892
47.9417,147.172,-10.875,145.755,7780.45,1076.06,3272.99
47.9583,126.83,-8.28327,125.602,8573.92,1121.69,
47.9750,132.377,-17.6896,132.083,9564.57,1223.78,
47.9917,153.921,-26.3362,152.686,9384.28,1202.57,
48.0083,168.269,-29.5829,167.094,8750.5,1109.53,
48.0250,179.969,-44.2485,177.925,7891.84,964.291,
48.0417,189.081,-43.8443,186.627,6584.97,832.568,2.04365e+06
48.0583,190.106,-50.699,187.987,6942.19,886.247,3.76246e+06
48.0750,185.004,-58.9445,181.864,7564.28,974.747,3.23117e+06
48.0917,157.625,-40.0697,155.33,7062.4,839.785,11188.7
48.1083,139.43,-5.84829,136.304,7245.44,862.784,2.38762e+06
48.1250,149.8,-23.5736,148.245,7737.14,933.001,3.78534e+06
48.1417,163.794,-38.8622,162,7778.41,948.401,5.69693e+06
48.1583,172.388,-41.5531,169.861,7746.32,886.249,6.15215e+06
48.1750,176.779,-42.9515,173.845,7364.41,763.359,5.44311e+06
48.1917,174.885,-45.0671,170.977,6606.84,535.64,5.78313e+06
48.2083,142.068,-29.5371,140.051,5889.59,446.803,3.20224e+06
48.2250,125.778,-3.7136,124.004,6311.6,364.518,3.60512e+06
48.2417,135.52,-4.44934,134.04,6862.54,248.975,3.99432e+06
48.2583,128.762,-9.06674,127.721,5539.94,139.203,5.07952e+06
48.2750,152.416,-43.7875,146.473,2141.07,46.7601,4.90629e+06
48.2917,189.005,-60.123,170.135,695.864,20.8654,6.84113e+06
48.3083,204.184,-64.9509,182.274,221.572,14.3283,8.71634e+06
48.3250,190.094,-52.682,172.188,228.663,13.1003,8.67335e+06
48.3417,190.252,-57.1647,170.645,226.083,12.6988,8.90475e+06
48.3583,206.172,-57.7885,168.328,219.669,11.9484,7.69863e+06
48.3750,195.475,4.60368,160.006,270.495,14.6092,5.88775e+06
48.3917,165.981,-27.6222,108.869,524.91,19.2183,7.55061e+06
48.4083,261.102,92.2506,-140.166,182.349,15.6217,977008
48.4250,292.379,90.3733,-230.178,196.83,22.7684,2.40187e+06
48.4417,259.394,100.694,-199.184,108.692,10.6444,1.12776e+06
48.4583,258.15,92.3238,-207.291,96.2957,10.595,744332
48.4750,261.121,91.6987,-187.283,107.077,9.96987,726506
48.4917,243.779,95.8838,-156.367,116.591,11.5388,991251
48.5083,214.124,87.6946,-58.3517,125.822,9.34448,1.30837e+06
48.5250,214.507,83.1144,-38.0364,119.333,11.9159,1.21707e+06
48.5417,221.074,78.4525,-46.7925,106.075,9.15281,796241
48.5583,187.118,-2.12927,92.713,396.694,18.2557,6.40587e+06
48.5750,191.358,-100.767,151.215,318.854,17.8272,6.68809e+06
48.5917,134.72,-9.19186,93.25,440.064,23.3229,7.64088e+06
48.6083,155.401,-36.1866,119.655,757.891,40.26,8.44161e+06
48.6250,177.342,-30.0422,161.532,551.679,26.9838,8.43697e+06
48.6417,138.706,-37.438,118.721,552.952,26.5168,8.90592e+06
48.6583,213.163,99.4401,-54.0743,388.83,15.681,1.9929e+06
48.6750,170.225,19.485,77.3311,599.079,25.0145,5.62984e+06
48.6917,216.199,24.6623,15.7314,555.825,47.6545,3.27476e+06
48.7083,251.673,37.9433,-243.458,119.812,7.6983,605204
48.7250,174.529,16.7388,-98.0263,267.536,18.1508,3.04315e+06
48.7417,274.752,61.0962,-256.154,114.859,9.05102,763897
48.7583,192.856,27.0611,-61.2557,250.833,20.9066,3.35759e+06
48.7750,227.946,75.0682,-142.038,201.973,16.7007,1.34751e+06
48.7917,245.258,41.2528,-232.722,97.081,7.80498,895028
48.8083,226.765,43.8948,-213.132,95.9554,9.431,1.13364e+06
48.8250,201.803,13.7389,-187.939,116.286,10.3757,1.26299e+06
48.8417,142.998,-49.1544,5.80627,281.779,16.0419,5.05677e+06
48.8583,223.309,16.645,-204.923,115.797,9.19233,927532
48.8750,238.435,111.159,-165.651,115.507,8.91057,759783
48.8917,237.551,93.4602,-169.757,112.71,9.76979,782085
48.9083,228.565,60.8498,-166.307,117.418,10.5854,806150
48.9250,167.454,51.6887,-63.3997,227.711,12.8263,2.91569e+06
48.9417,141.558,55.7737,117.313,315.134,17.243,5.04451e+06
48.9583,146.779,7.09742,120.68,390.781,13.8791,5.87985e+06
48.9750,124.891,12.3811,-92.7372,364.305,12.8677,4.6521e+06
48.9917,133.098,9.85946,92.5527,361.079,11.0432,5.7229e+06
49.0083,126.526,54.4545,31.7843,279.569,9.19483,7.37319e+06
49.0250,151.017,-65.4469,134.9,1018.87,141.26,6.3701e+06
49.0417,146.49,-28.2384,125.95,788.325,73.0423,7.86566e+06
49.0583,133.524,4.02435,32.1328,225.649,12.8328,6.05102e+06
49.0750,96.3339,38.0775,25.0289,305.948,11.3472,6.84207e+06
49.0917,131.683,-7.69081,124.203,1024.49,73.4753,7.76172e+06
49.1083,141.107,2.14493,-53.6296,340.292,20.4293,3.55527e+06
49.1250,136.851,-51.4303,90.5118,584.782,50.1735,5.45233e+06
49.1417,143.705,-25.3602,125.036,311.72,17.1188,4.99737e+06
49.1583,141.83,-14.0604,125.413,830.914,42.4786,3.46196e+06
49.1750,121.802,-27.0364,103.142,1159.56,83.1101,5.56656e+06
49.1917,85.6984,-39.3335,72.1389,2166.49,145.723,9.75111e+06
49.2083,108.407,-23.4907,104.886,3345.46,280.019,9.81429e+06
49.2250,95.1377,-36.8194,88.5493,3363.88,288.326,8.20114e+06
49.2417,75.8995,-15.4938,73.3294,2396.14,157.923,7.37835e+06
49.2583,82.7677,-23.4555,66.2755,2078.96,134.972,7.93812e+06
49.2750,126.911,32.1686,-121.88,166.905,11.0326,1.3896e+06
49.2917,126.74,-43.8005,49.5054,800.31,58.2558,5.57336e+06
49.3083,129.117,-67.7409,107.23,2279.2,190.234,3.64322e+06
49.3250,139.226,-96.339,93.2573,2059.94,204.692,5.47091e+06
49.3417,195.377,-153.373,93.2343,560.145,57.6788,4.76567e+06
49.3583,130.222,-104.372,77.1723,2180.74,341.416,7.03589e+06
49.3750,99.4135,-75.2483,61.758,3462.89,527.346,0
49.3917,106.948,-87.4155,63.8996,1875.54,187.032,7.75709e+06
49.4083,189.067,-174.36,68.5015,260.536,15.5633,3.39738e+06
49.4250,184.936,-174.564,47.7956,300.727,26.4953,4.96579e+06
49.4417,181.671,-176.748,47.5299,277.59,29.2501,4.49199e+06
49.4583,188.407,-176.872,28.5073,87.7373,8.76261,1.40728e+06
49.4750,211.053,-197.443,26.1612,85.6729,12.1437,1.32845e+06
49.4917,188.999,-176.277,21.8338,165.526,27.2929,2.92231e+06
49.5083,94.4427,-66.7785,15.7108,294.604,25.6114,2.77112e+06
49.5250,177.271,-92.9357,8.55639,200.565,21.7645,2.0355e+06
49.5417,160.495,-81.7652,16.6349,168.555,20.8346,2.19431e+06
49.5583,161.042,-90.8836,17.3055,140.581,20.6534,2.15675e+06
49.5750,226.345,-163.236,14.7223,62.4102,7.60491,867685
49.5917,254.766,-174.941,20.1252,63.4082,6.93287,614707
49.6083,269.112,-191.682,17.013,56.9088,6.93212,515448
49.6250,271.94,-174.663,45.4942,56.7274,7.1431,497002
49.6417,271.046,-172.068,45.3953,56.3501,7.22588,505019
49.6583,284.334,-194.998,54.3587,55.6195,6.3672,440607
49.6750,287.229,-195.41,40.0616,62.9093,6.21895,496370
49.6917,293.814,-205.888,46.3134,60.6881,6.31989,580941
49.7083,288.999,-206.638,56.3708,57.8664,7.42332,551454
49.7250,283.529,-198.033,59.7294,63.0887,8.242,556293
49.7417,289.38,-210.905,68.474,60.459,8.42458,613629
49.7583,287.275,-221.807,60.1036,57.9217,7.37044,612057
49.7750,289.592,-220.842,61.7287,60.8667,7.0384,679146
49.7917,301.77,-209.431,60.982,64.5113,8.89554,713422
49.8083,134,-99.8446,16.8439,331.711,16.6158,4.52591e+06
49.8250,67.2045,-37.1859,12.1799,567.157,24.6935,7.55477e+06
49.8417,116.804,-67.8624,2.55944,514.689,35.4665,7.04082e+06
49.8583,187.857,-126.806,-5.93667,137.9,14.1305,2.43971e+06
49.8750,262.171,-188.652,18.6792,54.7279,8.67694,653264
49.8917,280.126,-192.16,52.606,53.0243,8.33515,755602
49.9083,228.335,-152.931,40.9124,72.8227,8.80565,2.2711e+06
49.9250,138.49,-79.8939,15.2701,154.744,10.8163,4.34189e+06
49.9417,187.029,-156.436,18.017,112.964,9.91056,1.88565e+06
49.9583,207.256,-175.539,44.547,189.73,16.5199,2.99351e+06
49.9750,205.544,-163.806,77.3349,163.8,16.8247,3.52398e+06
49.9917,178.412,-123.205,78.1829,171.566,22.2228,3.97798e+06
50.0083,117.539,-86.2508,23.9427,148.698,18.9592,3.64411e+06
50.0250,167.824,-124.812,33.9174,378.451,12.7279,3.23881e+06
50.0417,165.429,-118.633,41.7553,579.178,13.3949,0
50.0583,143.235,-93.6015,49.0856,736.621,14.9371,0
50.0750,93.9077,-35.0924,52.0796,1090.16,27.7886,0
50.0917,86.0132,-12.0103,57.0359,902.368,29.6391,0
50.1083,100.512,-29.0915,68.7463,684.967,30.4716,0
50.1250,111.235,-69.2286,65.4122,725.765,35.1196,0
50.1417,119.049,-81.5752,68.8787,561.952,21.9892,7.39755e+06
50.1583,205.297,-118.975,33.6106,228.198,18.0893,4.09304e+06
50.1750,227.628,-158.153,52.321,310.174,18.819,4.29166e+06
50.1917,247.559,-190.73,80.2209,233.806,16.3427,4.41337e+06
50.2083,243.396,-184.632,81.8734,172.304,16.5494,3.08797e+06
50.2250,184.646,-152.548,57.6589,318.04,16.0048,4.03744e+06
50.2417,151.736,-116.774,59.0968,1388.7,81.8538,0
50.2583,147.786,-125.417,62.2963,5942.29,485.443,0
50.2750,161.493,-131.802,56.6018,8528.32,515.219,0
50.2917,155.796,-119.664,37.6759,18303,934.16,0
50.3083,132.22,-96.8231,55.4055,39045.3,1771.65,0
50.3250,183.946,-146.448,63.1004,29548.1,1536.27,2.48522e+06
50.3417,254.557,-197.85,88.6803,1190.67,104.564,2.21085e+06
50.3583,182.343,-153.368,61.8137,57681,3757.01,8.90066e+06
50.3750,143.859,-122.423,49.5193,32412.7,2026.07,0
50.3917,122.167,-98.9091,46.0737,32825,2242.35,0
50.4083,174.953,-138.03,70.8303,23380.5,1651.48,9.54031e+06
50.4250,145.287,-91.228,107.581,59616.9,4545.45,8.50321e+06
50.4417,103.413,-69.6989,63.3416,22797.8,1336.55,9.22958e+06
50.4583,99.8622,-56.8651,46.2687,7868.03,431.081,0
50.4750,85.7133,-43.9392,42.7225,10277.4,508.527,0
50.4917,131.41,-92.5596,79.0502,39140.3,2532.3,8.78771e+06
50.5083,114.472,-68.1669,30.2432,24025.1,1107.98,0
50.5250,109.816,-59.6043,17.3135,20653.1,1033.56,0
50.5417,104.008,-68.5396,28.5274,12431.8,652.058,0
50.5583,96.1715,-60.2968,40.9517,5631.31,318.358,0
50.5750,136.97,-70.0096,98.3146,12059.5,901.832,8.45327e+06
50.5917,140.942,-77.3779,110.443,18290.5,1438.9,8.65042e+06
50.6083,134.448,-86.3063,101.9,10829.7,849.967,9.60175e+06
50.6250,147.26,-105.556,102.666,32131.4,2845.97,0
50.6417,182.408,-128.509,127.695,19396.9,1189.34,8.89156e+06
50.6583,157.837,-87.4306,127.407,39821.6,2859.84,8.9618e+06
50.6750,147.196,-103.317,100.695,54219,3211.11,8.19067e+06
50.6917,166.454,-104.944,129.075,45218.2,3078.11,7.99326e+06
50.7083,151.609,-92.5805,117.999,37135.3,2668.47,8.67939e+06
50.7250,146.042,-66.099,120.136,29224.8,1996.66,8.93566e+06
50.7417,152.383,-68.644,133.018,33375.6,2207.53,9.231e+06
50.7583,149.253,-84.6606,119.314,38244.4,3200.26,9.27183e+06
50.7750,140.234,-73.4435,118.357,36954.7,3127.94,9.71339e+06
50.7917,145.809,-82.3551,118.978,28275.5,2240.73,8.48332e+06
50.8083,185.212,-126.938,129.835,51608.3,3765.99,9.6477e+06
50.8250,184.99,-126.672,128.559,38289.3,3058.91,9.86887e+06
50.8417,165.214,-89.2131,137.411,59425.4,4756.11,9.50706e+06
50.8583,167.337,-88.9711,139.733,54033.2,4079.01,9.41133e+06
50.8750,166.146,-82.4726,136.93,39231.4,3100.55,9.4025e+06
50.8917,173.787,-96.4098,143.03,34536.5,2680.88,0
50.9083,170.407,-102.239,132.902,18846.4,1276.88,0
50.9250,144.761,-81.4269,119.061,17981.3,1180.24,0
50.9417,132.137,-60.561,115.683,19011,1140.75,0
50.9583,114.137,-43.5985,98.5146,14900.9,910.943,0
50.9750,126.604,-84.4449,89.4593,7508.38,448.54,0
50.9917,135.264,-100.225,90.8443,4057.71,206.137,0
51.0083,145.093,-106.288,98.2447,3997.8,204.632,0
51.0250,147.967,-91.9018,115.473,4580.82,222.248,0
51.0417,127.935,-74.6825,103.151,5235.18,272.045,0
51.0583,100.306,-68.5655,71.9904,4326.3,192.615,0
51.0750,141.117,-108.329,88.4193,2942.68,142.465,0
51.0917,138.091,-107.321,85.7493,2498.95,116.255,0
51.1083,148.736,-110.86,98.3889,2579.21,132.735,0
51.1250,156.807,-114.754,104.635,2532.51,154.892,0
51.1417,173.419,-145.159,92.1152,1710.65,103.243,0
51.1583,174.321,-148.192,90.1465,1552.32,82.7341,0
51.1750,181.831,-139.293,115.139,2129.86,108.735,0
51.1917,187.343,-148.962,112.138,2666.96,139.232,0
51.2083,194.401,-157.274,110.221,3178.48,158.916,0
51.2250,163.322,-121.961,106.174,1755.74,159.733,0
51.2417,137.014,-93.2783,98.8012,2737.64,628.637,0
51.2583,140.276,-99.625,97.8524,2993.84,844.588,0
51.2750,132.242,-89.4921,96.4627,5653.77,1391.57,0
51.2917,137.13,-100.722,91.8417,4934.16,1234.7,0
51.3083,137.148,-107.385,83.7358,4975.21,1071.39,0
51.3250,134.321,-105.632,79.2354,5539.26,1065.36,0
51.3417,123.776,-95.9352,72.7323,5081.89,941.674,0
51.3583,146.942,-114.88,87.3148,4730.96,969.63,0
51.3750,151.341,-125.289,81.4557,4139.29,739.755,0
51.3917,144.047,-114.744,85.3695,5261.07,1278.75,0
51.4083,134.127,-106.221,80.3214,5710.47,1472.09,0
51.4250,130.701,-105.33,75.1876,5987.15,1655.28,0
51.4417,128.206,-103.123,73.003,6229.35,2092.8,0
51.4583,125.151,-101.49,69.346,6052.28,2259.92,0
51.4750,121.279,-94.9023,71.8508,6352.3,2507.3,0
51.4917,127.219,-101.215,73.6476,5545.13,2097.3,0
51.5083,124.976,-96.4857,76.8093,5788.66,2215.63,0
51.5250,122.315,-94.8585,75.3426,6027.74,2294.45,0
51.5417,116.217,-91.8669,69.2449,6507.99,2596.03,0
51.5583,112.557,-88.9286,67.1,6689.85,2857.7,0
51.5750,113.201,-91.8566,63.9452,6327.59,2945.11,0
51.5917,112.399,-91.7904,62.2669,6068.16,2984.13,0
51.6083,112.858,-93.5999,60.4745,5966.84,2848.88,0
51.6250,121.847,-105.451,58.3547,4954.13,2335.82,0
51.6417,124.996,-110.685,55.3972,4064.88,1740.59,9.57233e+06
51.6583,124.512,-110.699,54.3699,4393.44,1821.88,9.06192e+06
51.6750,123.601,-109.908,53.8439,4565.33,1687.41,8.71365e+06
51.6917,132.003,-117.66,56.7776,4445.8,1475.24,8.42687e+06
51.7083,135.983,-122.345,55.9321,4281.44,1284.66,0
51.7250,136.262,-123.165,54.3681,3830.2,1127.65,9.6851e+06
51.7417,139.616,-127.66,52.8851,2832.98,875.425,9.70616e+06
51.7583,145.597,-132.504,56.5254,2766.1,1000.36,9.55519e+06
51.7750,149.906,-134.642,62.0245,2949.73,1238.87,9.95008e+06
51.7917,146.299,-132.296,58.6274,3082.49,1416.72,9.614e+06
51.8083,134.617,-120.198,57.0573,4203.98,2106.23,0
51.8250,131.373,-118.455,53.214,4831.63,2368.37,0
51.8417,140.661,-129.728,50.2639,3613.86,1490.15,9.87419e+06
51.8583,157.873,-146.605,53.87,3785.95,889.604,0
51.8750,156.701,-145.159,54.3357,3881.1,1307.13,9.92403e+06
51.8917,161.064,-150.35,52.8504,4156.6,1221.2,0
51.9083,164.403,-153.385,54.0881,4554.47,1059.63,0
51.9250,164.534,-154.257,51.7678,4344.05,1176.2,9.72647e+06
51.9417,163.974,-153.371,51.4708,4226.11,1267.52,9.65569e+06
51.9583,153.161,-142.542,49.9277,4995.05,1780.3,9.66534e+06
51.9750,156.867,-146.437,50.1075,4525.34,1590.22,9.78838e+06
51.9917,155.6,-145.643,49.3787,4468.67,1432.73,9.91429e+06
52.0083,144.662,-135.538,45.5522,5309.16,1802.86,0
52.0250,157.731,-148.982,46.1042,4686.43,1148.25,0
52.0417,169.52,-161.095,46.6128,4085.95,756.752,0
52.0583,178.546,-170.779,45.4824,3270.41,590.304,0
52.0750,181.197,-174.295,42.691,2685.1,418.471,0
52.0917,181.662,-175.162,41.1842,2880.87,486.927,0
52.1083,175.839,-168.451,43.471,4128.49,794.091,0
52.1250,167.887,-160.618,42.278,5690.19,1013.74,0
52.1417,166.711,-158.719,44.1116,5664.84,1015.46,0
52.1583,169.04,-160.189,46.3042,4983.59,870.052,0
52.1750,163.265,-153.7,46.036,4165.1,325.168,0
52.1917,170.897,-162.019,46.7216,4003.8,221.292,0
52.2083,162.858,-155.172,40.8189,4404.28,261.459,0
52.2250,152.495,-144.838,40.065,6758.05,1073.16,0
52.2417,145.462,-137.619,40.7502,8398.15,1465.87,0
52.2583,142.11,-134.453,39.5616,7729.69,1088.93,0
52.2750,157.221,-149.084,42.9014,6547.31,508.903,0
52.2917,149.958,-142.586,39.6887,6553.67,501.704,0
52.3083,154.214,-148.376,34.5088,5662.21,400.566,0
52.3250,188.929,-181.888,40.1148,6210,263.595,0
52.3417,196.725,-187.619,46.6704,8205.75,259.293,0
52.3583,195.021,-185.191,46.0207,10406.6,302.032,0
52.3750,178.992,-169.551,45.1931,12522.4,436.247,0
52.3917,163.488,-154.802,43.6532,13461.6,439.888,0
52.4083,164.663,-157.133,39.3741,12611.3,375.309,0
52.4250,172.509,-166.594,32.0534,11552.7,255.08,0
52.4417,172.878,-167.383,31.4227,9051.85,206.607,0
52.4583,176.82,-171.062,32.8912,5868,148.638,0
52.4750,196.355,-190.837,30.5491,7823.84,169.437,9.35315e+06
52.4917,206.777,-201.298,32.5841,15275.8,362.373,9.77313e+06
52.5083,194.198,-188.204,34.2324,35645.4,916.839,0
52.5250,183.388,-177.112,36.013,46039.5,1302.16,0
52.5417,164.902,-159.413,32.8519,41475.9,951.582,0
52.5583,164.478,-158.571,33.8091,31361.2,673.024,0
52.5750,163.516,-158.354,30.5549,22924.9,466.973,0
52.5917,159.332,-156.019,22.8494,15362.5,245.642,0
52.6083,164.25,-161.966,17.6356,10090.2,154.199,9.36466e+06
52.6250,189.551,-186.847,18.3865,9613.7,162.551,9.21474e+06
52.6417,208.901,-205.138,22.1785,6735.56,96.4978,8.60903e+06
52.6583,224.712,-220.347,23.9869,5208.27,52.7708,8.08788e+06
52.6750,228.984,-224.288,23.9084,4333.91,38.4472,9.1858e+06
52.6917,238.728,-233.974,25.2419,3513.32,76.7505,9.23514e+06
52.7083,257.137,-253.388,24.1443,5990.23,130.415,9.30669e+06
52.7250,261.587,-258.479,23.6037,7561.55,194.309,9.46524e+06
52.7417,234.834,-230.137,28.4929,12659.7,456.339,0
52.7583,214.726,-208.285,30.8052,17561.7,809.552,0
52.7750,208.035,-204.283,21.4714,18038.6,713.462,0
52.7917,197.88,-194.788,20.5206,17778.5,734.938,0
52.8083,191.518,-187.013,27.3294,16849.8,529.909,0
52.8250,207.257,-199.196,41.9338,10627.7,326.02,0
52.8417,218.849,-210.643,41.2732,5973.55,174.253,0
52.8583,224.299,-215.198,35.2709,4747.69,110.422,9.50976e+06
52.8750,227.441,-217.68,32.9886,3946.17,82.0888,9.80636e+06
52.8917,229.05,-221.671,25.8119,3443.58,67.1329,9.23251e+06
52.9083,228.365,-225.903,11.763,3164.54,62.9601,8.95323e+06
52.9250,226.245,-221.927,14.8855,3113.53,96.9271,9.04429e+06
52.9417,228.005,-224.174,16.2854,3059.72,106.105,9.31002e+06
52.9583,229.05,-224.508,14.388,3590.85,98.3704,9.31274e+06
52.9750,227.472,-222.886,19.1709,4634.32,110.87,9.4358e+06
52.9917,226.703,-222.965,18.0553,5012.92,132.001,9.03914e+06
53.0083,225.529,-223.448,11.8172,5398.53,141.428,9.25314e+06
53.0250,220.615,-218.989,10.4602,5961.4,123.864,9.61328e+06
53.0417,219.209,-216.868,15.6476,7326.67,118.401,0
53.0583,218.731,-216.162,17.1285,6604.94,119.198,9.76343e+06
53.0750,215.788,-213.093,18.0632,6735.27,117.088,9.70252e+06
53.0917,215.165,-212.875,15.2003,5892.68,122.222,9.28194e+06
53.1083,218.137,-215.403,17.8774,5611.76,127.995,9.54315e+06
53.1250,209.744,-207.816,11.8254,6076.86,141.659,9.56196e+06
53.1417,208.58,-206.749,11.1668,5575.64,135.997,9.24103e+06
53.1583,214.819,-212.237,16.1085,4785.95,133.109,9.38702e+06
53.1750,217.39,-214.283,19.3418,4225.8,116.399,9.2803e+06
53.1917,224.457,-220.376,24.5162,3904.04,114.749,9.37995e+06
53.2083,226.18,-223.982,12.7549,3953.2,118.203,8.97844e+06
53.2250,230.978,-228.915,8.82007,3598.05,114.019,8.33803e+06
53.2417,233.478,-232.073,1.89334,3840.31,128.012,9.13304e+06
53.2583,242.856,-241.765,0.131421,5378.33,151.192,9.22571e+06
53.2750,256.798,-256.069,-3.37869,6083.2,156.496,9.29878e+06
53.2917,246.589,-243.858,7.65314,6011.81,157.44,9.34012e+06
53.3083,233.629,-230.7,0.697772,5122.31,140.578,9.21612e+06
53.3250,199.317,-196.958,-6.95738,6689.29,189.09,9.52715e+06
53.3417,197.635,-195.143,4.32792,6598.4,176.07,9.38195e+06
53.3583,211.814,-207.156,21.1328,5647,141.203,9.47345e+06
53.3750,220.731,-214.585,31.6481,5411.26,143.518,9.49603e+06
53.3917,228.038,-221.573,34.6775,4713.24,130.158,9.95865e+06
53.4083,235.555,-226.973,43.1804,3293.85,77.7167,0
53.4250,237.632,-229.63,40.8464,1599.99,46.1404,0
53.4417,239.43,-232.779,35.3493,1494.09,45.5539,9.66533e+06
53.4583,243.98,-238.059,32.2178,1589.21,48.0954,9.44906e+06
53.4750,249.423,-242.574,36.0059,1987.76,61.4464,9.151e+06
53.4917,247.198,-239.949,37.7708,2113.75,65.805,9.27159e+06
53.5083,243.816,-237.082,34.3697,1864.6,67.6665,9.47007e+06
53.5250,242.36,-236.412,31.62,2487.95,93.2071,9.6756e+06
53.5417,239.733,-235.643,21.3674,2871.3,95.9692,9.02866e+06
53.5583,231.676,-228.302,15.1111,4218.48,132.321,9.34503e+06
53.5750,229.772,-227.311,10.6609,4173.3,139.502,9.43001e+06
53.5917,227.632,-225.797,6.82747,4513.98,129.981,9.82453e+06
53.6083,219.792,-218.109,5.48842,10463.3,214.291,9.45703e+06
53.6250,215.797,-214.213,4.95554,12489.4,205.682,9.64272e+06
53.6417,212.367,-210.89,3.93576,13508.5,230.377,9.67977e+06
53.6583,209.751,-208.162,5.29782,12201.9,211.163,0
53.6750,204.933,-203.433,4.06035,9846.48,146.185,9.7412e+06
53.6917,202.056,-200.562,0.994104,10262.6,133.024,9.32792e+06
53.7083,206.502,-205.048,-1.82998,8162.89,99.5254,9.31479e+06
53.7250,210.505,-208.918,-3.13713,5345.77,65.417,8.88179e+06
53.7417,210.514,-208.95,-2.85263,3638.48,58.5119,9.15421e+06
53.7583,212.98,-211.729,-2.99414,2655.92,53.6362,8.99503e+06
53.7750,215.745,-214.957,-7.61981,2430.87,65.7512,8.62373e+06
53.7917,212.12,-211.891,-12.8115,2768.32,82.38,8.41403e+06
53.8083,205.015,-204.529,-6.96915,3761.04,118.085,9.0633e+06
53.8250,198.505,-197.952,-7.87159,4495.59,134.832,9.38757e+06
53.8417,200.97,-199.102,2.76392,7512.16,175.139,9.71302e+06
53.8583,209.517,-206.3,14.4583,7562.49,157.552,8.77421e+06
53.8750,216.54,-210.41,27.5232,3962.05,114.169,8.69643e+06
53.8917,222.009,-214.201,34.0683,3022.72,95.0225,9.32257e+06
53.9083,217.541,-209.6,34.9458,3474.43,101.79,9.46982e+06
53.9250,210.077,-203.907,28.4089,5152.89,160.079,8.68518e+06
53.9417,211.281,-207.161,19.1792,5516.07,193.303,8.42903e+06
53.9583,214.9,-210.573,19.4826,7109.62,278.337,9.05891e+06
53.9750,214.299,-207.98,25.5263,9035.47,323.926,9.27492e+06
53.9917,223.797,-214.673,33.1719,7294.2,254.677,9.08567e+06
54.0083,230.492,-222.11,34.9468,2041.24,112.224,8.5772e+06
54.0250,222.6,-210.531,48.624,1499.76,86.5227,8.62463e+06
54.0417,220.665,-208.438,48.9006,1106.38,70.7905,8.56709e+06
54.0583,219.945,-210.447,39.6193,695.894,51.5532,8.707e+06
54.0750,212.177,-203.225,36.579,841.307,65.2988,7.83198e+06
54.0917,215.629,-205.865,40.085,454.986,45.1353,7.46643e+06
54.1083,229.933,-217.778,45.0763,378.359,39.971,6.84897e+06
54.1250,240.259,-226.265,51.5113,373.698,37.9418,7.52992e+06
54.1417,247.937,-229.376,62.9381,335.775,36.9503,6.15574e+06
54.1583,248.955,-234.311,54.3063,259.659,34.1363,4.66922e+06
54.1750,248.492,-234.407,51.9582,254.447,31.4021,4.63963e+06
54.1917,242.094,-228.396,49.5827,216.743,27.9697,4.52172e+06
54.2083,241.989,-231.591,40.336,231.038,32.1414,5.68798e+06
54.2250,249.399,-236.841,44.3226,211.9,30.9429,5.6131e+06
54.2417,250.125,-235.873,46.5929,184.675,26.1076,4.65322e+06
54.2583,249.604,-232.411,56.944,223.098,32.3796,4.47473e+06
54.2750,251.888,-235.877,51.34,287.717,40.4581,4.50946e+06
54.2917,254.561,-235.974,56.5035,273.237,39.1329,4.3542e+06
54.3083,256.361,-234.375,68.0523,256.223,34.2721,4.45198e+06
54.3250,254.895,-232.446,70.6565,263.265,30.4824,4.71692e+06
54.3417,253.087,-231.152,69.2782,294.272,34.4567,4.88001e+06
54.3583,255.414,-232.955,72.5859,407.29,42.2267,4.71706e+06
54.3750,257.512,-231.727,79.2332,341.08,38.887,4.63437e+06
54.3917,252.319,-224.485,84.3652,293.433,32.9009,4.82916e+06
54.4083,246.621,-221.94,76.0902,248.053,30.7824,4.78234e+06
54.4250,251.486,-222.087,87.4697,160.3,25.1176,3.06184e+06
54.4417,250.748,-219.193,92.9328,141.554,24.5306,3.03626e+06
54.4583,245.825,-209.236,100.634,169.291,26.3488,3.52974e+06
54.4750,237.328,-198.578,102.208,241.26,29.1598,5.6626e+06
54.4917,228.915,-186.937,105.893,309.107,38.0265,7.9554e+06
54.5083,234.251,-194.369,100.188,624.912,79.3782,7.5715e+06
54.5250,230.379,-187.566,105.336,308.803,44.1971,7.78204e+06
54.5417,226.944,-179.343,111.31,365.984,73.3625,7.22945e+06
54.5583,222.002,-175.461,99.914,4567.83,982.444,7.62104e+06
54.5750,200.561,-157.313,96.0033,3764.19,861.089,7.75395e+06
54.5917,196.698,-153.188,96.6209,4338.59,788.241,7.61734e+06
54.6083,185.441,-149.758,87.0197,7942.99,1165.46,8.43073e+06
54.6250,180.34,-146.345,82.7384,9649.75,1243.95,8.09894e+06
54.6417,172.606,-141.523,76.9357,14089.8,1476.81,8.12716e+06
54.6583,169.44,-141.017,72.3102,17342.4,1607.87,8.3605e+06
54.6750,160.711,-134.728,67.4165,15072,1386.63,8.61451e+06
54.6917,170.316,-137.373,50.4387,11892.9,1083.59,9.28093e+06
54.7083,202.117,-170.363,29.8019,17387.4,1869.47,8.53431e+06
54.7250,200.021,-178.1,53.4297,24835.8,2746.66,7.23506e+06
54.7417,198.309,-176.154,43.0853,24518.8,2275.07,7.43514e+06
54.7583,227.882,-207.324,53.0472,37503.9,3433.34,7.48519e+06
54.7750,252.118,-223.639,63.7326,65753,5652.22,5.51033e+06
54.7917,208.766,-181.833,68.5012,110567,10197.9,7.05572e+06
54.8083,228.634,-175.614,115.93,175509,14636.7,4.83022e+06
54.8250,233.364,-181.484,115.75,247340,25093.7,6.36649e+06
54.8417,178.879,-121.979,105.97,485330,60572.6,7.75729e+06
54.8583,215.608,-128.941,142.195,253200,38466.9,7.82633e+06
54.8750,208.927,-144.333,125.959,222858,33670.4,7.45688e+06
54.8917,204.059,-148.579,116.76,186489,36326.5,8.15766e+06
54.9083,205.099,-156.348,108.459,210224,25924.7,8.57694e+06
54.9250,199.871,-155.312,101.679,188741,23144.7,8.542e+06
54.9417,198.972,-154.906,100.507,246678,34762.9,8.68829e+06
54.9583,201.56,-156.86,101.875,269591,42203,8.6238e+06
54.9750,218.251,-173.152,105.162,238320,31499.5,8.76091e+06
54.9917,213.908,-161.838,113.777,204302,27411.6,8.57258e+06
55.0083,253.977,-215.267,97.8816,141981,19369.6,7.27979e+06
55.0250,236.567,-191.159,108.531,217449,28719.7,7.14548e+06
55.0417,200.811,-151.494,107.172,344668,41246.5,9.51945e+06
55.0583,194.323,-141.838,109.145,366449,45679.6,9.85579e+06
55.0750,195.668,-146.565,105.376,285602,36049.2,9.30959e+06
55.0917,193.849,-150.127,97.9018,298162,36914.1,9.02806e+06
55.1083,210.659,-167.171,100.813,263240,37633.6,9.29133e+06
55.1250,231.768,-186.099,105.889,247572,33987.4,9.89028e+06
55.1417,252.041,-203.711,108.103,153120,16816.1,7.58103e+06
55.1583,226.686,-183.501,101.524,240315,32518.4,7.20359e+06
55.1750,227.76,-183.667,103.303,208503,23542.2,8.83906e+06
55.1917,224.016,-168.387,115.373,210993,23800.6,9.55866e+06
55.2083,228.515,-174.838,111.64,202183,21458.7,8.74605e+06
55.2250,223.978,-171.854,109.364,203841,21506.6,8.78297e+06
55.2417,227.549,-182.338,104.555,145168,15269.4,8.55844e+06
55.2583,234.283,-187.567,107.193,164849,17799.5,8.91789e+06
55.2750,221.982,-175.765,102.148,215062,22641.4,9.10633e+06
55.2917,217.744,-170.823,101.321,213628,22443.6,9.16037e+06
55.3083,218.165,-172.117,100.502,184864,19728.5,9.47254e+06
55.3250,216.431,-173.705,97.8634,164779,19124.8,9.37845e+06
55.3417,218.504,-179.032,93.4998,184207,20063.6,9.18764e+06
55.3583,212.239,-172.88,92.9093,209700,21260.1,9.3383e+06
55.3750,200.151,-158.265,94.5142,235267,24245.4,9.46033e+06
55.3917,199.841,-160.932,89.936,235757,24425.6,9.08891e+06
55.4083,201.581,-167.527,82.2206,200139,18641.6,9.08733e+06
55.4250,198.523,-166.683,77.8112,181961,15745.6,9.57011e+06
55.4417,192.322,-156.525,83.1755,191959,16019.7,0
55.4583,191.103,-153.623,84.885,204168,15910.4,9.29002e+06
55.4750,183.308,-148.637,78.4634,194086,14761.2,9.46968e+06
55.4917,180.17,-150.648,69.7451,160190,12522.5,9.28284e+06
55.5083,181.535,-153.487,66.324,180596,13071,0
55.5250,166.094,-133.312,72.7047,242980,16512.8,0
55.5417,154.973,-119.46,75.5716,213175,18259.5,0
55.5583,157.021,-123.97,72.4665,178202,17197.1,0
55.5750,171.617,-142.699,67.7286,154978,15014.2,0
55.5917,197.465,-173.131,62.3265,107668,10762.1,0
55.6083,214.363,-193.725,54.8668,88083.6,8186.58,9.40121e+06
55.6250,212.456,-191.173,56.3561,81525.8,7193.66,9.34396e+06
55.6417,210.169,-191.867,49.692,74929.5,5751.86,9.00406e+06
55.6583,218.021,-200.153,49.5015,67439.8,4541.08,8.72638e+06
55.6750,207.197,-186.085,56.3723,77133.3,5240.53,9.30637e+06
55.6917,194.701,-176.388,49.3855,91591,5932.23,9.34528e+06
55.7083,197.734,-182.838,41.2172,78251.6,4028.61,8.8834e+06
55.7250,187.796,-175.787,33.2516,77727.5,3547.85,8.75795e+06
55.7417,185.457,-174.895,28.6931,78658.1,3338.82,8.52039e+06
55.7583,199.093,-186.548,34.3216,82532.3,3198.68,9.16568e+06
55.7750,203.338,-189.27,37.9981,94933.6,3841.79,9.17683e+06
55.7917,196.534,-181.52,40.4545,126917,5007.74,0
55.8083,192.276,-175.894,43.5751,137408,5168.76,0
55.8250,183.769,-168.327,39.0611,119342,4151.93,0
55.8417,176.412,-162.177,34.9482,108157,3224.72,0
55.8583,184.667,-170.55,32.6983,95754.7,2650.61,0
55.8750,184.931,-170.63,33.7703,92952.7,2434.01,0
55.8917,175.097,-162.268,29.8534,87976.3,2086.51,0
55.9083,181.731,-171.815,22.3678,72192.8,1639.9,9.27927e+06
55.9250,202.144,-192.947,18.314,58689,1224.54,9.39189e+06
55.9417,221.284,-211.865,16.7603,53510.1,1031.22,9.4028e+06
55.9583,209.491,-200.695,16.1727,64214.5,1172.58,9.403e+06
55.9750,180.74,-172.906,14.7837,68718.1,1257.85,9.38823e+06
55.9917,169.132,-161.576,14.155,63581.7,1213.5,9.7531e+06
56.0083,169.891,-162.484,10.2608,53691.9,1159.6,9.40647e+06
56.0250,175.377,-165.2,13.5157,40159.6,1312.33,9.49597e+06
56.0417,175.486,-164.802,11.2438,34252.7,1464.98,9.42292e+06
56.0583,181.942,-169.215,12.3985,29104.9,1239.86,9.09569e+06
56.0750,189.012,-178.583,9.17622,23548.6,1228.67,9.17297e+06
56.0917,205.246,-198.768,2.56068,20361.4,643.361,8.82611e+06
56.1083,217.008,-211.171,1.1676,18096.4,386.967,9.0181e+06
56.1250,232.028,-226.837,0.17953,17191.1,175.064,8.83842e+06
56.1417,239.905,-235.031,0.08501,15799,155.568,8.99284e+06
56.1583,238.728,-234.083,-0.864491,12650.4,104.384,8.70381e+06
56.1750,222.621,-218.49,-2.00167,12778.3,108.793,8.92896e+06
56.1917,208.986,-205.139,-2.3482,10037.4,70.4494,8.49857e+06
56.2083,202.017,-198.881,-6.57154,7661.8,61.6182,8.29102e+06
56.2250,213.698,-209.821,-5.23077,3337.93,36.2086,7.3948e+06
56.2417,227.056,-221.948,-2.3284,1950.02,29.7319,7.89822e+06
56.2583,235.88,-229.94,-0.685371,1386.73,29.5048,7.49296e+06
56.2750,238.099,-231.769,0.339304,1401.25,27.9685,7.44152e+06
56.2917,237.752,-230.714,0.152955,1481.43,33.4202,7.38577e+06
56.3083,240.173,-232.602,-0.741389,752.026,23.8841,7.89989e+06
56.3250,253.071,-245.48,-2.68791,753.712,26.3033,7.92675e+06
56.3417,269.838,-264.156,-11.0039,1355.52,33.6067,7.79775e+06
56.3583,281.18,-275.133,-13.0419,1823.25,39.4197,8.09196e+06
56.3750,276.828,-266.968,-5.34747,2838.7,60.4071,7.83687e+06
56.3917,256.567,-243.637,-3.09795,3667.08,83.0007,7.48474e+06
56.4083,242.569,-229.039,-7.24611,4830.17,96.8828,7.46178e+06
56.4250,258.292,-242.891,-7.18937,3009.25,72.5545,8.805e+06
56.4417,266.92,-247.406,-2.71274,2761.09,64.3948,8.83527e+06
56.4583,270.287,-250.433,-2.78852,2633.39,62.9156,9.05395e+06
56.4750,270.37,-249.763,-4.65599,2836.27,70.9036,8.88587e+06
56.4917,270.235,-248.361,-6.43768,3741.33,77.3792,9.10588e+06
56.5083,280.327,-257.254,-7.20356,4248.04,89.7968,8.51201e+06
56.5250,286.412,-262.677,-4.87899,3989.59,81.2759,8.46771e+06
56.5417,283.625,-261.048,-4.04075,3667.75,79.079,9.46765e+06
56.5583,279.779,-258.646,-8.73608,3428.13,68.162,8.14006e+06
56.5750,280.25,-262.769,-9.39221,1951.54,54.9548,8.95607e+06
56.5917,274.666,-257.583,-6.91399,1283.01,46.4854,9.64645e+06
56.6083,269.325,-252.176,-10.8177,1464.74,38.3577,9.66471e+06
56.6250,259.451,-243.359,-13.2968,1533.65,35.8652,9.62884e+06
56.6417,244.396,-228.026,-7.47437,1309.71,33.619,9.88328e+06
56.6583,237.558,-223.771,-7.64175,511.023,27.3964,9.57363e+06
56.6750,240.246,-230.351,-8.95686,300.376,24.2916,9.22998e+06
56.6917,238.245,-227.275,-4.32501,283.307,25.6145,8.98589e+06
56.7083,240.083,-226.729,-7.31395,241.569,24.8175,9.44701e+06
56.7250,239.816,-221.23,4.93496,220.121,26.5333,8.4197e+06
56.7417,236.378,-220.444,18.6177,157.606,26.7618,7.71831e+06
56.7583,223.525,-205.907,31.111,143.944,24.4204,7.08815e+06
56.7750,215.361,-196.278,39.9084,137.926,28.2097,6.42768e+06
56.7917,201.977,-177.165,53.8342,152.577,27.2649,7.09229e+06
56.8083,195.418,-168.305,58.1525,148.588,27.9106,7.11448e+06
56.8250,203.285,-164.748,75.8758,48960.8,2040.18,5.40178e+06
56.8417,181.24,-112.021,94.3516,245226,23623.4,4.19048e+06
56.8583,183.331,-126.564,94.914,230480,17829,3.74422e+06
56.8750,173.419,-114.858,95.4791,228409,10546.5,3.44296e+06
56.8917,169.165,-108.586,99.1397,174443,10138.1,3.96753e+06
56.9083,168.861,-105.986,102.81,336160,22951,5.51759e+06
56.9250,161.056,-105.825,92.0844,316504,19439.6,5.90662e+06
56.9417,149.05,-104.44,78.8903,192973,9703.91,5.30523e+06
56.9583,142.964,-89.197,87.5472,137778,9011.22,5.86017e+06
56.9750,141.54,-90.9884,82.5657,101511,6750.14,5.48639e+06
56.9917,143.972,-114.74,55.6462,97188,7671.99,4.59117e+06
57.0083,149.532,-123.223,51.8033,96005.9,8844.39,4.52082e+06
57.0250,155.1,-123.763,61.2026,87991.6,7189.81,3.39095e+06
57.0417,161.251,-132.656,57.5011,86758.3,6690.44,3.25541e+06
57.0583,159.449,-129.542,59.1289,94122.3,5809.17,3.30285e+06
57.0750,158.794,-124.764,65.3487,114034,7888.32,3.55224e+06
57.0917,156.894,-123.113,64.4699,116587,9662.8,3.38109e+06
57.1083,154.805,-119.67,65.661,101793,9517.61,3.40778e+06
57.1250,153.957,-116.813,68.2799,104365,9848.6,3.40577e+06
57.1417,159.324,-116.304,77.424,120406,11652.1,5.97417e+06
57.1583,164.101,-118.955,80.9325,121432,9642.44,6.86437e+06
57.1750,163.164,-117.447,81.2989,107211,7763.24,6.27163e+06
57.1917,157.309,-114.829,75.9364,87346.2,7608.13,5.19438e+06
57.2083,156.664,-108.972,82.4658,79902.9,7745.55,6.23975e+06
57.2250,157.269,-109.751,82.3106,69811.1,5133.66,6.88876e+06
57.2417,158.555,-102.954,90.7553,52369,5442.71,6.79114e+06
57.2583,163.835,-106.86,92.1799,36891.4,5942.26,6.95186e+06
57.2750,164.45,-106.995,92.7269,40238.5,6566,6.51784e+06
57.2917,152.713,-96.6555,89.3677,71775.9,8339.91,8.33579e+06
57.3083,155.801,-101.065,89.2344,77852.8,7961.25,8.49971e+06
57.3250,159.948,-101.338,94.6781,88930.4,9402.22,9.04183e+06
57.3417,165.978,-106.366,96.7459,89393,9502.98,8.86262e+06
57.3583,166.712,-112.762,90.7897,70742.9,9037.43,8.83954e+06
57.3750,169.586,-112.108,95.0312,99377.6,11396.2,8.89671e+06
57.3917,173.233,-107.301,103.724,125732,13956.2,8.78568e+06
57.4083,176.307,-107.159,107.447,170752,14811.3,0
57.4250,173.563,-105.301,105.908,205395,13389,9.30353e+06
57.4417,169.556,-97.3401,108.733,224899,12661.8,9.19605e+06
57.4583,165.926,-75.2491,122.602,344482,19962.6,7.95611e+06
57.4750,149.546,-82.5724,98.8312,266563,22677.3,8.80129e+06
57.4917,153.017,-89.4633,96.3192,223087,20261.4,9.71176e+06
57.5083,161.904,-95.0089,100.24,205361,17082.9,8.00432e+06
57.5250,155.078,-85.9805,100.93,202351,15416.2,8.06354e+06
57.5417,149.303,-74.8702,103.887,208669,17577.5,8.18083e+06
57.5583,147.819,-78.934,98.892,201364,15595.5,9.17846e+06
57.5750,143.82,-86.5442,87.9119,183953,12537.9,8.29351e+06
57.5917,147.665,-117.508,55.9491,136228,12190.5,7.97723e+06
57.6083,171.201,-138.335,60.9901,156644,12191.1,9.04739e+06
57.6250,172.343,-138.006,63.97,194074,13862.4,9.32237e+06
57.6417,179.172,-144.025,65.0437,197752,15551,8.80577e+06
57.6583,194.312,-157.888,67.7046,228737,18914.6,9.34053e+06
57.6750,200.573,-161.472,72.2937,235835,20579.9,8.65168e+06
57.6917,202.774,-158.559,79.6884,434488,26155.8,9.1747e+06
57.7083,196.873,-149.588,82.786,501768,31301.8,9.49077e+06
57.7250,189.412,-140.876,84.4667,559282,38613.1,8.52707e+06
57.7417,192.213,-143.74,84.8292,881205,54467.5,8.1878e+06
57.7583,191.5,-143.549,84.3913,456040,45250.5,8.56108e+06
57.7750,199.684,-156.339,77.6913,421155,52976.7,8.93247e+06
57.7917,212.24,-171.143,72.738,631125,64213.6,9.03462e+06
57.8083,222.294,-173.834,80.2698,665951,72285.4,8.83456e+06
57.8250,218.459,-165.989,88.0772,678237,63679.6,8.41924e+06
57.8417,210.276,-158.645,88.2706,642223,64403.4,8.80531e+06
57.8583,208.706,-158.202,88.2233,681623,74369.5,8.1454e+06
57.8750,213.004,-171.106,76.4308,543291,63878.6,8.07614e+06
57.8917,229.013,-190.893,69.5807,495018,67189.8,8.61195e+06
57.9083,218.593,-180.09,70.0433,494094,85622.7,9.18904e+06
57.9250,217.983,-175.979,75.5179,672156,75523.5,9.44355e+06
57.9417,217.159,-168.09,80.1223,533777,95275.1,9.22295e+06
57.9583,224.751,-176.993,75.8384,591095,101186,9.28561e+06
57.9750,217.217,-177.54,71.8001,533673,100592,9.76897e+06
57.9917,216.073,-180.341,64.2624,489294,94432.9,9.25448e+06
58.0083,216.822,-187.353,49.1264,486606,91080.6,9.61602e+06
58.0250,219.88,-192.983,44.304,451511,78604,0
58.0417,208.057,-180.712,45.5269,523081,72802.3,9.23877e+06
58.0583,197.111,-168.006,52.1922,499360,69366.2,9.51709e+06
58.0750,189.723,-156.47,57.8496,518434,72056.2,9.17925e+06
58.0917,199.192,-167.659,57.7242,476480,55555.1,9.50332e+06
58.1083,209.124,-181.694,49.3374,436905,44591.1,9.37903e+06
58.1250,207.104,-184.041,40.1674,447012,41662.4,9.24014e+06
58.1417,206.119,-184.103,38.3739,454682,42035.7,9.29114e+06
58.1583,207.161,-186.543,35.5316,462147,43128.5,9.42436e+06
58.1750,209.711,-189.84,33.4487,467633,39197.3,9.37458e+06
58.1917,207.602,-187.237,34.7032,455032,33204,9.69205e+06
58.2083,208.345,-188.183,34.2687,395428,29148.7,9.51416e+06
58.2250,207.653,-188.897,31.1901,353328,31817.7,0
58.2417,206.141,-188.135,29.4095,305081,38047.5,9.92287e+06
58.2583,205.442,-187.475,28.2892,315106,43442.9,9.60698e+06
58.2750,222.027,-202.681,30.5309,239410,31903.9,8.96071e+06
58.2917,231.46,-210.177,34.3826,159245,17350.1,8.91921e+06
58.3083,226.12,-207.836,27.4001,257256,26690.5,9.25195e+06
58.3250,222.723,-203.85,29.0017,399023,23539.4,9.3282e+06
58.3417,229.652,-210.442,28.8357,360981,18860.7,9.22984e+06
58.3583,227.252,-209.41,26.0602,340122,13508.6,9.39008e+06
58.3750,228.363,-211.388,23.592,286972,13655,8.68014e+06
58.3917,236.899,-221.379,19.6247,262291,13340.4,8.47806e+06
58.4083,242.758,-227.575,18.0239,206968,9826,8.67279e+06
58.4250,243.335,-229.197,14.1746,190993,7634.03,8.83184e+06
58.4417,240.942,-227.555,11.5703,207813,8514.39,8.89789e+06
58.4583,244.995,-230.093,15.5968,203621,10513.3,9.3014e+06
58.4750,245.702,-229.343,19.4317,241446,13903.7,8.55546e+06
58.4917,234.831,-218.9,19.1748,239174,16442,9.2132e+06
58.5083,209.65,-195.84,16.0675,255809,12784.8,9.17244e+06
58.5250,201.415,-188.557,13.4011,227205,7594.26,9.09543e+06
58.5417,197.317,-187.31,5.24898,161711,4047.01,8.25134e+06
58.5583,195.748,-190.046,-11.149,128333,1762.32,7.8146e+06
58.5750,199.909,-194.633,-15.5095,106069,1017.21,7.77793e+06
58.5917,209.594,-203.724,-13.9831,79238,621.047,7.62126e+06
58.6083,219.569,-212.251,-7.85087,76165.2,682.278,7.70547e+06
58.6250,222.885,-213.309,2.06505,120630,1507.78,8.41297e+06
58.6417,228.672,-217.593,5.66891,134237,2033.68,8.28489e+06
58.6583,222.736,-212.791,1.08206,146403,1971.18,8.93387e+06
58.6750,211.914,-202.122,1.89468,137720,1779.4,8.98501e+06
58.6917,219.411,-210.531,-0.429678,131259,2165.35,8.5932e+06
58.7083,240.481,-231.212,-1.58671,95788,2807.97,7.59708e+06
58.7250,240.266,-232.534,-7.64218,82602.8,3065.11,6.16238e+06
58.7417,216.557,-211.423,-17.6308,114349,2902.16,7.03104e+06
58.7583,196.545,-192.166,-23.303,130819,3075.82,7.23723e+06
58.7750,194.395,-190.072,-24.7185,126889,2116.43,6.62672e+06
58.7917,196.352,-191.425,-31.1715,71849.7,418.494,6.8413e+06
58.8083,208.686,-204.755,-33.3849,54752.8,309.288,6.42951e+06
58.8250,208.955,-205.69,-29.408,50358.5,304.495,7.16613e+06
58.8417,207.48,-204.001,-25.9202,43928.9,271.573,6.3124e+06
58.8583,206.177,-202.412,-21.6209,46330.5,282.084,5.75829e+06
58.8750,205.759,-202.343,-21.787,45546.5,227.399,5.34058e+06
58.8917,206.199,-203.027,-23.9463,37673.1,188.93,4.72006e+06
58.9083,207.557,-204.102,-23.49,36628.4,220.596,4.75957e+06
58.9250,204.487,-200.696,-20.9633,43368.9,207.073,5.0714e+06
58.9417,207.793,-203.356,-17.9012,44333.1,230.898,5.47283e+06
58.9583,213.24,-208.197,-15.7343,47406.8,335.154,5.01824e+06
58.9750,216.212,-210.891,-14.9515,42050,359.902,5.00153e+06
58.9917,217.47,-212.242,-17.3512,38359.8,253.935,4.88882e+06
59.0083,226.723,-221.473,-20.191,39080.4,264.973,5.82376e+06
59.0250,228.617,-223.535,-21.8432,48623.1,336.794,6.36689e+06
59.0417,227.541,-222.491,-20.9888,55841.7,433.547,7.25741e+06
59.0583,223.124,-217.865,-18.4894,61980.4,473.259,7.60192e+06
59.0750,217.45,-213.062,-19.615,66445.7,589.447,7.63685e+06
59.0917,213.785,-209.584,-19.551,80890.5,985.919,7.70679e+06
59.1083,212.001,-207.382,-18.5,80074.3,1102.83,7.67751e+06
59.1250,210.34,-204.083,-13.1614,77287.7,974.414,7.72093e+06
59.1417,212.888,-205.795,-12.6548,71179.4,957.853,7.81998e+06
59.1583,217.459,-209.471,-9.95122,58829,1036.85,7.72709e+06
59.1750,222.245,-212.756,-8.06112,45253.8,897.987,7.67446e+06
59.1917,227.2,-215.007,-4.50867,20096.8,486.724,8.27079e+06
59.2083,227.344,-215.71,-2.58816,5813.19,179.647,7.43907e+06
59.2250,228.97,-217.567,-2.48094,4046.74,164.144,7.49813e+06
59.2417,229.196,-218.149,-5.2444,2533.84,146.614,7.04704e+06
59.2583,230.307,-219.133,-5.02314,2089.41,124.575,6.77799e+06
59.2750,228.917,-217.542,-1.96799,2186.29,116.203,6.47117e+06
59.2917,227.24,-215.883,0.122585,2549.99,139.302,6.83874e+06
59.3083,227.194,-215.916,1.03782,3011.83,146.797,7.46352e+06
59.3250,225.395,-213.965,2.19104,3241.23,156.198,7.69485e+06
59.3417,223.162,-211.01,4.5262,3817.41,148.744,7.82292e+06
59.3583,223.816,-210.88,7.05817,5184.42,213.01,7.80775e+06
59.3750,223.363,-210.799,6.10016,6039.9,226.749,7.85642e+06
59.3917,220.236,-209.629,-0.143646,4253.42,146.01,7.77411e+06
59.4083,218.332,-208.905,-2.93449,3126.89,122.636,7.63295e+06
59.4250,220.298,-212.297,-7.91246,3238.06,122.645,7.17594e+06
59.4417,220.821,-213.361,-10.1602,3266.62,123.884,7.21833e+06
59.4583,222.627,-215.878,-11.3649,3289.22,129.131,7.12238e+06
59.4750,227.534,-220.332,-9.20693,3617.19,148.438,7.27524e+06
59.4917,229.946,-222.044,-5.80669,4396.19,185.331,7.65602e+06
59.5083,238.763,-230.496,-5.74711,5373.38,221.855,7.39372e+06
59.5250,249.724,-241.902,-8.04223,6507.92,306.37,7.48401e+06
59.5417,238.387,-229.586,-2.39181,6242.02,304.617,7.73127e+06
59.5583,222.446,-212.572,3.52444,5864.13,345.019,7.55271e+06
59.5750,213.966,-202.765,7.80256,5291.06,308.113,7.76006e+06
59.5917,216.153,-204.395,8.54894,5698.93,381.914,7.61581e+06
59.6083,226.956,-219.273,-6.38937,6934.4,492.799,8.45171e+06
59.6250,235.27,-226.698,-8.04176,7904.66,601.415,9.17268e+06
59.6417,237.481,-230.502,-16.6792,9572.16,813.94,8.65255e+06
59.6583,231.214,-225.455,-18.3692,12553.1,1262.89,8.68407e+06
59.6750,222.798,-215.657,-9.00966,22417.7,2220.13,8.9778e+06
59.6917,219.927,-214.234,-14.3631,33249.3,2233.88,7.95136e+06
59.7083,222.316,-216.619,-14.2448,29258.8,1518.8,7.67701e+06
59.7250,221.992,-214.49,-12.4567,20241.1,1046.1,8.70842e+06
59.7417,226.006,-214.691,-7.19029,10902.7,616.49,9.15267e+06
59.7583,232.186,-219.5,-7.72979,7548.59,440.034,8.86934e+06
59.7750,234.58,-225.869,-8.91328,16109.1,671.814,7.63602e+06
59.7917,234.405,-228.349,-13.729,29727.9,1160.86,7.44421e+06
59.8083,231.198,-225.192,-14.1108,27446,988.9,7.28082e+06
59.8250,232.73,-225.677,-9.62673,15321.9,539.067,7.54552e+06
59.8417,234.592,-226.908,-7.83317,11508.7,383.279,7.46231e+06
59.8583,234.361,-226.85,-9.05234,10120.9,351.289,7.36245e+06
59.8750,235.144,-228.649,-13.7718,11185.5,341.882,7.12468e+06
59.8917,235.94,-229.969,-16.0974,11997.7,329.521,6.63523e+06
59.9083,235.106,-229.162,-16.4234,13575.8,394.978,6.60721e+06
59.9250,234.373,-227.723,-11.8166,16323,429.387,7.04006e+06
59.9417,235.608,-228.774,-12.3164,18868.8,428.405,6.86695e+06
59.9583,237.595,-229.513,-8.77578,16991.1,335.67,6.48943e+06
59.9750,236.637,-226.946,-4.14304,16043.6,315.35,6.6878e+06
59.9917,232.857,-222.411,-1.85932,16685.1,297.401,6.75432e+06
60.0083,229.666,-218.979,-0.178714,16287,279.524,6.97692e+06
60.0250,232.345,-220.438,2.44794,14395.5,219.834,7.03785e+06
60.0417,230.322,-216.325,11.3572,11257.5,166.004,6.97126e+06
60.0583,222.144,-204.751,25.5269,10318.1,165.422,7.38958e+06
60.0750,218.492,-202.027,24.8704,9873.45,175.123,7.65399e+06
60.0917,215.209,-199.406,23.43,8868.89,186.901,7.62492e+06
60.1083,214.931,-197.778,26.4274,6874.27,217.607,7.70928e+06
60.1250,216.71,-199.139,27.0719,7231.12,204.507,7.72798e+06
60.1417,218.812,-201.499,24.4841,7821.46,197.245,7.8337e+06
60.1583,209.281,-195.225,17.2411,4730.48,255.615,8.1584e+06
60.1750,208.987,-199.156,5.38165,2482.58,138.394,7.84922e+06
60.1917,207.885,-197.983,4.41356,1751.64,85.7393,7.62961e+06
60.2083,204.888,-194.129,7.13398,1736.16,74.6031,7.56173e+06
60.2250,203.404,-192.689,6.81183,1470,71.6773,7.44536e+06
60.2417,201.65,-191.923,2.64637,1197.17,63.9494,7.44223e+06
60.2583,204.643,-195.09,0.0420318,1089.74,69.3195,7.44036e+06
60.2750,208.437,-198.131,-0.592311,1033.86,64.5758,7.22181e+06
60.2917,214.351,-203.671,-1.01391,1052.27,65.3278,7.37964e+06
60.3083,220.073,-209.929,-4.86526,1100.64,58.1178,7.58813e+06
60.3250,222.255,-211.553,-5.57103,1105.21,62.8906,7.62197e+06
60.3417,222.323,-211.842,-8.42615,1043.52,64.5337,7.66023e+06
60.3583,219.338,-208.652,-4.71265,882.731,60.2628,7.72192e+06
60.3750,218.66,-207.306,0.691918,694.586,50.9826,7.75549e+06
60.3917,219.187,-207.403,0.811329,620.379,43.8753,7.66907e+06
60.4083,220.924,-208.361,1.99275,516.171,43.6025,7.53776e+06
60.4250,223.152,-209.093,4.56427,441.248,36.9086,7.43602e+06
60.4417,224.798,-208.781,7.48211,382.419,31.7497,7.61196e+06
60.4583,223.65,-205.562,7.48475,286.279,28.7021,7.56969e+06
60.4750,229.7,-212.465,5.56825,197.927,23.126,7.65075e+06
60.4917,232.303,-215.707,1.89948,220.608,36.8189,7.42925e+06
60.5083,237.336,-218.628,5.12027,212.181,40.3271,5.61727e+06
60.5250,241.706,-216.514,14.2762,212.044,37.4279,4.4156e+06
60.5417,243.896,-212.038,21.7397,187.289,29.3454,4.46787e+06
60.5583,241.204,-196.096,38.6135,117.302,23.2961,4.15687e+06
60.5750,241.177,-191.363,47.3829,99.038,22.5022,4.00539e+06
60.5917,244.628,-190.965,59.8934,144.544,31.6088,4.61316e+06
60.6083,242.028,-182.705,76.0251,2398.31,278.539,4.09619e+06
60.6250,225.44,-172.637,81.0922,17162.3,1536.16,3.84505e+06
60.6417,216.374,-155.821,96.0742,27621.4,1826.66,3.86596e+06
60.6583,193.786,-136.192,96.1948,69174,3697.35,5.09491e+06
60.6750,197.551,-146.056,81.1987,40953.6,4049.41,5.38178e+06
60.6917,208.14,-159.13,81.7905,40779.3,3557.05,4.8775e+06
60.7083,202.671,-148.693,88.8274,50994,3582.8,4.63274e+06
60.7250,195.86,-148.988,82.4557,66487.5,5240.92,4.96234e+06
60.7417,192.824,-141.221,90.8143,79521,7317.65,5.82616e+06
60.7583,196.826,-149.687,87.8464,87142.7,10287.3,6.25147e+06
60.7750,188.812,-143.758,83.0259,126148,35813.2,6.57006e+06
60.7917,176.41,-134.337,73.8895,125761,35405.8,6.33737e+06
60.8083,166.305,-118.198,79.7733,205518,68777.4,6.92605e+06
60.8250,154.034,-103.554,78.8895,310412,139388,6.9144e+06
60.8417,170.278,-124.47,78.5036,436177,231437,7.13956e+06
60.8583,179.476,-109.52,105.058,1.0708e+06,333454,6.25976e+06
60.8750,161.111,-110.679,82.8491,1.01385e+06,375858,6.86368e+06
60.8917,171.004,-120.947,85.8955,887501,319376,6.54685e+06
60.9083,175.609,-118.776,93.9362,1.04557e+06,347257,5.54317e+06
60.9250,163.637,-105.975,91.4055,1.20048e+06,398186,5.81554e+06
60.9417,153.453,-85.3004,97.4484,1.42201e+06,468700,5.48688e+06
60.9583,159.361,-102.391,87.8471,1.39451e+06,389768,5.99986e+06
60.9750,158.055,-108.326,82.5588,1.38137e+06,259226,5.5957e+06
60.9917,161.174,-102.542,93.1914,1.4229e+06,282147,4.75528e+06
61.0083,161.667,-99.2514,97.6913,1.37693e+06,289280,4.58495e+06
61.0250,167.762,-109.95,91.7527,1.16898e+06,252610,4.71771e+06
61.0417,164.655,-102.329,95.5596,1.27237e+06,321514,5.35899e+06
61.0583,156.742,-92.3467,94.9483,1.34094e+06,354907,5.62624e+06
61.0750,151.03,-90.4529,91.3361,1.19154e+06,263491,5.30259e+06
61.0917,157.135,-95.1373,94.1702,1.37194e+06,347590,5.35526e+06
61.1083,160.061,-98.1729,95.819,1.50681e+06,361129,5.14267e+06
61.1250,159.62,-91.5644,101.069,1.45742e+06,338523,5.23249e+06
61.1417,159.475,-88.6908,104.781,1.32514e+06,357853,5.39213e+06
61.1583,158.881,-82.3891,110.988,1.68224e+06,506177,4.85934e+06
61.1750,154.232,-80.2815,108.528,1.76143e+06,559546,4.54977e+06
61.1917,160.756,-82.4424,115.386,1.66211e+06,546390,4.25937e+06
61.2083,159.871,-79.7254,116.016,1.61733e+06,578497,4.36493e+06
61.2250,154.999,-73.4415,114.061,1.53671e+06,538016,4.5061e+06
61.2417,153.145,-81.747,104.839,1.35862e+06,466429,4.70796e+06
61.2583,150.029,-89.1255,94.3703,1.09467e+06,367039,5.43841e+06
61.2750,154.098,-91.0128,98.8926,1.21973e+06,420257,5.56867e+06
61.2917,156.425,-94.7604,99.0796,1.22683e+06,426659,4.80069e+06
61.3083,155.11,-94.6226,97.4379,1.24297e+06,475013,4.58053e+06
61.3250,152.023,-96.4689,90.5886,1.14174e+06,397721,5.13977e+06
61.3417,152.541,-98.8698,87.596,1.09007e+06,305875,5.52128e+06
61.3583,153.643,-98.6605,89.6569,1.05716e+06,288815,5.48601e+06
61.3750,150.912,-97.2477,87.6072,1.05397e+06,312432,5.60475e+06
61.3917,148.641,-97.9329,84.322,1.03995e+06,276048,5.71926e+06
61.4083,151.972,-101.468,85.2412,1.02544e+06,258093,5.62071e+06
61.4250,151.133,-104.525,81.1778,984767,243959,5.96637e+06
61.4417,146.946,-103.411,76.7563,1.01629e+06,244247,6.00935e+06
61.4583,146.451,-103.812,75.8485,1.02678e+06,243837,6.08619e+06
61.4750,145.5,-107.246,71.159,982549,240039,6.21033e+06
61.4917,141.707,-102.521,72.1559,1.03223e+06,250324,6.63823e+06
61.5083,142.695,-98.5527,77.8765,1.21635e+06,281354,5.75791e+06
61.5250,146.406,-104.306,76.411,1.23855e+06,266509,5.98278e+06
61.5417,147.375,-105.872,75.2254,1.11839e+06,224537,6.29404e+06
61.5583,147.62,-100.632,83.7682,1.3425e+06,256577,6.04298e+06
61.5750,147.235,-100.029,84.3034,1.33547e+06,273160,5.7694e+06
61.5917,146.767,-108.586,70.554,1.21091e+06,230092,6.33978e+06
61.6083,144.335,-110.87,59.7273,1.09548e+06,185697,6.25514e+06
61.6250,143.213,-105.114,69.6104,1.03687e+06,164588,6.14543e+06
61.6417,145.544,-100.074,83.1571,1.16874e+06,188669,5.37597e+06
61.6583,145.543,-101.919,81.4974,1.25672e+06,203069,5.23256e+06
61.6750,142.187,-101.467,76.1964,1.21219e+06,186158,5.77064e+06
61.6917,143.611,-100.883,78.6474,1.21723e+06,194620,5.87886e+06
61.7083,146.61,-102.74,82.5628,1.01271e+06,165052,4.60335e+06
61.7250,151.029,-108.554,81.5106,944090,157691,4.4433e+06
61.7417,155.611,-114.143,82.6263,994354,157254,4.61323e+06
61.7583,162.987,-126.092,80.1786,935933,135374,5.06321e+06
61.7750,169.403,-134.422,80.6347,852632,94713.6,5.22174e+06
61.7917,171.311,-133.561,85.3152,687100,70999,6.08421e+06
61.8083,170.961,-132.46,86.4414,600934,60969.5,7.22222e+06
61.8250,169.578,-131.612,85.5829,662017,64157.8,7.11724e+06
61.8417,164.38,-128.386,81.6925,700359,63550.9,7.42306e+06
61.8583,162.664,-127.094,80.6896,672304,53616.6,7.04544e+06
61.8750,165.95,-134.193,76.5059,536365,31434.1,6.41819e+06
61.8917,159.876,-128.473,75.4119,548200,22607.4,8.81845e+06
61.9083,149.675,-118.994,72.6449,482707,14730.8,8.55184e+06
61.9250,153.724,-125.696,68.7476,386500,7678.26,5.54006e+06
61.9417,168.853,-136.832,76.8582,328226,8125.57,6.93694e+06
61.9583,175.573,-139.792,83.0938,412602,12344.4,8.46803e+06
61.9750,178.568,-144.763,75.1345,481664,23556.9,8.17898e+06
61.9917,180.337,-144.067,81.4817,534501,28850.1,7.17433e+06
62.0083,177.436,-137.168,88.3628,423187,16819.9,7.19574e+06
62.0250,175.877,-129.492,96.5565,387570,11449,7.5509e+06
62.0417,174.527,-130.907,94.2189,444462,15040.8,7.41504e+06
62.0583,175.437,-133.92,93.0005,487201,21481.5,7.37826e+06
62.0750,178.17,-138.006,92.596,510119,23188.9,7.36067e+06
62.0917,177.686,-141.502,88.557,512583,19888.8,7.51412e+06
62.1083,174.598,-133.931,93.6218,577907,22888.8,7.50072e+06
62.1250,172.231,-128.95,96.388,580487,18561.2,6.52234e+06
62.1417,167.671,-124.424,96.2217,632407,18028.7,6.90442e+06
62.1583,162.034,-117.783,96.4535,662072,15103.2,6.98412e+06
62.1750,159.204,-112.375,98.8456,723445,12348.5,7.86328e+06
62.1917,160.426,-108.469,104.84,670391,7274.72,8.75963e+06
62.2083,163.381,-119.187,97.1135,497545,4345.98,8.66724e+06
62.2250,166.738,-131.555,87.0277,306629,2177.54,9.11164e+06
62.2417,163.996,-126.757,89.5161,219428,867.718,0
62.2583,163.057,-128.222,85.5679,153539,811.807,0
62.2750,168.049,-140.459,74.4179,103376,689.587,9.7364e+06
62.2917,178.994,-153.275,71.4716,35121,298.177,7.78191e+06
62.3083,187.374,-162.693,73.0607,8409.58,132.617,5.8775e+06
62.3250,185.259,-159.747,72.5828,22583,250.129,8.29341e+06
62.3417,173.381,-139.902,85.8454,35846.5,397.099,8.96993e+06
62.3583,164.339,-134.252,80.2401,45516.6,594.257,8.82877e+06
62.3750,159.568,-132.497,75.678,50100.8,874.173,9.58538e+06
62.3917,168.314,-136.475,85.1358,29710.5,808.598,8.57582e+06
62.4083,167.899,-137.33,82.9209,24264.5,987.445,8.46775e+06
62.4250,164.97,-132.567,85.6388,10417.5,471.7,7.8016e+06
62.4417,156.462,-121.966,86.6046,13693.7,717.893,8.2866e+06
62.4583,146.866,-121.273,70.7958,19756.2,1395.84,9.54626e+06
62.4750,136.656,-115.057,62.1092,13804.4,1119.56,9.44629e+06
62.4917,135.063,-114.732,58.525,11228,894.752,9.71689e+06
62.5083,151.826,-130.657,61.9937,7428.54,745.495,9.43622e+06
62.5250,178.501,-155.938,72.3272,2191.93,212.96,3.87118e+06
62.5417,184.839,-144.874,87.5292,869.269,128.767,4.38707e+06
62.5583,188.845,-149.108,68.7581,476.396,82.5005,3.60807e+06
62.5750,194.434,-152.274,62.3883,104.042,19.4013,1.12701e+06
62.5917,195.654,-155.781,58.0223,94.5189,20.4964,563808
62.6083,193.297,-159.932,72.1088,367.218,105.874,3.02296e+06
62.6250,191.864,-160.358,68.4044,367.063,123.956,6.16238e+06
62.6417,203.016,-166.592,71.271,106.314,21.7415,2.78218e+06
62.6583,204.55,-165.353,69.3455,312.446,95.4987,4.67212e+06
62.6750,204.718,-169.641,73.1777,203.597,66.2045,5.52293e+06
62.6917,208.331,-167.116,77.6158,194.326,59.035,5.04234e+06
62.7083,209.84,-177.916,71.897,234.621,69.2132,6.53877e+06
62.7250,211.61,-170.204,88.6995,528.398,181.884,7.81537e+06
62.7417,205.934,-181.422,61.6686,908.373,212.625,7.4224e+06
62.7583,197.34,-167.934,76.735,3647.26,1291.29,5.88238e+06
62.7750,193.577,-160.475,96.3423,8163.29,2609.43,5.85846e+06
62.7917,208.572,-169.303,112.058,4339.32,1150.4,6.63834e+06
62.8083,208.38,-163.935,119.376,3624.89,829.931,5.88646e+06
62.8250,196.932,-138.233,121.042,4004.84,1280.08,5.73407e+06
62.8417,178.444,-116.258,112.687,13615.1,5997.03,6.25763e+06
62.8583,182.769,-138.254,99.6263,12379.6,6353.17,7.42994e+06
62.8750,185.559,-134.354,106.939,25458.9,13545.2,7.69519e+06
62.8917,178.95,-123.371,110.867,52143,34740.5,7.34471e+06
62.9083,169.931,-116.744,103.908,71603.9,39367,7.79045e+06
62.9250,159.526,-110.603,96.9113,111205,50368.4,8.02758e+06
62.9417,148.575,-85.6947,99.6111,151716,86327.5,7.47678e+06
62.9583,159.499,-90.9552,109.282,229063,114549,7.66924e+06
62.9750,156.323,-79.8001,111.075,273309,128014,7.72626e+06
62.9917,147.918,-77.6441,112.382,260301,107245,8.14251e+06
63.0083,153.508,-86.2845,109.697,184590,66579,7.69334e+06
63.0250,169.29,-126.909,108.196,67998.5,34927.8,7.19947e+06
63.0417,171.33,-131.136,107.902,53517.9,18216.6,6.54468e+06
63.0583,166.968,-127.671,105.427,55642.4,15857.3,6.60928e+06
63.0750,162.365,-124.634,101.367,76488.5,22098.8,6.6133e+06
63.0917,163.022,-116.792,111.578,170020,38447.8,7.00579e+06
63.1083,164.025,-119.009,110.694,212177,49119.1,6.77902e+06
63.1250,163.389,-118.436,110.385,233194,52718.1,7.2888e+06
63.1417,132.607,-64.7645,95.3279,575568,138741,6.93812e+06
63.1583,135.655,-72.2253,92.6702,650811,158415,6.98688e+06
63.1750,125.756,-63.3508,84.4096,955772,179361,6.60252e+06
63.1917,126.655,-61.602,89.4892,1.02568e+06,175514,6.04604e+06
63.2083,129.892,-70.9195,94.0246,846307,160587,6.77157e+06
63.2250,136.081,-78.5239,98.3622,688505,154280,7.25632e+06
63.2417,140.039,-84.9796,99.5051,517240,147118,7.40026e+06
63.2583,128.492,-58.7387,103.941,593796,184345,7.34037e+06
63.2750,128.198,-49.1843,103.626,685044,206796,6.97903e+06
63.2917,123.984,-56.3492,95.026,688281,197064,6.59939e+06
63.3083,122.576,-59.1314,93.2944,736259,183742,7.10313e+06
63.3250,134.037,-70.4281,99.4441,774885,176012,7.47389e+06
63.3417,136.479,-76.1733,100.667,805115,158505,7.07346e+06
63.3583,140.389,-82.5591,100.005,699110,136630,5.92157e+06
63.3750,146.063,-72.3606,110.696,728686,169455,5.91467e+06
63.3917,147.013,-75.4001,110.87,712323,156570,5.95892e+06
63.4083,143.229,-77.1711,105.44,651106,151348,6.25034e+06
63.4250,146.573,-81.212,104.158,664140,158092,6.30432e+06
63.4417,143.907,-76.3262,104.7,709305,160736,6.30535e+06
63.4583,149.056,-73.5404,112.554,854412,185719,6.58563e+06
63.4750,145.122,-77.0271,106.933,891415,182364,6.80027e+06
63.4917,152.083,-82.7689,110.428,941367,174176,7.13756e+06
63.5083,154.199,-85.9907,111.812,991207,166584,7.38091e+06
63.5250,155.549,-91.5336,113.681,911978,144265,6.6682e+06
63.5417,147.121,-102.824,103.831,684262,110860,5.94502e+06
63.5583,142.753,-96.7176,101.958,702107,107237,6.12206e+06
63.5750,139.102,-88.9493,101.857,806277,120870,6.04434e+06
63.5917,137.161,-82.5267,103.458,905535,150179,6.37429e+06
63.6083,141.825,-82.4432,107.375,897723,152634,5.654e+06
63.6250,143.451,-81.1121,112.524,984819,161915,5.99371e+06
63.6417,148.497,-85.5899,115.873,943390,128393,4.8194e+06
63.6583,148.244,-87.6059,115.747,816085,99231.6,5.09014e+06
63.6750,153.309,-95.5039,119.249,782320,85363,4.93206e+06
63.6917,150.351,-91.046,118.897,830327,99508.6,5.00868e+06
63.7083,153.314,-99.248,119.53,673139,71252.9,4.79006e+06
63.7250,146.75,-95.2674,115.739,731128,70198.2,5.42211e+06
63.7417,144.892,-95.895,113.316,647515,61813.4,5.17723e+06
63.7583,144.578,-94.5759,113.071,648582,67113.6,5.18056e+06
63.7750,141.417,-89.2637,111.176,567997,60422.1,5.13433e+06
63.7917,139.107,-81.2465,112.182,670640,87072.2,5.84378e+06
63.8083,140.943,-89.6428,107.811,636412,70964.8,5.59543e+06
63.8250,140.734,-88.1754,112.489,701182,63795.1,4.93452e+06
63.8417,137.638,-84.7467,110.59,704549,64992.5,5.52927e+06
63.8583,135.883,-82.1517,109.197,730238,80201.3,5.44689e+06
63.8750,136.375,-83.6594,109.822,680780,72515,5.61998e+06
63.8917,133.724,-80.147,109.185,666847,67620.7,6.20804e+06
63.9083,131.502,-76.1762,109.103,686583,68742,6.26528e+06
63.9250,132.606,-80.4471,108.796,613570,58115.5,6.27111e+06
63.9417,132.021,-81.5464,108.267,604357,53527.3,6.34389e+06
63.9583,127.317,-77.7566,105.037,721765,60138.4,6.32699e+06
63.9750,126.759,-73.0893,107.639,668767,61245.9,6.05009e+06
63.9917,129.997,-74.2254,109.04,607729,58164.6,6.19058e+06
64.0083,130.518,-71.7955,110.139,627891,63508.1,6.19037e+06
64.0250,131.733,-74.4069,108.729,622094,63056.9,6.15269e+06
64.0417,133.012,-80.3298,105.779,618738,50372,6.04031e+06
64.0583,141.806,-97.1844,111.377,486337,38171.6,6.16747e+06
64.0750,138.256,-102.327,100.772,390773,24284.5,6.07221e+06
64.0917,137.5,-103.99,97.417,377256,25496,6.10152e+06
64.1083,131.882,-94.123,94.8242,316439,23815.1,6.12498e+06
64.1250,132.283,-91.2303,101.318,456673,36817.9,6.42774e+06
64.1417,131.691,-97.5302,97.1118,533232,32938.4,7.04874e+06
64.1583,135.04,-97.2718,98.4416,488301,30849.1,7.46413e+06
64.1750,136.657,-98.9821,104.48,410913,31888,8.11911e+06
64.1917,137.033,-95.4006,107.927,194036,16783.3,8.41777e+06
64.2083,132.652,-89.906,62.2864,27557.8,2781.34,5.69897e+06
64.2250,127.528,-73.2701,69.8093,28062.7,3519.93,6.97181e+06
64.2417,112.177,-85.1784,70.846,152468,12299.8,8.69089e+06
64.2583,123.916,-94.4773,83.4621,183485,9500.33,8.26065e+06
64.2750,116.548,-86.4066,84.404,283018,13099.3,8.51949e+06
64.2917,115.631,-83.9344,88.5233,265247,11416.3,8.9049e+06
64.3083,109.273,-80.4797,82.544,297553,11694.5,9.275e+06
64.3250,107.252,-75.2508,84.0095,338404,10889.3,9.16268e+06
64.3417,110.414,-76.8985,88.9692,365732,11552.5,8.6557e+06
64.3583,111.234,-75.5516,91.1979,348812,11361.4,8.87427e+06
64.3750,100.468,-63.9931,85.8797,379049,12507,9.28405e+06
64.3917,95.2622,-57.1506,83.7164,409281,13069.2,9.54919e+06
64.4083,101.148,-55.3025,91.4343,379799,13633.1,8.22567e+06
64.4250,107.103,-65.4946,92.4873,385752,12031.1,7.99569e+06
64.4417,117.997,-75.5513,99.3866,320209,9888.78,8.05888e+06
64.4583,121.255,-80.1654,101.649,295398,9026.75,7.9951e+06
64.4750,119.57,-77.3529,101.322,256174,8036.71,8.29017e+06
64.4917,121.91,-75.6415,105.842,259407,8395.68,8.51586e+06
64.5083,118.553,-71.5809,103.902,216951,8104.65,8.40358e+06
64.5250,116.607,-72.5015,101.129,182690,7142.93,8.38481e+06
64.5417,116.638,-76.1371,99.0241,170717,6528.78,8.94312e+06
64.5583,108.948,-61.1512,97.7969,201565,7838.03,8.95863e+06
64.5750,108.113,-61.5953,96.4325,215085,7843.01,9.64468e+06
64.5917,109.566,-64.7701,97.0412,222953,8093.45,9.62955e+06
64.6083,108.111,-67.1686,94.6734,257429,10226.1,8.97785e+06
64.6250,98.4024,-60.1933,87.0421,265912,11287.8,8.48781e+06
64.6417,92.7359,-51.2233,84.6911,219261,9256.8,8.11761e+06
64.6583,90.1511,-47.3828,82.9443,193675,7649.58,7.92174e+06
64.6750,90.669,-48.5707,83.5473,190328,7261.44,7.9956e+06
64.6917,91.6524,-50.6799,83.6424,178568,6680.17,8.11556e+06
64.7083,94.326,-51.4732,85.8284,184984,6151.01,8.15711e+06
64.7250,95.4098,-51.93,86.1098,203910,5675.66,8.36799e+06
64.7417,92.8221,-49.8999,83.1908,169082,5406.22,8.66147e+06
64.7583,95.4498,-53.4203,85.2523,155566,5035.27,9.0507e+06
64.7750,95.1519,-48.5817,85.6979,161212,5978.66,9.51705e+06
64.7917,93.3721,-44.589,84.1907,176644,6628.87,9.88244e+06
64.8083,92.5068,-44.8935,81.8654,172718,7433.58,9.28292e+06
64.8250,96.048,-44.5592,84.3462,197803,9408.52,8.71325e+06
64.8417,97.2663,-42.7068,87.1618,218896,11026.7,8.84598e+06
64.8583,96.4184,-40.2035,85.5261,218799,11513.4,8.85873e+06
64.8750,98.0732,-42.8056,84.981,204571,11188.4,9.38326e+06
64.8917,97.4117,-39.9053,83.93,193792,11831.5,9.56124e+06
64.9083,97.1558,-39.9459,82.9258,188512,11557.6,9.33825e+06
64.9250,98.0241,-43.1944,84.2579,191534,11501.4,9.17785e+06
64.9417,98.6178,-44.8241,84.7013,186446,11307.2,9.11998e+06
64.9583,100.386,-46.6224,86.3615,192551,11207.5,9.29605e+06
64.9750,101,-46.3521,87.4428,193444,9807.05,9.40393e+06
64.9917,102.481,-43.706,87.8955,207356,9406.15,8.93756e+06
65.0083,103.734,-44.7996,89.3962,192627,8275.55,9.46804e+06
65.0250,106.343,-46.0745,92.6644,189053,7804.59,9.3219e+06
65.0417,107.884,-44.3369,95.2637,183058,6432.65,9.13667e+06
65.0583,104.52,-47.8657,91.9851,149237,4857.54,9.28284e+06
65.0750,99.6305,-44.4685,89.2859,133469,3554.56,8.64484e+06
65.0917,94.8629,-41.5324,85.3398,121516,2853.05,8.57735e+06
65.1083,101.217,-37.6326,91.7523,140101,3669.44,8.87542e+06
65.1250,106.46,-33.1192,97.3198,139069,4132.5,9.51227e+06
65.1417,106.86,-32.8292,95.6345,129125,3752.49,9.45584e+06
65.1583,105.606,-25.0006,93.1569,125930,3956.59,9.40187e+06
65.1750,102.9,-26.2769,91.2901,127956,4009.67,9.1414e+06
65.1917,106.004,-23.9289,93.3902,138186,4277.41,8.20797e+06
65.2083,106.787,-24.4222,94.0506,112127,4106.24,9.38114e+06
65.2250,108.046,-27.0361,95.5935,87228.9,5052.8,9.28792e+06
65.2417,111.48,-24.0206,95.8944,91655.4,6472.06,8.00269e+06
65.2583,112.435,-30.8673,99.2875,83388.7,6653.38,8.653e+06
65.2750,111.094,-32.046,98.1183,81699.4,8113.32,7.38444e+06
65.2917,106.563,-31.2652,93.2788,72443.8,11523.3,7.58839e+06
65.3083,107.182,-32.6172,95.8701,69711.9,14190,8.61706e+06
65.3250,107.299,-28.1314,94.5717,83633.6,15634.4,6.87761e+06
65.3417,106.711,-25.0713,94.3816,87268.8,15589.4,6.16004e+06
65.3583,104.13,-24.9133,92.4462,87916.9,14309.2,5.73563e+06
65.3750,105.483,-27.3948,93.3707,114528,14221.5,5.25976e+06
65.3917,106.166,-25.2179,94.1225,164956,13572.2,8.27788e+06
65.4083,111.366,-22.1633,98.72,213245,13939.5,8.20661e+06
65.4250,110.901,-19.5391,98.0423,233283,12137.6,5.86831e+06
65.4417,113.072,-25.4039,99.8694,160030,11613.8,5.53055e+06
65.4583,114.771,-25.01,102.503,138156,11317.6,4.7861e+06
65.4750,123.806,-31.4817,111.428,149603,9303.71,4.80736e+06
65.4917,133.672,-34.4492,119.028,129191,7162.82,6.44963e+06
65.5083,128.916,-30.9488,114.173,110835,7158.06,4.4062e+06
65.5250,121.807,-29.8924,108.914,95847.4,8343.37,3.74021e+06
65.5417,126.073,-33.5042,111.621,83673.7,7996.1,3.47764e+06
65.5583,127.764,-35.5591,114.344,80425.4,7451.23,3.38813e+06
65.5750,127.115,-33.5066,113.788,74041.3,6854.12,3.09718e+06
65.5917,127.685,-33.2094,114.356,64017.1,7323.08,3.68308e+06
65.6083,126.899,-32.4822,113.473,61891.2,7783.62,4.00066e+06
65.6250,133.445,-35.9637,121.093,58910.3,7544.4,4.0606e+06
65.6417,140.52,-37.9599,126.725,55680.4,7345.52,4.00574e+06
65.6583,136.447,-35.9121,122.374,53850.1,7517.88,3.57019e+06
65.6750,136.62,-36.4051,122.25,54303.1,7772.28,2.79591e+06
65.6917,134.504,-36.4872,120.589,57950.8,7646.7,2.95412e+06
65.7083,119.646,-27.6019,107.562,63959.2,8722.41,3.8252e+06
65.7250,121.023,-26.992,108.302,61612.8,9345.08,2.84939e+06
65.7417,127.375,-26.7087,114.466,51491.3,9600.78,2.22663e+06
65.7583,130.731,-23.5507,116.512,56404.1,11810.1,2.77826e+06
65.7750,128.513,8.35094,106.426,54642.5,10516.3,3.51612e+06
65.7917,105.78,10.8054,84.9728,45288.3,10901.5,2.80818e+06
65.8083,107.672,-40.9009,96.6548,46378.1,12326.3,2.05238e+06
65.8250,131.303,-64.8348,118.441,34240.5,9319.04,1.90755e+06
65.8417,138.746,-63.53,128.659,37976.3,12256.1,3.54853e+06
65.8583,137.432,-52.0804,126.407,42680.6,15282.6,6.18719e+06
65.8750,139.277,-48.0932,124.89,44866.3,15838.6,3.28605e+06
65.8917,134.937,-46.5813,121.298,48050.5,17040.6,2.5711e+06
65.9083,144.493,-51.7847,129.806,44340.4,18265.3,2.34694e+06
65.9250,147.382,-41.7648,132.473,45452.2,20503.2,2.45977e+06
65.9417,135.351,-34.3531,123.859,56913.1,29419,2.52061e+06
65.9583,134.999,-38.899,121.929,59166.8,33135.9,2.37583e+06
65.9750,145.258,-51.1932,132.095,51657.9,30479.3,2.50214e+06
65.9917,151.027,-50.8618,135.166,52600,32277.3,2.80818e+06
66.0083,151.41,-49.3223,135.588,54634.3,34712.2,2.93519e+06
66.0250,150.023,-50.9821,138.431,57514.3,38747,2.4968e+06
66.0417,146.504,-46.4832,132.669,65876.9,48948.9,2.28938e+06
66.0583,139.155,-40.2272,128.383,69279.9,52937.7,2.13511e+06
66.0750,133.263,-37.5552,121.049,72934.3,55837.4,2.21835e+06
66.0917,131.525,-36.22,119.009,75845.4,60165.3,2.19505e+06
66.1083,130.315,-34.3325,118.985,84996.6,67286.9,2.07193e+06
66.1250,128.603,-35.9627,117.849,93760.3,70447.6,2.20553e+06
66.1417,131.332,-37.1431,120.775,93881.6,67604.3,2.10035e+06
66.1583,136.356,-41.7385,125.944,93161.4,65067.6,2.10391e+06
66.1750,142.243,-45.0184,131.122,93684.1,63028.3,2.12414e+06
66.1917,144.342,-45.9897,132.623,93370.8,62904.2,2.32159e+06
66.2083,145.016,-50.0519,133.653,95249.6,66270.5,2.29847e+06
66.2250,146.579,-50.0561,134.747,102949,74395.2,2.19372e+06
66.2417,150.231,-51.8855,138.405,104701,74403,2.06979e+06
66.2583,145.889,-44.7344,133.492,108970,76347.5,2.21393e+06
66.2750,149.649,-41.8306,138.628,105526,74959.8,2.00422e+06
66.2917,179.736,-55.0884,168.263,105377,65458.5,2.83201e+06
66.3083,191.598,-56.0517,178.669,106466,57427.2,4.59957e+06
66.3250,186.739,-57.8329,173.202,102011,66009.8,3.03357e+06
66.3417,192.115,-60.1826,181.059,101051,68425.7,2.61566e+06
66.3583,211.383,-63.6926,198.514,109591,54981.1,5.11597e+06
66.3750,219.461,-62.5805,203.392,122960,44278.9,7.58353e+06
66.3917,215.122,-65.2257,202.754,113400,55425.1,6.42275e+06
66.4083,218.301,-66.6148,202.665,117015,62163.7,5.27726e+06
66.4250,219.416,-65.8622,205.333,132778,62335.9,6.6578e+06
66.4417,223.063,-69.6949,208.104,142269,59896.3,8.42724e+06
66.4583,221.579,-67.5832,207.137,140843,59974.1,7.71882e+06
66.4750,218.316,-64.918,203.974,127266,61556.9,5.67387e+06
66.4917,217.48,-69.1469,204.698,126715,59304.1,5.75078e+06
66.5083,214.601,-66.1174,202.146,134320,62525.8,5.39784e+06
66.5250,213.95,-63.8026,200.583,142375,63500.4,4.66243e+06
66.5417,208.038,-59.782,196.31,139002,61427.8,4.7119e+06
66.5583,200.326,-56.2497,187.639,132678,63643.7,3.69835e+06
66.5750,191.232,-51.3669,179.528,131522,66226.1,2.30909e+06
66.5917,198.777,-60.6707,187.289,137022,62547.2,3.28184e+06
66.6083,203.978,-64.0697,194.845,153652,62995.1,4.43704e+06
66.6250,202.601,-61.6109,190.546,145770,61594,3.27253e+06
66.6417,204.587,-62.2207,195.437,148483,59064.3,3.06121e+06
66.6583,211.918,-64.6955,203.578,156528,60271.2,5.99693e+06
66.6750,225.092,-66.3289,215.236,162361,56185.1,9.03161e+06
66.6917,237.304,-70.7717,225.463,157239,53145.2,8.62425e+06
66.7083,237.73,-64.359,224.348,153242,53945.4,8.21273e+06
66.7250,244.58,-69.6392,234.249,150226,51296.1,9.14103e+06
66.7417,249.557,-72.5971,238.265,148473,53772.3,8.01826e+06
66.7583,234.396,-66.9442,222.521,144132,58877.8,6.68617e+06
66.7750,226.68,-65.5919,216.989,164880,74356.9,6.107e+06
66.7917,215.597,-62.4855,206.401,167622,75804.7,8.39435e+06
66.8083,218.772,-62.3252,209.647,187155,81510.3,7.15804e+06
66.8250,207.366,-56.8927,197.236,166056,74792,6.35075e+06
66.8417,195.491,-51.7127,185.999,140788,65900.9,2.36222e+06
66.8583,190.764,-52.1593,181.69,138692,66697.3,2.3347e+06
66.8750,195.182,-50.9834,187.076,151722,76335.8,2.52061e+06
66.8917,196.879,-48.8509,186.97,174683,82559.2,2.77895e+06
66.9083,192.534,-46.959,184.055,177351,80481.1,4.83583e+06
66.9250,191.407,-47.7641,182.567,159799,75957.3,2.64627e+06
66.9417,189.761,-49.0135,180.891,147750,71588.6,2.10813e+06
66.9583,190.801,-50.032,182.335,139613,67042,2.20284e+06
66.9750,191.281,-52.3487,182.818,131345,61952,2.1003e+06
66.9917,193.914,-47.8607,185.419,130059,62880,2.09393e+06
67.0083,195.561,-49.811,187.088,124116,59384.2,2.28114e+06
67.0250,192.845,-52.1113,185.487,113364,54087.7,2.24599e+06
67.0417,192.247,-54.7889,185.178,106100,51343.4,2.127e+06
67.0583,195.875,-50.9787,187.481,106673,53272.2,1.95235e+06
67.0750,199.315,-52.0031,191.805,116685,58524.4,2.13899e+06
67.0917,196.495,-51.3782,188.854,131061,63417.8,2.28071e+06
67.1083,190.184,-47.1004,182.572,131728,62097.9,2.17794e+06
67.1250,187.666,-49.0805,181.169,106445,49123.3,2.10347e+06
67.1417,181.486,-47.381,174.465,96183.8,42510.7,1.90438e+06
67.1583,174.761,-47.6262,168.171,82632.5,35568.9,1.93377e+06
67.1750,174.866,-47.8959,168.754,85984.6,37276.4,1.45499e+06
67.1917,180.957,-48.0825,174.672,101493,42424.4,1.38922e+06
67.2083,178.16,-46.8646,171.951,107176,42923.1,1.4517e+06
67.2250,175.383,-43.5962,168.773,95174.9,37410.8,1.48119e+06
67.2417,179.528,-46.2991,172.882,85322.3,34102.2,1.58682e+06
67.2583,189.219,-51.6201,182.865,84532.4,32414.7,1.68795e+06
67.2750,199,-55.5195,191.588,82987.4,30480.7,1.67916e+06
67.2917,196.458,-54.8249,189.237,76315.5,27219.8,1.39578e+06
67.3083,188.119,-51.8421,181.676,69810.4,26347.7,1.3044e+06
67.3250,188.268,-52.7027,182.11,71114.5,28361.7,1.22112e+06
67.3417,201.958,-59.27,195.587,71791.2,27973.3,1.19116e+06
67.3583,204.226,-61.6718,197.993,69927,28673.8,1.15774e+06
67.3750,204.358,-62.4795,198.187,69710.6,26348.7,1.11795e+06
67.3917,211.341,-67.2086,205.771,71290.5,25613.6,1.06251e+06
67.4083,210.68,-67.4179,205.166,79086,26476.5,1.0766e+06
67.4250,196.805,-61.3994,192.13,70089.1,25761,913674
67.4417,189.908,-57.5005,186.034,72218,28367.4,860089
67.4583,195.858,-55.1024,190.951,81404.4,32732,1.03132e+06
67.4750,208.43,-61.1,203.212,104540,36865.9,1.22847e+06
67.4917,219.433,-62.7664,214.337,130105,39165,1.28182e+06
67.5083,218.837,-62.8442,214.007,118000,37410.1,1.13007e+06
67.5250,207.088,-62.284,202.766,99995,33936.5,1.05212e+06
67.5417,194.775,-59.475,191.168,99737.2,31571,968747
67.5583,186.755,-53.9879,182.716,119834,39248.7,974295
67.5750,163.973,-41.6281,160.329,134577,40235.1,900817
67.5917,156.724,-33.357,151.768,135541,38582.6,1.14738e+06
67.6083,163.651,-40.7391,159.48,143076,46154.3,1.27666e+06
67.6250,181.241,-43.5891,175.891,158300,56783.7,1.36914e+06
67.6417,194.165,-52.285,189.733,165952,59484.1,1.46884e+06
67.6583,191.93,-55.606,188.021,162093,51120.1,1.42882e+06
67.6750,206.331,-60.9994,201.198,152851,45137.8,1.23588e+06
67.6917,209.376,-61.3931,205.282,177855,45975.9,1.37571e+06
67.7083,211.589,-60.4866,207.224,178794,44290.9,1.09423e+06
67.7250,197.709,-54.8385,194.213,163526,47873.5,1.10076e+06
67.7417,195.879,-55.859,192.785,183034,54643.9,1.13094e+06
67.7583,191.467,-51.4456,188.115,190874,52875.7,1.04258e+06
67.7750,182.923,-47.307,178.977,171416,50377.9,1.25136e+06
67.7917,178.2,-48.8066,174.784,169921,47060,1.3578e+06
67.8083,178.812,-49.6246,174.877,164696,45095.2,1.36128e+06
67.8250,176.136,-49.9805,172.984,143170,31706.4,1.3465e+06
67.8417,176.352,-47.9009,173.16,146266,33814.4,1.09225e+06
67.8583,176.04,-46.5722,172.895,192238,54118.2,1.25431e+06
67.8750,178.558,-46.6008,175.89,213726,58415.9,1.32048e+06
67.8917,180.812,-42.5371,177.181,207265,51773.8,1.42137e+06
67.9083,178.196,-45.1266,174.891,202141,48590.7,1.082e+06
67.9250,177.15,-45.8444,173.844,193807,48309.7,1.32025e+06
67.9417,174.095,-42.5492,170.594,186867,49849.2,1.39098e+06
67.9583,169.816,-42.9232,166.157,167687,39483.2,1.43823e+06
67.9750,159.914,-37.8783,156.562,133763,30880.7,1.35763e+06
67.9917,143.866,-29.2837,139.62,136874,32016.8,1.53275e+06
68.0083,174.017,-54.7419,172.034,144537,32877.9,1.1842e+06
68.0250,196.852,-52.5986,194.064,187075,32131.6,1.60597e+06
68.0417,192.131,-46.1369,187.263,162374,35887.3,1.50806e+06
68.0583,169.588,-40.4087,166.102,159044,34564.4,1.30621e+06
68.0750,142.334,-28.185,138.001,106219,19399.7,1.55407e+06
68.0917,126.34,-35.0549,124.241,64968.9,12816.5,1.10708e+06
68.1083,124.036,-38.4463,122.537,60742.3,12296.4,945722
68.1250,138.826,-40.3576,136.613,96578.1,17439.5,1.1635e+06
68.1417,141.429,-23.9715,135.902,146984,20613.3,1.63998e+06
68.1583,137.558,-26.0428,133.197,138975,20746.9,1.62261e+06
68.1750,127.5,-26.3812,124.203,94304.3,15669.8,1.52325e+06
68.1917,125.96,-31.7099,123.522,75925.5,14866.3,1.41308e+06
68.2083,145.862,-45.9079,144.072,98349.6,17569,1.2303e+06
68.2250,173.059,-51.1214,171.491,145178,24038.2,1.42654e+06
68.2417,188.653,-49.8772,184.878,155897,24591.8,1.81121e+06
68.2583,186.158,-43.975,182.803,156857,27530.8,1.63181e+06
68.2750,179.754,-41.9961,176.405,130194,20509.3,1.23412e+06
68.2917,176.676,-43.1503,173.745,133681,18267.1,1.05747e+06
68.3083,180.636,-42.5102,177.355,149655,21107,1.41879e+06
68.3250,179.539,-39.6255,175.226,158291,25253.4,1.81279e+06
68.3417,177.581,-38.0651,173.73,145124,25002.5,1.54083e+06
68.3583,169.368,-33.176,164.884,133685,20922,1.91957e+06
68.3750,167.07,-36.9421,163.778,106785,16477.1,1.77614e+06
68.3917,167.643,-38.9185,164.825,94056.5,14974.4,1.41415e+06
68.4083,171.686,-42.522,169.203,100323,14825.5,1.40763e+06
68.4250,174.473,-43.2726,171.934,95423.2,17420.3,1.33765e+06
68.4417,176.561,-44.62,174.197,91947.2,17769.8,1.37919e+06
68.4583,181.348,-40.9297,177.841,84445.5,15633.2,1.34392e+06
68.4750,169.209,-30.7007,164.802,91401.4,17258.2,1.93684e+06
68.4917,174.377,-44.1916,172.04,82228.9,14748.4,1.65736e+06
68.5083,193.893,-49.0344,191.392,64587.5,11257.5,1.00749e+06
68.5250,188.469,-37.704,184.009,72842.7,13020.6,1.42168e+06
68.5417,180.395,-39.0753,177.025,65367.9,13251.6,1.45435e+06
68.5583,178.745,-43.692,176.314,59859.2,11310.8,1.18776e+06
68.5750,174.222,-43.7817,171.85,63505,11573.5,1.12171e+06
68.5917,172.654,-44.2237,170.747,55067.8,10796.1,1.11662e+06
68.6083,175.299,-43.1381,172.982,53596,11354.4,1.15579e+06
68.6250,174.679,-41.5606,172.179,55529.1,11558.8,1.16209e+06
68.6417,174.729,-42.5872,172.522,55948.8,11629,1.2262e+06
68.6583,175.833,-43.0295,173.611,50007.6,10566.9,1.21143e+06
68.6750,174.81,-37.7819,171.595,49839.8,11241.8,1.16922e+06
68.6917,172.899,-38.6275,170.159,42716.1,11642.3,1.14975e+06
68.7083,179.825,-48.7226,178.281,41138.7,11336.7,1.01529e+06
68.7250,189.246,-47.6064,187.116,42655.1,10715.5,1.16277e+06
68.7417,189.649,-39.238,186.12,42411.5,11225,1.14633e+06
68.7583,188.915,-44.6957,186.375,41577.4,11384.8,953536
68.7750,190.603,-43.1293,187.737,40718.1,11025.3,911418
68.7917,195.512,-45.2053,192.646,41496.2,11111,898897
68.8083,202.222,-44.5336,199.128,37568,9750.51,798285
68.8250,200.701,-42.1985,197.21,39657.5,10320.4,818799
68.8417,193.187,-43.1881,190.272,41235.4,11295.3,907655
68.8583,190.749,-42.6724,187.95,40457.5,11037.1,730863
68.8750,191.419,-43.987,188.764,40399.6,10796.3,633520
68.8917,192.489,-43.8481,189.853,37734.1,10719.9,593387
68.9083,191.711,-43.388,189.044,31776.6,11111.5,571610
68.9250,185.556,-42.0782,183.031,34549,12495.7,573930
68.9417,182.528,-42.5295,180.247,34644.6,12736,593181
68.9583,179.98,-43.0542,177.978,31460.6,12940.3,589072
68.9750,175.562,-40.1797,173.342,30321.3,13880.8,545701
68.9917,176.285,-43.9088,174.588,30820.6,15156,508173
69.0083,175.978,-40.492,173.867,30525.3,15546.8,457025
69.0250,171.849,-42.673,170.197,29520,17163.8,506785
69.0417,173.209,-46.7234,172.088,27407.8,17237.8,429793
69.0583,172.626,-47.1692,171.589,27203.2,18277.9,380948
69.0750,161.029,-44.7104,160.142,27697.5,20707.1,294105
69.0917,164.656,-50.4582,164.192,27282,21577.3,151909
69.1083,174.211,-53.6996,173.784,27202.5,21485.4,226596
69.1250,176.476,-50.9091,175.761,27919.6,22346.6,221523
69.1417,175.26,-52.3205,174.623,30609.6,27035.5,131269
69.1583,188.171,-54.7674,187.278,29208.6,26569,124103
69.1750,198.289,-47.6729,196.317,29258.9,25710.8,253295
69.1917,207.874,-56.0553,206.617,28428.1,26100.6,275701
69.2083,202.936,-48.6673,201.035,29609.8,28263.2,157603
69.2250,201.781,-49.6664,200.064,29426.4,29222.1,104490
69.2417,194.868,-44.9288,192.824,30424.4,31682.9,110472
69.2583,185.616,-48.7368,184.462,34979.4,38569.8,135877
69.2750,182.125,-43.135,180.33,35405.7,40950.2,80102.9
69.2917,172.122,-42.5961,170.644,39319,47488.3,23118.6
69.3083,176.082,-50.677,175.343,36793.4,45165.3,56798.7
69.3250,181.942,-51.2581,181.167,38151.6,45396.7,
69.3417,183.255,-55.7665,182.865,41652.5,49723.3,
69.3583,197.361,-58.7838,196.643,42220.1,49345,
69.3750,195.066,-52.6108,193.975,45428.1,53772,
69.3917,191.216,-56.6791,190.599,50758,60761.1,
69.4083,186.429,-48.1807,184.84,50844.2,59394.8,
69.4250,182.497,-53.9444,181.991,53723.3,62143.8,
69.4417,185.879,-53.9237,185.066,54770.9,61399.1,
69.4583,184.039,-47.6192,182.32,59168.1,65670.2,
69.4750,175.241,-47.0632,174.309,64201.6,68468.4,
69.4917,172.479,-47.5386,171.413,64792.7,65931.5,
69.5083,177.551,-52.1199,177.039,69354.9,68607.9,
69.5250,190.967,-53.7366,190.036,74008.5,71253.2,
69.5417,186.146,-46.7877,184.478,77674.4,75097.4,
69.5583,176.987,-49.7634,176.176,76901.3,71422.5,
69.5750,193.616,-59.377,192.581,75132.3,68701.4,
69.5917,211.935,-58.8871,211.194,82719.9,74091.1,
69.6083,213.594,-53.2348,212.207,84706.5,77956.7,
69.6250,206.054,-51.4014,204.229,86579.5,75779.7,
69.6417,196.184,-40.3212,193.435,84816.9,68048.3,
69.6583,189.837,-51.9707,188.645,84148.8,65339.3,
69.6750,183.379,-40.1494,181.143,85404.3,63351.7,
69.6917,154.806,-31.8078,152.908,89387.5,69869.6,
69.7083,160.433,-39.7844,158.679,79243.7,60863.8,
69.7250,160.359,-36.6467,158.41,81444.2,60557.5,
69.7417,146.641,-28.6751,144.174,87341,63611.7,
69.7583,151.574,-37.241,149.713,81069.3,56506,
69.7750,157.738,-39.2161,155.99,83141.9,57435.1,
69.7917,158.731,-37.0497,156.89,90103.7,61366,
69.8083,157.058,-30.7823,154.117,92429,64021.7,
69.8250,152.227,-33.3325,150.343,91135.4,63337.3,
69.8417,151.441,-36.2163,149.644,85842.2,61614.5,
69.8583,148.284,-35.4576,146.538,85933.7,60714.9,
69.8750,145.694,-35.4258,144.212,88978.7,61986.2,
69.8917,146.335,-37.9989,144.895,89923,64447.4,
69.9083,148.88,-40.5229,147.511,92904.8,70082.3,
69.9250,152.956,-42.4554,151.55,95321,74501.3,
69.9417,158.852,-48.5367,157.984,96850.5,75539.7,
69.9583,162.113,-43.6498,160.708,99643.1,75070.9,
69.9750,160.731,-41.7201,159.214,99427.9,71750.5,
69.9917,157.785,-43.9674,156.366,94707.4,66901.3,
70.0083,159.65,-46.1368,158.164,91916.8,62899.2,
70.0250,165.547,-50.4148,164.152,90920.6,63511.8,
70.0417,165.075,-48.1337,163.736,94201.1,66780.7,
70.0583,163.751,-51.0908,162.659,94841.1,65655.8,
70.0750,159.443,-45.9921,158.094,92890.6,62818.6,
70.0917,156.304,-49.2918,155.168,89437.6,61402.6,
70.1083,181.857,-59.0979,180.122,93800.8,63375.4,
70.1250,194.776,-57.7322,192.12,107212,71196.2,
70.1417,191.106,-56.7367,189.332,102469,67478.5,
70.1583,183.052,-52.3263,181.463,88283,58736.6,
70.1750,177.923,-51.1472,177.219,82535.9,56749.3,
70.1917,178.019,-54.049,177.077,92103.6,59558.7,
70.2083,186.991,-57.0828,185.925,104115,64686.1,
70.2250,193.25,-50.8126,190.954,107440,68069.8,
70.2417,190.564,-49.829,188.558,102962,62426.6,
70.2583,185.624,-49.4502,183.308,92425.1,51060.5,
70.2750,169.183,-40.302,167.644,87639.5,45353.8,
70.2917,158.967,-38.7485,157.819,87853.1,51157,
70.3083,162.081,-41.5075,160.664,89642.9,53578.7,
70.3250,168.706,-44.1005,166.727,92423.1,57088.1,
70.3417,172.169,-40.5107,169.924,99142.4,63165.9,
70.3583,167.092,-39.3986,164.537,107150,67186.5,
70.3750,167.757,-37.1952,165.417,104400,63723,
70.3917,170.45,-38.4777,167.55,96527.5,52761.1,
70.4083,170.045,-40.2552,167.576,96551.2,48496.6,
70.4250,168.479,-41.5673,166.882,100622,51972,
70.4417,167.601,-41.2701,166.295,100504,50498.4,
70.4583,171.85,-42.6889,169.706,98126.4,50220.2,
70.4750,172.62,-40.7215,170.554,98987.1,61622.5,
70.4917,172.175,-44.2757,170.002,98862.5,58748.5,
70.5083,169.844,-41.875,168.32,95804.8,48176.3,
70.5250,171.317,-41.9147,169.465,89064,40072.4,
70.5417,170.819,-42.092,169.18,85177.9,37437.1,
70.5583,175.513,-46.3174,174.064,85368.6,40318.2,
70.5750,185.05,-52.9671,183.743,83681.4,42692.2,
70.5917,188.567,-48.2265,186.791,81215.9,43970.9,
70.6083,194.232,-59.3016,192.331,86502.6,50970.2,
70.6250,204.354,-56.3802,202.87,80417.9,47423.3,
70.6417,199.671,-47.4068,197.243,84185.3,51203.9,
70.6583,182.902,-42.5771,180.138,85636.6,46273,
70.6750,175.783,-45.146,174.179,84450.4,41821,
70.6917,178.956,-48.2051,176.768,83677.7,41659.5,
70.7083,180.966,-48.2917,178.896,85457.8,43756.3,
70.7250,183.107,-49.7468,181.072,84666.9,44147.5,
70.7417,174.817,-40.6716,172.601,86317.6,43662.2,
70.7583,161.001,-37.9669,158.915,84696.2,38161.5,
70.7750,146.988,-27.945,144.771,75615.9,31943.1,
70.7917,145.979,-34.5008,144.34,63182.4,28031,
70.8083,151.842,-36.9916,150.088,60432.9,28257.4,
70.8250,146.937,-32.3457,145.15,76209.3,32179.8,
70.8417,148.326,-39.4509,145.694,72472.4,29938.8,
70.8583,148.128,-33.8784,145.311,72004.6,29417.9,
70.8750,142.286,-32.369,140.144,66001.2,26931.5,
70.8917,138.564,-29.7744,136.622,54086.1,23325.9,
70.9083,136.774,-29.663,135.039,49091.7,22263.7,
70.9250,133.793,-32.9659,132.421,62050.8,26052.8,
70.9417,135.031,-32.4683,132.614,64435.6,27007.7,
70.9583,131.822,-27.7825,129.051,65415.7,27262.5,
70.9750,125.964,-30.804,123.591,58046.7,24538.3,
70.9917,120.344,-32.6976,118.663,50225.1,21617.7,
71.0083,119.089,-35.2965,117.7,49021.4,20938,
71.0250,111.692,-32.7987,109.671,45375.2,20724.3,
71.0417,106.602,-31.4337,104.357,44288.3,20859.6,
71.0583,112.205,-37.859,109.259,45744.6,21358.7,
71.0750,113.538,-33.2506,110.91,48907.4,23374,
71.0917,114.616,-33.0321,112.005,51693,24420.9,
71.1083,112.509,-33.3754,109.715,50949.1,24254.8,
71.1250,110.132,-33.0836,107.979,49843.7,25270.3,
71.1417,109.939,-33.3087,107.628,48797.7,26244,
71.1583,110.446,-33.5323,108.197,50150.5,27607.9,
71.1750,110.283,-31.5732,107.952,53959.3,28665.8,
71.1917,108.211,-29.3112,106.062,55753.6,29445.8,
71.2083,110.35,-32.1487,107.737,57709.3,30272.8,
71.2250,110.764,-31.3214,108.458,61055.1,31496.2,
71.2417,111.263,-31.6499,109.178,61780.1,33758.8,
71.2583,109.554,-31.3333,107.238,64599.1,35174.1,
71.2750,106.33,-28.8798,104.385,66782.4,35963.9,
71.2917,102.667,-28.4339,100.584,62945.6,35268.1,
71.3083,101.022,-30.3123,98.6118,59699.3,32084.6,
71.3250,101.871,-30.8905,99.5841,60729.6,30324.3,
71.3417,104.33,-31.3197,101.892,62160.7,31898.4,
71.3583,106.245,-31.957,103.627,71409.9,36442.3,
71.3750,111.389,-32.1395,108.541,82973.5,39348.3,
71.3917,110.333,-28.3496,108.161,88994.3,40036.3,
71.4083,108.039,-25.4336,105.721,89225.2,38592.8,
71.4250,104.758,-26.4097,103.014,78145.9,34800.7,
71.4417,106,-29.978,103.69,76295.5,31223.8,
71.4583,117.428,-30.618,114.748,93167.9,35380.8,
71.4750,122.938,-25.6678,120.73,115041,42622.2,
71.4917,121.997,-22.3443,119.267,131546,45515.7,
71.5083,113.23,-23.9066,110.563,118378,37706,
71.5250,106.33,-25.3968,104.398,76978.5,24756,
71.5417,105.388,-27.3002,103.41,48523,18089,
71.5583,108.117,-35.3574,105.827,70780.8,18669.7,
71.5750,109.246,-32.4052,106.659,88410,24703,
71.5917,111.607,-27.5154,108.832,92673.9,30076,
71.6083,110.597,-25.7175,107.864,95727.2,31904.6,
71.6250,109.45,-24.2128,106.298,106506,29190.6,
71.6417,110.3,-27.0623,107.751,91027.9,22386.8,
71.6583,110.345,-27.0678,108.031,64509.2,17858,
71.6750,110.422,-26.2399,108.798,77264,19202.6,
71.6917,117.116,-30.4352,115.137,100462,25957.7,
71.7083,116.517,-26.9741,114.194,119676,29285.1,
71.7250,121.295,-28.7309,119.841,133829,33501.7,
71.7417,121.689,-20.5384,118.227,131250,34936.3,
71.7583,114.106,-25.3149,112.15,125973,33454.5,
71.7750,106.993,-21.2137,104.925,81390.6,22103.9,
71.7917,113.042,-28.2782,110.992,71608.8,21318.1,
71.8083,113.06,-29.2499,110.525,105158,24516.4,
71.8250,116.326,-28.6408,114.132,124087,31936.1,
71.8417,114.878,-22.3905,112.862,131470,31550.5,
71.8583,112.228,-24.2203,109.386,122900,29046.1,
71.8750,111.048,-30.5489,107.558,111042,27290.1,
71.8917,114.958,-27.1566,112.618,102013,23081.8,
71.9083,114.931,-26.218,112.387,74458.8,19725.7,
71.9250,113.934,-24.745,111.499,100421,24445.6,
71.9417,112.269,-18.8923,110.356,126645,25700.3,
71.9583,114.662,-28.1107,112.053,127610,25510.3,
71.9750,117.84,-38.127,113.636,113150,23922.4,
71.9917,121.689,-35.3693,117.178,112551,24168.4,
72.0083,119.544,-29.2469,116.479,117591,24417.9,
72.0250,115.826,-26.5638,113.605,107252,22620.2,
72.0417,113.19,-27.7725,109.916,90100.2,20634.5,
72.0583,114.828,-26.882,112.514,89852.2,21449.6,
72.0750,116.929,-26.6525,114.393,93496,22136.8,
72.0917,115.844,-26.7959,112.838,89569.2,21694.1,
72.1083,115.558,-27.4473,112.383,91728.4,21228.5,
72.1250,117.535,-30.1088,114.763,93216.5,21432.6,
72.1417,114.664,-27.2342,111.775,91342.1,21123.9,
72.1583,114.236,-28.787,111.636,87436.6,20470.7,
72.1750,119.881,-33.8942,116.669,88732.7,20773.8,
72.1917,117.365,-26.1445,114.584,87492.5,20847.4,
72.2083,116.575,-24.9972,113.704,79485.9,21644.9,
72.2250,117.602,-29.1568,114.772,69332.5,21441.1,
72.2417,119.588,-33.0494,116.137,75216.8,21779.8,
72.2583,113.256,-24.1138,111.019,77415.5,21360.3,
72.2750,116.44,-34.6634,113.564,68723.3,19322.1,
72.2917,120.404,-42.4186,115.46,52975,18867.4,
72.3083,117.652,-32.3113,114.518,55963.7,20136.8,
72.3250,117.188,-32.5194,113.904,59266.7,20617.2,
72.3417,116.881,-32.6389,113.607,56362.6,19833.6,
72.3583,115.224,-33.1844,112.216,58020,19423.1,
72.3750,115.438,-32.3468,112.196,61406.6,19020.2,
72.3917,115.39,-30.5618,111.998,59196.2,19801.4,
72.4083,114.592,-31.4581,110.994,50891.3,20764.1,
72.4250,115.531,-31.6692,112.013,45580.6,21739.2,
72.4417,113.135,-29.3715,109.967,44079.2,21816.2,
72.4583,114.255,-30.7197,111.146,48583.2,21837.5,
72.4750,112.426,-30.8367,109.29,55751.9,21326.6,
72.4917,113.982,-28.8858,110.742,55404.1,21687.5,
72.5083,113.78,-28.2248,110.333,51004.1,23052.6,
72.5250,110.484,-27.9653,107.303,45050,23388.5,
72.5417,109.062,-31.6749,105.534,35546.2,22724.9,
72.5583,110.573,-35.6826,106.424,30343,21615.8,
72.5750,114.448,-34.3247,110.515,39707.3,21766.5,
72.5917,112.112,-33.8209,107.954,49365.1,21758.1,
72.6083,110.588,-31.9556,106.475,47228.4,21989,
72.6250,112.073,-36.0107,107.71,36793.1,22494.6,
72.6417,110.758,-34.289,106.45,33070.6,23047.2,
72.6583,110.045,-29.576,106.729,33958.4,23122.6,
72.6750,112.3,-32.952,108.023,32080.1,21904.4,
72.6917,112.869,-32.4154,108.693,36626.1,21095.4,
72.7083,110.794,-31.0467,107.136,39167.6,22103,
72.7250,109.754,-29.9806,106.088,38638.1,22933.5,
72.7417,109.394,-34.1714,104.977,36025.8,23530.7,
72.7583,111.589,-32.4935,107.268,34427.6,23988.8,
72.7750,111.893,-36.0639,107.292,32710.7,22647,
72.7917,112.374,-31.7631,108.36,32058.1,21759.3,
72.8083,110.689,-33.3426,106.343,31843.8,21967,
72.8250,110.596,-31.9076,106.343,33089.2,22963.4,
72.8417,110.508,-31.2198,106.464,34417.3,23470.2,
72.8583,110.35,-28.183,106.808,36272.2,24723.5,
72.8750,114.382,-29.4243,110.304,37484.4,24807.1,
72.8917,111.262,-26.3588,107.893,36706.7,23677.6,
72.9083,111.868,-27.9336,108.148,35234.4,22811.7,
72.9250,107.211,-28.6395,103.702,33385.9,22519.8,
72.9417,106.209,-28.0192,102.722,33839,23741.7,
72.9583,100.75,-29.897,96.9125,33252.3,23713.6,
72.9750,102.377,-28.7394,98.991,33379.8,22952.5,
72.9917,106.036,-31.6816,101.704,33791,21435.3,
73.0083,101.121,-28.8879,97.3937,33960.2,21159.8,
73.0250,100.282,-31.1532,96.3317,33730.8,22005.4,
73.0417,103.175,-31.3745,98.8783,34273,24262.4,
73.0583,103.118,-35.0942,98.5738,35368.4,24465.6,
73.0750,101.722,-36.3531,96.8426,35412.4,23127,
73.0917,98.9334,-33.597,94.39,35375.7,20978,
73.1083,98.1741,-37.0484,92.671,34059.5,18675.2,
73.1250,101.158,-41.216,94.9351,33299.7,18736.8,
73.1417,97.9913,-36.4283,92.6385,33913.3,20276,
73.1583,99.3943,-39.2247,93.4473,33638.7,20416.8,
73.1750,98.7849,-40.0667,92.4023,34400.3,19374.1,
73.1917,98.1305,-41.0662,91.4172,34769.3,17868.1,
73.2083,97.2849,-39.8869,91.0358,35331.9,17453.2,
73.2250,98.556,-40.5615,91.7696,34672.2,16898.9,
73.2417,99.181,-41.8709,91.8045,33400.1,16110,
73.2583,99.2177,-44.097,91.1031,32809.3,15620.9,
73.2750,102.216,-48.0403,92.7317,32623.1,15587.3,
73.2917,103.194,-46.7362,93.9264,33037.7,16045.4,
73.3083,101.668,-43.3238,93.5944,33215.5,16097.5,
73.3250,102.781,-44.6633,94.186,32127.5,15263.3,
73.3417,101.786,-44.8423,93.1005,30893.4,14469.1,6150.21
73.3583,98.8415,-42.2709,91.0089,30433.7,14033.8,14770.6
73.3750,99.9828,-46.5444,90.4633,29212.2,13372.7,29111.6
73.3917,102.63,-47.9933,92.3333,29178.3,13358,
73.4083,101.239,-45.9541,91.5213,29239.2,13616.9,
73.4250,97.8212,-46.7008,87.726,27683.1,12712.1,
73.4417,98.2489,-46.2267,88.5956,25593.2,11702.1,
73.4583,93.9,-41.8141,85.216,25423.5,11668.5,
73.4750,94.916,-44.4006,84.3926,24359.7,11536.1,
73.4917,89.5389,-47.1548,78.1676,23647.7,11203.2,
73.5083,104.668,-60.7849,87.662,20493.3,10439.7,
73.5250,91.1266,-48.8316,77.7104,24490,11125.9,
73.5417,80.6873,-40.8225,71.0271,24611.5,9674.56,22195.9
73.5583,86.7112,-48.6719,74.3905,19758.5,9528.36,
73.5750,82.8042,-46.3191,71.3775,20697.5,9172.05,
73.5917,83.1134,-43.8677,73.1156,24292.6,9310.76,19980.5
73.6083,84.7196,-51.8214,70.0298,21780.1,9439.83,4572.68
73.6250,95.8697,-58.7213,77.6144,21131.2,10103.2,
73.6417,87.9287,-49.2165,74.9203,22425.6,9998.47,6968.79
73.6583,92.0451,-53.6337,77.0367,20714,10101.7,
73.6750,94.7611,-55.6189,79.2418,21083.3,10168.4,
73.6917,89.1378,-46.8084,76.1362,21807,10221,
73.7083,87.5593,-47.1844,73.4529,23049.2,9963.55,
73.7250,93.2444,-55.5959,77.2213,22818.9,10044.5,
73.7417,89.5498,-47.6716,76.9877,23130.8,9686.6,
73.7583,86.5687,-44.1537,74.8784,20341.5,10130.7,
73.7750,82.3748,-33.2845,75.0198,20647.8,10840,25708.6
73.7917,72.252,-27.6361,66.6217,19560.3,9983.72,55045
73.8083,65.5594,-32.4785,57.9239,17101,8964.64,54234.6
73.8250,82.8442,-53.664,66.0941,16086.1,10454.3,
73.8417,83.7149,-57.0772,63.6248,15166,10148.4,31475.3
73.8583,78.5603,-51.6488,59.9633,17427.8,9973.39,49858.3
73.8750,73.3169,-43.2223,60.1987,18938.8,9382.01,60434.3
73.8917,67.5127,-42.1174,54.3283,17685.7,8747.92,59887.8
73.9083,79.459,-55.0063,60.152,18894.4,10290.1,27010.6
73.9250,97.1455,-73.7232,67.0994,22117.1,11043.8,55329.4
73.9417,113.686,-81.19,81.4932,30219.8,13240.8,114050
73.9583,110.846,-77.9579,76.7853,36630,15577.2,98073.2
73.9750,109.42,-81.3066,74.6648,28506.7,14561.2,112180
73.9917,113.302,-82.8861,80.838,27156.6,16725.5,35298
74.0083,115.673,-70.5185,90.4886,40337.8,17646.9,583208
74.0250,103.317,-59.8265,77.1284,27339.7,13353.4,1.23673e+06
74.0417,95.1983,-54.6322,78.867,26285.1,17866,
74.0583,90.0292,-46.3663,78.572,27925.5,17499.8,
74.0750,90.2237,-46.5354,76.8008,28800.1,18920,368775
74.0917,87.7042,-45.2841,74.626,28394.5,17708.6,72109.9
74.1083,92.8391,-50.0218,78.7534,30562.1,18970.8,7830.06
74.1250,99.8301,-56.507,82.1636,30889.6,20633.8,80690.4
74.1417,89.1241,-50.7505,74.4137,30005.4,18919.4,1.04999e+06
74.1583,94.9643,-47.4443,80.9225,31582.6,21645.8,1.14019e+06
74.1750,90.6657,-45.8359,77.7824,34162.8,21672.3,1.05232e+06
74.1917,93.4155,-46.9292,78.9611,37015.8,21331.1,1.14371e+06
74.2083,92.174,-46.3299,79.1805,41366.2,19433.2,866386
74.2250,98.8884,-65.1441,72.886,43042,21512.5,
74.2417,107.118,-68.2381,83.4057,49653.6,26116.7,
74.2583,92.2627,-51.1131,75.7433,50076.4,23435.5,27437
74.2750,83.0375,-41.7341,72.0807,49428,22475.9,847859
74.2917,74.1185,-27.2402,68.8613,47545.5,20729.9,253689
74.3083,70.869,-26.0148,66.151,44552.7,20980.4,
74.3250,74.6632,-34.1835,66.0902,47247.1,22016.2,
74.3417,77.9055,-31.8428,70.6355,47301.1,24300,
74.3583,86.9334,-37.8136,77.8626,102802,31406.2,1.53524e+06
74.3750,106.829,-35,100.811,637655,57851.8,4.56701e+06
74.3917,96.6534,-33.5081,88.9662,255378,40637.8,1.94097e+06
74.4083,95.5957,-41.7117,85.6826,92875.7,27113,1.02329e+06
74.4250,96.9742,-50.6367,82.3041,50162.7,25091.3,242991
74.4417,100.177,-52.0612,84.0034,80365.8,25594,3.8e+06
74.4583,101.228,-50.5446,88.5005,113704,27324,5.49006e+06
74.4750,97.406,-48.2319,85.4368,152909,23504.5,5.99063e+06
74.4917,96.2752,-49.5747,82.9648,86975.6,21336.9,4.91303e+06
74.5083,97.9075,-52.1872,83.2229,62059,20830.1,5.32314e+06
74.5250,95.3536,-50.5377,81.3352,67297,21218.1,6.32806e+06
74.5417,94.2575,-51.4901,79.3168,44996.5,20755,6.4447e+06
74.5583,90.9935,-51.0794,75.9127,41858.4,18554.2,6.63581e+06
74.5750,98.5746,-61.7366,77.4461,39669.9,15900.5,6.81007e+06
74.5917,100.681,-64.6635,77.6528,36726.5,14466.8,6.89809e+06
74.6083,94.5719,-60.1523,73.4657,36369.2,14937.9,6.19377e+06
74.6250,95.7781,-61.4118,74.0068,38332.5,16767,6.13558e+06
74.6417,102.045,-67.1543,76.9378,37351.2,17599.3,6.70955e+06
74.6583,106.661,-71.8718,78.4346,35414.9,17173.6,6.7632e+06
74.6750,102.543,-67.0947,77.1828,37728,17284.6,6.1574e+06
74.6917,98.8701,-60.9054,76.7807,41437.4,18213.9,6.2023e+06
74.7083,106.786,-69.0073,80.3925,48485.8,19372.4,6.07561e+06
74.7250,110.728,-69.9989,81.4036,56619,21443.2,4.99952e+06
74.7417,107.964,-64.8432,80.1101,56857.5,22889.2,3.91875e+06
74.7583,98.5587,-63.6653,73.2336,50012,20893.1,4.47314e+06
74.7750,96.0394,-64.9703,70.7518,41492.1,19439.6,3.34582e+06
74.7917,100.721,-70.1292,71.3246,40784.6,18631.9,4.18932e+06
74.8083,96.5689,-65.8316,68.9958,38856.4,19213.7,5.25166e+06
74.8250,97.7604,-63.9322,71.9899,40089.8,21085.6,4.86465e+06
74.8417,105.114,-70.1196,77.2227,44193.2,21735.4,3.67691e+06
74.8583,119.61,-83.5317,84.7861,67191.4,22776.6,4.74883e+06
74.8750,124.493,-80.3382,92.4954,118157,22395.3,4.75478e+06
74.8917,115.187,-71.7387,88.2066,87619.1,26061.6,4.94536e+06
74.9083,114.554,-76.172,85.3164,121294,23841.6,5.09983e+06
74.9250,106.845,-65.935,83.5729,121414,22598.5,5.28846e+06
74.9417,107.843,-68.5525,82.4696,103955,25231.2,4.28634e+06
74.9583,107.154,-68.6545,81.625,99971.4,25684.5,5.13066e+06
74.9750,90.0599,-43.8662,77.3651,83278.6,26050.5,4.45717e+06
74.9917,78.8915,-24.7833,72.9296,48947.7,28000.8,4.72387e+06
75.0083,63.9739,-24.6119,57.3399,40969.3,24591.2,4.32422e+06
75.0250,83.2893,-49.3499,64.0608,31990.8,27538.2,3.27525e+06
75.0417,76.0441,-41.4408,61.7289,35056.6,28258.2,4.00908e+06
75.0583,79.0545,-56.1256,52.3125,24124.3,21381.9,2.92402e+06
75.0750,95.0755,-77.3018,55.0825,19485.8,19143.4,1.98103e+06
75.0917,102.213,-82.0294,60.193,23080.7,24503.5,2.84673e+06
75.1083,103.329,-83.5859,58.8453,24544.8,24043.9,3.45719e+06
75.1250,104.49,-83.9117,59.0868,21435,20927,3.2018e+06
75.1417,95.4083,-72.5145,58.7109,20962.5,20665.2,3.1295e+06
75.1583,97.6514,-78.4311,54.7297,21078.9,19862.3,3.17022e+06
75.1750,98.0334,-77.8914,56.8144,22553,20796,3.20731e+06
75.1917,99.1785,-77.374,59.1227,23317.1,21398.2,3.40576e+06
75.2083,96.2931,-72.7146,58.1822,24896.6,24297.1,3.27473e+06
75.2250,88.1858,-65.6594,55.7976,27340.5,27569.8,3.22317e+06
75.2417,84.2446,-61.9212,55.2762,29146.5,27849,3.20583e+06
75.2583,87.2482,-66.2311,55.4008,29872.8,27311,3.34497e+06
75.2750,84.0266,-63.0186,53.5297,30661.4,26216.5,3.33922e+06
75.2917,85.2646,-64.8457,52.6901,31357.3,25972.7,3.35544e+06
75.3083,83.5604,-65.1415,49.4403,32015.3,26711.9,2.78861e+06
75.3250,81.0606,-63.8075,47.9976,32803.1,27531.3,2.12178e+06
75.3417,82.5941,-65.0315,49.2548,34735.3,28049.6,2.00923e+06
75.3583,82.9123,-65.6085,48.2034,35311,27226.7,2.28436e+06
75.3750,85.0409,-66.7328,50.1365,35975.9,26059.5,2.25617e+06
75.3917,85.7958,-67.1915,50.1302,36860.1,25046.6,2.12086e+06
75.4083,88.0674,-69.6423,50.4031,37459.3,26759.2,2.34058e+06
75.4250,91.462,-74.2727,50.5709,38704.5,29264.7,2.09488e+06
75.4417,90.1146,-73.9417,49.0518,40482.9,31139.2,1.76175e+06
75.4583,90.885,-75.248,48.6503,41535.3,30977.2,1.56723e+06
75.4750,94.8803,-79.7889,49.0988,41963.4,30744.3,1.5146e+06
75.4917,96.2746,-80.5964,50.6105,42697.2,28450.2,1.49744e+06
75.5083,97.8677,-81.2664,51.2263,45642.9,28072.2,1.59805e+06
75.5250,101.586,-83.8979,51.0651,45036.9,28519,1.93372e+06
75.5417,99.7322,-82.6142,50.788,44177,29926.7,2.00661e+06
75.5583,99.9173,-81.0542,55.0191,46653.4,34631.3,1.79768e+06
75.5750,96.9937,-74.6736,57.5306,46838.1,36022.8,1.99994e+06
75.5917,94.6317,-73.825,54.4652,46474.9,34681.8,2.21733e+06
75.6083,90.4952,-73.7483,50.1975,46343.8,32691,1.63198e+06
75.6250,93.3002,-73.1725,55.4134,51110.9,31148.6,1.61945e+06
75.6417,73.8547,-46.3805,53.4535,52767.8,33493.9,1.85821e+06
75.6583,65.8354,-50.675,39.4752,47395.4,27024.4,2.60299e+06
75.6750,92.7959,-78.0939,47.8894,51044.5,21269.5,3.31157e+06
75.6917,98.0236,-82.4053,49.6976,57157.6,21132.1,2.08691e+06
75.7083,113.684,-99.6121,49.7275,55354.2,19355.5,1.3001e+06
75.7250,124.633,-105.262,40.1209,58254.8,21029.2,1.45855e+06
75.7417,104.544,-84.7532,37.4734,47029.2,11781.7,1.82417e+06
75.7583,108.375,-92.7976,45.6927,27583.1,5153.81,4.07505e+06
75.7750,112.788,-98.8093,49.2187,47574.9,13980,4.68788e+06
75.7917,104.778,-94.4184,40.3804,53004.4,15250.8,1.92008e+06
75.8083,95.0043,-83.3482,32.6579,54048.4,18012.8,1.21071e+06
75.8250,92.8312,-81.6742,35.0089,43291.8,7546.67,2.2301e+06
75.8417,90.1695,-80.0773,37.9157,43247.5,8835.64,3.75277e+06
75.8583,94.56,-83.2479,40.906,50559.5,11392.4,4.37797e+06
75.8750,94.0318,-84.8107,36.3641,48762.5,11277.6,4.29438e+06
75.8917,95.5036,-87.615,34.9322,47047.5,11830,4.10977e+06
75.9083,98.0001,-89.2051,37.4156,43893.1,12033.2,4.41365e+06
75.9250,99.26,-91.3537,35.5858,43340.2,12023.6,4.60864e+06
75.9417,98.3315,-89.2422,36.3033,37055.6,9768.44,4.60252e+06
75.9583,114.536,-104.926,37.3715,25915.5,6390.53,5.30292e+06
75.9750,119.731,-110.68,41.3248,27007.8,7507.92,5.55193e+06
75.9917,134.006,-123.031,48.2602,21608.6,7804.09,6.50918e+06
76.0083,130.266,-117.424,49.7276,33317.4,13343.7,3.64004e+06
76.0250,119.241,-103.751,38.2545,31900.5,9769.96,1.91131e+06
76.0417,111.508,-91.0541,39.0687,26720.1,5731.98,3.83861e+06
76.0583,135.813,-113.09,44.9029,10563.1,2436.1,7.51208e+06
76.0750,136.527,-120.702,56.7139,17032.4,5178.06,6.10357e+06
76.0917,135.653,-121.691,42.7257,26152.3,7651.19,6.23784e+06
76.1083,93.6766,-79.3689,33.7967,13937.8,1371.86,5.90731e+06
76.1250,111.541,-94.6009,40.8809,20153.5,3781.34,6.63772e+06
76.1417,99.553,-87.0919,43.4207,27927.7,7224.83,7.37044e+06
76.1583,90.7234,-74.4564,40.8107,31874.2,7414.22,8.09616e+06
76.1750,93.6956,-78.9229,31.8798,23790.2,5142.66,8.08224e+06
76.1917,97.8403,-81.1383,42.6463,24689,5593.67,8.2291e+06
76.2083,80.6691,-63.2795,38.4945,25663.2,5810.21,7.85221e+06
76.2250,78.9365,-65.9474,36.5491,24806.4,6119.06,7.53796e+06
76.2417,69.0982,-50.0972,38.932,26468.5,5856.79,7.59366e+06
76.2583,103.098,-87.5262,48.7303,10749.7,1170.68,7.48587e+06
76.2750,109.826,-96.1669,44.0227,15519.9,3200.25,7.179e+06
76.2917,83.2575,-44.2816,50.754,16791.5,3418.69,8.08807e+06
76.3083,91.5419,-75.5652,41.9726,7706.89,730.058,8.20848e+06
76.3250,114.106,-106.902,33.815,4470.24,272.592,7.35697e+06
76.3417,121.887,-110.515,44.8421,3041.89,234.486,7.37415e+06
76.3583,140.262,-125.177,52.0569,2080.5,652.544,6.5462e+06
76.3750,134.757,-122.224,49.6711,4535.02,1596.98,7.54626e+06
76.3917,111.505,-104.951,31.8052,4082.61,973.715,8.76556e+06
76.4083,115.995,-109.888,30.8315,3685.29,542.938,7.65377e+06
76.4250,119.523,-109.151,39.9414,4100.37,787.44,8.14456e+06
76.4417,124.244,-115.359,37.0923,4642.53,1780.13,6.48188e+06
76.4583,117.527,-111.566,25.5347,7710.81,2767.07,6.99576e+06
76.4750,117.348,-110.427,27.4242,6640.78,2230.25,7.21428e+06
76.4917,133.538,-125.028,36.4033,6068.74,1703.92,6.75443e+06
76.5083,114.375,-105.941,34.9353,15620.9,4935.57,6.19896e+06
76.5250,115.777,-104.313,39.5248,17528.2,6064.44,6.89262e+06
76.5417,100.853,-88.4453,41.6061,16417.7,5864.05,7.08943e+06
76.5583,95.9154,-73.2518,55.8127,21496.1,8830.11,7.79125e+06
76.5750,110.237,-82.4659,65.2654,21331.5,8892.02,6.67296e+06
76.5917,152.478,-135.144,42.9413,17302.5,5420.81,7.17891e+06
76.6083,129.427,-103.961,56.8478,20558.1,5540.02,7.71526e+06
76.6250,96.3326,-86.581,31.5224,19243.2,6140.98,9.21035e+06
76.6417,92.8549,-59.7297,59.2473,44071.5,6516.28,7.65892e+06
76.6583,89.2797,-29.6767,81.3443,86975.9,7763.54,4.6969e+06
76.6750,98.7282,-58.6593,73.966,58107.6,8185.58,4.0743e+06
76.6917,100.562,-71.9093,65.2883,47280.2,8180.58,4.01421e+06
76.7083,89.927,-41.3476,74.2989,26792.7,7789.87,5.55292e+06
76.7250,99.1832,-62.0975,67.2878,27775.2,6452.27,5.94809e+06
76.7417,101.586,-67.0206,66.1592,34440.6,6073.2,4.98928e+06
76.7583,106.354,-78.6933,60.9881,39246.8,5658.62,5.31097e+06
76.7750,106.075,-76.158,65.523,60628.3,5436.65,5.28744e+06
76.7917,85.4179,-43.0698,69.3808,151580,7159.51,5.26427e+06
76.8083,90.0604,-51.2332,68.921,48225.7,6870.96,4.74359e+06
76.8250,98.761,-60.4251,73.613,67555,6899.89,5.22577e+06
76.8417,99.4172,-63.7034,71.5953,98775.8,7059.27,5.33388e+06
76.8583,98.6036,-62.3138,71.5993,101927,7297.36,5.3138e+06
76.8750,91.6088,-51.7105,71.1606,113896,7930.53,5.01239e+06
76.8917,93.161,-51.6146,71.36,141226,7296.07,4.67492e+06
76.9083,84.7113,-45.6487,66.9781,202473,7733.79,5.02046e+06
76.9250,87.4091,-49.3173,67.2011,282690,12376.6,5.377e+06
76.9417,91.9504,-54.0595,70.0679,413358,14343.5,5.44363e+06
76.9583,87.0524,-52.364,65.4853,201295,8765.62,5.42401e+06
76.9750,86.9966,-51.9759,65.6731,72465.4,9342.69,5.27251e+06
76.9917,85.7191,-52.0012,63.5528,109810,7063.77,4.93647e+06
77.0083,90.6098,-54.2067,67.7312,146340,6565.86,5.3635e+06
77.0250,94.3722,-53.8153,72.4547,309602,10016.3,5.49041e+06
77.0417,95.4522,-47.2009,78.7206,457491,14493.1,5.02415e+06
77.0583,97.3246,-47.1612,80.5423,171142,9507.28,5.75533e+06
77.0750,92.0072,-47.3861,73.5759,62387.9,9317.7,5.70059e+06
77.0917,83.6049,-43.3788,66.2531,78311.8,8152.49,5.54229e+06
77.1083,86.2782,-44.6622,69.3774,153641,7662.48,5.32876e+06
77.1250,84.8034,-54.3955,60.3196,80991,7616.15,5.52892e+06
77.1417,92.005,-62.6069,62.2071,60841.8,8923.12,6.28957e+06
77.1583,90.8902,-61.627,60.9315,35566.1,9012.51,5.47539e+06
77.1750,88.5257,-51.5858,65.9102,59185,8990.81,5.58447e+06
77.1917,90.0933,-51.6389,67.8264,62788.2,9273.25,5.80989e+06
77.2083,90.8017,-51.8769,68.7319,77950.5,9540.3,5.50589e+06
77.2250,86.4775,-47.8836,66.6661,101629,10450.1,5.27707e+06
77.2417,89.2148,-51.2207,67.6294,60308.1,12938.1,5.33348e+06
77.2583,88.432,-53.033,64.6834,60605.8,14167.7,5.661e+06
77.2750,86.1582,-53.5532,60.942,44018.9,13564,5.67725e+06
77.2917,90.4873,-56.7567,64.1848,35132.2,13926.7,5.07943e+06
77.3083,91.8621,-58.7251,64.8219,33421.2,14310.9,5.4799e+06
77.3250,92.3132,-59.6059,64.4033,33203.7,14772.1,5.21511e+06
77.3417,91.4729,-57.2985,64.906,31030.7,14426.2,5.42123e+06
77.3583,89.3195,-55.5074,63.806,32037.5,16293.5,5.54851e+06
77.3750,86.6758,-51.6343,64.0771,33507.3,17462.4,5.24498e+06
77.3917,85.1964,-49.1111,64.2023,35867.1,16942,5.07631e+06
77.4083,83.5334,-50.673,61.1238,30266.9,16266.6,4.94078e+06
77.4250,87.1033,-55.4242,61.3802,28501.2,16007.2,5.16147e+06
77.4417,87.5673,-57.1461,59.6795,26308.8,15125.7,5.28752e+06
77.4583,86.9646,-56.5134,59.1808,26921.8,15963.4,5.09085e+06
77.4750,87.2686,-55.9046,60.0708,29754.5,17731,5.40722e+06
77.4917,86.0404,-53.3787,60.8892,29515.6,17315.2,5.23382e+06
77.5083,85.4593,-51.6975,61.6724,29470.2,16893.3,5.50265e+06
77.5250,80.3802,-50.1372,56.8824,29218.8,15294.8,5.35517e+06
77.5417,77.7969,-49.4084,54.1135,29811.6,14808,5.36927e+06
77.5583,77.4839,-51.7542,51.9284,29267.8,14595.3,5.06173e+06
77.5750,75.3751,-49.2819,51.8372,29215,14326.1,4.6089e+06
77.5917,73.3058,-47.7995,50.4223,29621.9,13982.8,4.6143e+06
77.6083,73.2958,-48.5172,49.6071,31284.1,14394.5,4.91755e+06
77.6250,75.3659,-50.8926,49.7172,33772.7,14394.2,4.50348e+06
77.6417,78.0824,-54.0553,49.947,33718.4,14397.3,4.35071e+06
77.6583,79.2388,-55.2162,50.2641,34821.7,14106.8,4.64235e+06
77.6750,79.8972,-56.0712,50.0602,35833.2,14004.9,4.8493e+06
77.6917,81.3553,-57.9445,50.1131,35942.4,13831.3,4.93505e+06
77.7083,81.8194,-59.1869,49.5612,36704.4,13492.1,4.79704e+06
77.7250,78.9091,-57.9866,46.9361,35311.1,12705.2,4.7166e+06
77.7417,74.9732,-56.1112,43.4995,35356.1,11871.4,4.57333e+06
77.7583,75.9083,-58.5243,41.9562,37202.8,11494.6,4.57822e+06
77.7750,77.1275,-61.6791,39.667,38306.6,11159,4.65644e+06
77.7917,79.7309,-64.4815,39.962,39041,11237.2,3.74685e+06
77.8083,80.0772,-65.3205,39.2631,39650.6,11395.4,3.65649e+06
77.8250,81.0777,-66.4576,39.1583,40339.1,11364.1,3.61907e+06
77.8417,79.6824,-65.3717,38.2772,41987.6,11239.5,3.50139e+06
77.8583,79.8318,-64.9622,39.0932,44071.6,11413.3,3.24624e+06
77.8750,79.9683,-64.103,40.6041,46140.7,11933.6,3.37183e+06
77.8917,78.5355,-61.3751,41.986,47081,12236.1,3.37623e+06
77.9083,79.2865,-61.8138,42.4802,47558.8,12178,3.33162e+06
77.9250,78.352,-60.8924,42.2766,47081.9,11824.8,3.16673e+06
77.9417,77.3416,-60.3841,41.1885,45902.7,11196.8,3.30634e+06
77.9583,78.5706,-61.5626,41.4436,45665,11146.4,3.29551e+06
77.9750,79.3747,-61.4932,42.6959,45839.5,11297.1,3.11993e+06
77.9917,80.6005,-60.9553,45.1626,48091.5,12180.9,3.33544e+06
78.0083,78.8341,-59.5335,44.0986,48407.1,12585,3.50449e+06
78.0250,79.3091,-60.1957,44.215,48149.6,12508.4,3.2568e+06
78.0417,80.202,-61.8002,43.6762,47403,11874.6,3.30844e+06
78.0583,78.3121,-60.0594,42.9044,46353.5,11377.3,3.5833e+06
78.0750,78.3592,-60.2868,42.6136,45456.6,10923.2,3.75435e+06
78.0917,78.799,-61.4369,41.8077,44350.9,10566.1,3.92947e+06
78.1083,80.2078,-63.3591,41.5177,43825.7,10379.6,3.87789e+06
78.1250,80.2184,-62.8241,42.231,44537.8,10577.7,3.94959e+06
78.1417,81.394,-64.2844,42.0679,44269.7,10513,3.95313e+06
78.1583,82.0997,-63.8283,43.7742,45290.6,10745.6,4.46443e+06
78.1750,82.9257,-63.7406,45.1217,45608.9,10817.4,5.59539e+06
78.1917,81.5825,-62.1959,44.9872,45120.4,10795.9,5.81036e+06
78.2083,81.3684,-60.932,46.1228,45047.7,10709.9,5.79839e+06
78.2250,81.2004,-61.259,45.342,43758.4,10162.9,5.48891e+06
78.2417,80.8549,-61.1061,44.8706,42711.9,9748.65,4.73291e+06
78.2583,81.6447,-62.7492,43.9116,41494.1,9494.46,4.94889e+06
78.2750,81.1169,-62.0839,44.0642,41238.8,9696.69,4.86689e+06
78.2917,81.2546,-62.3322,43.9819,41175,9928.13,4.51631e+06
78.3083,79.9886,-60.7182,44.1394,41363.9,9991.62,4.07245e+06
78.3250,79.9485,-60.4581,44.3424,41138,9896.89,4.05426e+06
78.3417,81.0522,-60.789,45.4496,40583.5,9892.78,4.02258e+06
78.3583,82.2338,-62.3988,45.2615,40796.4,10179.8,4.06236e+06
78.3750,81.1087,-60.4856,45.7822,40417.3,10159.6,4.21803e+06
78.3917,80.8081,-60.086,45.7731,40531.5,10140.9,4.33676e+06
78.4083,81.0754,-60.6113,45.4155,40111.3,10070.9,4.78447e+06
78.4250,81.0779,-59.8035,46.47,40464.4,10186.5,5.7157e+06
78.4417,81.877,-59.5386,47.9116,41127.3,10416,6.34967e+06
78.4583,82.1021,-58.3409,49.5005,42281.2,10874.1,6.68874e+06
78.4750,83.5385,-59.4373,50.1842,42925.9,11240,6.53307e+06
78.4917,83.8243,-58.9999,51.0841,43568.5,11599.2,6.74969e+06
78.5083,83.4689,-59.8179,49.5876,42954.8,11643.4,6.60519e+06
78.5250,81.7575,-57.6824,49.6098,43197.4,11720.6,7.08032e+06
78.5417,82.0478,-58.3768,49.2278,43188.1,11715.4,7.13385e+06
78.5583,81.2757,-57.8908,48.7679,43136.9,11568.3,7.08239e+06
78.5750,80.4169,-56.8152,48.7615,42836.6,11343.7,7.34971e+06
78.5917,80.1246,-56.28,48.8989,42161.5,11473.6,7.30992e+06
78.6083,80.1948,-55.2698,49.7542,43072.8,11664.2,7.39392e+06
78.6250,81.1995,-55.7908,50.6283,43919,12096.5,7.6099e+06
78.6417,81.172,-56.8507,49.2487,43489.8,11814.6,7.68365e+06
78.6583,82.3083,-57.4715,50.2977,43761.8,11761,7.10857e+06
78.6750,82.8302,-57.9948,50.4596,43011.2,11541.7,6.59714e+06
78.6917,80.9898,-55.0747,50.9657,43262.6,11250.3,7.01946e+06
78.7083,83.1622,-56.3832,52.3327,43654.3,11447.6,6.85624e+06
78.7250,83.4902,-54.9281,54.2832,44367.3,11665.5,7.01144e+06
78.7417,83.7243,-55.18,54.1337,44564.4,12241.2,7.5626e+06
78.7583,85.8716,-55.8372,56.3451,46096.4,12707.6,7.44998e+06
78.7750,87.9457,-58.0384,56.7796,45792.2,12426.5,7.2747e+06
78.7917,86.7443,-58.542,54.6761,43311.9,11208.3,6.20684e+06
78.8083,86.5335,-58.7779,53.8844,41837.7,10957.6,6.15679e+06
78.8250,85.5974,-58.443,52.9913,41279.6,10827.2,6.52583e+06
78.8417,86.2295,-56.934,55.4787,43115.4,11191.2,6.63359e+06
78.8583,86.5857,-58.1449,54.8002,43079.9,11388.8,5.49121e+06
78.8750,86.4118,-58.0908,54.4478,43703.1,11503.2,5.24722e+06
78.8917,86.1283,-56.857,55.1629,44244.4,11425.3,6.05136e+06
78.9083,84.6705,-53.6498,56.1888,44491.6,11299.3,5.84001e+06
78.9250,83.5147,-53.0317,55.1396,44699.8,11172.9,5.15361e+06
78.9417,85.008,-50.5267,59.3241,46828.7,11935.6,5.74663e+06
78.9583,86.2566,-52.4382,59.2526,48067.5,12262.4,4.99346e+06
78.9750,86.1035,-53.7233,57.7961,46940.7,12032.2,5.36518e+06
78.9917,85.4708,-54.6905,56.0692,45446.9,11742.4,5.92566e+06
79.0083,83.3447,-54.5218,53.3327,43023.5,11122.7,4.91649e+06
79.0250,83.2224,-53.8208,53.814,41478.5,11002.6,4.60371e+06
79.0417,85.1085,-51.4659,58.4662,43494.2,11751.8,4.94244e+06
79.0583,84.2648,-50.7836,58.0208,43721.3,11803.5,4.3229e+06
79.0750,83.4541,-50.9088,56.8068,43911,11572.6,4.17816e+06
79.0917,83.2391,-51.9146,55.4841,42638.4,11454,4.15292e+06
79.1083,82.8662,-51.8832,54.9844,42021.7,11635.9,4.05996e+06
79.1250,81.8533,-50.7625,54.7482,42570,11760.3,4.09933e+06
79.1417,81.4911,-50.9989,53.9975,40547.8,11301,4.02966e+06
79.1583,79.6958,-50.8559,51.9089,37988.6,10753.3,3.94969e+06
79.1750,77.9717,-52.0938,48.3637,35704.6,10327.3,4.02093e+06
79.1917,78.7516,-53.2511,48.1378,36245.7,10533.6,4.17976e+06
79.2083,79.5378,-53.4959,49.1062,37280.7,11132.4,4.09302e+06
79.2250,78.0827,-51.0093,49.7692,37444,11396.7,3.97729e+06
79.2417,80.4005,-53.1329,50.348,37525,11842.3,4.03509e+06
79.2583,82.5167,-55.122,51.0974,36961.2,12215.4,4.33037e+06
79.2750,81.8723,-55.6439,49.7912,35412,11671.7,4.04331e+06
79.2917,84.6202,-56.3644,52.7114,37457.8,12275.2,3.89883e+06
79.3083,83.817,-54.1067,53.9677,38801.8,12505,4.04451e+06
79.3250,84.304,-54.2548,54.42,39809.1,12907.6,4.14609e+06
79.3417,84.6101,-53.1373,55.8062,41636.5,13437.7,4.39564e+06
79.3583,81.9869,-50.9864,54.5874,41345.1,13120.1,4.38773e+06
79.3750,81.7397,-50.8578,54.1276,40405,12598.7,4.20513e+06
79.3917,81.5488,-50.7464,53.9466,37960.1,12097.8,4.73533e+06
79.4083,80.9841,-50.7018,53.3421,37561.6,12156.8,6.80103e+06
79.4250,79.5939,-49.297,52.896,38450.2,12182.7,6.53637e+06
79.4417,79.0873,-49.008,52.6594,37311.2,12063.9,5.40609e+06
79.4583,79.9686,-51.3188,51.56,40388.4,12991.1,4.75185e+06
79.4750,77.9557,-50.2367,49.9961,39684.7,12284.9,5.45752e+06
79.4917,79.1055,-50.959,50.6057,39074.9,12403,5.3787e+06
79.5083,81.7112,-53.4671,51.3971,37903.2,12006.4,4.37828e+06
79.5250,83.1031,-54.9654,51.5531,37516.1,12065.8,5.25894e+06
79.5417,83.2234,-54.4797,52.0365,37836.1,12154.8,5.81572e+06
79.5583,82.553,-53.2631,52.3379,37014.4,12250.3,5.95982e+06
79.5750,81.4106,-52.6677,51.2629,37896.3,11773.4,5.91661e+06
79.5917,82.3967,-54.1319,51.165,38621.8,12088,6.03977e+06
79.6083,83.3687,-53.9133,52.6174,41585.3,12794.8,6.88203e+06
79.6250,81.9317,-51.3043,53.1312,40246.8,12507.4,7.84934e+06
79.6417,83.8329,-51.3095,55.1474,40325,12987.8,7.45982e+06
79.6583,83.3907,-52.0338,53.7441,41629.4,13257.4,7.41429e+06
79.6750,86.274,-54.9918,54.9332,40588.8,13554.5,8.01546e+06
79.6917,86.0536,-52.3388,57.1816,41233.6,13872.3,7.98485e+06
79.7083,84.7881,-51.3992,56.3319,41116.5,13118.9,7.89766e+06
79.7250,85.4088,-51.9142,56.6299,41247.1,12773.7,7.88544e+06
79.7417,85.7479,-52.1715,56.8264,41526,12628.4,7.98142e+06
79.7583,83.627,-50.645,55.7953,41797.6,12374.8,6.41793e+06
79.7750,83.892,-48.6559,57.8366,42730.8,12621,5.63758e+06
79.7917,85.4416,-49.1402,59.2882,43263.6,12896.8,4.73828e+06
79.8083,84.349,-46.2186,60.4187,43529.8,12887.8,4.68431e+06
79.8250,83.7413,-44.6285,60.9808,43360.2,12854.3,4.84186e+06
79.8417,81.4755,-43.0016,59.6042,43056.4,12862.3,4.89245e+06
79.8583,81.4104,-44.4579,58.3701,40602.3,12271.8,4.86654e+06
79.8750,80.761,-43.236,58.6217,39736.9,11474.4,5.01788e+06
79.8917,79.3302,-43.3724,56.8438,38471,10858.3,5.46058e+06
79.9083,82.5509,-45.9574,58.4271,39170.4,11006.4,5.53939e+06
79.9250,84.7943,-47.0194,60.0185,40980.7,11731,5.14238e+06
79.9417,86.9497,-48.5758,61.1473,40948.1,11842.5,5.20656e+06
79.9583,87.8897,-48.6494,62.1414,42704.7,12497.7,5.31626e+06
79.9750,87.9622,-47.9636,62.6447,42576.1,12283.2,5.69526e+06
79.9917,87.9708,-47.4088,63.0683,42266.9,12077.6,6.29999e+06
80.0083,88.7468,-48.3814,63.1573,42672.6,12069.3,6.2233e+06
80.0250,89.1221,-47.6106,64.1827,43395.7,12293,5.81565e+06
80.0417,87.5683,-44.4087,64.8165,44963.7,12618.3,6.72417e+06
80.0583,89.6576,-46.9537,65.197,44797.1,12544.9,5.71131e+06
80.0750,90.2712,-47.1243,65.8133,44586.4,13200.9,5.22775e+06
80.0917,89.5897,-46.7377,65.2521,45076.1,13314.5,5.39556e+06
80.1083,90.1299,-47.782,64.9653,44857.1,13762.5,5.34719e+06
80.1250,90.652,-47.876,65.539,46796.7,13786.1,5.13952e+06
80.1417,89.4264,-46.6635,65.0769,47034.2,13983.8,4.84273e+06
80.1583,89.0443,-45.9248,65.231,48017.9,14642.1,4.64902e+06
80.1750,87.9738,-45.7148,64.1093,46741.2,13660.1,4.75053e+06
80.1917,88.9282,-46.8927,64.2168,44729.7,12878.5,4.35224e+06
80.2083,90.4643,-47.257,65.6656,46136.8,13499.5,4.42146e+06
80.2250,90.8795,-46.5624,66.6866,48289.1,14168.1,3.98973e+06
80.2417,91.5483,-47.0891,66.9806,48973.4,13979.7,4.03113e+06
80.2583,92.0512,-46.8052,67.7337,49215.9,14035.5,4.05048e+06
80.2750,91.4582,-45.5727,67.9963,49875.8,14588.1,4.38506e+06
80.2917,91.4172,-45.5281,67.9428,50639.6,14948.3,4.34743e+06
80.3083,90.5141,-44.3133,67.8207,51395.4,15093.9,4.02497e+06
80.3250,89.9233,-42.728,68.3031,53108.3,15644.4,4.30455e+06
80.3417,90.7347,-42.6238,69.2035,53349.1,16009.7,4.30513e+06
80.3583,91.2629,-43.0525,69.4518,53795.8,15862.6,4.22296e+06
80.3750,90.4101,-41.7059,69.4604,54681,15735.2,4.30466e+06
80.3917,88.1249,-40.6583,67.6543,53572,14936.8,4.19928e+06
80.4083,89.2068,-41.7356,68.0305,51550.6,14202,4.13593e+06
80.4250,86.7504,-41.6141,65.3557,61045.6,14476.7,3.86601e+06
80.4417,89.8619,-44.097,66.8611,66341.4,13424.6,4.04521e+06
80.4583,94.1724,-45.3345,70.6199,55321.5,13568.5,4.02023e+06
80.4750,95.1322,-45.4014,71.6148,63853.8,13981.3,3.71066e+06
80.4917,95.9478,-45.505,72.3994,76694.6,14971.2,3.73521e+06
80.5083,97.5675,-45.2553,74.3417,68078.6,14995.5,3.67725e+06
80.5250,96.7498,-45.8439,72.9613,60874.4,14047.9,3.77952e+06
80.5417,96.5522,-46.1873,72.4135,63342,14489.4,3.62047e+06
80.5583,96.8281,-47.1315,71.99,63765.5,14887.7,3.61726e+06
80.5750,95.8611,-46.9119,71.0411,67610,14640.4,3.77824e+06
80.5917,96.3349,-47.2411,71.2718,63122.3,14772.4,3.83763e+06
80.6083,96.9913,-46.43,72.5519,61739.4,14681.5,3.81999e+06
80.6250,97.1174,-46.4476,72.6114,61473.8,14674.7,3.85213e+06
80.6417,96.9021,-47.1809,71.7912,59317.2,14931.5,3.70228e+06
80.6583,96.9058,-46.9568,71.8965,58254.9,15260,3.85673e+06
80.6750,96.7027,-46.1407,72.2013,57504.5,16184.6,4.17363e+06
80.6917,96.8226,-46.6034,71.9309,57463,16121.5,4.08285e+06
80.7083,96.0908,-48.3867,69.7481,52352.5,15611.4,4.1224e+06
80.7250,95.9108,-48.8568,69.1404,52193.7,16037.4,4.2032e+06
80.7417,97.2445,-47.5425,71.5936,55945.1,17239.2,3.98804e+06
80.7583,97.3261,-45.7664,72.9763,63520.8,18836.1,3.93838e+06
80.7750,97.6489,-45.9945,73.0905,62169,18975.2,4.03332e+06
80.7917,97.0176,-45.5414,72.6534,62187.3,21001.9,4.36601e+06
80.8083,97.3341,-44.9413,73.3572,68627.5,22902,4.41971e+06
80.8250,96.2508,-45.0092,72.0685,198066,39110.1,4.40968e+06
80.8417,96.5055,-48.0849,69.931,204283,25194.4,4.30312e+06
80.8583,95.491,-49.5714,67.5452,172548,21033.9,4.45263e+06
80.8750,94.9961,-47.2458,68.861,171626,24230.9,4.7087e+06
80.8917,94.3679,-46.284,68.9019,134814,19077.7,4.9168e+06
80.9083,94.634,-48.0667,67.728,76285.3,17536.1,4.73161e+06
80.9250,96.4883,-47.0379,70.5513,68197.6,18035.3,4.84264e+06
80.9417,99.4839,-47.0849,73.8474,77961.3,19104.2,4.38455e+06
80.9583,98.68,-44.4284,74.9368,83887.8,20312.3,4.38509e+06
80.9750,99.2732,-45.7218,74.5694,192180,22038.1,4.46883e+06
80.9917,101.848,-44.4384,78.3058,195167,22166.1,4.28522e+06
81.0083,102.174,-43.5779,79.2585,211084,22955.7,4.38229e+06
81.0250,99.8619,-43.1733,77.0095,192915,22352.5,4.68327e+06
81.0417,98.4661,-44.3002,74.6427,144466,20421.6,4.74366e+06
81.0583,98.0503,-44.1496,74.2637,99231.6,17876.6,4.25929e+06
81.0750,97.7975,-45.2293,73.1428,100076,18304,4.31264e+06
81.0917,97.6823,-46.0375,72.3652,87310.2,17649.7,4.39952e+06
81.1083,98.8294,-46.7059,73.0714,101209,18742.1,4.39342e+06
81.1250,100.196,-47.1592,74.1837,120239,18947.3,4.38525e+06
81.1417,102.963,-46.2027,77.8791,148237,19615.5,4.56233e+06
81.1583,100.686,-45.2001,76.1006,160262,20236,4.73746e+06
81.1750,99.3724,-46.143,73.9307,156058,19031,4.74172e+06
81.1917,98.7303,-46.1643,73.1663,125357,18222.6,4.62243e+06
81.2083,97.0149,-47.0413,70.5537,106599,18009.1,3.86095e+06
81.2250,98.0753,-47.4543,71.3617,97383,18298.1,4.05092e+06
81.2417,100.732,-47.8145,73.9665,121658,18900.3,4.43459e+06
81.2583,102.155,-48.4666,74.9948,117543,18795.8,4.32414e+06
81.2750,101.316,-52.2237,70.9728,87611.6,17033.2,4.32777e+06
81.2917,105.455,-60.5572,68.3704,68837.2,18045.8,3.60815e+06
81.3083,110.771,-65.0724,70.3808,87993.1,21435.6,3.79726e+06
81.3250,110.851,-65.4394,70.0821,90618.1,22301.4,3.82982e+06
81.3417,110.265,-64.0287,70.6889,87629.1,22104.8,3.75854e+06
81.3583,108.396,-60.5402,71.6628,88894.5,22427,3.97288e+06
81.3750,106.311,-59.0795,70.4982,78647.7,23077.5,3.73058e+06
81.3917,106.719,-55.5337,73.9871,96779,24557.8,4.0313e+06
81.4083,107.843,-53.9551,76.51,104893,25301.5,3.82651e+06
81.4250,107.816,-55.1512,75.4477,95099.1,23926.9,3.46186e+06
81.4417,106.209,-56.8329,72.1583,80267.4,22315.5,4.05451e+06
81.4583,105.856,-57.5038,71.1104,72343.9,21783.6,3.8411e+06
81.4750,105.488,-57.7107,70.4574,72985,22248.1,3.64862e+06
81.4917,103.458,-57.2303,68.5249,68463.6,21748.9,3.75113e+06
81.5083,102.55,-57.5917,67.1046,65733.6,21491.3,3.96187e+06
81.5250,103.489,-57.8106,67.9449,67329.7,22938,3.61178e+06
81.5417,103.807,-56.9886,68.9987,69784.9,23395.1,3.55261e+06
81.5583,103.479,-57.1543,68.422,67165.6,22407.3,3.62507e+06
81.5750,103.993,-57.2782,68.8512,74749.7,23020.7,3.37931e+06
81.5917,104.011,-57.8665,68.3159,75006.1,22906.2,3.65959e+06
81.6083,104.128,-58.0581,68.2387,80720.6,22684,3.55422e+06
81.6250,104.196,-57.0782,69.1592,89334.8,24332.1,3.54799e+06
81.6417,104.273,-56.56,69.6743,99962.4,24806.2,3.53021e+06
81.6583,104.235,-57.0939,69.1179,96627.4,23529.6,3.34454e+06
81.6750,103.724,-55.6885,69.7368,96034,23947.3,3.71715e+06
81.6917,103.3,-56.0215,68.9147,95520.5,22435.9,3.8054e+06
81.7083,103.969,-57.2663,68.5258,84209.6,21254.7,3.48002e+06
81.7250,104.654,-57.7655,68.7924,77778.6,20751.2,3.37207e+06
81.7417,106.491,-57.0182,71.4834,95836.2,22739.6,3.05882e+06
81.7583,107.05,-55.4064,73.5156,128726,24313.8,2.9452e+06
81.7750,106.87,-53.5447,74.8456,129416,26225.5,3.28301e+06
81.7917,103.397,-53.869,70.6513,108870,25779.5,3.09541e+06
81.8083,103.655,-55.56,69.4334,106511,24454.7,2.97887e+06
81.8250,105.783,-56.8709,70.5407,109975,24683.4,3.2152e+06
81.8417,110.103,-59.5828,73.0467,137507,25736.1,3.5101e+06
81.8583,108.722,-57.6659,73.0701,142499,23898,3.68151e+06
81.8750,109.046,-55.8321,75.0168,178030,24213.6,3.17302e+06
81.8917,106.997,-54.4097,73.8461,136441,23288.1,3.27084e+06
81.9083,107.081,-54.8233,73.5505,116990,22562.7,3.23255e+06
81.9250,107.766,-53.8513,75.0804,202558,24191.4,3.06695e+06
81.9417,109.996,-56.2781,75.5528,200232,24236.2,2.85954e+06
81.9583,108.14,-57.0594,72.7329,220895,23179.5,2.86909e+06
81.9750,108.644,-57.4162,73.0083,201169,23392.9,3.11691e+06
81.9917,108.578,-57.6848,72.6694,188122,23181,2.96015e+06
82.0083,108.693,-58.1945,72.3195,141234,23544.6,3.04171e+06
82.0250,109.492,-57.8793,73.5066,150377,24922.5,3.01525e+06
82.0417,112.067,-57.5622,76.6138,178960,25989.1,3.20782e+06
82.0583,111.05,-57.5875,75.4304,149081,25780,3.26672e+06
82.0750,111.196,-58.7701,74.5487,136169,25579.1,3.16199e+06
82.0917,111.859,-60.0547,74.1476,122015,25398.5,3.02245e+06
82.1083,109.152,-60.511,70.5596,97815,24342.9,2.85301e+06
82.1250,107.443,-61.6976,67.3651,81002.1,23919.1,2.88952e+06
82.1417,107.766,-61.8293,67.5862,80313.5,24183.9,3.0419e+06
82.1583,108.721,-61.4571,69.0385,79815.3,24739.7,3.01916e+06
82.1750,108.976,-60.4794,70.2118,82641.1,25835.3,2.97634e+06
82.1917,109.49,-60.7536,70.5456,80143.9,25852.3,2.92762e+06
82.2083,108.88,-60.5077,69.9819,77930.3,26304.5,2.87236e+06
82.2250,107.995,-59.9354,69.4608,72865.9,26249.3,3.11643e+06
82.2417,107.751,-59.8758,69.156,72815.4,26484.1,3.10865e+06
82.2583,108.388,-60.4401,69.2667,73887.9,27026.4,3.016e+06
82.2750,108.582,-60.4259,69.4536,72141.8,27172.9,3.02246e+06
82.2917,110.534,-60.347,71.6429,75669.2,28214.2,2.58833e+06
82.3083,109.26,-59.4301,70.8767,73951.1,28606.8,2.52131e+06
82.3250,107.355,-57.7324,70.2611,71190.8,27710.7,2.61255e+06
82.3417,105.418,-57.8462,67.9433,67417.6,26107.3,2.77012e+06
82.3583,105.478,-58.2018,67.6519,67268.6,25681.3,2.62764e+06
82.3750,104.514,-57.2493,67.3806,66602.2,24428.3,2.46538e+06
82.3917,104.071,-56.1796,67.8149,67051.7,23734,2.47887e+06
82.4083,103.658,-56.0663,67.3797,65851.5,23004.7,2.57204e+06
82.4250,103.522,-56.9161,66.4283,65332.8,22261.9,2.6057e+06
82.4417,104.673,-58.0602,66.6014,65269.3,20931.5,2.61589e+06
82.4583,105.603,-58.3474,67.2735,65429.5,21107.3,2.63478e+06
82.4750,105.33,-58.2377,66.9921,64455.5,20290.7,2.63533e+06
82.4917,104.035,-58.1504,65.4752,64081.1,18805.3,2.69712e+06
82.5083,103.828,-58.4282,64.9167,63597.5,18001.2,2.80539e+06
82.5250,105.599,-60.7736,64.8102,64441.2,18106.7,2.70324e+06
82.5417,106.465,-62.4285,64.0997,63914.5,17402.8,2.69781e+06
82.5583,107.92,-63.0285,65.0053,64591.2,17615.1,2.73411e+06
82.5750,107.972,-62.1677,65.7383,65807.3,17679.3,2.95203e+06
82.5917,106.974,-61.4135,65.3108,64870.1,16821.3,2.99035e+06
82.6083,105.932,-61.5029,64.0049,63721.1,16122.6,2.97581e+06
82.6250,104.22,-61.3433,61.9335,61038.9,15242.7,2.81124e+06
82.6417,102.872,-60.8496,60.7453,58824.1,14764.2,2.75084e+06
82.6583,102.43,-60.8538,60.1711,57142,14550.1,2.67684e+06
82.6750,101.748,-60.287,59.9223,56217.2,14385.4,2.51529e+06
82.6917,100.983,-59.6965,59.5625,54696.2,14222.2,2.57997e+06
82.7083,100.172,-58.5864,59.5995,54726,14323.9,2.5899e+06
82.7250,98.6882,-56.8212,59.544,53718.9,14210.3,2.84208e+06
82.7417,98.4914,-55.4215,60.5897,53161.4,14221.2,3.01075e+06
82.7583,98.4872,-54.3133,61.5145,53142,14414.6,3.12776e+06
82.7750,98.5722,-54.15,61.7009,52532.6,14475.7,2.90697e+06
82.7917,97.9824,-53.8854,61.1548,51841.6,14449.7,2.87935e+06
82.8083,97.0388,-53.5139,60.4204,49295.1,14192.5,2.99447e+06
82.8250,96.1327,-52.7743,60.0792,47655,13980,2.94664e+06
82.8417,95.7842,-51.8923,60.381,46478,13898.8,2.9878e+06
82.8583,95.1653,-51.2752,60.1669,45397.6,13819.8,2.94734e+06
82.8750,94.6771,-50.4168,60.3474,44602.4,13811.8,3.00392e+06
82.8917,94.6378,-49.8371,60.7551,43750.4,13743.1,2.9347e+06
82.9083,94.3137,-48.8632,61.2977,42962.1,13638,2.76096e+06
82.9250,94.2305,-48.5102,61.5079,42020.6,13558,2.71335e+06
82.9417,93.3679,-47.7768,61.1778,40838.6,13449.8,2.82457e+06
82.9583,92.6227,-47.4403,60.6859,39606.7,13221.7,2.71831e+06
82.9750,92.3251,-46.9394,60.7096,39181.3,13203.6,2.77461e+06
82.9917,92.0146,-46.7712,60.5231,38680.7,13166.1,2.67816e+06
83.0083,91.9089,-47.3057,60.0133,38169.1,13159.3,2.61854e+06
83.0250,92.2091,-48.0832,59.6145,37620.3,13204.2,2.71865e+06
83.0417,92.8071,-48.5415,59.8341,37455,13277.6,2.70948e+06
83.0583,93.4505,-48.8688,60.2606,37765.3,13435,2.55266e+06
83.0750,94.1167,-49.2935,60.594,37900.9,13496,2.55765e+06
83.0917,94.4389,-49.4993,60.7874,37723.2,13543,2.45018e+06
83.1083,94.9104,-49.8896,60.9188,37666,13738.3,2.45054e+06
83.1250,95.2502,-50.376,60.7956,37381.4,13888.5,2.56966e+06
83.1417,95.3388,-50.6674,60.6151,37217.9,13866.5,2.5123e+06
83.1583,95.4568,-50.8848,60.5194,36908.9,13841.6,2.22043e+06
83.1750,95.6023,-50.9666,60.5792,36660.6,14025.1,2.09618e+06
83.1917,95.7121,-50.9356,60.7144,36531.1,14246.1,2.18458e+06
83.2083,95.8913,-50.8817,60.9233,36480.1,14562.1,2.374e+06
83.2250,96.2273,-50.7402,61.3781,36529.3,14722,2.16178e+06
83.2417,96.3941,-50.5973,61.6533,36651.6,14843.2,2.16306e+06
83.2583,96.3948,-50.7343,61.516,36473.8,14972.6,2.25911e+06
83.2750,96.384,-50.8645,61.3629,36266.4,15014.1,2.22109e+06
83.2917,96.6108,-50.9628,61.4702,36256.5,15196.7,2.20493e+06
83.3083,97.0833,-50.875,62.0192,36404.5,15548.1,2.31695e+06
83.3250,97.5506,-50.7725,62.5298,36708.1,15860.6,2.37162e+06
83.3417,97.2891,-50.3464,62.5343,36702.7,15960.5,2.36978e+06
83.3583,96.9382,-50.5222,61.9634,36621,15815.6,2.35436e+06
83.3750,97.462,-51.2886,61.8091,36478.5,15920.2,2.28494e+06
83.3917,97.9154,-51.5715,61.9828,36599.9,15940.7,2.3198e+06
83.4083,98.3776,-52.0172,62.0643,36774.9,16100.9,2.30278e+06
83.4250,99.8945,-52.9994,62.7821,37482.2,16598.1,2.25273e+06
83.4417,101.059,-53.7808,63.2655,37866.3,16980.1,2.14665e+06
83.4583,101.59,-54.3353,63.2909,38108,17252.6,2.03684e+06
83.4750,101.45,-54.3475,63.0034,38685.8,17539.8,2.08421e+06
83.4917,101.299,-54.0815,62.9867,38958.9,17891.9,2.12828e+06
83.5083,101.387,-53.9867,63.1331,39457.8,18196.8,2.09394e+06
83.5250,101.242,-53.7507,63.1288,39946.8,18433.5,2.14327e+06
83.5417,101.173,-53.4611,63.2798,40520.8,18852.5,2.12072e+06
83.5583,101.096,-53.1583,63.5059,41150.4,19068,2.04441e+06
83.5750,100.785,-52.6507,63.5779,41931.9,19365.5,2.04143e+06
83.5917,100.415,-51.966,63.7348,42292.9,19461.9,2.01998e+06
83.6083,99.6999,-51.1238,63.7066,42833.8,19789.2,1.98796e+06
83.6250,99.0399,-50.5058,63.5489,43109,19778.4,1.96026e+06
83.6417,98.3571,-49.8249,63.4322,43561.6,19772.5,1.94619e+06
83.6583,97.7141,-49.3645,63.199,43854.4,19560.5,1.88368e+06
83.6750,97.1525,-48.9973,62.9212,44106.5,19238.5,1.93476e+06
83.6917,96.7518,-48.5877,62.919,44480.2,18915.2,1.97413e+06
83.7083,97.017,-48.5279,63.288,44933.4,18604,1.95351e+06
83.7250,97.3022,-48.5432,63.5341,45225.8,18417.9,1.88785e+06
83.7417,97.2532,-48.6501,63.4734,45392.6,17875.4,1.84689e+06
83.7583,97.3688,-48.6997,63.6009,45512.3,17478.3,1.77552e+06
83.7750,97.3627,-48.5828,63.6682,45861.8,17071.2,1.74551e+06
83.7917,97.3424,-48.6833,63.6117,45824.1,16652,1.7481e+06
83.8083,97.3975,-48.6679,63.6737,46111.1,16367.1,1.72365e+06
83.8250,97.3352,-48.3591,63.8284,46247.3,16020.8,1.6934e+06
83.8417,96.8972,-47.9749,63.717,46175.4,15560.8,1.74795e+06
83.8583,96.6194,-47.7478,63.6281,46443.3,15091.7,1.76365e+06
83.8750,96.6096,-47.7123,63.6204,46607.9,14748.6,1.7805e+06
83.8917,96.7419,-47.7685,63.6871,46658.1,14616.6,1.73795e+06
83.9083,96.7448,-47.7348,63.6906,46920.9,14440.8,1.75321e+06
83.9250,96.8239,-47.7056,63.8005,47429.6,14278.8,1.74932e+06
83.9417,96.9674,-47.7593,63.9211,47672.8,14081.6,1.74034e+06
83.9583,97.2589,-47.9781,63.9816,47985.6,14066.5,1.7307e+06
83.9750,97.5347,-48.0834,64.0877,48468.7,13978.3,1.70719e+06
83.9917,97.7522,-48.0245,64.3037,49078.9,13908,1.73864e+06
84.0083,97.7688,-48.116,64.2292,49596,13719,1.75377e+06
84.0250,97.6393,-48.1792,64.024,49893.6,13528.9,1.74117e+06
84.0417,97.708,-48.3741,63.9283,50445.5,13394.2,1.70782e+06
84.0583,98.0852,-48.6806,64.0491,50974,13390.2,1.70351e+06
84.0750,98.6302,-49.0674,64.3183,51642.4,13380.8,1.7301e+06
84.0917,99.0899,-49.211,64.6074,52270.1,13416,1.6757e+06
84.1083,99.584,-49.508,64.8324,52732.2,13349.9,1.70166e+06
84.1250,99.9611,-49.7441,64.9883,52784.6,13228.8,1.75421e+06
84.1417,100.313,-49.8084,65.2444,53093.2,13147.8,1.75996e+06
84.1583,100.481,-49.7784,65.4268,53985.4,13025,1.78778e+06
84.1750,100.333,-49.5286,65.452,54346.3,12955.1,1.71222e+06
84.1917,100.06,-49.1421,65.4314,54833.2,12804.5,1.77873e+06
84.2083,99.5275,-48.7403,65.2516,55011.5,12546.5,1.73283e+06
84.2250,99.23,-48.6042,65.0611,54826.1,12339.9,1.71843e+06
84.2417,98.9297,-48.2544,65.0212,54510.2,12269.5,1.77559e+06
84.2583,98.8978,-48.1171,65.178,53979.2,12198.7,1.74671e+06
84.2750,99.0678,-48.0628,65.3661,54034,12209.3,1.7369e+06
84.2917,99.0661,-48.0148,65.4316,53685.5,12115.3,1.75043e+06
84.3083,98.9235,-47.7995,65.4546,53315.2,12089.5,1.73058e+06
84.3250,98.6647,-47.4766,65.4563,52885.4,12113.9,1.79913e+06
84.3417,98.2423,-46.9915,65.4259,52433.1,12050.4,1.74801e+06
84.3583,98.166,-46.8423,65.4649,51900.8,12079.5,1.7438e+06
84.3750,98.2549,-46.8,65.5677,51688.6,12173.1,1.713e+06
84.3917,98.2601,-46.7426,65.5535,51630.7,12219.2,1.74856e+06
84.4083,98.4521,-46.9051,65.7116,51478.2,12310,1.77362e+06
84.4250,98.575,-47.0297,65.6723,51142,12388.6,1.71841e+06
84.4417,98.9611,-47.4189,65.7688,51116.4,12557.1,1.76685e+06
84.4583,99.427,-47.7755,66.0337,51072.9,12674.7,1.82075e+06
84.4750,99.7325,-48.0578,66.0899,50832.2,12851.6,1.82077e+06
84.4917,100.251,-48.3936,66.3021,50749.8,12959.8,1.82897e+06
84.5083,100.238,-48.3064,66.3523,50636.3,13122.4,1.80604e+06
84.5250,100.035,-48.2412,66.2642,49815.7,13220.4,1.85195e+06
84.5417,99.8782,-48.3389,66.1218,49187.2,13126,1.835e+06
84.5583,100.103,-48.4005,66.3213,48803.4,13183.6,1.79922e+06
84.5750,100.458,-48.563,66.5595,48610.9,13313.9,1.85036e+06
84.5917,100.561,-48.3997,66.8498,48128.2,13379.6,1.84954e+06
84.6083,100.427,-48.1083,66.9629,47841,13502.3,1.90591e+06
84.6250,100.426,-48.0688,66.9774,47504.7,13630.2,1.90957e+06
84.6417,100.395,-48.037,66.9768,47175.8,13725.3,1.86308e+06
84.6583,100.369,-48.1935,66.8235,46602.8,13754.2,1.85192e+06
84.6750,100.207,-48.1683,66.7675,45883.8,13740.7,1.81176e+06
84.6917,100.287,-48.1686,66.8661,45370.7,13794.6,1.7841e+06
84.7083,100.191,-47.9527,66.9208,44848.2,13828.9,1.76207e+06
84.7250,100.227,-47.906,67.0692,44168.9,13851.3,1.72533e+06
84.7417,100.378,-47.9293,67.1492,43551.3,13941.5,1.71449e+06
84.7583,100.422,-48.0154,67.0968,43204.7,14040.5,1.76002e+06
84.7750,100.534,-48.1288,67.167,42761.6,14070.2,1.72077e+06
84.7917,100.68,-48.3019,67.1761,42264.6,14241.5,1.7164e+06
84.8083,100.799,-48.3129,67.2721,41979.7,14223.9,1.67979e+06
84.8250,101.05,-48.2876,67.5281,41923.5,14329.4,1.70427e+06
84.8417,101.332,-48.3163,67.8284,41763,14355.7,1.71007e+06
84.8583,101.508,-48.439,68.0032,41448.5,14411.8,1.71565e+06
84.8750,101.78,-48.6018,68.1116,40952.2,14473.1,1.7067e+06
84.8917,102.029,-48.7416,68.2371,40663.2,14624.2,1.6658e+06
84.9083,102.125,-48.6126,68.4917,40372.5,14690,1.72013e+06
84.9250,102.205,-48.4665,68.6128,40044.4,14797.5,1.6969e+06
84.9417,102.151,-48.18,68.8287,39965.2,14864.1,1.70122e+06
84.9583,101.761,-47.782,68.7457,39527.9,14802.1,1.77333e+06
84.9750,101.426,-47.5635,68.5968,38935.4,14774.3,1.67615e+06
84.9917,101.215,-47.5832,68.499,38288.6,14752.5,1.67364e+06
85.0083,101.289,-47.5502,68.5283,38266.1,14904.1,1.72081e+06
85.0250,101.453,-47.5361,68.7592,38208.3,15010.2,1.76417e+06
85.0417,101.444,-47.5399,68.8394,37876.5,15055.6,1.67781e+06
85.0583,101.507,-47.5751,68.8875,37423.9,15068.7,1.66396e+06
85.0750,101.682,-47.4752,69.1217,37253.6,15041.1,1.70373e+06
85.0917,101.854,-47.4695,69.3378,37401.1,15111.4,1.75339e+06
85.1083,101.983,-47.4422,69.4791,37427.3,15282.1,1.7617e+06
85.1250,101.878,-47.4034,69.4098,37486.1,15281.7,1.90642e+06
85.1417,101.829,-47.6671,69.2157,37244.8,15217.6,1.80023e+06
85.1583,101.728,-47.6681,69.1652,36923.9,15176.3,1.79947e+06
85.1750,101.804,-47.8268,69.1056,36711.8,15129.5,1.7674e+06
85.1917,101.887,-48.1345,68.9839,36335.1,15073.2,1.70279e+06
85.2083,102.029,-48.3268,69.0582,36044.4,15036.2,1.67427e+06
85.2250,102.207,-48.4737,69.1657,35608.2,15008.8,1.67958e+06
85.2417,102.566,-48.3584,69.5331,35872.8,15074.8,1.75021e+06
85.2583,102.796,-48.2036,69.8563,36107.5,15195.5,1.76952e+06
85.2750,102.97,-47.9025,70.214,36280.4,15321,1.82004e+06
85.2917,102.835,-47.6571,70.2497,36305.8,15228.8,1.90857e+06
85.3083,102.813,-47.5743,70.2618,36036.3,15261.4,1.83727e+06
85.3250,102.792,-47.6148,70.2064,35923.2,15171.2,1.86284e+06
85.3417,102.861,-47.8047,70.1752,35657.9,15104.8,1.83377e+06
85.3583,103.032,-47.6008,70.4298,35556,15122.8,1.81397e+06
85.3750,102.913,-47.5417,70.4049,35414,15022.9,1.85929e+06
85.3917,103.354,-47.7448,70.6324,35467.2,15031,1.82319e+06
85.4083,103.952,-47.8993,71.0554,35426.3,15005.3,1.81059e+06
85.4250,104.469,-48.3194,71.283,35267.3,15039,1.81795e+06
85.4417,104.831,-48.6843,71.436,35176.4,14998.3,1.7644e+06
85.4583,105.236,-48.9239,71.7121,35095.4,15035.5,1.66636e+06
85.4750,105.557,-48.8256,72.0219,35225.6,15170.6,1.69248e+06
85.4917,106.12,-48.8767,72.6704,35688.7,15354.1,1.72238e+06
85.5083,106.136,-48.2989,72.9164,35857.5,15403.6,1.70752e+06
85.5250,105.472,-47.5501,72.8521,35653,15358.9,1.67235e+06
85.5417,104.569,-47.1367,72.4623,35066.9,15081.2,1.60956e+06
85.5583,104.264,-46.653,72.5745,35024.4,14939,1.63657e+06
85.5750,103.827,-45.965,72.5853,34952.7,14909.1,1.62006e+06
85.5917,103.674,-45.508,72.7871,35146,14972.3,1.73611e+06
85.6083,103.423,-44.7424,73.162,35240.4,15125.5,1.7688e+06
85.6250,103.369,-44.4673,73.1884,35342.4,15204,1.76829e+06
85.6417,102.835,-43.6926,73.2195,35420.3,15295.1,1.78449e+06
85.6583,102.465,-43.2487,73.1779,35499.8,15260.7,1.7591e+06
85.6750,102.106,-42.7563,73.0756,35387.2,15268.9,1.67142e+06
85.6917,101.972,-42.5913,73.1321,35409.1,15280.5,1.61436e+06
85.7083,102.111,-41.9476,73.6124,35791.1,15537.2,1.66181e+06
85.7250,102.203,-41.5079,73.9237,36203.3,15781.7,1.70415e+06
85.7417,102.033,-41.2869,73.9611,36345.6,15810.2,1.69229e+06
85.7583,101.747,-41.354,73.7906,36249.7,15736.9,1.69513e+06
85.7750,101.603,-41.2787,73.6632,36197.7,15807.6,1.61487e+06
85.7917,101.895,-41.5006,73.9017,36280.1,15885.8,1.48921e+06
85.8083,102.336,-41.7035,74.1418,36621.7,16046.7,1.5173e+06
85.8250,102.189,-41.6951,74.0698,36800,16119.5,1.4896e+06
85.8417,102.772,-41.952,74.5636,36826.1,16187.2,1.4812e+06
85.8583,102.758,-41.95,74.4548,36958.9,16225.5,1.47905e+06
85.8750,103.231,-41.9884,74.9578,37435.6,16404,1.56699e+06
85.8917,103.507,-42.0807,75.1826,37700,16472.4,1.53952e+06
85.9083,103.342,-41.9159,75.163,37742.7,16400.5,1.55001e+06
85.9250,103.343,-42.1132,75.224,37741.6,16366.2,1.46215e+06
85.9417,103.521,-42.0495,75.242,37928.1,16331.4,1.39863e+06
85.9583,103.633,-42.114,75.3424,38236.4,16363.5,1.37175e+06
85.9750,103.608,-41.5801,75.7076,38518.4,16279.5,1.37629e+06
85.9917,103.468,-41.6187,75.6425,38451.5,16135.1,1.40404e+06
86.0083,103.24,-41.2981,75.5977,38703.7,16074.6,1.38761e+06
86.0250,103.662,-41.4414,75.9117,39226,16103.7,1.43314e+06
86.0417,103.664,-40.9919,76.0389,39800.6,16328.9,1.50173e+06
86.0583,103.77,-41.0562,76.3821,39873.9,16269.7,1.54768e+06
86.0750,103.62,-41.0053,76.3,39917.5,16022.9,1.4614e+06
86.0917,103.915,-41.185,76.4542,40005,15945.8,1.40884e+06
86.1083,103.864,-40.9897,76.5737,40290.1,15969.2,1.46025e+06
86.1250,103.645,-40.8745,76.4492,40442.8,15890.1,1.42603e+06
86.1417,103.848,-40.9997,76.5685,40607.1,15857.1,1.32257e+06
86.1583,103.739,-40.9871,76.5149,40621.9,15746.2,1.36913e+06
86.1750,103.814,-40.7771,76.9448,40935.5,15687.3,1.36552e+06
86.1917,104.034,-40.6453,77.1252,40957.4,15732,1.41561e+06
86.2083,104.005,-40.5321,77.2442,41245.4,15714.3,1.43565e+06
86.2250,103.615,-40.3467,77.0993,41161.8,15641,1.36363e+06
86.2417,103.677,-40.6755,77.0325,41109.2,15551.6,1.42284e+06
86.2583,103.822,-40.7066,77.0535,41269,15677,1.37602e+06
86.2750,103.908,-40.3643,77.3946,41458.7,15752,1.41513e+06
86.2917,103.789,-40.3008,77.3933,41477,15711.2,1.38008e+06
86.3083,103.969,-40.0247,77.6633,41617.7,15804.9,1.42184e+06
86.3250,103.574,-39.8629,77.4632,41594.6,15779,1.4762e+06
86.3417,103.163,-39.8445,77.217,41454.2,15559.5,1.39142e+06
86.3583,103.659,-39.6729,77.6534,41717.8,15567.3,1.42326e+06
86.3750,103.689,-39.4604,77.759,41668.7,15707.1,1.44781e+06
86.3917,103.876,-39.3816,78.2406,41676,15576.3,1.47129e+06
86.4083,103.497,-39.2532,77.9739,41469.2,15285.2,1.40043e+06
86.4250,103.211,-39.2165,77.7949,41433.7,15150.6,1.44147e+06
86.4417,103.731,-39.5896,78.1956,41562.3,15167.4,1.42313e+06
86.4583,103.492,-38.9005,78.0313,41725.2,15326.8,1.42795e+06
86.4750,103.683,-39.4234,78.2753,41238.7,15196.3,1.41538e+06
86.4917,103.89,-39.3649,78.6072,41352.6,15098.5,1.42939e+06
86.5083,104.016,-39.8093,78.4802,41185.7,14993.3,1.43958e+06
86.5250,103.909,-39.8552,78.5257,41082,15024.7,1.39377e+06
86.5417,104.049,-39.6873,78.6473,41204.2,15057.8,1.46505e+06
86.5583,103.984,-39.7942,78.5838,41160.5,14865.9,1.44696e+06
86.5750,104.409,-40.401,78.9579,40961.2,14964.5,1.44077e+06
86.5917,104.284,-40.8867,78.7472,40773,14747.3,1.44582e+06
86.6083,104.947,-41.2179,79.1814,40890.4,14954.4,1.40482e+06
86.6250,105.124,-40.8548,79.5069,41186.8,15081.3,1.45884e+06
86.6417,104.673,-41.1631,79.236,40880,14815.2,1.40909e+06
86.6583,105.758,-41.8328,79.9825,41029.7,14902.9,1.42567e+06
86.6750,106.267,-42.2112,80.0805,40998.8,14967.3,1.44009e+06
86.6917,106.483,-41.8123,80.6048,41324.2,15204.4,1.54192e+06
86.7083,107.08,-42.4909,81.0073,41486.8,15332.7,1.57416e+06
86.7250,107.275,-41.9031,81.2073,41703.9,15520.1,1.57278e+06
86.7417,107.487,-42.4758,81.419,41297.1,15365.3,1.50671e+06
86.7583,107.45,-42.2193,81.5846,41259.5,15548.6,1.60758e+06
86.7750,107.374,-42.3546,81.4994,41147,15409.8,1.58636e+06
86.7917,106.9,-41.9049,81.4142,40876.1,15385.6,1.54045e+06
86.8083,106.342,-41.9925,81.149,40614.2,15075.8,1.46678e+06
86.8250,106.762,-42.9389,81.1066,40090.8,15011,1.43434e+06
86.8417,107.884,-43.0688,82.1598,40523.2,15438.2,1.53425e+06
86.8583,108.737,-43.1567,82.8502,40729.3,15557.5,1.53637e+06
86.8750,109.113,-43.3509,83.199,40602.3,15573.7,1.53805e+06
86.8917,109.538,-43.2394,83.5621,40923.2,15723.7,1.53606e+06
86.9083,109.852,-42.9558,83.9049,41024.2,15947.5,1.53816e+06
86.9250,109.199,-42.6786,83.7596,40523.9,15847,1.59005e+06
86.9417,109.021,-42.5595,83.8122,40456.9,15633.5,1.56646e+06
86.9583,108.525,-42.3432,83.1868,40147.9,15511.3,1.56101e+06
86.9750,108.376,-41.8556,83.3481,40442.5,15723.4,1.59047e+06
86.9917,108.23,-40.9972,83.543,40913.2,15994.8,1.5543e+06
87.0083,108.22,-41.1618,83.5676,40486.5,15995.2,1.57266e+06
87.0250,108.166,-41.0203,83.8228,40778.8,16078.2,1.55859e+06
87.0417,108.235,-40.8735,83.9344,41184.2,16308.7,1.57708e+06
87.0583,108.308,-40.556,84.2195,41341.1,16673.2,1.59449e+06
87.0750,108.553,-40.2568,84.6618,41272.1,16801.1,1.5833e+06
87.0917,108.199,-39.3618,84.7164,41720.5,16993.8,1.63245e+06
87.1083,107.873,-39.8506,84.6893,41061.7,17003.6,1.54402e+06
87.1250,107.898,-40.1453,84.7166,40735.8,17096.4,1.53662e+06
87.1417,108.158,-40.2291,84.874,41076,17527.5,1.57516e+06
87.1583,107.697,-39.8616,84.725,41084.4,17844.8,1.56323e+06
87.1750,107.742,-40.1626,85.0644,41138.5,17763.9,1.51971e+06
87.1917,108.071,-41.0594,85.0634,40865.5,17740.7,1.49417e+06
87.2083,108.681,-41.0227,85.5581,41414.4,18220.5,1.49149e+06
87.2250,109.468,-40.2311,86.4931,42802.3,18798.2,1.56406e+06
87.2417,108.91,-39.2306,86.4919,43246.2,18860,1.60201e+06
87.2583,108.098,-39.0961,86.2314,42916.3,18535.8,1.50668e+06
87.2750,107.839,-39.4313,85.8966,43184.8,18487,1.54549e+06
87.2917,108.455,-39.4742,86.0868,43874.4,18968.7,1.52069e+06
87.3083,108.505,-39.1604,86.4425,44780.9,19106.5,1.54625e+06
87.3250,109.269,-39.731,87.293,45447,19033.9,1.53369e+06
87.3417,109.849,-40.0579,87.6058,45998.3,19128.3,1.49396e+06
87.3583,110.216,-39.7568,88.1359,46038.7,19023.3,1.57074e+06
87.3750,109.003,-38.6748,87.826,45906.4,18492.1,1.59696e+06
87.3917,108.858,-39.2856,87.6342,45861,17740.9,1.54914e+06
87.4083,109.491,-40.8721,87.5908,45824.1,17428.4,1.51993e+06
87.4250,110.559,-41.8511,88.1886,45274.8,17477.1,1.50524e+06
87.4417,111.362,-41.3264,89.1222,46132.8,18185.8,1.54905e+06
87.4583,111.518,-40.727,89.4021,46475,18527.9,1.50363e+06
87.4750,110.517,-39.6866,89.1004,46354.7,18655.2,1.50705e+06
87.4917,109.838,-39.4443,88.9437,45552.5,18513.3,1.39652e+06
87.5083,111.51,-40.286,89.7963,46089,19201.5,1.49745e+06
87.5250,111.957,-38.6446,90.108,46869.5,21299,1.64873e+06
87.5417,110.682,-38.6128,89.9497,45351.4,20075.8,1.47988e+06
87.5583,111.058,-40.0252,90.0501,44131.8,18969.9,1.40403e+06
87.5750,111.095,-39.6107,89.6233,44844.5,20069.1,1.55833e+06
87.5917,110.834,-39.43,89.9548,45670.8,20510,1.45e+06
87.6083,110.642,-39.6145,90.267,45306.4,19413.8,1.43629e+06
87.6250,110.293,-39.8648,89.4934,44375.3,19095.9,1.41519e+06
87.6417,109.804,-39.4424,89.5406,45767.3,20056.2,1.41722e+06
87.6583,109.245,-39.4851,89.359,46756,19758.9,1.34957e+06
87.6750,109.085,-40.1325,89.0869,46214.3,19329.6,1.37003e+06
87.6917,108.852,-40.7895,88.7885,48110.9,19465.2,1.35163e+06
87.7083,110.329,-42.1999,89.8678,51010.9,19526.8,1.3413e+06
87.7250,111.713,-42.8182,90.8518,55910.3,19691,1.3023e+06
87.7417,112.035,-43.3206,91.0789,57957.7,19394.8,1.34152e+06
87.7583,112.411,-43.5038,91.4418,60221.9,19267.6,1.34972e+06
87.7750,113.153,-43.3996,91.8575,65345.7,19679.8,1.29418e+06
87.7917,113.744,-42.7577,92.1832,73275.3,20111.8,1.32647e+06
87.8083,113.579,-42.0484,92.5128,74795,20073.1,1.3451e+06
87.8250,113.362,-42.2282,92.4051,72115.9,19754.8,1.36106e+06
87.8417,113.177,-41.7614,92.2008,74784.8,19968,1.29385e+06
87.8583,113.025,-41.1677,92.1357,77628.5,19872.6,1.3212e+06
87.8750,113.028,-41.3272,92.1384,74211,19117.9,1.2753e+06
87.8917,112.695,-40.903,91.8814,73175.1,19022.3,1.34533e+06
87.9083,112.344,-40.3432,91.7978,74822.4,19189.7,1.29778e+06
87.9250,112.385,-39.8853,92.0728,74828,18780.7,1.32909e+06
87.9417,111.987,-39.8038,91.9178,71191.6,18155.4,1.33006e+06
87.9583,112.047,-39.8222,92.1073,71351.5,18349.2,1.30858e+06
87.9750,112.165,-39.5149,92.1571,72606.8,18882.6,1.3104e+06
87.9917,112.115,-39.7491,92.4145,69693.2,18535.5,1.30194e+06
88.0083,111.974,-39.5873,92.5511,67168.3,17853.5,1.3295e+06
88.0250,111.671,-39.6735,92.2851,65361.5,17832.2,1.31165e+06
88.0417,111.714,-39.9201,92.2887,63150.7,18065.4,1.28719e+06
88.0583,111.851,-39.2411,92.3652,63529.5,18281.3,1.25937e+06
88.0750,112.574,-38.7539,93.1617,68420.9,18700.5,1.23758e+06
88.0917,111.579,-37.9392,92.8956,67862.8,18825.5,1.3356e+06
88.1083,109.853,-37.0882,91.9709,61697.2,18126.2,1.37761e+06
88.1250,109.855,-37.1231,91.9923,61903.3,17925.2,1.36231e+06
88.1417,110.221,-36.4883,92.0484,65631,18447.9,1.30121e+06
88.1583,110.959,-37.046,92.6238,66598.3,18554.4,1.23921e+06
88.1750,112.565,-37.7029,94.4652,71735.8,19037.7,1.319e+06
88.1917,114.36,-38.9784,95.7957,81899.3,19658.1,1.28993e+06
88.2083,114.599,-38.1702,96.2249,85951.7,19850.8,1.41018e+06
88.2250,112.539,-37.1909,95.7639,73465.1,17959.9,1.38095e+06
88.2417,110.754,-36.0076,94.0876,67500.4,17286.2,1.35807e+06
88.2583,110.845,-36.2694,93.6436,70746.1,17681.7,1.23354e+06
88.2750,112.27,-36.8984,94.813,69796.9,17913.9,1.25255e+06
88.2917,111.676,-35.1071,95.0121,70844.2,17777,1.37198e+06
88.3083,109.498,-34.6109,93.8024,68406,16978,1.36384e+06
88.3250,109.222,-35.2535,93.5655,67997,16611.9,1.32036e+06
88.3417,110.513,-36.1715,94.196,75310.1,17077.9,1.22792e+06
88.3583,111.808,-36.2913,95.078,85770.2,17379.8,1.26412e+06
88.3750,111.556,-36.4583,95.3123,84786,16957.4,1.29604e+06
88.3917,111.114,-36.8493,95.2905,82170.9,16782.5,1.31432e+06
88.4083,112.229,-37.9103,95.8273,89834.5,16900.4,1.22279e+06
88.4250,113.542,-37.9843,96.6523,99691.4,16939.3,1.25196e+06
88.4417,113.487,-37.6887,97.0157,93494.6,16130.6,1.2902e+06
88.4583,112.522,-36.931,96.7011,92065.9,16259.5,1.29554e+06
88.4750,112.146,-36.7138,96.3507,92670.7,16558.7,1.24351e+06
88.4917,112.158,-36.4792,96.2813,92902.1,16589.4,1.26987e+06
88.5083,112.365,-36.6605,96.3649,92930.8,16194.6,1.24669e+06
88.5250,112.77,-36.9003,96.7114,94451.9,16104.5,1.24182e+06
88.5417,113.569,-37.6002,97.5624,95289.3,16458.5,1.24336e+06
88.5583,114.616,-37.594,98.7822,97937.5,16919.8,1.26463e+06
88.5750,114.382,-36.2985,98.6522,101035,16945.3,1.27247e+06
88.5917,113.003,-35.2637,97.7616,98713.5,16373.9,1.2729e+06
88.6083,112.492,-35.4988,97.3424,93165.5,16122.2,1.19146e+06
88.6250,112.847,-36.2735,97.5062,89512.1,16143.8,1.21643e+06
88.6417,113.842,-35.8206,98.511,93196.6,16492.9,1.21879e+06
88.6583,114.99,-36.6942,99.6827,94665.4,16641.6,1.20227e+06
88.6750,115.953,-36.433,100.657,98399.7,16704.2,1.24089e+06
88.6917,115.234,-34.4163,100.269,103288,17040.7,1.24758e+06
88.7083,113.765,-34.1106,99.271,93524.8,16588.5,1.24177e+06
88.7250,113.39,-35.143,98.9885,84876.4,16184.9,1.23977e+06
88.7417,113.856,-34.7534,99.3067,87404.7,16411,1.21039e+06
88.7583,113.809,-34.0919,99.3759,86642.2,16573.2,1.20608e+06
88.7750,113.427,-34.5981,99.1735,80330.3,16154.7,1.2199e+06
88.7917,113.823,-35.4624,99.5788,78867.3,16127.6,1.25626e+06
88.8083,114.483,-34.9443,100.296,83245.8,16595,1.16466e+06
88.8250,115.091,-34.8519,100.922,86856.3,16779.2,1.18175e+06
88.8417,114.983,-34.3591,100.895,87499.4,16679.7,1.20832e+06
88.8583,115.003,-34.2855,101.146,85204.6,16698.2,1.2772e+06
88.8750,114.81,-34.4115,101.155,81488.2,16695,1.24109e+06
88.8917,115.373,-34.3417,101.714,83837.9,16792.8,1.20175e+06
88.9083,115.554,-34.0468,101.92,86562.3,16930.5,1.16913e+06
88.9250,115.442,-34.0598,101.922,82980.6,16805.5,1.22621e+06
88.9417,115.764,-34.458,102.193,81831.8,16736.8,1.19843e+06
88.9583,116.442,-35.3169,103.018,82932.4,16765.5,1.18624e+06
88.9750,117.362,-34.7701,103.809,89584.1,17201.6,1.19438e+06
88.9917,117.49,-34.4309,104.005,92359.2,17301.3,1.27507e+06
89.0083,117.592,-34.8872,104.265,87427.4,17142.4,1.23815e+06
89.0250,118.056,-35.2081,104.803,84582.7,17117,1.23869e+06
89.0417,118.49,-35.4835,105.166,85789,17189.3,1.25191e+06
89.0583,118.324,-35.3962,105.176,84549.3,17109.8,1.24591e+06
89.0750,118.302,-35.9922,105.304,81939,17040.6,1.23424e+06
89.0917,118.627,-35.9781,105.548,80192.5,17025.9,1.23559e+06
89.1083,118.394,-35.76,105.475,80087.4,17144.5,1.18661e+06
89.1250,118.207,-35.9532,105.382,77011.3,17065.5,1.23631e+06
89.1417,119.224,-36.442,106.296,77714.4,17060.5,1.2731e+06
89.1583,119.341,-35.7814,106.404,78979.2,17286.6,1.26104e+06
89.1750,118.064,-34.9829,105.485,75625.5,17235,1.19969e+06
89.1917,118.152,-35.145,105.667,69756.6,16963.7,1.28929e+06
89.2083,118.581,-34.8796,106.022,71890.6,17215.3,1.21799e+06
89.2250,118.55,-34.4595,106.105,74705,17337.6,1.165e+06
89.2417,118.996,-34.7854,106.489,72861.8,17336.1,1.3011e+06
89.2583,120.287,-35.7009,107.94,71638.5,17276.4,1.28811e+06
89.2750,121.872,-35.1941,109.366,76915.4,17575.1,1.3656e+06
89.2917,121.617,-34.2641,109.387,76385.5,17485.5,1.33051e+06
89.3083,120.064,-33.0202,107.961,69936,17256.8,1.2883e+06
89.3250,119.063,-32.926,107.073,67587.8,17149.7,1.30535e+06
89.3417,119.271,-33.9035,107.452,68217.2,17131.9,1.31892e+06
89.3583,121.352,-34.9509,109.279,71742.3,17268,1.3302e+06
89.3750,121.287,-33.4396,109.337,68793.6,17305.5,1.33546e+06
89.3917,119.901,-33.083,108.31,61220.2,16978.5,1.28314e+06
89.4083,119.67,-33.7233,108.334,58980.7,16891.1,1.23933e+06
89.4250,121.934,-34.191,110.172,64954.4,17258,1.28328e+06
89.4417,121.865,-33.0672,109.852,66386.3,17343.2,1.32746e+06
89.4583,120.756,-32.8043,109.243,55526.1,17055,1.32318e+06
89.4750,120.054,-32.6785,108.691,52881.2,17149.2,1.26156e+06
89.4917,120.562,-33.0905,109.167,57488.8,17378.2,1.25017e+06
89.5083,120.484,-32.7888,109.244,62014.8,17599,1.30982e+06
89.5250,119.154,-32.2248,108.177,50947.5,17019.4,1.26846e+06
89.5417,119.691,-32.8299,108.772,49267.4,17077.9,1.24477e+06
89.5583,121.161,-32.1264,109.882,54376.8,17824.6,1.3371e+06
89.5750,125.394,-33.1207,113.901,68339.3,18475.4,1.51971e+06
89.5917,124.008,-31.5128,112.78,61580.5,18052.4,1.48187e+06
89.6083,121.072,-31.9988,110.684,48444.9,17093.4,1.39257e+06
89.6250,120.318,-32.5794,109.878,50171.6,17182.2,1.34428e+06
89.6417,120.978,-33.1795,110.474,51046.4,17290.7,1.29096e+06
89.6583,122.119,-34.2053,111.539,49157.8,17196.1,1.23779e+06
89.6750,122.311,-34.4602,112.096,46743.7,17217.7,1.30091e+06
89.6917,122.738,-34.4167,112.519,47416.8,17419.1,1.31243e+06
89.7083,123.889,-34.493,113.515,52000.5,17930.4,1.31852e+06
89.7250,124.318,-34.742,114.072,50657.2,17793.6,1.29969e+06
89.7417,124.439,-34.9361,114.378,47996.1,17613.2,1.32743e+06
89.7583,124.636,-35.0624,114.54,48003.7,17573.9,1.26581e+06
89.7750,124.957,-34.6721,114.838,50832.2,17769.3,1.28552e+06
89.7917,125.126,-34.9874,115.16,50438.2,17670.1,1.31508e+06
89.8083,124.69,-35.0855,114.745,47137.5,17466.6,1.27744e+06
89.8250,124.289,-35.2013,114.461,45660.4,17406.8,1.27247e+06
89.8417,124.307,-35.1477,114.638,47164.9,17530.1,1.32625e+06
89.8583,124.102,-34.9952,114.525,48932.3,17607.7,1.32689e+06
89.8750,124.536,-35.4297,115.039,48016.5,17521.2,1.24325e+06
89.8917,124.985,-35.2456,115.499,48314.2,17735.3,1.27474e+06
89.9083,124.505,-34.3385,115.192,47541.8,17791.8,1.33516e+06
89.9250,124.71,-34.1432,115.428,48337.6,18090.9,1.37901e+06
89.9417,124.273,-33.9168,114.903,49146.2,18159.8,1.30896e+06
89.9583,123.295,-34.3579,114.178,44862.6,17748.2,1.26645e+06
89.9750,123.08,-34.5371,114.131,43010.8,17769.7,1.38163e+06
89.9917,123.093,-33.6105,114.103,45096.7,18100.5,1.3312e+06
90.0083,122.987,-33.3214,114.029,45502.5,18156.1,1.32098e+06
90.0250,122.016,-33.2357,113.265,43680.5,17963.2,1.36848e+06
90.0417,122.058,-34.7535,113.498,42325.8,17697.1,1.33457e+06
90.0583,123.851,-36.3317,115.214,43841.9,17973.4,1.24699e+06
90.0750,124.833,-36.2554,116.083,45350,18309.7,1.23351e+06
90.0917,124.569,-35.1231,115.859,44603.3,18354.1,1.31041e+06
90.1083,124.078,-34.3225,115.367,44457.7,18529.2,1.36084e+06
90.1250,124.774,-34.5909,116.058,46228.8,19087.2,1.31712e+06
90.1417,124.886,-34.8722,116.249,45827.6,18972.5,1.33568e+06
90.1583,124.936,-34.7168,116.376,46059.9,18872,1.25732e+06
90.1750,125.749,-34.8952,117.17,47939.5,19155.5,1.27684e+06
90.1917,126.261,-35.347,117.708,48272.5,19199.4,1.29048e+06
90.2083,126.343,-35.2831,117.901,46951.5,19249.2,1.3426e+06
90.2250,126.7,-34.9362,118.18,48759.3,19348.2,1.31596e+06
90.2417,127.328,-34.92,118.805,50359.3,19400.1,1.33957e+06
90.2583,127.34,-34.5946,118.87,49509.9,19450.4,1.37569e+06
90.2750,127.387,-34.3355,118.974,49074.9,19434,1.33167e+06
90.2917,127.731,-34.2546,119.362,50485.1,19474.2,1.35737e+06
90.3083,127.899,-34.15,119.606,50867.4,19547,1.29187e+06
90.3250,128.163,-34.1687,119.975,51153.9,19641.4,1.27639e+06
90.3417,128.411,-34.3298,120.343,51789.8,19748.5,1.27893e+06
90.3583,128.708,-34.6722,120.756,51651.3,19556.5,1.25775e+06
90.3750,129.148,-35.0514,121.295,52271.3,19647.3,1.28757e+06
90.3917,129.215,-35.3868,121.36,52719.4,19821.5,1.24238e+06
90.4083,128.777,-34.827,120.92,52682.1,19843.9,1.25056e+06
90.4250,128.126,-34.6561,120.458,50607.1,19404.1,1.27309e+06
90.4417,128.997,-34.9146,121.359,52297.9,19861.4,1.29387e+06
90.4583,128.875,-34.5912,121.272,52620.1,19928,1.27737e+06
90.4750,129.378,-34.5437,121.892,53484,19984.4,1.35785e+06
90.4917,131.373,-35.0688,123.87,56995.9,20631.7,1.32821e+06
90.5083,132.144,-35.3037,124.708,58651.9,20819.2,1.35782e+06
90.5250,132.372,-35.2608,124.96,57302.7,20540.7,1.32629e+06
90.5417,133.322,-35.053,125.842,59096.6,20939.2,1.37124e+06
90.5583,133.588,-34.2752,125.999,60780.7,21214.1,1.36003e+06
90.5750,132.625,-33.5595,125.187,59205.9,20642,1.43942e+06
90.5917,131.976,-32.8187,124.659,59259.7,20438.5,1.48118e+06
90.6083,133.449,-33.3652,126.105,62086.8,21028.9,1.48968e+06
90.6250,133.844,-33.3003,126.532,61419.3,20845.6,1.40517e+06
90.6417,133.529,-33.1261,126.354,59647.6,20493,1.46489e+06
90.6583,132.736,-32.908,125.724,59035.4,20286.8,1.42611e+06
90.6750,131.369,-31.9519,124.464,58367.9,20101.9,1.46258e+06
90.6917,131.184,-32.3131,124.397,57695.4,19834.1,1.40138e+06
90.7083,132.289,-32.8796,125.523,58354.7,19883.7,1.36422e+06
90.7250,133.897,-33.0462,127.053,61196.6,20737.6,1.40899e+06
90.7417,134.242,-33.7068,127.578,59711.5,20273.8,1.3999e+06
90.7583,134.522,-33.3463,127.903,61808.7,20741.7,1.44165e+06
90.7750,133.839,-32.2224,127.188,62044.4,20648.2,1.43979e+06
90.7917,133.938,-33.8312,127.517,59643.9,19963.6,1.33673e+06
90.8083,135.119,-34.4605,128.781,59987.5,19820.1,1.31393e+06
90.8250,134.286,-33.4239,127.977,60330.7,19768.5,1.28933e+06
90.8417,134.218,-33.415,127.975,60297.1,19684.9,1.34387e+06
90.8583,135.623,-34.452,129.506,61218.7,19840.3,1.33324e+06
90.8750,136.768,-33.7332,130.452,63603.8,20495.4,1.32589e+06
90.8917,136.453,-33.1972,130.122,62421.1,20297,1.27481e+06
90.9083,136.091,-32.8612,129.837,61787.7,20020.8,1.30178e+06
90.9250,135.568,-33.5842,129.575,60701.9,19544.1,1.263e+06
90.9417,135.04,-34.695,129.256,58230.5,18752.6,1.20636e+06
90.9583,135.043,-34.0057,129.247,57974.6,18553.6,1.20428e+06
90.9750,134.667,-33.4058,128.807,58969.1,18633,1.18046e+06
90.9917,134.58,-33.2334,128.712,58717.8,18471,1.24322e+06
91.0083,135.002,-33.1212,129.099,57837.1,18265.5,1.22363e+06
91.0250,134.051,-32.5674,128.204,56732.6,17877.1,1.16438e+06
91.0417,133.188,-32.8828,127.552,54485.1,17492.6,1.1312e+06
91.0583,132.211,-32.4904,126.672,53133.6,17207.4,1.08439e+06
91.0750,131.928,-32.567,126.475,51862.1,16747.9,1.04366e+06
91.0917,132.696,-32.3762,127.136,53145.7,16921.4,1.03834e+06
91.1083,132.082,-32.5325,126.628,50785.2,16415.6,1.09659e+06
91.1250,130.864,-32.086,125.583,48962.5,16093.9,1.09382e+06
91.1417,129.05,-32.0502,123.932,47868,15703.6,1.0236e+06
91.1583,128.39,-31.9684,123.338,47804.2,15571.2,1.04844e+06
91.1750,128.372,-31.8844,123.299,48210.7,15437.1,1.05234e+06
91.1917,129.664,-33.1219,124.763,48380.2,15411.9,1.07576e+06
91.2083,130.81,-33.6361,125.931,49007.7,15581.4,1.00978e+06
91.2250,131.527,-33.1292,126.533,49584.7,15877.5,1.04328e+06
91.2417,131.229,-32.7778,126.224,49367.8,15976.8,1.00287e+06
91.2583,130.903,-33.4124,126.039,48529,15685.4,944212
91.2750,130.358,-33.8919,125.664,48107.5,15461.4,863988
91.2917,130.549,-34.4238,125.953,47639.3,15386.6,908041
91.3083,131.121,-34.8331,126.454,47455.4,15457,862540
91.3250,131.068,-34.5553,126.422,47662.8,15579.6,889995
91.3417,130.581,-34.1285,125.983,47179.7,15448.4,874076
91.3583,130.386,-33.6268,125.774,46876.6,15519.8,857229
91.3750,130.515,-33.279,125.882,47222,15653.4,918149
91.3917,130.232,-33.7099,125.781,46524.6,15488.3,808390
91.4083,129.846,-33.725,125.508,46251.9,15474.9,839343
91.4250,129.257,-33.2019,124.919,46213.9,15431.3,845330
91.4417,129.265,-32.9618,124.923,46544,15592.9,880773
91.4583,130.501,-32.7961,126.059,47154.8,16025.3,821857
91.4750,132.288,-32.8654,127.766,47609.2,16423.8,795987
91.4917,133.822,-33.6127,129.312,47261.9,16421.3,871792
91.5083,134.214,-33.8239,129.797,46485,16416.4,803010
91.5250,133.976,-34.165,129.699,46395.4,16480.9,797830
91.5417,134.091,-33.9641,129.812,46914.2,16662.6,779768
91.5583,134.133,-33.8468,129.846,46637.6,16778.4,783995
91.5750,134.048,-33.5065,129.746,46424.8,16739.5,775417
91.5917,133.604,-34.0368,129.459,45876.8,16597.5,775113
91.6083,133.117,-32.4147,128.866,46899.1,17025.5,816311
91.6250,133.054,-31.1752,128.634,47341,17397.4,863347
91.6417,134.304,-30.8209,129.792,48573,17834.8,812766
91.6583,135.411,-31.3134,130.998,48479.3,17865.4,758945
91.6750,136.518,-32.1714,132.323,47864.6,17839.4,815434
91.6917,135.944,-31.5758,131.755,48113.1,17832.1,778985
91.7083,135.133,-31.369,131.001,47798.4,17574.2,806663
91.7250,134.7,-30.8635,130.544,47810.7,17651.5,803816
91.7417,134.254,-30.6939,130.158,47602,17498.4,861598
91.7583,134.139,-31.1064,130.2,47319,17446.2,805349
91.7750,134.193,-31.5335,130.365,47067.7,17487.7,794978
91.7917,133.386,-31.1984,129.591,46569.2,17342.2,765923
91.8083,136.221,-32.9759,132.647,47721.3,17721.1,778578
91.8250,139.296,-33.1442,135.503,48450.4,18226.6,800570
91.8417,139.372,-33.1708,135.639,47997.4,18164.6,746506
91.8583,139.271,-33.2476,135.674,47607.6,18031.6,811962
91.8750,134.944,-30.366,131.122,46816,17419.4,825495
91.8917,131.847,-31.7848,128.568,44544.5,16271.4,713317
91.9083,132.213,-31.886,128.935,44799.9,16382.9,725696
91.9250,132.962,-31.7434,129.63,45455.6,16520.7,698587
91.9417,134.338,-32.5404,131.102,45755.6,16617.4,719033
91.9583,134.239,-31.7779,130.955,45648.6,16665.7,704130
91.9750,134.098,-31.984,130.878,45104.8,16477.5,696892
91.9917,135.397,-32.0444,132.13,45490.7,16774.4,728852
92.0083,136.499,-32.4717,133.25,45549.4,16761.9,768400
92.0250,136.594,-32.788,133.431,45239.9,16539.6,701468
92.0417,135.095,-32.702,132.055,45326,16170.2,651202
92.0583,133.971,-32.7832,131.056,45009.3,15854.2,669301
92.0750,135.527,-33.2197,132.593,45660.6,16165.6,672101
92.0917,137.629,-33.1396,134.499,46171,16675.9,701636
92.1083,138.17,-33.5692,135.156,45482.4,16292.9,657292
92.1250,137.983,-33.4658,134.993,45302.6,16246.9,662672
92.1417,136.644,-32.83,133.641,44546.9,15995.1,692674
92.1583,135.472,-31.8607,132.391,44810.6,15862,673453
92.1750,134.207,-31.6441,131.22,44514.8,15497,684361
92.1917,134.058,-31.1387,131.001,44512.9,15177.2,673853
92.2083,133.899,-31.1459,130.87,43730.8,14960.7,662383
92.2250,133.468,-31.2769,130.526,42354.3,14631.1,600621
92.2417,133.408,-31.2894,130.529,41738.5,14406.6,591246
92.2583,133.447,-31.0826,130.562,41438.6,14247.5,627303
92.2750,133.535,-31.1756,130.67,40360.2,13968.4,686333
92.2917,133.787,-32.1679,131.16,39625.8,13704,663958
92.3083,133.909,-32.2426,131.323,39748.1,13714.9,597383
92.3250,133.333,-32.7504,130.909,39065,13525.8,568031
92.3417,132.968,-32.6446,130.58,38669.7,13492.3,577413
92.3583,132.522,-32.033,130.109,38514.2,13334.6,550123
92.3750,132.256,-31.9363,129.833,38267.1,13326.5,492149
92.3917,131.74,-31.2313,129.237,37227.4,13246.8,499867
92.4083,132.355,-31.6295,129.937,36237.8,13169,474021
92.4250,132.733,-31.4636,130.301,35849.4,12963.1,461147
92.4417,131.084,-30.4412,128.56,35407.6,12976.5,483085
92.4583,130.188,-30.6778,127.797,34167.2,12761.8,447326
92.4750,130.786,-31.0951,128.468,33707.4,12682.7,393038
92.4917,130.528,-29.0443,127.892,34396.7,13006.7,451866
92.5083,131.473,-29.3905,128.858,34195,13086.7,447645
92.5250,132.976,-30.197,130.452,33627.2,13074,415708
92.5417,132.719,-30.2033,130.253,32420.1,12898.6,394550
92.5583,131.877,-29.8017,129.41,32062.6,12930,404919
92.5750,132.237,-30.449,129.895,31462.9,12804.8,371351
92.5917,132.402,-30.5633,130.116,30861.7,12771.8,365284
92.6083,131.892,-29.7722,129.524,30941.9,12912.5,373222
92.6250,133.696,-31.3602,131.521,31138.2,13011.8,267103
92.6417,134.804,-32.816,132.849,29968.9,12875.6,276293
92.6583,133.127,-32.015,131.164,29470.2,12915.4,284573
92.6750,132.249,-31.7377,130.322,29441.7,12988.4,283067
92.6917,133.169,-32.1073,131.299,29436.7,13177.1,264931
92.7083,133.42,-32.536,131.642,29615.4,13392.9,238320
92.7250,132.649,-31.6095,130.784,29487.6,13616.2,240711
92.7417,131.86,-31.1852,129.988,29612.6,13759.7,301296
92.7583,132.921,-31.06,130.984,29951.8,14043.6,247240
92.7750,133.134,-31.6063,131.303,29419.6,14001.4,249927
92.7917,133.468,-31.1767,131.58,29244.7,14212.8,221176
92.8083,134.368,-29.9144,132.239,30379.9,14590.2,243769
92.8250,134.026,-29.288,131.829,30199.7,14659.3,277351
92.8417,135.262,-30.8415,133.306,29624.6,14654.4,287280
92.8583,135.931,-31.369,134.054,29500.3,14808.9,200336
92.8750,134.636,-30.0575,132.607,29744.9,14981.1,188496
92.8917,134.079,-30.198,132.116,30070.2,15282.7,66299.1
92.9083,134.604,-31.1871,132.812,29898.6,15402.4,150511
92.9250,133.388,-29.7675,131.432,29202.3,15488,170744
92.9417,135.09,-28.4988,132.837,30756.6,16387,193832
92.9583,139.446,-30.5357,137.33,31714.2,17179.7,116368
92.9750,141.698,-32.811,139.868,30187.4,17066.5,62660.5
92.9917,140.285,-31.9241,138.4,30015.2,17181.5,101999
93.0083,139.157,-30.818,137.175,30876,17611.6,91448
93.0250,138.869,-31.345,137.005,31041.4,18174.5,56597.7
93.0417,139.349,-30.4488,137.325,32297.6,19495.9,57504.8
93.0583,137.109,-29.1117,134.995,33300.7,19914.8,63887.2
93.0750,135.409,-29.6275,133.499,33343.5,19432.4,151234
93.0917,136.437,-29.6599,134.5,33744.8,19630.3,36997.8
93.1083,135.696,-28.6906,133.65,35955.4,20619.1,61929.1
93.1250,134.878,-28.4927,132.857,37982.5,20929.8,93931.8
93.1417,135.276,-28.2491,133.21,39467.3,21022,54578
93.1583,135.694,-28.8699,133.733,40448.4,20900.8,50878.5
93.1750,136.294,-29.5749,134.442,41642.1,21292.5,
93.1917,135.352,-29.6769,133.581,41694.9,20596.3,2766.81
93.2083,134.593,-28.8166,132.732,43432.7,20880.8,14310.5
93.2250,133.67,-28.0906,131.75,43679.4,21062,42384.7
93.2417,132.731,-27.8722,130.839,43199.7,20435.3,66560.4
93.2583,131.725,-28.3206,129.975,44862,20310.6,30910.7
93.2750,130.935,-27.9503,129.181,45223.9,20704.7,9211.82
93.2917,130.288,-28.4267,128.658,44679.9,20420.8,28527.7
93.3083,132.414,-29.0845,130.806,50502.6,22744.3,43045.2
93.3250,132.607,-29.3017,131.041,52392.9,23969.6,
93.3417,131.6,-29.345,130.105,56087.2,26076.9,
93.3583,131.112,-29.0873,129.615,59352.6,28414.2,
93.3750,131.16,-28.9927,129.659,65924.1,32158.9,
93.3917,130.229,-28.9375,128.778,69179.9,34849,
93.4083,130.294,-29.8457,128.989,74071.9,37825.1,
93.4250,129.928,-28.7097,128.477,83656.6,43087,
93.4417,128.335,-29.2939,127.05,90388.7,45752,
93.4583,128.607,-29.8027,127.39,98147.3,49664.7,
93.4750,130.067,-29.1819,128.719,112236,56247.4,
93.4917,130.316,-29.2303,128.959,126461,60837.8,
93.5083,129.806,-27.5349,128.241,133993,63459.1,
93.5250,127.806,-26.3418,126.181,137176,64209.1,
93.5417,127.816,-26.312,126.188,143183,63232.9,
93.5583,127.824,-25.9088,126.145,151737,64763.2,
93.5750,128.485,-27.038,126.972,155604,64805.4,
93.5917,129.014,-29.5085,127.834,161401,64363.5,
93.6083,128.459,-29.1417,127.255,162298,62566.2,
93.6250,122.382,-27.6135,121.199,152846,56028.1,
93.6417,119.42,-26.7463,118.234,150528,58853.2,
93.6583,121.31,-25.4226,119.859,160096,68724.1,
93.6750,122.447,-26.1343,121.097,162991,73233.9,
93.6917,123.12,-27.7563,121.958,156639,69021,
93.7083,122.125,-28.4006,121.088,156298,71791.1,
93.7250,121.381,-26.9157,120.19,158646,74850.5,
93.7417,121.482,-25.59,120.127,156504,72153.9,
93.7583,121.952,-25.8564,120.641,153275,68412.6,
93.7750,120.549,-25.4938,119.25,149978,65716,
93.7917,121.124,-24.2254,119.672,147851,64278.2,
93.8083,125.745,-24.7029,124.165,149852,66494.1,
93.8250,130.161,-26.2295,128.661,155113,70863.7,
93.8417,132.869,-27.3113,131.425,152481,68569.9,
93.8583,131.84,-28.174,130.551,147243,63522,
93.8750,132.228,-30.5747,131.202,142380,58826.4,
93.8917,132.216,-30.6585,131.201,143574,56021.2,
93.9083,129.048,-29.4495,128,140961,50430.6,
93.9250,127.998,-28.7366,126.891,138845,48740.9,
93.9417,128.715,-28.3999,127.575,141313,50788,
93.9583,127.997,-26.4011,126.676,138874,46949.2,
93.9750,126.103,-26.4931,124.824,135105,43396.1,
93.9917,127.71,-27.326,126.506,132433,42326.5,
94.0083,128.021,-27.6403,126.859,129692,40628.4,
94.0250,125.499,-28.3908,124.563,124186,36746.9,
94.0417,126.057,-28.7378,125.088,123066,36476.5,
94.0583,127.156,-27.5525,126.099,126148,39492.7,
94.0750,127.701,-27.2551,126.609,124030,40014.9,
94.0917,128.555,-26.8407,127.361,123992,41845.6,
94.1083,133.62,-30.133,132.616,123006,44404,
94.1250,134.874,-30.9089,133.96,123492,47810.3,
94.1417,134.105,-28.1485,132.948,125018,50429.7,
94.1583,134.075,-29.2982,133.043,124146,52202.5,
94.1750,134.421,-29.9369,133.435,128804,53470.4,
94.1917,138.101,-27.2851,136.671,135000,58355.9,
94.2083,159.329,-32.0153,157.718,141029,70803.7,
94.2250,162.701,-30.416,160.859,144294,70842.4,14406.6
94.2417,152.646,-34.0334,151.557,124971,52362.1,
94.2583,144.763,-30.0909,143.379,116085,46437.6,
94.2750,147.06,-30.1866,145.604,129250,55007.8,
94.2917,146.209,-29.5488,144.58,145513,52480.9,
94.3083,149.288,-29.7204,147.656,128019,39150.2,
94.3250,150.893,-31.593,149.578,112856,35528.8,
94.3417,149.969,-32.6344,148.768,118106,39389.5,
94.3583,151.455,-33.0143,150.045,114654,34568.9,
94.3750,147.958,-34.602,146.757,106186,31012.5,
94.3917,150.164,-34.3401,148.912,98031.1,28217,
94.4083,146.412,-34.0193,145.09,103601,29861,
94.4250,149.85,-33.5599,148.505,105407,30457.4,
94.4417,156.834,-34.5546,155.258,100049,29436.7,
94.4583,160.486,-39.5914,159.296,93762.3,27055.1,
94.4750,151.636,-39.3627,150.318,91810.2,26396.8,
94.4917,140.553,-35.9444,139.164,93986,25564.2,
94.5083,126.881,-34.034,125.682,88056.9,20519.4,
94.5250,126.615,-29.5828,124.842,93709.8,24423.7,
94.5417,132.615,-30.8959,130.718,100661,23384.7,
94.5583,129.352,-32.0211,127.498,105658,22231,
94.5750,136.511,-29.3247,134.875,105544,23001.8,
94.5917,145.349,-31.7329,143.688,98513.6,21832.4,
94.6083,145.925,-36.32,144.102,94310,26140,
94.6250,144.168,-33.546,142.082,110998,31940.8,
94.6417,142.051,-31.0012,139.989,115259,32495.9,
94.6583,137.439,-34.0886,135.693,110041,28124,
94.6750,132.833,-30.3579,130.748,109026,30685.2,
94.6917,131.797,-32.2676,129.7,120853,32643.9,
94.7083,126.633,-31.0564,124.555,128478,31674.7,
94.7250,124.548,-29.516,122.544,124820,29726.7,
94.7417,123.816,-26.4974,121.393,130307,34795.7,
94.7583,124.363,-29.6987,122.079,137664,37269,
94.7750,121.742,-28.7817,119.241,143387,34627.9,
94.7917,123.141,-24.2001,120.892,151628,38755.8,
94.8083,121.785,-23.8797,119.143,155123,43510.9,
94.8250,123.053,-26.64,120.196,160346,46369.4,
94.8417,124.52,-28.1358,121.754,169017,45424.4,
94.8583,123.584,-24.1886,120.663,176580,47290.8,
94.8750,124.593,-27.2415,121.903,170225,48070.2,
94.8917,124.896,-26.2923,121.947,163494,51799.2,
94.9083,123.317,-26.2102,120.616,170357,53206,
94.9250,124.111,-28.2729,121.73,172411,53374.5,
94.9417,117.618,-23.0511,114.961,184131,60178.1,
94.9583,123.165,-28.2643,120.267,187015,61869.7,
94.9750,128.962,-34.8294,126.245,159132,49681.3,
94.9917,119.971,-24.0431,117.547,157399,47810.6,
95.0083,118.369,-23.2687,115.504,165718,49106.2,
95.0250,128.231,-25.4017,124.699,159090,51414,
95.0417,136.667,-36.891,133.853,164751,60718.5,
95.0583,135.427,-36.6099,132.079,169101,60448.4,
95.0750,135.719,-38.5656,132.484,158520,51935.4,
95.0917,131.341,-35.2759,129.009,154432,49778.2,
95.1083,127.153,-30.9692,124.455,158575,56547.7,
95.1250,132.057,-30.9817,128.923,165503,60006.3,
95.1417,129.443,-28.9159,126.796,168866,58708.4,
95.1583,126.454,-29.5097,123.776,160139,53664,
95.1750,127.717,-29.8179,125.178,155065,50345.2,
95.1917,124.555,-22.4634,121.948,168050,54616.2,
95.2083,126.273,-23.2041,123.289,173838,54610.7,
95.2250,137.146,-29.5846,134.13,167619,55014.4,
95.2417,145.469,-38.1423,142.303,164176,53457.4,
95.2583,135.425,-30.1997,132.812,171677,54321.3,
95.2750,136.482,-31.0579,133.504,174861,53895.3,
95.2917,142.717,-33.7682,140.227,172525,51260.5,
95.3083,146.802,-34.7479,144.432,170642,48695.1,
95.3250,143.582,-33.9696,140.818,172025,45396.3,
95.3417,141.145,-31.3404,138.387,171453,43979.5,
95.3583,140.791,-29.039,137.743,173640,44788.3,
95.3750,139.048,-28.4092,136.346,176356,45356.2,
95.3917,141.74,-31.1824,139.186,175095,41811,
95.4083,142.98,-31.1656,140.496,165637,36521.1,
95.4250,141.147,-29.5438,138.484,153965,35081.6,
95.4417,136.019,-26.139,133.216,159450,36727.5,
95.4583,133.137,-20.6415,130.412,158173,33403.3,
95.4750,132.578,-21.4757,129.987,154318,31060.4,
95.4917,138.028,-26.6883,135.1,149549,31756.4,
95.5083,142.042,-27.0839,139.011,141828,32023.5,
95.5250,140.107,-28.729,137.263,137769,30181,
95.5417,139.728,-25.8773,136.779,135689,29671,
95.5583,141.306,-24.5638,138.123,134031,31331.7,
95.5750,143.542,-25.5847,140.093,129076,31991.8,
95.5917,144.579,-26.3695,141.12,123691,32037.5,
95.6083,145.895,-28.2063,142.255,117498,30737.4,
95.6250,145.034,-27.8331,141.605,115278,30779.2,
95.6417,143.262,-28.1032,139.756,113038,30446.3,
95.6583,141.832,-27.4506,138.336,112705,30851.1,
95.6750,144.653,-28.9828,141.12,109931,30170.1,
95.6917,147.669,-31.721,144.116,105013,29241,
95.7083,148.405,-32.6877,144.481,105341,30071.8,
95.7250,146.578,-28.7157,142.766,106429,31414.8,
95.7417,146.606,-27.086,143.036,100712,31713.6,
95.7583,144.962,-26.1237,141.186,99102.4,31850.1,
95.7750,142.683,-26.8837,138.932,97976.1,31509.1,
95.7917,142.471,-27.9795,138.565,95803.6,31023,
95.8083,142.657,-27.7401,138.998,93499.3,31007.8,
95.8250,143.044,-28.7268,139.445,90695.9,31314.7,
95.8417,143.604,-30.099,139.726,88560.6,31500,
95.8583,142.55,-28.0533,138.576,87515.1,31498.9,
95.8750,142.767,-28.8116,139.017,85353.7,31290.5,
95.8917,143.787,-30.2982,140.003,80878.3,31313.1,
95.9083,144.044,-30.0311,140.487,80596.8,31990.2,
95.9250,141.566,-28.3648,137.751,80223.5,31889.5,
95.9417,136.595,-26.7686,132.879,77506.4,31467,
95.9583,136.606,-32.0542,133.005,73648.6,30820.1,
95.9750,145.518,-38.5073,141.361,72117.2,30251.2,
95.9917,142.001,-30.4823,138.286,74120.5,30641.2,
96.0083,133.062,-28.1211,129.452,71267.7,30991,
96.0250,133.034,-33.8128,128.959,66010.5,30364.4,
96.0417,135.513,-35.1895,130.983,64998.9,30744.4,
96.0583,135.958,-31.0477,132.227,69188.1,31880.4,
96.0750,129.814,-27.1965,125.802,68824.8,31953.3,
96.0917,128.303,-32.2617,124.006,65451,32063.4,
96.1083,132.512,-35.9001,127.505,65286.4,33427.5,
96.1250,128.785,-29.3683,125.307,66796.6,35441,
96.1417,125.739,-30.5693,122.109,65972.8,35255.7,69122
96.1583,125.025,-31.5837,121.336,65339.7,33929.1,26857.7
96.1750,126.672,-31.8679,122.361,65336.8,35178.9,
96.1917,125.8,-31.2437,121.563,68843.1,37676.7,
96.2083,124.885,-31.4364,120.919,69258.8,38612.1,
96.2250,124.249,-32.6953,120.573,68738.4,37478.8,
96.2417,126.38,-33.0126,122.599,70822.7,37324.3,
96.2583,126.857,-32.1454,122.898,79639.4,36805.2,11879.8
96.2750,125.896,-31.4245,121.414,81221.9,36425,
96.2917,125.763,-31.9448,121.039,77094,36674.4,
96.3083,126.886,-31.6226,122.779,75858.1,37236,
96.3250,125.246,-29.6825,121.498,79832.8,38248.8,
96.3417,126.208,-31.8566,122.116,89371.9,38950,
96.3583,125.003,-31.2321,120.808,96072.8,38457.7,
96.3750,126.852,-32.2167,122.308,88972.1,36605.6,30139.4
96.3917,129.595,-33.3193,125.101,85732.4,36036.6,36885.3
96.4083,129.091,-32.3692,124.456,95697,39544.5,76202.4
96.4250,127.833,-30.9307,123.09,110949,41218.1,108382
96.4417,127.12,-31.3213,122.759,111818,38296.7,
96.4583,126.134,-31.1255,122.265,103300,34021.9,48050.3
96.4750,125.038,-30.2029,121.41,89424.5,31810.3,123443
96.4917,126.11,-29.5809,122.3,89990.1,34241.1,70451.9
96.5083,123.159,-27.8722,119.168,105910,35303.2,
96.5250,120.737,-28.827,116.919,107737,32409.5,19905.5
96.5417,120.457,-29.2107,116.874,101278,30053.2,76483.3
96.5583,120.682,-29.0165,117.253,92511.6,28305.3,
96.5750,123.159,-30.6705,119.468,84032.1,28318.1,9964.96
96.5917,123.849,-31.1628,119.738,89912.9,30640.2,25597.1
96.6083,121.204,-28.4209,117.056,101942,30385.8,73569.9
96.6250,122.376,-30.8545,118.596,99486,28368.5,54035.3
96.6417,121.176,-29.3531,117.477,98804.9,26998.8,267.059
96.6583,119.36,-26.0524,115.684,96783.7,25762.2,
96.6750,118.242,-29.6227,114.303,83598.4,24725.7,
96.6917,115.611,-27.8973,112.228,81333.5,25069.9,
96.7083,111.71,-27.5823,108.754,81218.3,23533.1,
96.7250,105.199,-22.7708,102.562,77648.8,21196.9,
96.7417,107.16,-24.5416,104.115,71107.5,20627.4,
96.7583,110.581,-29.2208,106.587,69480.7,21053.2,
96.7750,114.308,-34.8549,109.248,68604.1,21128.3,
96.7917,116.725,-35.8527,112.207,68656,20754.1,
96.8083,114.498,-33.7537,110.811,68520.1,20041.4,
96.8250,110.179,-31.9482,106.593,65817.1,19828.3,
96.8417,101.233,-27.4235,98.0942,65230.9,19430.8,
96.8583,111.287,-30.4227,106.768,65223.7,20629.5,
96.8750,119.895,-35.3678,114.752,63863.1,20611.4,
96.8917,119.533,-38.4284,114.379,61708.3,19709,
96.9083,115.766,-35.8937,111.331,58270.7,19715.5,
96.9250,110.352,-32.1475,106.448,60472.7,20141.2,
96.9417,108.18,-30.7885,104.423,62649.6,19950.8,
96.9583,108.62,-30.1664,104.441,61224.2,19569.7,
96.9750,112.928,-32.5447,108.954,58633.3,19440.3,
96.9917,115.673,-37.0985,110.802,55136.9,18607.4,
97.0083,110.744,-30.6236,107.174,55422.6,18677.2,
97.0250,107.67,-30.1425,104.04,54779.3,18360.1,
97.0417,108.64,-27.8625,105.204,55445.3,18939.9,
97.0583,113.818,-33.2623,109.253,52432.5,18450,
97.0750,111.713,-31.3159,107.633,52635.9,18698,
97.0917,111.174,-32.8087,107.031,51123.1,18600.3,
97.1083,108.805,-29.9835,104.753,50561.1,18882,
97.1250,107.346,-28.6444,103.415,49053.8,18342.2,
97.1417,106.157,-30.6861,102.317,47406.7,18287.3,
97.1583,105.28,-29.7255,101.596,46709.6,18683.7,
97.1750,103.884,-30.3023,100.17,46073.9,18701.4,
97.1917,101.8,-29.6485,97.9995,45795.7,18661.3,
97.2083,98.1155,-25.137,94.9357,45891.6,18531.4,
97.2250,103.154,-29.027,99.5325,44739.1,19254.1,
97.2417,105.586,-30.736,101.237,43731.5,19577.1,
97.2583,102.503,-27.9042,98.9117,43830.5,20029.8,
97.2750,101.394,-29.5916,97.5053,42210.8,20112.5,
97.2917,101.49,-30.6536,97.3075,40631.6,20165.8,
97.3083,102.551,-32.3882,98.0326,40597.1,20306.2,
97.3250,99.4949,-28.6524,95.9215,42109.4,20694,64907.6
97.3417,95.3305,-25.0577,92.4162,42674.2,20451.6,101041
97.3583,99.145,-27.6265,95.2882,42691.5,21298.1,121189
97.3750,104.506,-34.0482,99.3563,42134.2,21355.9,123638
97.3917,104.079,-33.8929,99.0491,42650.5,21297.3,158946
97.4083,104.073,-33.5765,99.3604,43921.1,21789.5,131104
97.4250,104.092,-34.8798,98.996,44240,21772.7,101435
97.4417,103.059,-35.958,97.1837,44286.1,21318.8,
97.4583,102.567,-35.2588,97.052,45282.1,21188.8,
97.4750,99.834,-32.1622,94.8089,46421.1,20726.1,
97.4917,101.313,-35.7154,95.4576,47112.5,19893,
97.5083,99.4529,-35.8334,93.5368,47718.7,19275.1,
97.5250,99.7501,-35.291,94.1391,48573.7,19200.1,
97.5417,99.6677,-34.1295,94.4307,49855.9,19406.4,
97.5583,98.9436,-33.7164,93.767,50835.1,19315.5,
97.5750,99.5001,-35.586,93.8232,51637.2,18720.9,
97.5917,100.627,-36.7152,94.7784,52492.4,18741.4,
97.6083,100.862,-35.3631,95.6276,53407.2,19199,
97.6250,99.9578,-35.0945,94.5384,53636.5,18937.6,
97.6417,99.894,-36.103,94.0704,54073.2,18575.2,
97.6583,99.1481,-36.0763,93.355,53381.1,18245.2,
97.6750,99.3163,-37.1058,93.2075,52622.9,18233.8,
97.6917,99.2702,-36.8442,93.1993,52624.8,18548.1,
97.7083,98.002,-34.8405,92.3666,52609,18509.5,
97.7250,98.2379,-33.2465,93.1624,52852.2,18674.1,
97.7417,99.0252,-34.6604,93.473,52321.1,18449.6,
97.7583,99.6118,-35.4385,93.7741,52538.6,18637.1,
97.7750,99.4384,-34.4879,93.7113,52855.2,18749.9,
97.7917,99.0883,-34.6943,93.4262,52289.6,18399.3,
97.8083,97.8735,-34.2209,92.3555,50686.9,17825.2,
97.8250,97.6574,-34.8602,92.015,49496.3,17640.9,
97.8417,96.0901,-34.5017,90.2884,48953.8,17446.1,
97.8583,98.2652,-35.084,92.4972,50041.7,17818,
97.8750,98.9435,-34.5847,93.2974,50200.6,17839,
97.8917,97.2684,-32.759,92.2242,49953.5,17672.5,
97.9083,93.3161,-31.0053,88.7439,49014.4,17550.3,
97.9250,95.108,-31.5237,90.3537,49972.7,18183.5,
97.9417,98.2835,-32.1539,93.2246,50895.4,18435.1,
97.9583,102.904,-32.9574,97.4819,52070.4,18879.3,
97.9750,104.373,-32.5504,99.0665,53181.8,19501.8,
97.9917,103.237,-31.5292,98.2108,54130,20126.2,
98.0083,98.8678,-30.7988,94.0559,52953.4,19666.4,
98.0250,99.0673,-32.4797,93.7332,51510.4,18781.5,
98.0417,99.9906,-32.3338,94.5981,51858.6,18546.4,
98.0583,101.126,-31.4133,95.9188,53140.8,19206.8,
98.0750,101.396,-31.0324,96.3268,53806.7,19919.6,
98.0917,95.8442,-31.1686,90.6429,51480.3,19345.8,
98.1083,95.1421,-31.5719,89.846,51452.9,19672.1,
98.1250,99.3388,-32.7038,93.7333,53016.8,19802.7,
98.1417,101.007,-33.5906,95.1279,52120.4,18851.4,
98.1583,100.191,-30.7859,95.0203,53038.2,19079.4,
98.1750,96.4941,-29.8678,91.721,52980.8,19186.7,
98.1917,96.6151,-33.0232,90.7768,51020.7,18484.2,
98.2083,96.2313,-32.1798,90.5113,51065.8,18514.5,
98.2250,95.302,-30.9317,89.7636,52599,18885.3,
98.2417,96.4295,-32.6906,90.2906,52644.9,18952.1,
98.2583,99.8098,-33.7411,93.4475,54029.3,19494.1,
98.2750,98.5322,-31.5391,92.669,54953.1,19778,
98.2917,98.374,-31.5371,92.5697,54539.7,19027.6,
98.3083,98.4953,-33.3648,92.1006,54208.6,18371.9,
98.3250,99.1,-34.5002,92.1124,54673.6,18416.8,
98.3417,99.3018,-33.1058,92.6238,55552.5,19147,
98.3583,99.5238,-30.8912,93.6466,56162.8,19529.5,
98.3750,100.378,-30.7622,94.8534,56988.7,19746,
98.3917,99.3415,-30.1642,93.8746,57752.7,19320.7,
98.4083,93.7366,-27.9709,88.859,55375,17920.2,
98.4250,88.9384,-31.8076,83.1223,50335.3,15354.3,
98.4417,83.7617,-32.4488,77.6675,48882.8,14629.5,
98.4583,77.131,-26.9903,71.7951,46953.2,14358.1,
98.4750,93.4571,-33.6373,85.7949,51792.5,16000.3,
98.4917,100.337,-39.2692,90.6211,53568.4,16765.8,
98.5083,99.8159,-39.6258,89.6523,55393.8,17218.5,
98.5250,101.718,-42.1979,90.3009,54810.1,16855.2,
98.5417,100.225,-42.1086,88.5588,53794,16204.2,
98.5583,99.8753,-39.3615,89.2213,54974.4,16377.9,
98.5750,99.3212,-39.1529,88.6965,55857.2,16204.2,
98.5917,97.0095,-38.0587,86.6557,54872.5,15322.9,
98.6083,95.6958,-38.0096,85.8167,53366.2,14726.5,93400.3
98.6250,95.0029,-37.0904,85.4326,53734.5,14761.9,77589.5
98.6417,90.3012,-35.5017,81.3572,51973.6,13640.4,153226
98.6583,85.8175,-37.6826,75.9883,48458.8,11854.6,92678.6
98.6750,82.8972,-37.2969,73.1274,46566.2,10925.2,2676.81
98.6917,80.9627,-38.2362,70.6242,46016.2,10490,121067
98.7083,80.958,-37.5237,70.7506,46677.9,10539.1,262679
98.7250,82.4003,-39.976,71.2063,46211.8,10211.2,389757
98.7417,84.8794,-42.3106,72.8111,45190.7,9953.11,256807
98.7583,78.3036,-40.4543,66.6371,43063.7,8818.12,330125
98.7750,72.5208,-38.3865,61.3769,41702.6,7687.81,276627
98.7917,72.2321,-40.9659,59.5721,38746.1,6921.47,267159
98.8083,74.8748,-45.407,59.8177,36216.9,6840.86,298100
98.8250,77.4432,-46.5275,61.9525,36737,7094.64,229333
98.8417,75.6737,-41.5256,62.9856,37856.2,7266.25,316804
98.8583,75.1485,-40.513,62.9124,37175.2,7159.27,278243
98.8750,78.358,-44.9684,63.9835,34862.3,7060.96,240933
98.8917,75.7715,-41.7046,63.0649,33096.3,6786.69,117411
98.9083,74.5529,-40.1362,61.834,33727.7,6765.49,155139
98.9250,77.3893,-43.3844,62.9243,35691.9,6940.3,230035
98.9417,76.3829,-43.9915,61.7484,34011.6,6489.23,315957
98.9583,74.066,-42.8217,60.095,28873.5,5938.16,118501
98.9750,73.4315,-43.7976,58.0278,27771.4,5716.42,81060.7
98.9917,73.5596,-45.5042,56.2721,29523.4,5452.66,136745
99.0083,75.601,-50.0214,56.1881,29788,5378.38,107673
99.0250,78.2374,-55.8378,54.7902,24777.3,5026.36,55212.3
99.0417,78.9498,-59.2874,51.9688,23225.2,4710.97,
99.0583,77.3917,-56.6132,52.358,24964.6,4886.4,
99.0750,82.1782,-58.795,57.3145,25716.2,5387.84,13752.5
99.0917,83.2298,-59.712,57.8713,24091,5361.83,
99.1083,85.1007,-64.2684,55.5282,21928,5260.83,
99.1250,82.5092,-61.7802,54.4359,20756.5,5425.27,
99.1417,80.474,-59.5953,53.6047,20115.1,5535.61,
99.1583,76.7473,-54.1087,54.0231,21800.3,5505.31,
99.1750,77.5944,-52.1264,57.1308,24683.5,5669.54,
99.1917,79.5932,-51.1463,60.6044,24282.3,6050.25,5458.71
99.2083,79.1566,-51.014,60.1626,22586.1,6053.6,5510.38
99.2250,77.1091,-47.6297,60.2854,24882.3,5953.72,
99.2417,81.4013,-51.2549,62.811,24537.9,6225.04,176752
99.2583,83.8265,-51.7008,65.3769,22267.6,6502.89,555822
99.2750,88.1585,-49.0006,72.2335,18853.5,6999.43,611550
99.2917,98.067,-61.7767,74.603,18600.7,7223.11,1.03059e+06
99.3083,96.3477,-43.2092,81.7903,21416.7,7760.36,5.18255e+06
99.3250,96.5539,-38.3375,83.8992,22666,8264.97,3.90231e+06
99.3417,99.1176,-49.0276,81.4612,17420.6,8357.62,3.70324e+06
99.3583,94.9603,-44.992,79.6969,16103.8,8807.84,4.01611e+06
99.3750,92.1681,-37.6623,81.8663,16607.2,9496.29,4.29411e+06
99.3917,92.2539,-37.7819,82.0898,17046.5,9730.06,4.21012e+06
99.4083,94.8265,-36.1506,86.4513,19349.6,10303.3,2.62641e+06
99.4250,96.5009,-41.829,85.8926,20641,10675.1,2.50475e+06
99.4417,94.495,-41.5536,83.4867,18881.9,11549.5,2.75364e+06
99.4583,93.6474,-41.9159,82.4779,16950,13267.6,3.04865e+06
99.4750,94.3586,-42.811,83.0318,17298.1,14670.4,2.67283e+06
99.4917,96.6603,-41.1233,86.5801,18578.1,15568,2.41346e+06
99.5083,97.6557,-39.7815,88.3934,20559.9,16941.2,1.7355e+06
99.5250,98.9941,-43.0441,88.0084,18379.5,18603.3,2.48883e+06
99.5417,98.6827,-46.8715,85.6906,18543.8,19025.7,2.46578e+06
99.5583,100.335,-50.3381,85.4694,19387.2,19761.7,2.40452e+06
99.5750,102.459,-52.7276,86.534,20247.4,20589.1,2.3557e+06
99.5917,99.4275,-47.9889,85.9451,23403.4,20110.2,2.6862e+06
99.6083,97.8532,-46.5341,84.9063,22897.3,19709.8,2.50884e+06
99.6250,100.397,-48.1769,86.8419,23106.7,22236.9,2.29771e+06
99.6417,98.5813,-47.7267,84.9865,23572.5,22045.4,2.34761e+06
99.6583,96.1613,-48.7117,81.5559,25314.1,23348.9,2.30667e+06
99.6750,95.2298,-46.9418,81.4216,26036.5,23733.1,2.29684e+06
99.6917,100.894,-48.1268,87.1125,28301.9,26539.6,2.43234e+06
99.7083,102.221,-46.2539,89.6871,28166.9,26657.4,3.93058e+06
99.7250,104.629,-43.7244,93.3949,30600.4,29264.8,3.88194e+06
99.7417,96.4598,-43.4836,84.5539,30775.5,28660.3,3.7641e+06
99.7583,91.0053,-45.6123,76.9582,32343.6,29296,2.21604e+06
99.7750,89.3309,-48.8812,72.8813,35172.9,30755.7,1.61707e+06
99.7917,90.0134,-51.7163,71.6409,37348.7,32601.9,1.97991e+06
99.8083,90.8659,-51.5167,72.4426,39116.2,34623.1,1.71295e+06
99.8250,91.3262,-49.489,74.3113,41585.2,35621.9,1.44206e+06
99.8417,92.3871,-48.5989,76.3075,43220.4,36736.5,1.79655e+06
99.8583,91.4607,-48.4763,75.688,43943.3,36957.7,2.94675e+06
99.8750,89.7529,-47.4345,74.1607,44116.4,36634.8,3.15563e+06
99.8917,87.5711,-47.5159,71.367,47731.8,38869.1,2.09811e+06
99.9083,89.7342,-51.6974,70.9507,48917.2,40743.1,1.95142e+06
99.9250,89.3952,-50.1546,71.7749,47404.6,41236.8,3.19376e+06
99.9417,90.3166,-47.9902,74.3544,48166.3,42345.5,3.66499e+06
99.9583,91.2434,-47.8063,75.6304,51511.4,46030.4,3.65585e+06
99.9750,86.7298,-46.1872,71.1759,52365.1,44599.9,3.64012e+06
99.9917,83.0443,-43.7332,68.5507,52940.9,43779.7,3.45487e+06
100.0083,84.2316,-44.9538,69.2247,56830.7,47132.4,3.6025e+06
100.0250,84.9412,-43.8988,70.7682,59492.5,50307,3.58629e+06
100.0417,85.6487,-43.3917,71.8205,61247.3,50304.8,3.47694e+06
100.0583,83.3975,-43.0271,69.5049,61175.8,48194.1,3.48784e+06
100.0750,79.4502,-41.0503,65.9497,61969.9,46390.9,2.78133e+06
100.0917,78.4677,-41.7619,64.3565,63398.8,46039.4,2.33753e+06
100.1083,77.916,-41.1026,64.237,65142.9,43918.6,2.33645e+06
100.1250,76.6415,-39.9753,63.3315,67024.4,43885.1,2.27642e+06
100.1417,76.6998,-40.7846,62.8338,68755.4,45082.3,2.22691e+06
100.1583,77.1954,-41.4611,62.8677,70852,44291.3,2.28198e+06
100.1750,76.1925,-41.3759,61.751,72317.6,42523.4,2.28205e+06
100.1917,76.6405,-40.6762,62.6864,74503.6,42563.3,2.28346e+06
100.2083,76.0595,-39.7135,62.6139,74872.6,42813.8,2.30897e+06
100.2250,77.7106,-38.575,65.1184,74036.4,43481,3.08744e+06
100.2417,79.8448,-39.4597,67.1076,76617.3,43777.2,3.04126e+06
100.2583,79.0876,-38.5351,66.5217,77662.4,43127,3.05263e+06
100.2750,78.4139,-39.642,65.1949,78091.8,41109.2,3.11241e+06
100.2917,78.7859,-38.6175,66.3897,79271.9,39574.4,3.17333e+06
100.3083,78.2775,-40.5284,64.5855,78556.1,36673.9,3.25426e+06
100.3250,77.6818,-39.0768,64.7789,79927.5,34439.9,3.12607e+06
100.3417,79.355,-41.7692,64.5543,81050.5,34064.3,3.01932e+06
100.3583,77.7673,-39.8474,64.3123,83112.9,33471.4,3.07249e+06
100.3750,79.7968,-43.3709,64.2712,83713.3,31923.4,3.12448e+06
100.3917,78.7169,-40.7938,64.7678,83221.6,29635.2,2.88612e+06
100.4083,81.0618,-43.5186,65.1776,84104.6,29403.8,2.8142e+06
100.4250,79.9801,-42.5196,65.0773,85667.3,28822.2,2.9116e+06
100.4417,80.4498,-40.9208,66.4273,85784.9,28124.9,3.04993e+06
100.4583,79.5216,-43.1038,64.0078,84681.2,27151,3.04366e+06
100.4750,77.3809,-41.0566,62.8671,84740.9,26357.9,3.03201e+06
100.4917,76.4929,-40.9048,62.0209,83699.9,24888.4,3.14508e+06
100.5083,75.6835,-39.85,61.6027,82176.8,23688.9,3.18524e+06
100.5250,76.462,-39.8686,62.5482,82964.4,24881.4,3.51357e+06
100.5417,77.4578,-39.6091,63.7343,84371.8,25782.2,3.56737e+06
100.5583,78.6274,-40.9489,64.1384,84838.2,25722.8,3.48958e+06
100.5750,78.0815,-40.5008,63.6843,83475.6,25293,3.51658e+06
100.5917,77.163,-40.5356,62.7248,81379,25327.4,3.48514e+06
100.6083,76.7723,-41.7149,61.4231,79668.7,25373.8,3.14173e+06
100.6250,77.2384,-42.8209,61.0704,78882.1,25057.2,3.1402e+06
100.6417,77.4739,-42.5779,61.4768,79189.7,25615.1,3.21099e+06
100.6583,78.2294,-42.3804,62.4293,80086.2,26777.3,3.31716e+06
100.6750,77.8551,-41.4142,62.419,80033.3,27394.8,3.55317e+06
100.6917,77.3994,-41.5898,61.948,79396.5,27145.5,3.53129e+06
100.7083,76.77,-41.8707,61.0263,77335.8,26464,3.1485e+06
100.7250,76.9398,-42.4171,60.8027,75675.9,26762.3,2.98381e+06
100.7417,77.7389,-42.9485,61.2299,76137.1,27481.4,3.15375e+06
100.7583,78.0761,-43.6006,60.973,77549.5,28426.5,3.15244e+06
100.7750,78.3508,-43.9019,61.0548,78447.6,29280.2,3.08912e+06
100.7917,78.5089,-44.5716,60.8956,78241.8,29124.9,3.04516e+06
100.8083,77.9864,-44.0959,60.5899,77790.4,28882.9,3.0749e+06
100.8250,75.8484,-42.7995,58.9286,75933.8,28273.1,3.1442e+06
100.8417,74.94,-42.7151,58.0094,75841.3,28291.8,3.03494e+06
100.8583,73.8785,-43.4583,56.3321,76380.8,27931,3.21617e+06
100.8750,73.7179,-44.6768,55.183,77215.8,28072,3.27748e+06
100.8917,74.9819,-44.9033,56.3694,79494.4,28684.6,3.19173e+06
100.9083,77.6115,-45.9774,58.4879,82556.5,30059.7,3.16194e+06
100.9250,78.7655,-44.4125,60.6318,84925.3,31140.7,2.99775e+06
100.9417,79.4604,-42.736,62.3437,86237,32688.6,3.05697e+06
100.9583,77.5051,-42.3801,60.6197,84752.1,32475.9,3.2844e+06
100.9750,75.602,-42.8198,58.4989,84560.6,32175.2,3.23039e+06
100.9917,74.1023,-42.6076,56.9273,84883.8,30626.7,3.24422e+06
101.0083,73.9171,-42.3865,56.8982,85503.3,30202.9,3.09415e+06
101.0250,74.7342,-43.6989,56.8462,86587.6,31211.7,2.9936e+06
101.0417,77.0207,-44.8418,58.5335,89190.2,33224.9,3.0017e+06
101.0583,78.2119,-44.784,59.7277,91645.3,34392.8,2.96551e+06
101.0750,79.4625,-45.1017,60.8572,94091.2,35491.6,2.97095e+06
101.0917,79.7429,-45.3856,61.0124,94437.7,35648,3.02929e+06
101.1083,80.438,-45.313,61.7987,95411.8,36404.9,3.06759e+06
101.1250,81.461,-45.1862,62.8606,97066.8,37411.9,3.14837e+06
101.1417,81.9559,-44.7375,63.6121,98705.6,38348.3,3.04857e+06
101.1583,82.1974,-44.4894,63.9597,100642,38725.7,3.24859e+06
101.1750,82.3407,-44.4755,64.0994,102194,38991.2,3.20839e+06
101.1917,81.6809,-44.2888,63.4582,103078,38732.6,3.31965e+06
101.2083,81.0891,-44.1368,62.8836,104116,38234.8,3.29604e+06
101.2250,80.2902,-44.0191,61.9858,104784,37503.3,3.31668e+06
101.2417,79.5131,-44.5816,60.5887,104582,36227.9,3.30215e+06
101.2583,79.0971,-45.3024,59.5359,104109,34792.2,3.26494e+06
101.2750,79.1678,-45.9904,59.1686,103922,33721.4,3.20407e+06
101.2917,79.2175,-46.4708,58.7224,103653,32729.4,3.3036e+06
101.3083,79.3652,-47.8015,57.796,103069,31763.8,3.27048e+06
101.3250,78.7884,-48.1308,56.8574,102662,30936.2,3.19863e+06
101.3417,78.2644,-48.1125,56.2783,101593,29878.6,3.19268e+06
101.3583,78.5805,-48.7443,56.1661,100311,28451.9,3.13708e+06
101.3750,78.4911,-48.6926,55.9028,99521.9,27299.6,3.07972e+06
101.3917,78.8019,-48.9727,55.9173,99464.7,26711.4,3.16436e+06
101.4083,77.6291,-47.7183,55.4945,99201.1,26146.2,3.09984e+06
101.4250,75.7285,-45.7503,54.8218,97554.2,25091.6,3.10676e+06
101.4417,74.6615,-44.9933,54.2014,95239,23676.6,3.07922e+06
101.4583,74.233,-45.6588,53.1156,93824.2,22825.2,2.94936e+06
101.4750,73.7145,-45.1976,52.9201,93266.8,22283.8,3.02732e+06
101.4917,73.5259,-44.1729,53.3272,93236.9,22097.5,3.01388e+06
101.5083,74.8432,-44.6699,54.2568,94463.9,22521.7,2.92628e+06
101.5250,75.4767,-43.0027,56.2596,97353.4,23616.3,3.22847e+06
101.5417,76.1356,-43.2273,56.6196,99094.5,24433,3.36852e+06
101.5583,75.8757,-42.7777,56.4516,98159.8,24602.7,3.34216e+06
101.5750,76.1634,-43.4565,56.6105,97354.7,24001.7,3.34469e+06
101.5917,76.8963,-44.4228,57.0992,97174.6,23206.9,3.25358e+06
101.6083,77.859,-45.7051,56.7873,94435.5,21521,3.1694e+06
101.6250,76.7185,-43.7689,56.9627,91609.4,20344.8,3.19337e+06
101.6417,74.9502,-43.8911,54.7354,86457.4,18639.5,3.22284e+06
101.6583,73.2918,-43.8763,53.1222,80396.9,17077.6,3.07176e+06
101.6750,75.0798,-46.4064,53.3477,78583.3,17028.8,2.93403e+06
101.6917,77.2422,-49.7794,52.6825,78970.8,17232.4,2.7815e+06
101.7083,77.5794,-49.358,53.1583,78634.1,17146.4,2.84041e+06
101.7250,78.4117,-49.8419,54.0896,75752.6,16677.2,2.88941e+06
101.7417,79.0593,-51.5121,53.8185,71123.4,16211.1,3.07101e+06
101.7583,79.4374,-50.8852,54.7708,72827.1,16651.7,3.19721e+06
101.7750,79.1225,-48.3283,56.0587,76275.6,16802,3.31528e+06
101.7917,78.162,-47.8121,54.8665,72222.7,16088.7,3.27927e+06
101.8083,77.764,-47.3049,54.8789,67109.9,15601.6,3.10821e+06
101.8250,77.6282,-47.1122,55.0961,63611,15532.1,2.99848e+06
101.8417,77.2337,-47.8867,53.8909,61050.9,15448.8,2.96897e+06
101.8583,77.3029,-47.1867,54.5415,61552.6,15846.6,2.8332e+06
101.8750,78.0742,-46.5446,55.8844,64353.7,16307.2,2.94265e+06
101.8917,77.5148,-44.2892,57.0898,67013.8,16549.9,3.3448e+06
101.9083,77.2354,-43.4618,57.4999,65372.4,16671.4,3.50368e+06
101.9250,76.9637,-43.6069,57.0034,61539.3,16580.9,3.41557e+06
101.9417,76.4849,-43.5425,56.4065,59758.7,16691.4,3.32339e+06
101.9583,76.3984,-42.6972,56.8917,61270.5,16834.3,3.4489e+06
101.9750,76.5166,-42.8318,56.9752,61340.4,16908.3,3.48909e+06
101.9917,75.0548,-41.7597,56.1685,57385.9,16672.8,3.40369e+06
102.0083,73.0486,-41.0145,54.5699,52973.8,16477,3.40651e+06
102.0250,71.6416,-41.5496,52.609,49942,16222.9,3.33163e+06
102.0417,72.0599,-43.0481,51.9143,48248.3,16140.2,3.41235e+06
102.0583,72.9254,-43.7791,52.258,48229.8,16523.9,3.43612e+06
102.0750,73.9742,-43.4802,53.5378,49062.1,17109.3,3.41638e+06
102.0917,73.5173,-43.0075,53.4021,47850.4,17272.8,3.64902e+06
102.1083,73.4482,-43.493,52.9644,46723,17215.3,3.58736e+06
102.1250,73.2448,-43.4029,52.7573,46341.5,17416.5,3.74397e+06
102.1417,73.4249,-42.9189,53.2595,47043.1,17771.7,3.75182e+06
102.1583,73.1652,-42.4186,53.2504,46120.2,17681.1,3.74966e+06
102.1750,73.3693,-42.7107,53.3018,46024.9,17863.8,3.5957e+06
102.1917,73.0888,-42.7319,52.9596,45837.8,17949.8,3.60668e+06
102.2083,72.8852,-43.0638,52.4495,44664.9,17623.9,3.594e+06
102.2250,70.454,-43.172,49.5111,41949.9,16539.5,3.49251e+06
102.2417,67.9525,-42.8528,46.8938,39922.8,15707,3.51112e+06
102.2583,68.5861,-43.4983,47.0894,39835.8,15799.1,4.82267e+06
102.2750,68.0045,-45.1068,44.6752,38218.7,15358.6,4.81763e+06
102.2917,65.6111,-46.2769,40.2622,34567.4,14264.7,4.34562e+06
102.3083,67.7864,-46.587,42.7716,35201.5,14827.5,4.07532e+06
102.3250,69.7918,-48.1179,43.9512,36302,15327.2,3.73517e+06
102.3417,73.6525,-46.3457,50.7861,41259.6,17498.5,5.04808e+06
102.3583,76.0999,-45.7353,54.0055,43093.2,18230.7,5.73742e+06
102.3750,75.8773,-44.893,54.57,43576.8,18427.7,5.50821e+06
102.3917,75.9178,-44.271,55.3007,42312.4,18229.1,5.12173e+06
102.4083,77.7372,-44.0059,57.5336,43447.6,18668.9,4.53184e+06
102.4250,76.0079,-42.5227,56.7145,41739.4,17637.8,4.54293e+06
102.4417,82.2732,-41.4147,64.6006,47604.5,19537,4.41708e+06
102.4583,82.6698,-38.828,66.6904,56238.2,21445.2,2.4182e+06
102.4750,81.9229,-37.2298,66.6403,57783.5,21735.9,2.48773e+06
102.4917,81.2527,-34.0969,67.624,56655.1,21629.8,2.07075e+06
102.5083,78.155,-34.3201,64.6455,49499.6,19399.4,2.62381e+06
102.5250,80.0728,-33.7756,66.8229,53081.3,20414.2,2.37765e+06
102.5417,81.6571,-34.7388,67.7665,53325.5,21268.2,1.97256e+06
102.5583,83.7501,-35.0254,69.6825,59800.6,22785,1.88865e+06
102.5750,87.6045,-34.6968,73.9309,65877.7,23846.5,2.11851e+06
102.5917,88.3579,-33.3203,75.4828,74527.6,24220.9,1.92753e+06
102.6083,86.9201,-33.1928,74.1799,66998.9,23825.4,1.88842e+06
102.6250,85.3484,-34.3546,71.8149,59194.5,21483.5,1.78087e+06
102.6417,87.7264,-34.6238,74.0155,64964,22965.9,1.92268e+06
102.6583,85.572,-32.7985,72.6795,60444.7,22714.8,1.85171e+06
102.6750,78.6936,-30.5478,67.1961,67546.6,20185.6,2.00897e+06
102.6917,78.3592,-32.1663,65.9252,62160.5,20091.2,2.1673e+06
102.7083,80.7639,-35.9078,66.1062,54359,19602.3,1.85598e+06
102.7250,83.8963,-37.7043,68.2312,59886.7,20165.4,2.2081e+06
102.7417,84.6987,-38.4685,68.5414,65698,21037.7,2.09001e+06
102.7583,85.1758,-39.8618,68.0544,50657.9,19758.2,1.68321e+06
102.7750,86.5892,-39.4932,69.4931,55277.5,20305.3,1.94486e+06
102.7917,86.7414,-36.6055,71.1241,58882.6,20704.9,1.6344e+06
102.8083,90.1398,-36.9705,74.2115,74941.5,22412,2.09969e+06
102.8250,88.796,-37.8759,72.2112,53854,22231.2,1.48117e+06
102.8417,87.8702,-38.8639,70.8139,67346,23084.1,1.77907e+06
102.8583,87.6452,-39.6187,69.897,85216.7,22192.5,2.04356e+06
102.8750,88.319,-40.6525,69.8889,96158.2,22596.5,1.73361e+06
102.8917,88.195,-39.9564,70.4265,116833,23085.5,2.11883e+06
102.9083,89.1197,-37.9351,72.8079,172660,23809.6,2.9539e+06
102.9250,93.3189,-38.9144,77.0982,319271,27437.3,3.00288e+06
102.9417,94.7213,-38.6978,78.742,535313,31430.2,2.92444e+06
102.9583,94.4701,-38.711,78.1486,481742,33241.4,3.18886e+06
102.9750,97.2077,-40.2375,79.8913,600429,38195.8,3.2589e+06
102.9917,93.3733,-43.3577,73.9531,560341,40279.8,3.32244e+06
103.0083,92.1243,-44.1416,72.3054,396603,31623.8,3.38413e+06
103.0250,89.9666,-45.2758,68.9329,316895,30540.7,3.1115e+06
103.0417,90.4373,-44.8945,69.6978,223800,28398.8,2.81856e+06
103.0583,88.0463,-43.9414,67.749,281479,30115.4,3.31967e+06
103.0750,93.1595,-51.2074,68.2419,322969,27646.1,3.34188e+06
103.0917,96.26,-47.6582,73.8774,495524,31755.9,3.55443e+06
103.1083,99.8683,-45.4711,79.1098,501913,32935.1,3.83624e+06
103.1250,100.984,-46.7377,79.5772,457440,33811.5,3.85997e+06
103.1417,100.452,-46.1529,79.3703,535324,37020.2,3.62606e+06
103.1583,96.6712,-48.7979,73.3717,508580,33376.2,3.64729e+06
103.1750,96.7018,-51.1857,71.5477,336981,28216.2,3.75479e+06
103.1917,99.5095,-55.271,71.347,202017,28188.6,3.25528e+06
103.2083,99.2414,-53.8801,71.5404,247912,29156.3,3.27827e+06
103.2250,96.9039,-49.3948,72.0668,312105,30218.2,3.49046e+06
103.2417,100.417,-51.4534,74.5775,377049,31526,3.52724e+06
103.2583,99.5533,-48.623,75.4202,381703,33244,3.92651e+06
103.2750,99.3716,-47.4381,76.1099,378708,38789.5,3.83768e+06
103.2917,100.063,-49.064,75.6609,412004,40494.5,3.83237e+06
103.3083,99.9457,-48.5158,75.7015,441682,39108,3.75893e+06
103.3250,98.8776,-48.5915,74.1558,493331,39232.1,3.66099e+06
103.3417,98.0985,-49.1605,72.7236,382339,35736,3.60556e+06
103.3583,97.4906,-48.8211,72.379,429594,36701.7,3.51963e+06
103.3750,97.596,-49.7527,71.7687,432770,34334.9,3.77889e+06
103.3917,97.8817,-51.0893,70.7786,361382,33393.4,3.50862e+06
103.4083,97.3975,-52.3111,69.1726,399238,33266.7,3.54495e+06
103.4250,97.7306,-55.098,67.4059,332012,32410.3,3.49389e+06
103.4417,98.2884,-57.9285,65.6056,275280,31119.8,3.37847e+06
103.4583,98.5247,-60.886,63.5082,211710,30021.1,3.10694e+06
103.4750,97.6071,-59.8624,63.6987,213650,30402.4,2.95074e+06
103.4917,96.9244,-59.1339,63.3221,254953,30450,2.9119e+06
103.5083,97.0843,-61.2357,61.6721,204624,30301.2,2.76821e+06
103.5250,96.4909,-61.4703,60.9523,194345,30720.4,3.07365e+06
103.5417,95.1449,-57.6717,62.9691,244575,32175.4,3.25907e+06
103.5583,95.1869,-56.6615,63.8218,262145,32176.3,3.39798e+06
103.5750,93.2689,-56.972,61.5155,221564,31085.7,3.6263e+06
103.5917,92.7484,-57.9076,60.1102,172167,31506.3,3.02419e+06
103.6083,93.3809,-58.216,60.4442,160887,32705.2,2.98691e+06
103.6250,93.0714,-57.4665,60.5437,163365,33114.3,2.8749e+06
103.6417,92.6759,-57.5349,59.7749,134617,32654.6,3.0633e+06
103.6583,92.5491,-56.4512,60.6307,134298,33651.7,3.17586e+06
103.6750,92.0272,-54.7936,61.5265,153726,33907.4,3.69972e+06
103.6917,91.3878,-53.5531,61.8606,151750,34372.5,3.79891e+06
103.7083,92.0607,-53.2593,62.6057,138056,34581.1,3.81575e+06
103.7250,92.0194,-53.4085,62.2392,135510,35042.1,3.76884e+06
103.7417,91.2201,-53.7791,60.9875,121745,34652.3,3.54059e+06
103.7583,90.6884,-54.5132,59.7202,108280,33852.1,3.09037e+06
103.7750,90.469,-55.4168,58.4677,103776,33432.3,3.16042e+06
103.7917,91.9902,-57.3033,58.4765,91229.8,31812.8,3.12977e+06
103.8083,90.6163,-55.4744,58.7827,92879.8,31814.3,3.30197e+06
103.8250,90.0337,-53.281,60.352,95239.8,32072.2,3.50455e+06
103.8417,89.539,-53.2093,59.7767,85854.9,31543.9,3.61616e+06
103.8583,88.8777,-54.0948,58.2314,76957.2,31100.5,3.4488e+06
103.8750,88.6227,-54.7918,57.3776,73372,29783.1,3.48559e+06
103.8917,87.6774,-53.8908,57.0904,70483.7,28476.1,3.66172e+06
103.9083,88.3927,-55.0584,56.7499,68057.1,28277.1,3.49244e+06
103.9250,89.1923,-55.9339,56.8444,66801.1,27503,3.36655e+06
103.9417,91.3707,-58.0393,57.4702,67385.1,27764.4,3.30932e+06
103.9583,91.8167,-58.9969,57.0699,67055.3,27224.3,3.2816e+06
103.9750,91.8949,-59.7104,56.348,67766.2,27051.8,3.3364e+06
103.9917,90.643,-59.4143,54.955,67395,27195,3.20702e+06
104.0083,89.7016,-59.2514,53.9001,67546.3,26503.7,3.20681e+06
104.0250,87.568,-58.3101,52.0315,67026.8,24817.2,3.17023e+06
104.0417,87.1693,-58.4424,51.3258,66706.7,24613.6,3.17955e+06
104.0583,85.7415,-56.7437,51.3459,66892.5,24413.7,3.22854e+06
104.0750,84.1083,-55.4169,50.626,66209.8,23373.6,3.13093e+06
104.0917,83.5872,-54.8534,50.4917,65984.8,22985.1,3.18474e+06
104.1083,81.1551,-52.5324,49.7131,65846.7,22349.4,3.24115e+06
104.1250,82.6079,-54.7322,49.2375,66765.7,22297.2,3.16341e+06
104.1417,85.016,-57.8949,48.8863,66321.8,22383.6,3.27127e+06
104.1583,86.5857,-58.6317,50.0786,67320.1,22756.7,3.30472e+06
104.1750,89.9583,-62.8299,49.7471,67659,22408.5,3.22509e+06
104.1917,91.4373,-65.0652,49.1051,67600.5,22386.3,3.54327e+06
104.2083,94.8475,-68.8383,49.2265,68216.3,22509.1,3.29148e+06
104.2250,94.9977,-68.2162,50.1809,70246.9,23024.2,3.14558e+06
104.2417,95.8526,-68.9681,50.4112,70112.5,23267.4,3.11088e+06
104.2583,97.6503,-71.097,50.2382,70373.3,23584.5,3.1943e+06
104.2750,97.2171,-69.123,51.8694,73003.2,23954.2,3.28271e+06
104.2917,95.8164,-68.8,50.4224,73978.9,23816.4,3.24655e+06
104.3083,93.4986,-67.0574,49.2439,72827.5,23314.6,3.30157e+06
104.3250,93.4498,-68.0027,47.9516,72068.9,23411.8,3.41087e+06
104.3417,93.8788,-68.4296,47.9476,72454.5,23378.5,3.44465e+06
104.3583,93.1059,-68.7242,46.396,69811.5,22262.5,3.37326e+06
104.3750,94.693,-70.4212,46.4386,68726.6,22309.8,3.26377e+06
104.3917,95.2076,-71.5339,45.6393,68456.3,22174.7,3.27834e+06
104.4083,91.7029,-68.6191,44.1988,68443.4,21728.8,3.32711e+06
104.4250,88.2177,-65.4901,43.0545,66969.1,21143,3.29346e+06
104.4417,85.3051,-62.5339,42.6202,66408.8,20773.4,3.34876e+06
104.4583,84.0113,-61.3436,42.3078,65744.6,20899.2,3.31741e+06
104.4750,84.0308,-61.2637,42.3168,65802.4,21144.5,3.33583e+06
104.4917,84.6878,-62.6122,41.5847,65379.7,21093.6,3.27927e+06
104.5083,86.2275,-64.226,41.7429,65195.7,21257,3.11277e+06
104.5250,88.2322,-65.9076,42.385,65049.2,21434.7,3.10209e+06
104.5417,88.7627,-66.0975,42.7851,65631.2,21788.7,4.22568e+06
104.5583,88.2305,-65.5047,42.6815,65863.3,21649.5,5.21262e+06
104.5750,88.5189,-65.7185,42.6487,65631.8,21230,5.19285e+06
104.5917,88.5123,-65.5988,42.6507,65283.7,21320.2,5.89507e+06
104.6083,88.4884,-65.3986,42.8175,64505.3,21395.2,7.05688e+06
104.6250,87.1249,-63.8436,42.809,65249.3,21293.3,6.99041e+06
104.6417,86.6436,-63.3663,42.7801,65916.8,21052.7,7.20775e+06
104.6583,84.9772,-62.3505,41.6985,64539.5,20461.8,7.15718e+06
104.6750,83.9824,-61.4249,41.3623,64427,20178.7,7.48454e+06
104.6917,82.9938,-60.6788,40.9362,63526.5,19607.1,7.37382e+06
104.7083,82.7705,-60.702,40.4924,62669.7,19150,7.29781e+06
104.7250,84.2263,-62.282,40.5394,62053.8,19068.1,6.74719e+06
104.7417,84.7858,-63.2755,40.0665,61585.2,18656.9,6.38204e+06
104.7583,84.5156,-63.4812,39.331,60556.8,18162.3,6.25683e+06
104.7750,83.8325,-62.8652,39.1545,59477.8,17752.1,5.64668e+06
104.7917,84.4293,-63.8529,38.6416,58632.3,17371.9,5.46915e+06
104.8083,86.439,-65.9902,38.5815,57844.3,17105.3,5.07937e+06
104.8250,86.2921,-66.1685,38.0354,56848.5,16564.3,4.90577e+06
104.8417,86.7452,-66.653,38.0553,57269.2,16546,5.14852e+06
104.8583,87.5276,-67.6509,37.791,56744.4,16630.5,5.15089e+06
104.8750,88.3003,-68.2738,37.9082,56685.7,16726.1,5.28607e+06
104.8917,88.7088,-69.1541,37.2105,55433.7,16421.9,6.14333e+06
104.9083,90.3831,-70.6156,37.6135,56050.2,16420.6,7.09067e+06
104.9250,90.818,-70.9163,37.7873,57455.8,16639.6,6.82265e+06
104.9417,90.6681,-70.8707,37.4663,56642.6,16593.7,6.55238e+06
104.9583,90.2994,-70.522,37.3546,55988.4,16736.7,6.55782e+06
104.9750,91.0637,-71.3082,37.4466,56451.2,17035.6,5.96063e+06
104.9917,91.2851,-71.6424,37.1834,56070.4,16908.3,5.53228e+06
105.0083,91.3797,-71.8123,37.0152,55666.3,16522.4,5.37906e+06
105.0250,91.2533,-71.86,36.6928,54711.6,16227.9,5.35427e+06
105.0417,89.6177,-70.5219,36.0523,53871.4,16047.8,5.40195e+06
105.0583,88.2733,-69.1501,35.9796,53608.7,16123.7,5.27303e+06
105.0750,87.0111,-67.9472,35.7234,52670.9,15920.2,5.79667e+06
105.0917,87.0459,-68.144,35.4229,51887.4,15621,6.03268e+06
105.1083,87.1153,-68.4226,35.0195,51739.3,15551,6.24991e+06
105.1250,87.8028,-68.9911,35.3176,51905.9,15719.6,6.04132e+06
105.1417,89.2708,-70.6549,35.0657,50641,15526.6,5.90568e+06
105.1583,89.8256,-71.3852,34.8,50241.1,15020.1,5.74791e+06
105.1750,90.2728,-71.9874,34.5186,49252,14375.3,5.69298e+06
105.1917,91.5142,-73.1628,34.7347,48823.1,14299.6,5.51111e+06
105.2083,91.7877,-73.5059,34.6116,47967.2,14311.5,5.40499e+06
105.2250,91.1296,-73.3095,33.7513,46117,13753.5,5.36951e+06
105.2417,91.5756,-73.9897,33.4099,45867.5,13173.9,5.37455e+06
105.2583,92.2033,-74.4711,33.5591,45649.7,12779.3,5.15893e+06
105.2750,92.1474,-74.2666,33.8209,45943.2,12978.7,4.9358e+06
105.2917,91.3495,-73.7406,33.3248,44841.9,12846.7,4.91933e+06
105.3083,90.2456,-72.8223,32.9045,44107.6,12438.3,4.93135e+06
105.3250,89.5709,-72.134,32.8351,43507.3,12093.4,5.02626e+06
105.3417,89.5801,-72.1667,32.7614,43185,11944.3,4.98169e+06
105.3583,89.853,-72.5647,32.5383,42796.3,11919.1,5.07357e+06
105.3750,90.4892,-73.1919,32.5476,42684.5,11800.9,5.39225e+06
105.3917,90.4278,-73.1637,32.4438,41834.1,11358.5,5.36702e+06
105.4083,90.9814,-73.8341,32.2347,39986.2,11165,5.24016e+06
105.4250,92.0952,-75.0259,32.1114,39100.5,10760.3,5.18482e+06
105.4417,93.4125,-76.2314,32.301,37024,9566.05,5.09938e+06
105.4583,94.0364,-76.8457,32.2982,32751.1,7787.95,5.43558e+06
105.4750,94.8716,-77.5881,32.4211,24196.3,6016.31,5.65763e+06
105.4917,96.0613,-78.5532,32.7941,24818.5,6106.9,5.84759e+06
105.5083,97.4067,-79.6735,33.1741,22704,5527.6,5.95501e+06
105.5250,99.2785,-81.4644,33.336,17882.3,4051.66,5.4473e+06
105.5417,101.237,-83.4523,33.3089,13612.9,3061.73,4.75355e+06
105.5583,103.02,-85.09,33.56,12173.7,2613.92,4.58371e+06
105.5750,104.31,-86.1939,33.8593,9794.09,2068,4.58485e+06
105.5917,104.49,-86.4376,33.7012,8584.92,1753.74,4.29441e+06
105.6083,104.078,-86.1121,33.4624,10045.7,2081.99,4.31602e+06
105.6250,103.862,-85.9008,33.4172,9644.13,2025,4.52849e+06
105.6417,103.446,-85.51,33.2865,8625.73,1796.43,4.67109e+06
105.6583,103.457,-85.5461,33.1615,8752.67,1896.12,4.73722e+06
105.6750,105.201,-87.2058,33.3132,8457.92,1744.19,4.1457e+06
105.6917,107.315,-89.1994,33.5332,7298.17,1427.75,3.62169e+06
105.7083,108.137,-90.0113,33.4946,6312.18,1229.88,3.53338e+06
105.7250,107.969,-89.9873,33.2267,5542.25,1071.11,3.49496e+06
105.7417,108.658,-90.8789,32.8515,4396.23,859.07,3.41328e+06
105.7583,110.023,-92.1719,32.9348,3329.05,684.955,3.37049e+06
105.7750,110.726,-92.9247,32.7898,3504,666.134,3.39499e+06
105.7917,110.896,-93.1864,32.6018,3358.64,628.767,3.43438e+06
105.8083,112.494,-94.7552,32.6043,3193.08,542.217,3.48079e+06
105.8250,112.823,-95.135,32.448,3066.2,523.629,3.51704e+06
105.8417,112.4,-94.821,32.2311,2839.65,525.569,3.54867e+06
105.8583,112.655,-95.2752,31.7458,3018.33,547.254,3.8521e+06
105.8750,109.444,-92.6446,30.377,1529.73,291.795,4.09542e+06
105.8917,111.763,-94.6544,30.455,902.102,161.371,4.0405e+06
105.9083,113.013,-96.4154,29.4181,1076.96,315.543,3.90931e+06
105.9250,114.356,-97.7026,29.8674,4304.83,678.489,3.99528e+06
105.9417,116.203,-99.1507,30.5868,2340.19,445.09,4.05348e+06
105.9583,117.202,-100.454,30.1184,1660.51,339.438,4.1436e+06
105.9750,116.369,-99.3583,30.0926,3810.24,459.985,4.17491e+06
105.9917,117.064,-101.327,27.0364,5923.53,587.678,4.61397e+06
106.0083,120.382,-104.746,27.3438,2304.64,190.063,4.51191e+06
106.0250,121.937,-107.36,25.3137,1082.47,115.03,4.51803e+06
106.0417,113.426,-97.5769,27.3195,10021.6,1314.94,4.88217e+06
106.0583,111.662,-94.6192,29.3058,16991.9,2205.18,4.89277e+06
106.0750,106.964,-88.5572,31.0879,26492.4,3257.21,2.80022e+06
106.0917,107.376,-88.0083,31.8261,14773.3,2166.16,2.92614e+06
106.1083,104.021,-84.488,32.2505,24466.1,2946.07,2.63629e+06
106.1250,101.411,-82.1016,32.016,38076.9,3927.9,3.22024e+06
106.1417,97.8441,-79.2385,31.1893,59137.6,6585.9,3.08048e+06
106.1583,97.6414,-79.5593,30.3951,62379.6,7543.76,3.24373e+06
106.1750,97.0539,-78.7164,31.0725,76174.4,9326.91,3.18903e+06
106.1917,96.447,-77.013,32.4017,75019.4,9751.63,3.17497e+06
106.2083,92.7173,-70.2689,36.5468,83896.7,11185.3,3.49664e+06
106.2250,96.4823,-77.2606,29.8555,32398.5,4868.27,3.56084e+06
106.2417,95.9488,-76.2128,31.2323,37087,5606.03,3.46713e+06
106.2583,94.0237,-73.0753,34.183,67507.5,8658.89,3.73655e+06
106.2750,94.5038,-73.7589,34.7345,76525.2,12301.5,3.97299e+06
106.2917,94.3864,-72.7937,36.2093,82533.6,13342.4,3.95713e+06
106.3083,93.5003,-72.3944,35.604,96380.3,12051.1,3.63771e+06
106.3250,92.9545,-71.5122,36.1569,116783,11391.8,3.7284e+06
106.3417,92.1157,-71.0066,35.8398,121010,12127,3.98996e+06
106.3583,91.6881,-71.1462,35.1799,110749,11748,4.33922e+06
106.3750,93.0661,-73.0478,34.4953,96669.5,9561.3,4.03901e+06
106.3917,92.6813,-73.1941,33.6389,96489.1,8660.03,4.05277e+06
106.4083,93.9348,-74.8469,32.9098,89967,7958.13,3.99813e+06
106.4250,95.7751,-78.5744,29.3997,54842.4,6769.83,4.7159e+06
106.4417,95.2395,-78.1283,29.5083,42851.8,6874.24,5.01217e+06
106.4583,94.7338,-77.0839,30.5036,45027.4,7024.65,5.07601e+06
106.4750,95.0301,-76.1576,32.2255,44436.7,7367.97,4.52442e+06
106.4917,95.2991,-75.5427,33.4438,40960.9,7388.46,4.72209e+06
106.5083,95.6435,-75.0588,34.7093,36931.4,7516.09,4.83283e+06
106.5250,96.766,-75.1989,35.9508,32728.2,7377.63,4.97547e+06
106.5417,97.4258,-75.5589,36.6659,29142.2,6305.79,4.80528e+06
106.5583,97.3235,-75.0366,37.4279,28262.1,5424.13,4.9127e+06
106.5750,97.6208,-75.1473,37.7528,27243.3,5151.37,5.02695e+06
106.5917,96.9079,-74.5659,37.7184,31759.2,6183.67,4.85032e+06
106.6083,94.8015,-72.3793,37.7254,42306.7,7764.89,4.57474e+06
106.6250,93.3841,-70.7395,37.9572,52729,8055.72,4.5373e+06
106.6417,93.3534,-70.5275,38.2356,57062.7,8078.04,4.44076e+06
106.6583,92.7592,-69.8355,38.3191,56774.8,7871.26,4.47294e+06
106.6750,92.8744,-69.631,38.7642,53825.2,7717.48,4.43801e+06
106.6917,93.3536,-69.926,39.0363,48795.6,7732.62,4.52968e+06
106.7083,94.0834,-70.2015,39.6797,45835.1,7584.09,4.65394e+06
106.7250,94.7808,-70.4049,40.3679,41713.7,7494.24,4.75162e+06
106.7417,94.4076,-69.684,40.7889,38222.6,7564.48,4.70042e+06
106.7583,95.1193,-69.123,42.5482,37478.7,7991.58,4.93002e+06
106.7750,93.8921,-67.8199,42.5468,39513.3,8234.31,4.96574e+06
106.7917,93.4795,-65.3182,45.0731,40529.8,6517.45,5.23988e+06
106.8083,94.8307,-66.5628,45.3947,27646.5,3921.45,5.32428e+06
106.8250,96.6592,-66.3269,48.0788,28160.1,4471.2,5.4732e+06
106.8417,95.9675,-64.8153,48.9634,28769,6633.28,5.30656e+06
106.8583,96.7364,-66.161,48.3848,34375.5,6738.24,5.54088e+06
106.8750,96.1944,-65.1569,48.8641,31547.7,6399.2,5.98641e+06
106.8917,96.2408,-65.7973,48.1585,34269.9,7269.9,5.72721e+06
106.9083,96.9055,-66.1803,48.5618,35663.4,6594.48,5.66208e+06
106.9250,96.5089,-65.1035,49.291,38720.7,6206.97,5.70383e+06
106.9417,96.5322,-64.6283,49.7903,40808.7,6804.48,6.10878e+06
106.9583,95.8277,-63.4846,50.1395,42741.9,7495.11,6.57125e+06
106.9750,95.1223,-62.2213,50.5517,46005.3,7858.93,6.73882e+06
106.9917,94.9963,-61.8703,50.6563,47709.8,8150.39,6.56087e+06
107.0083,94.9164,-61.5929,50.8047,48883.9,8438.8,6.54048e+06
107.0250,95.2144,-61.6218,51.0526,48930.1,8603.74,6.47753e+06
107.0417,95.5437,-61.6784,51.3968,46820.9,8485.45,6.35057e+06
107.0583,96.0056,-62.0071,51.5166,43698.8,8452.31,6.1355e+06
107.0750,96.2219,-62.4837,51.2765,40550.1,8337.02,6.17081e+06
107.0917,96.1522,-62.0569,51.6432,38245.3,8343.19,5.97952e+06
107.1083,96.0669,-61.8532,51.6613,36459.7,8382.63,5.85194e+06
107.1250,96.4017,-62.1103,51.7898,34330.3,8247.73,5.83657e+06
107.1417,96.7003,-62.2097,51.9782,33313,8005.13,5.39676e+06
107.1583,96.9176,-62.1045,52.2881,32139.7,7951.03,5.38412e+06
107.1750,96.8358,-61.654,52.6525,30595,8059.66,4.98333e+06
107.1917,96.8511,-61.397,52.8548,29325.9,8182.75,5.05607e+06
107.2083,97.0481,-61.2368,53.1595,28471,8199.74,5.09335e+06
107.2250,96.881,-60.7671,53.3634,27587.4,8295.49,5.0407e+06
107.2417,96.6155,-60.1485,53.6221,26537.8,8301.61,5.22798e+06
107.2583,96.5376,-59.6886,53.9486,25478.5,8372.19,5.31738e+06
107.2750,96.7069,-59.4514,54.3076,24875.4,8442.36,5.4558e+06
107.2917,97.1743,-59.382,54.834,24354.7,8465.64,5.44947e+06
107.3083,97.537,-59.3393,55.2464,23856.3,8535.52,5.43334e+06
107.3250,97.8662,-59.3298,55.5687,23576,8595.03,5.3173e+06
107.3417,98.2217,-59.2879,55.9383,23442.9,8708.24,5.2468e+06
107.3583,98.5799,-59.2348,56.3486,23219.6,8807.58,5.29136e+06
107.3750,98.8189,-59.1612,56.6363,23234.7,8847.33,5.24828e+06
107.3917,99.0064,-59.1642,56.765,23149.1,8917.36,5.25004e+06
107.4083,99.3599,-59.019,57.2552,23219.5,9061.38,5.16701e+06
107.4250,99.2409,-58.7215,57.3218,23300.7,9144.63,5.15305e+06
107.4417,99.3099,-58.467,57.5477,23340.6,9336.04,5.08411e+06
107.4583,99.4768,-58.4816,57.6683,23426.3,9496.92,4.99534e+06
107.4750,99.7878,-58.6142,57.7902,23268,9581.96,4.99641e+06
107.4917,100.386,-58.9887,58.056,23362.3,9704.88,4.81329e+06
107.5083,100.336,-58.7082,58.1937,23600.4,9865.66,4.85e+06
107.5250,100.215,-58.3711,58.3179,23916.8,10028.1,4.87872e+06
107.5417,100.503,-58.426,58.5421,24140.9,10164.8,4.83619e+06
107.5583,100.702,-58.252,58.9099,24476.9,10241.9,4.85588e+06
107.5750,100.746,-58.155,58.9713,24703.1,10359.9,4.81805e+06
107.5917,100.509,-57.8043,58.9827,24856.1,10446.3,4.7044e+06
107.6083,100.467,-57.352,59.4161,24975.4,10537.8,4.41167e+06
107.6250,99.9663,-56.7343,59.4094,25111.9,10553.2,4.2766e+06
107.6417,100.091,-56.8725,59.3691,25243.4,10644.4,4.26749e+06
107.6583,100.73,-57.1898,59.6841,25158.3,10695.8,4.26504e+06
107.6750,100.437,-56.4683,59.9318,25168.2,10751.7,4.28537e+06
107.6917,100.002,-55.8134,60.082,25351.5,10877.2,4.48141e+06
107.7083,99.3955,-55.0776,60.038,25646.9,10912,4.51424e+06
107.7250,99.4802,-54.8683,60.2481,25739.1,10967,4.4406e+06
107.7417,99.7709,-54.8096,60.6099,26247.5,10911.2,4.38051e+06
107.7583,99.5375,-54.2347,60.8013,26378.6,10951.5,4.34771e+06
107.7750,99.682,-54.195,60.9959,26467.9,10761.1,4.41462e+06
107.7917,100.329,-54.4866,61.428,26724.2,10733.4,4.30547e+06
107.8083,100.807,-54.5043,61.7468,26873,10853.6,4.35448e+06
107.8250,100.439,-53.9279,61.766,27102.6,10975.8,4.39759e+06
107.8417,100.299,-53.6069,61.8899,27442.1,10918.6,4.23302e+06
107.8583,100.457,-53.4258,62.1958,27979.9,10927.8,4.22631e+06
107.8750,100.246,-53.0315,62.2617,28167.7,11105.1,4.27428e+06
107.8917,100.078,-52.7936,62.2026,28352.4,11117.8,4.17216e+06
107.9083,100.035,-52.6045,62.2577,28466.3,11025.3,4.0502e+06
107.9250,100.003,-52.2891,62.4854,28580.5,11038.1,4.04281e+06
107.9417,100.233,-52.1598,62.8176,28765,11192.5,4.17301e+06
107.9583,99.9661,-51.7316,62.8203,28956.1,11091.6,4.15303e+06
107.9750,100.301,-51.7628,63.2089,29179.4,10982.7,3.99378e+06
107.9917,100.567,-51.6108,63.6105,29246.4,10807.9,4.05022e+06
108.0083,101.03,-51.8731,63.7403,29422.9,10835.1,4.11501e+06
108.0250,101.289,-51.7907,64.0063,29500,10787.3,4.13024e+06
108.0417,101.051,-51.5092,64.0164,29478.9,10614.8,4.03231e+06
108.0583,101.063,-51.469,64.0775,29750.8,10554.4,3.88415e+06
108.0750,101.309,-51.3903,64.4504,29727.9,10363.5,3.802e+06
108.0917,101.507,-51.1301,64.8242,30094.4,10466.2,3.82301e+06
108.1083,101.057,-50.4003,64.8612,30534.6,10517.6,4.01268e+06
108.1250,100.894,-50.3115,64.7649,30538.4,10396.3,3.71538e+06
108.1417,101.263,-50.307,65.0999,30981.6,10401.9,3.71112e+06
108.1583,101.224,-49.9166,65.3502,31267.1,10521.8,3.88168e+06
108.1750,101.066,-49.811,65.3296,31300.1,10492.1,3.68071e+06
108.1917,101.331,-49.8586,65.6004,31424.9,10317.8,3.63598e+06
108.2083,101.41,-49.5891,65.9142,31704.3,10492.1,3.70104e+06
108.2250,101.211,-49.2548,65.9799,31828.6,10303.6,3.68081e+06
108.2417,100.978,-49.008,65.874,31981.1,10140.4,3.6827e+06
108.2583,100.94,-49.0794,65.8507,31972.9,10002.6,3.63289e+06
108.2750,101.376,-48.8439,66.5197,32438,10189,3.59852e+06
108.2917,101.416,-48.3082,67.0144,33169.2,10703.1,3.67498e+06
108.3083,101.069,-48.1408,66.7228,33733.2,10894.8,3.6348e+06
108.3250,101.862,-49.069,66.9198,33799.6,10953.1,3.56861e+06
108.3417,101.884,-48.8014,67.153,34710.6,11352,3.61225e+06
108.3583,101.554,-47.8464,67.6112,34834.8,11171.5,3.67253e+06
108.3750,100.594,-47.036,67.5765,34168,10448.8,3.91111e+06
108.3917,100.233,-46.9443,67.2989,34279.6,10249.1,3.95665e+06
108.4083,101.817,-48.193,67.8444,34770.6,10682.7,3.69572e+06
108.4250,103.876,-48.866,69.1164,38048.2,12167.6,3.71842e+06
108.4417,105.111,-48.9406,70.4646,40091.2,13102.7,3.92959e+06
108.4583,105.232,-49.729,70.0409,39549.2,13004.6,3.73154e+06
108.4750,104.667,-49.9183,69.4394,39078.5,12300.3,3.71724e+06
108.4917,104.822,-50.3322,69.5718,38455.6,11650.6,3.64668e+06
108.5083,105.48,-50.0555,70.198,39827.6,11697.7,3.77085e+06
108.5250,104.956,-49.1556,70.3749,39592.9,11909.7,3.80777e+06
108.5417,105.323,-49.1609,70.8464,39981,12012.7,3.82654e+06
108.5583,106.433,-49.2347,71.744,40705.6,12489.2,3.88667e+06
108.5750,106.443,-49.5803,71.4857,40828.4,12527.3,3.8358e+06
108.5917,107.124,-50.2807,71.5364,41008.6,12666.6,3.74782e+06
108.6083,107.484,-50.4069,71.9287,41509.3,12456.5,3.81461e+06
108.6250,107.311,-50.384,71.8168,41359.1,12280.7,3.79348e+06
108.6417,106.651,-50.1088,71.4673,40952.3,11698.4,3.75987e+06
108.6583,106.127,-49.7034,71.5419,40991.6,11387.8,3.61162e+06
108.6750,106.747,-49.8315,71.8601,41990.2,11843.2,3.81427e+06
108.6917,106.642,-49.0445,72.0895,42497.6,12023.2,3.90107e+06
108.7083,106.386,-48.9393,72.2041,42360.1,11947,3.73944e+06
108.7250,107.408,-49.0161,72.7183,43449.4,12277,3.8599e+06
108.7417,107.702,-48.7952,73.0805,43538,12431,3.82268e+06
108.7583,108.023,-49.107,73.6164,43442.8,12428,3.74817e+06
108.7750,108.109,-48.6073,73.7819,44221.8,12438.9,3.81049e+06
108.7917,107.881,-48.6961,73.683,44296.7,12342.6,3.66406e+06
108.8083,108.028,-48.47,73.8244,44907.2,12216.3,3.65772e+06
108.8250,107.86,-48.5228,73.727,44709.5,12036.4,3.67209e+06
108.8417,107.604,-48.2774,73.8057,44614.3,11868.8,3.60817e+06
108.8583,105.97,-46.536,73.0899,44822.3,11743.8,3.46365e+06
108.8750,102.754,-44.5493,72.1665,42108.3,10847,2.97038e+06
108.8917,102.327,-45.0542,71.1248,40062.9,10481,2.97605e+06
108.9083,102.505,-44.7409,71.2801,41568.7,10496.9,2.97368e+06
108.9250,102.862,-44.688,72.0636,42745.4,10782.9,3.15469e+06
108.9417,103.189,-44.4288,72.3924,43765.8,11258.8,3.09641e+06
108.9583,102.992,-44.8,72.1287,42593.2,10879.1,3.09142e+06
108.9750,103.438,-45.5839,71.9349,42766.9,10799.3,3.07455e+06
108.9917,103.599,-45.474,71.942,43635.2,11021.6,3.03407e+06
109.0083,103.194,-45.5882,71.87,42146.7,10399.3,2.88962e+06
109.0250,103.415,-45.5014,72.1044,42451.4,10526.9,2.91185e+06
109.0417,103.811,-45.3483,72.4254,42342.2,10745.6,2.95578e+06
109.0583,103.901,-45.549,72.598,42274,10657.9,2.85519e+06
109.0750,104.245,-45.2414,72.9583,42711.3,10855.2,2.89997e+06
109.0917,104.49,-45.4433,73.1137,41806.3,10911.4,2.86034e+06
109.1083,104.597,-45.8483,72.9639,41456.2,10643.9,2.77733e+06
109.1250,104.502,-45.8026,72.7664,40668.4,10566.6,2.75034e+06
109.1417,103.642,-45.791,72.1142,38706.8,10238.5,2.75721e+06
109.1583,103.557,-45.5425,72.1418,37612.5,10060.9,2.64042e+06
109.1750,104.129,-45.7012,72.4541,38351.3,10210.9,2.74391e+06
109.1917,105.163,-45.4309,73.5157,40743.9,10885.3,2.77518e+06
109.2083,105.78,-45.6565,74.1149,40471.6,10851.7,2.69488e+06
109.2250,106.195,-46.1866,74.0714,39015.2,10617.9,2.65828e+06
109.2417,106.264,-46.2293,74.0067,38794,10526.4,2.61512e+06
109.2583,106.404,-46.142,74.3135,38596.3,10429.7,2.56861e+06
109.2750,106.495,-45.9405,74.3711,38513,10542.2,2.68934e+06
109.2917,106.063,-45.5139,74.2855,38002.1,10499.3,2.68742e+06
109.3083,106.267,-45.7278,74.3854,36942.4,10349.4,2.59949e+06
109.3250,106.306,-45.6139,74.3116,37088.7,10481.6,2.63728e+06
109.3417,106.457,-45.6552,74.544,36949.4,10438.6,2.72589e+06
109.3583,106.137,-45.4706,74.3577,36721.4,10427.2,2.65043e+06
109.3750,105.969,-45.6088,74.1083,35815.4,10372.3,2.62894e+06
109.3917,106.216,-45.6067,74.1673,35515,10354.3,2.66832e+06
109.4083,106.5,-45.4617,74.6315,35496.9,10308.4,2.61211e+06
109.4250,106.645,-45.1848,74.8956,35580.5,10253.3,2.62918e+06
109.4417,106.649,-44.9587,74.9528,35360.4,10237.2,2.68095e+06
109.4583,106.246,-44.9203,74.7729,33888.4,10160.8,2.70357e+06
109.4750,105.844,-44.599,74.5432,33233.7,10046,2.59649e+06
109.4917,105.664,-44.2727,74.7596,32651.7,9915.92,2.60576e+06
109.5083,105.675,-43.9475,74.9526,32262.8,9973.61,2.64575e+06
109.5250,105.363,-43.388,74.8604,32194.6,9998.76,2.60206e+06
109.5417,105.752,-43.2958,75.2146,31670.8,10070.2,2.62524e+06
109.5583,105.318,-42.5951,75.2296,31862.8,10083,2.59779e+06
109.5750,105.373,-42.6697,75.3347,31245.7,10155.9,2.56207e+06
109.5917,105.615,-42.3273,75.6315,31690.5,10285.7,2.60748e+06
109.6083,105.65,-42.2046,75.8166,31467.5,10253.5,2.57127e+06
109.6250,105.726,-42.061,76.0714,31351.1,10346.3,2.6022e+06
109.6417,105.648,-42.1421,76.0699,31270.8,10331.8,2.61139e+06
109.6583,105.5,-42.1324,76.0307,30813.2,10345.8,2.57053e+06
109.6750,105.977,-41.9309,76.5461,31058.9,10443.8,2.5414e+06
109.6917,105.904,-41.7021,76.6559,31044.6,10473.7,2.61103e+06
109.7083,105.836,-41.4642,76.8127,30919,10531.8,2.63894e+06
109.7250,105.782,-41.2651,76.8973,30818.6,10642.9,2.56167e+06
109.7417,106.043,-41.2694,77.0563,30651.8,10693.4,2.3839e+06
109.7583,105.794,-41.2411,76.9605,30245.8,10737.4,2.35647e+06
109.7750,106.061,-41.169,77.3205,30270.9,10767.4,2.38783e+06
109.7917,106.215,-40.9928,77.46,30625.1,10910,2.41121e+06
109.8083,106.439,-41.0397,77.802,30131.9,10956,2.30523e+06
109.8250,106.74,-40.7733,78.2336,30421.6,11067.9,2.35571e+06
109.8417,106.891,-40.7858,78.3268,30458.5,11155.9,2.30772e+06
109.8583,107.097,-40.7348,78.6266,30380.9,11220.5,2.2477e+06
109.8750,107.218,-40.5177,78.9506,30844.6,11272.4,2.38577e+06
109.8917,107.023,-40.6075,78.5972,30151.2,11243.2,2.26636e+06
109.9083,107.091,-40.4862,79.0052,29602.3,11265.7,2.23852e+06
109.9250,107.025,-40.1596,79.032,29499.1,11301.1,2.22762e+06
109.9417,107.051,-40.2796,78.8667,28979.5,11325.6,2.14488e+06
109.9583,107.46,-40.1031,79.6049,29279.2,11376.2,2.15805e+06
109.9750,107.346,-39.7988,79.5752,28970,11501.4,2.19287e+06
109.9917,107.378,-39.9636,79.7355,28283.8,11471.7,2.06933e+06
110.0083,107.351,-39.6141,79.9765,28547.5,11515.6,2.22884e+06
110.0250,107.747,-39.5873,80.2719,28364.1,11602.3,2.18348e+06
110.0417,107.695,-39.2961,80.375,28376.7,11622,2.22278e+06
110.0583,107.354,-39.1828,80.2166,28117.4,11651.3,2.15222e+06
110.0750,107.916,-39.3809,80.625,28251.9,11752,2.13536e+06
110.0917,107.845,-39.2755,80.5303,28576.2,11830,2.25395e+06
110.1083,108.099,-39.4842,80.7773,28133.7,11869.9,2.17748e+06
110.1250,108.363,-39.4184,81.0985,28192.1,11926.9,2.18209e+06
110.1417,108.218,-39.2978,81.1063,28189.4,11898.1,2.26217e+06
110.1583,108.409,-39.3734,81.3165,28025.4,11893.3,2.20624e+06
110.1750,108.717,-39.0434,81.7377,28293.6,12047.9,2.20618e+06
110.1917,108.66,-39.0725,81.7731,28033.7,12021.4,2.2369e+06
110.2083,109.605,-39.2503,82.5414,28525.6,12261.6,2.23299e+06
110.2250,109.739,-38.805,82.8691,28900.3,12342.9,2.22289e+06
110.2417,109.744,-39.0432,82.9312,28323.4,12374.9,2.23699e+06
110.2583,110.073,-39.0604,83.1461,28336.8,12383.1,2.23417e+06
110.2750,110.083,-39.0527,83.1788,28099,12379.5,2.1558e+06
110.2917,110.098,-38.9236,83.448,28090.7,12373.8,2.19193e+06
110.3083,110.381,-38.6647,83.7243,28144.7,12425.6,2.09363e+06
110.3250,110.867,-38.5521,84.2162,28333,12569.3,2.16305e+06
110.3417,110.715,-38.518,84.2038,28230.2,12455.7,2.12899e+06
110.3583,110.565,-38.5191,84.1298,27900,12469.8,2.10774e+06
110.3750,110.768,-38.6046,84.2084,28028.3,12413.2,2.12472e+06
110.3917,110.549,-38.3812,84.1461,28034.3,12388.7,2.09715e+06
110.4083,110.218,-38.6145,84.0041,27655.4,12391.9,2.0454e+06
110.4250,111.027,-38.4593,84.7408,28253.3,12465.6,2.09681e+06
110.4417,111.586,-38.304,85.3429,28674,12475.7,2.17634e+06
110.4583,111.934,-38.6386,85.7355,28411.5,12505.7,2.1007e+06
110.4750,112.311,-38.7853,85.8757,28522.2,12603.5,2.14936e+06
110.4917,113.03,-38.9233,86.4548,28812,12687.8,2.13306e+06
110.5083,113.41,-38.9811,86.9467,28911.2,12613.6,2.10307e+06
110.5250,114.013,-39.5179,87.3347,28877.9,12655.6,2.0441e+06
110.5417,114.777,-39.3414,88.0236,29261.2,12888.2,2.17079e+06
110.5583,114.572,-39.3502,87.9884,29264.8,12780.2,2.12778e+06
110.5750,114.606,-39.193,88.1432,29452.3,12781.2,2.14861e+06
110.5917,114.645,-39.0492,88.2046,29637.6,12838,2.12314e+06
110.6083,115.107,-39.0806,88.5911,29996.6,12899.3,2.16719e+06
110.6250,115.278,-38.6659,88.7113,30398.3,13040.3,2.21396e+06
110.6417,114.354,-38.6667,88.1918,29760.8,12813.6,2.06191e+06
110.6583,112.693,-38.6767,86.9202,28987.5,12527.2,1.96748e+06
110.6750,111.955,-37.6715,86.3917,29478.4,12629.6,2.07981e+06
110.6917,110.129,-37.2246,85.2654,29159.7,12347.4,1.94692e+06
110.7083,109.791,-37.098,85.4894,29021.8,12234.4,1.83646e+06
110.7250,109.83,-37.1544,85.0306,29211.2,12223.7,2.03955e+06
110.7417,110.125,-37.1089,85.2431,29501,12329.7,2.09089e+06
110.7583,110.145,-37.1547,85.3164,29880.3,12368.6,2.03624e+06
110.7750,110.183,-37.0496,85.5434,29913.2,12286.9,2.00246e+06
110.7917,110.455,-37.188,85.9304,30003.8,12235.5,1.95094e+06
110.8083,110.479,-37.0868,86.1161,30121.2,12261.7,1.95745e+06
110.8250,110.556,-37.0338,86.3948,30214.7,12300.4,1.99486e+06
110.8417,111.235,-37.1323,87.0496,30504.3,12376.2,1.98215e+06
110.8583,111.295,-37.0938,87.1186,30572.1,12330.6,1.93344e+06
110.8750,110.884,-36.9187,86.9818,30360.8,12296.7,1.92985e+06
110.8917,110.396,-36.9049,86.6078,30232.2,12197.3,1.79343e+06
110.9083,110.747,-37.028,86.8747,30316.2,12220.7,1.8612e+06
110.9250,111.728,-37.5052,87.4914,30723.1,12298.5,1.93852e+06
110.9417,112.558,-37.38,88.2324,31302.2,12353.4,1.94538e+06
110.9583,113.27,-37.8802,88.9564,31214.8,12270.2,1.90004e+06
110.9750,113.521,-37.8234,89.0801,31299.3,12313.5,1.90462e+06
110.9917,114.642,-38.0711,89.7409,31902.1,12491.6,1.9882e+06
111.0083,115.077,-38.4337,90.2185,32101.4,12441.2,1.92427e+06
111.0250,115.102,-38.2978,90.6296,31809.8,12284.4,1.91713e+06
111.0417,114.67,-38.2314,90.218,31836.7,12198.2,1.91366e+06
111.0583,114.385,-37.9119,90.2115,31598.8,12123.1,1.89216e+06
111.0750,113.653,-37.2056,89.9075,31643.2,11951.2,1.89019e+06
111.0917,112.457,-37.1812,89.1421,30981.1,11724.4,1.83201e+06
111.1083,113.188,-37.5185,89.6478,31131,11762.6,1.88416e+06
111.1250,115.09,-36.98,91.224,32098,12098.9,1.95394e+06
111.1417,115.753,-37.0164,92.1775,32040.5,12099.9,1.92264e+06
111.1583,116.9,-37.8116,92.9333,32011.9,12106.2,1.96754e+06
111.1750,117.97,-38.0553,93.4245,32517.6,12338.6,1.99945e+06
111.1917,118.645,-38.1772,94.2335,32997.2,12432.5,1.95563e+06
111.2083,118.228,-37.786,94.2952,32558.9,12325.1,1.96051e+06
111.2250,118.373,-37.5873,94.3242,32559,12405.9,1.98998e+06
111.2417,118.009,-37.0353,94.1599,32657.2,12441,1.95387e+06
111.2583,117.733,-36.8842,94.2812,32368.9,12416.7,1.93574e+06
111.2750,117.672,-36.8523,94.2376,32507.5,12393.1,1.8968e+06
111.2917,117.774,-36.8165,94.4217,32255.2,12419.9,1.90773e+06
111.3083,117.985,-36.5698,94.7174,32333.8,12468.6,1.99629e+06
111.3250,118.01,-36.412,94.7942,32540.7,12452.2,1.94264e+06
111.3417,117.896,-36.3167,94.8159,32480.1,12479.5,1.95361e+06
111.3583,117.983,-36.2387,95.0175,32397.9,12547,1.91796e+06
111.3750,117.769,-35.9967,95.0029,32433.6,12555.3,1.93134e+06
111.3917,117.648,-35.8542,95.0764,32343,12470.3,1.95718e+06
111.4083,117.54,-35.764,94.9976,32200.6,12445.8,1.9538e+06
111.4250,117.622,-35.7932,95.2603,32043.5,12473.4,1.95619e+06
111.4417,118.131,-35.8552,95.7925,32086.4,12583.5,1.86164e+06
111.4583,118.616,-35.8439,96.2038,32106,12581.3,1.83915e+06
111.4750,118.495,-35.7193,96.2238,32087.2,12594.3,1.87616e+06
111.4917,118.715,-35.7955,96.5072,32045.4,12595,1.88255e+06
111.5083,118.956,-35.8902,96.7614,31916.4,12654.8,1.87467e+06
111.5250,119.107,-35.9683,96.9715,31786.3,12666.4,1.90757e+06
111.5417,119.692,-36.0016,97.5106,31799.2,12759.9,1.83987e+06
111.5583,120.15,-36.0305,97.8876,32100.2,12888.3,1.82962e+06
111.5750,120.51,-36.0732,98.2735,32292.1,12930.7,1.86135e+06
111.5917,120.452,-35.9302,98.3743,32148.4,12958.9,1.88708e+06
111.6083,120.526,-35.8379,98.4837,32207,12928.6,1.85203e+06
111.6250,120.416,-35.7951,98.4614,32054.3,12902,1.84831e+06
111.6417,120.345,-35.8373,98.482,31931.8,12920.8,1.8306e+06
111.6583,120.119,-35.8486,98.3815,31729.1,12905.7,1.78599e+06
111.6750,119.604,-35.5719,98.1193,31607,12904.9,1.81917e+06
111.6917,119.926,-35.5268,98.5318,31498.5,12932.2,1.73806e+06
111.7083,120.087,-35.3205,98.6361,31694.6,12957.1,1.72202e+06
111.7250,118.954,-35.0602,97.8385,31180.3,12844,1.76976e+06
111.7417,118.576,-34.9205,97.8273,30551.9,12745.3,1.77716e+06
111.7583,118.557,-35.2062,97.7118,30281.1,12775.8,1.5474e+06
111.7750,120.01,-35.2602,98.8207,31062.8,13027.8,1.66197e+06
111.7917,120.579,-34.785,99.4794,31785.3,13182,1.80078e+06
111.8083,120.848,-34.9582,99.9167,31424.3,13028.3,1.80595e+06
111.8250,120.563,-35.222,99.7132,30787.9,13046.1,1.56488e+06
111.8417,120.507,-35.2866,99.6642,30771.1,13043.9,1.58967e+06
111.8583,120.666,-35.103,100.038,31148.6,13243.2,1.70269e+06
111.8750,120.324,-34.7885,99.7677,30993.2,13164.6,1.67969e+06
111.8917,119.069,-34.4527,98.9657,30159.8,12992.6,1.65307e+06
111.9083,117.834,-34.0925,98.1746,29543.8,12766.1,1.47938e+06
111.9250,116.994,-34.0289,97.3816,29178.7,12691.8,1.4784e+06
111.9417,116.871,-34.0157,97.1983,29006.2,12716.5,1.3536e+06
111.9583,116.547,-33.8371,97.0367,28995.6,12707.6,1.40674e+06
111.9750,116.384,-33.6734,97.0184,28888.8,12651.7,1.40459e+06
111.9917,116.754,-33.6803,97.3584,29022.6,12714.7,1.36015e+06
112.0083,117.781,-33.9602,98.1966,29453.6,12835.4,1.43065e+06
112.0250,117.883,-33.7372,98.4057,29407.9,12945.3,1.46344e+06
112.0417,117.27,-33.3787,98.4466,28997.3,12777.6,1.4679e+06
112.0583,117.497,-34.1271,98.7198,28226,12679.1,1.27905e+06
112.0750,118.306,-34.1834,98.783,28953,12912.8,1.40452e+06
112.0917,119.12,-34.0505,99.7735,29755.5,13099.7,1.47147e+06
112.1083,119.892,-34.1478,100.964,29836.9,13228.1,1.5492e+06
112.1250,120.418,-34.283,101.34,29832.5,13180.2,1.50325e+06
112.1417,120.858,-34.4169,101.774,29873.1,13156.3,1.5375e+06
112.1583,120.866,-34.1936,101.97,29608.2,13200.2,1.53371e+06
112.1750,121.113,-34.2671,102.321,29696.8,13177.9,1.52161e+06
112.1917,120.559,-34.2389,101.942,29178.8,13128.1,1.44933e+06
112.2083,119.082,-34.0114,100.772,28346.8,12926.5,1.4063e+06
112.2250,118.092,-33.3331,100.205,28170,12750.5,1.38558e+06
112.2417,117.359,-33.1535,99.6568,27489.1,12564.3,1.31025e+06
112.2583,117.093,-33.0446,99.3598,27460.7,12547.9,1.28331e+06
112.2750,117.065,-32.8553,99.3468,27578.7,12599.8,1.29984e+06
112.2917,117.187,-32.6918,99.5638,27742.5,12622.8,1.29723e+06
112.3083,116.946,-32.3424,99.6235,27602.6,12491.3,1.30179e+06
112.3250,116.412,-32.2494,99.3922,27229.3,12446.5,1.27614e+06
112.3417,116.821,-32.577,99.6787,27316.9,12521.2,1.26417e+06
112.3583,117.599,-32.8319,100.052,27879.4,12707.8,1.33427e+06
112.3750,118.7,-32.5901,101.141,28675.8,13060.7,1.36546e+06
112.3917,119.053,-33.048,101.851,28625.2,12996.2,1.45848e+06
112.4083,119.482,-33.7867,102.382,28166,12877.9,1.33742e+06
112.4250,119.181,-33.7437,102.046,27946.7,12762.2,1.31116e+06
112.4417,118.997,-33.5021,102.197,27857.4,12778.7,1.32679e+06
112.4583,120.564,-33.4543,103.322,28756.5,13118,1.35325e+06
112.4750,122.282,-33.2448,104.713,30029.1,13514.7,1.53762e+06
112.4917,122.688,-33.4842,105.531,30056.7,13405.6,1.57032e+06
112.5083,122.948,-33.5198,105.933,29625.7,13291.7,1.47796e+06
112.5250,122.922,-33.4368,105.846,29491.9,13275.4,1.48317e+06
112.5417,122.78,-33.4415,105.937,29648.2,13214.5,1.44676e+06
112.5583,122.728,-33.4223,106.246,29546.9,13185.9,1.50682e+06
112.5750,122.79,-33.3471,106.266,29408.6,13124,1.48486e+06
112.5917,122.684,-33.2423,106.28,29340.3,13064.8,1.40614e+06
112.6083,122.281,-33.1137,106.052,29238.5,12929,1.38847e+06
112.6250,121.995,-33.0124,105.831,29008.6,12820.5,1.32043e+06
112.6417,122.942,-33.1369,106.671,29480.9,12956.4,1.39901e+06
112.6583,123.795,-33.0815,107.449,29886.7,13048.4,1.46397e+06
112.6750,124.349,-33.2102,108.084,30079.2,13138.6,1.47087e+06
112.6917,124.079,-33.0586,107.922,29867.1,13082.6,1.44805e+06
112.7083,123.536,-32.9712,107.534,29484.6,12887.5,1.40496e+06
112.7250,124.345,-32.6761,108.304,29985.8,13007.7,1.44474e+06
112.7417,124.488,-32.7734,108.523,29888.4,12983.5,1.47329e+06
112.7583,124.745,-33.0245,108.879,29732.3,12920.7,1.41672e+06
112.7750,124.182,-32.9848,108.348,29580.3,12871.6,1.43924e+06
112.7917,122.312,-32.8456,106.864,28561.1,12572.2,1.25451e+06
112.8083,122.18,-32.3187,107.036,28701.9,12639.3,1.32242e+06
112.8250,122.196,-32.3296,106.872,28699.2,12584.1,1.2575e+06
112.8417,123.317,-32.598,107.781,29269.4,12693.2,1.3766e+06
112.8583,123.608,-32.8373,108.173,29159.2,12778.9,1.3621e+06
112.8750,123.541,-32.719,108.265,29123.8,12795.2,1.36363e+06
112.8917,122.8,-32.3748,107.78,28719.5,12696.1,1.30402e+06
112.9083,122.404,-31.9886,107.547,28652.4,12661.2,1.30696e+06
112.9250,122.221,-31.92,107.373,28650.1,12707.9,1.21668e+06
112.9417,122.293,-32.0315,107.489,28508.4,12643.8,1.26149e+06
112.9583,122.309,-31.8782,107.585,28460.4,12692.6,1.22873e+06
112.9750,122.387,-31.7907,107.675,28355.5,12688.6,1.24221e+06
112.9917,122.524,-31.7418,107.897,28471.2,12721.4,1.3063e+06
113.0083,122.411,-31.719,107.916,28386.1,12677,1.21511e+06
113.0250,122.188,-31.7084,107.877,28131.9,12639.6,1.26315e+06
113.0417,122.47,-31.7086,108.212,28195.7,12677.7,1.25389e+06
113.0583,123.277,-31.6645,108.907,28592.9,12875.9,1.31287e+06
113.0750,123.593,-31.9979,109.268,28574,12836.8,1.27889e+06
113.0917,123.814,-32.1048,109.58,28529.3,12807.3,1.27703e+06
113.1083,123.494,-32.0186,109.461,28308.5,12728.5,1.28899e+06
113.1250,123.735,-31.885,109.83,28354.9,12784,1.21872e+06
113.1417,124.146,-31.9942,110.244,28505.6,12817.4,1.28368e+06
113.1583,124.156,-32.1558,110.41,28273.7,12791.6,1.2655e+06
113.1750,124.098,-31.9231,110.455,28198.9,12773.8,1.28669e+06
113.1917,123.541,-31.6476,110.073,27994.7,12731.4,1.2798e+06
113.2083,122.926,-31.3805,109.658,27712.4,12595.9,1.2166e+06
113.2250,122.403,-31.2718,109.217,27450.9,12543.9,1.18943e+06
113.2417,122.066,-30.8293,108.866,27485.6,12626.1,1.19886e+06
113.2583,121.928,-30.7414,108.831,27506.8,12637.5,1.19958e+06
113.2750,122.149,-30.8237,109.146,27658.2,12722,1.16407e+06
113.2917,122.134,-31.2398,109.217,27594.2,12666,1.13289e+06
113.3083,122.06,-31.1216,109.244,27489.3,12627.3,1.16091e+06
113.3250,121.903,-30.7139,109.191,27583.8,12667.6,1.1981e+06
113.3417,121.93,-30.6229,109.335,27608,12631.6,1.18879e+06
113.3583,121.985,-30.58,109.462,27686.2,12667.8,1.19282e+06
113.3750,121.656,-30.5696,109.295,27566.5,12579.9,1.22051e+06
113.3917,121.243,-30.0434,109.028,27549.7,12564,1.16923e+06
113.4083,121.489,-29.8045,109.243,27746.8,12660.1,1.18771e+06
113.4250,122.295,-30.2384,109.872,28223.1,12879.1,1.26335e+06
113.4417,123.241,-31.1456,110.763,28390.2,12960,1.22521e+06
113.4583,123.146,-31.1368,111.143,28200.8,12817.9,1.26882e+06
113.4750,122.745,-30.8224,111.037,27994.3,12718.8,1.24064e+06
113.4917,122.875,-30.528,111.037,28125.3,12737.1,1.18947e+06
113.5083,123.037,-30.9132,111.209,28096.2,12690.2,1.19235e+06
113.5250,123.556,-30.9695,111.849,28287.3,12789.6,1.13046e+06
113.5417,124.443,-30.9571,112.712,28686.1,12902.1,1.22877e+06
113.5583,124.741,-31.076,112.963,28671.1,12908.6,1.18332e+06
113.5750,123.4,-31.2664,111.912,28400.8,12650.4,1.18915e+06
113.5917,121.735,-30.9225,110.577,28058.5,12344.4,1.1322e+06
113.6083,121.417,-30.2541,110.266,27872.3,12391.4,1.12852e+06
113.6250,121.724,-30.2434,110.392,28143.6,12415.1,1.12439e+06
113.6417,122.324,-30.5699,110.938,28373.4,12537.9,1.16974e+06
113.6583,122.908,-30.5564,111.53,28581.5,12721.2,1.1041e+06
113.6750,123.091,-30.3247,111.777,28619.6,12659.4,1.16737e+06
113.6917,123.149,-29.877,111.917,28582.5,12690,1.14175e+06
113.7083,123.327,-29.6422,112.227,28683.1,12726.8,1.18194e+06
113.7250,123.391,-29.533,112.435,28783.8,12791.3,1.22997e+06
113.7417,123.204,-29.4988,112.465,28711.1,12674.2,1.18171e+06
113.7583,122.847,-29.2328,112.249,28610.1,12682,1.19397e+06
113.7750,123.051,-29.7044,112.435,28559.9,12654,1.17038e+06
113.7917,123.509,-30.1669,112.84,28604.9,12667.2,1.13704e+06
113.8083,123.467,-29.7665,112.886,28606.2,12717.5,1.19548e+06
113.8250,123.095,-29.9329,112.781,28377.7,12488.9,1.17355e+06
113.8417,122.421,-30.0546,112.277,28008.7,12372.5,1.11292e+06
113.8583,121.945,-30.5039,112.03,27655.4,12200.9,1.07124e+06
113.8750,121.293,-30.8544,111.402,27550,12104.7,1.035e+06
113.8917,121.041,-30.3577,111.073,27545,12148.3,1.01951e+06
113.9083,120.724,-29.4597,110.716,27667.5,12189.9,1.07369e+06
113.9250,120.209,-28.7295,110.214,27779.4,12192.5,1.06332e+06
113.9417,120.306,-28.718,110.394,27767,12172.2,1.11419e+06
113.9583,121.001,-28.6048,111.035,28001.6,12377.8,1.15825e+06
113.9750,122.021,-28.6609,112.122,28223.8,12401,1.15807e+06
113.9917,122.279,-28.1265,112.497,28244.4,12406.4,1.19134e+06
114.0083,121.333,-27.6724,112.012,27704.3,12219.5,1.18762e+06
114.0250,119.57,-27.1533,110.77,26958.1,12032.9,1.20064e+06
114.0417,117.554,-26.766,109.127,26297.1,11806.5,1.10786e+06
114.0583,117.013,-27.0464,108.716,26153.4,11776,1.04113e+06
114.0750,117.868,-27.3482,109.183,26743.4,12018.4,1.08718e+06
114.0917,119.477,-27.4074,110.316,27562,12292,1.11601e+06
114.1083,121.355,-27.7757,112.168,27931.1,12493.8,1.23964e+06
114.1250,123.52,-28.5222,114.438,27916.4,12566.7,1.17667e+06
114.1417,124.583,-27.9434,115.423,28134,12694.6,1.1687e+06
114.1583,124.378,-27.2084,115.423,28121.2,12631.1,1.22266e+06
114.1750,124.113,-27.5081,115.594,27694.8,12517.9,1.22136e+06
114.1917,124.516,-27.8926,116.087,27532.2,12439.3,1.19325e+06
114.2083,125.26,-28.16,116.729,27603.4,12597.7,1.1266e+06
114.2250,126.125,-28.6822,117.592,27669.8,12699.4,1.13056e+06
114.2417,126.823,-28.9601,118.247,27657.3,12731.3,1.13369e+06
114.2583,127.213,-29.1227,118.574,27768.6,12744.5,996913
114.2750,127.578,-29.1935,118.918,27720.3,12765.8,1.06521e+06
114.2917,128.026,-29.1584,119.416,27820,12781.3,1.0714e+06
114.3083,128.281,-28.7249,119.715,27736,12799.3,1.07323e+06
114.3250,128.114,-27.9998,119.568,27899,12936.7,1.15896e+06
114.3417,128.246,-28.1376,119.801,27975.3,13012.5,1.13964e+06
114.3583,127.528,-27.5394,119.077,27763.9,13024.4,1.09218e+06
114.3750,127.023,-27.2608,118.673,27727,12946.8,1.12305e+06
114.3917,126.166,-27.7266,118.084,27448.5,12842.3,1.03227e+06
114.4083,126.325,-28.3951,118.291,27526.8,12846.3,963922
114.4250,127.267,-28.7324,119.081,27616.3,12897.2,993491
114.4417,127.668,-28.1816,119.525,27643.7,12915.1,1.00555e+06
114.4583,126.715,-27.9315,118.937,27267.3,12854.1,992288
114.4750,126.29,-28.3396,118.627,27157.9,12823.1,888763
114.4917,126.478,-28.2882,118.628,27246.3,12890.7,886566
114.5083,126.618,-28.1434,118.755,27426.5,12928,1.01213e+06
114.5250,126.516,-27.9238,118.776,27498,12936.4,927162
114.5417,126.49,-28.0072,118.874,27427.6,12909.5,966608
114.5583,126.648,-28.0009,119.114,27428.3,12915.9,985722
114.5750,126.46,-27.8547,118.967,27540.9,12934.1,942815
114.5917,126.477,-27.7826,119.023,27562.3,12963,1.01124e+06
114.6083,126.737,-27.8564,119.365,27847.1,12982.8,938230
114.6250,126.48,-27.7261,119.154,27807.8,12980,982906
114.6417,126.623,-27.5593,119.295,27883.6,13034.5,969974
114.6583,126.816,-27.7185,119.552,27861.8,13103.4,1.01273e+06
114.6750,126.622,-27.8216,119.433,27950.7,13074,975122
114.6917,126.548,-27.5018,119.38,28056.7,13093,982588
114.7083,126.273,-27.6316,119.241,28038.7,12967.5,1.01547e+06
114.7250,126.16,-27.5426,119.187,28049.3,12927,996591
114.7417,126.087,-27.4342,119.139,28101,12961.9,975253
114.7583,126.111,-27.5878,119.237,28133.6,13014.5,953153
114.7750,126.398,-27.7144,119.573,28162.6,13075.3,963996
114.7917,126.686,-27.6803,119.884,28450,13055.1,985668
114.8083,126.798,-27.7213,120.062,28610.2,13086,985090
114.8250,126.965,-27.8355,120.295,28609.9,13106.8,993973
114.8417,126.989,-27.8274,120.369,28636,13132.5,1.00554e+06
114.8583,127.088,-27.9297,120.537,28540.4,13014.4,966334
114.8750,127.397,-27.9166,120.88,28705.2,13067.2,941466
114.8917,127.369,-27.9608,120.91,28796.2,13146.7,987408
114.9083,127.606,-27.9825,121.178,28887.8,13102.8,990539
114.9250,127.954,-27.9395,121.553,28923,13092.3,980810
114.9417,128.429,-27.968,122.028,29014.7,13150.7,1.00445e+06
114.9583,128.588,-28.1563,122.267,29165.7,13125.1,889803
114.9750,127.875,-28.416,121.696,28958.6,13046.9,914835
114.9917,127.793,-28.4254,121.715,28728,12994.6,903284
115.0083,127.834,-28.2582,121.72,28883.2,12941.4,900654
115.0250,127.929,-28.2465,121.868,28887.1,12960.1,911452
115.0417,128.017,-28.3108,122.045,28708.1,12919.8,920585
115.0583,128.718,-28.275,122.698,29120.7,12997.9,936314
115.0750,129.339,-28.154,123.242,29600,13085.3,958112
115.0917,129.821,-28.3627,123.84,29669.4,13047.1,881017
115.1083,130.124,-28.6886,124.296,29234.1,12969,867199
115.1250,129.92,-28.675,124.158,29104.5,12913.9,838689
115.1417,129.614,-28.481,123.915,29178.2,12813.7,854062
115.1583,129.997,-28.5271,124.325,29199.5,12889.1,869801
115.1750,131.558,-28.5082,125.697,30103.2,13139,884337
115.1917,133.03,-28.7973,127.041,30852,13295.9,867720
115.2083,134.085,-29.0866,128.138,30754.8,13261.8,867035
115.2250,134.74,-29.0721,128.853,30499.2,13147.8,871235
115.2417,135.171,-28.9853,129.34,30590.7,13227.6,853454
115.2583,135.012,-29.0948,129.335,30519.3,13168.2,864900
115.2750,133.713,-29.1917,128.28,29354.2,12884.7,823537
115.2917,132.734,-29.0665,127.43,28950.5,12762.1,799888
115.3083,131.763,-28.5135,126.43,28851.7,12737.5,838211
115.3250,131.48,-28.5789,126.169,28806.2,12755.1,780313
115.3417,131.254,-28.6316,125.956,28684.9,12783.5,796297
115.3583,131.255,-28.4298,125.891,28679.7,12825.6,752643
115.3750,131.58,-28.3383,126.211,28681.1,12861.4,841144
115.3917,132.455,-28.237,127.041,28852.1,12955.4,801693
115.4083,132.891,-28.6828,127.578,29007.5,12954.3,833965
115.4250,132.728,-28.6056,127.482,28873.6,13002.9,823024
115.4417,132.186,-28.8112,127.132,28772.5,12948.2,820675
115.4583,132.087,-28.6488,127.093,28610.8,12960.8,809123
115.4750,132.048,-28.5665,127.063,28641.2,13003.1,805776
115.4917,133.285,-28.2238,128.15,29320.2,13219.9,787386
115.5083,132.896,-28.5775,127.867,28976.7,13170.1,770341
115.5250,132.022,-28.0694,127.049,28756.3,13088.3,803615
115.5417,131.741,-28.1751,126.9,28693.1,13034.4,802486
115.5583,132.066,-28.1455,127.208,28760.4,13070.6,819795
115.5750,132.788,-28.7578,128.093,28896.2,13093.3,773104
115.5917,133.345,-28.3647,128.539,29013.5,13156,820795
115.6083,133.878,-28.5012,129.102,29152.5,13229.2,816677
115.6250,134.385,-28.7526,129.647,29202.8,13236.1,795480
115.6417,135.364,-29.3472,130.752,29441.7,13304.2,722275
115.6583,136.388,-28.7036,131.57,29767.4,13476.2,808866
115.6750,136.435,-28.9468,131.742,29673.8,13401.7,767611
115.6917,136.811,-29.1609,132.211,29673.6,13367.2,757993
115.7083,137.288,-29.3437,132.7,29880,13457.3,711189
115.7250,137.248,-29.0994,132.593,29871.4,13435.9,793995
115.7417,137.594,-29.11,133.026,29851.7,13474.5,800837
115.7583,137.722,-29.2631,133.198,29762.7,13461.4,757370
115.7750,137.37,-29.9769,133.108,29544.1,13435.7,733320
115.7917,137.311,-29.37,132.888,29619.1,13463.9,748681
115.8083,137.538,-28.8658,133.055,29882.5,13547.7,843286
115.8250,137.051,-28.3507,132.468,29893,13655.5,793337
115.8417,136.94,-29.5565,132.632,29747.3,13477.4,717760
115.8583,136.937,-29.8462,132.815,29679.4,13474.2,748563
115.8750,136.988,-28.5978,132.556,30011.2,13700,728577
115.8917,136.874,-27.4295,132.241,30216.9,13820.7,829343
115.9083,136.891,-29.648,132.896,29746.8,13605.9,782178
115.9250,136.654,-29.0066,132.599,29681.2,13650.3,813406
115.9417,136.767,-29.7883,132.804,29481,13618.8,745156
115.9583,136.238,-27.8538,131.868,29805.3,13752.7,852067
115.9750,135.852,-29.2639,132.048,29418.6,13552.3,746696
115.9917,135.686,-29.3181,131.944,29439.2,13602.8,734670
116.0083,135.452,-28.9162,131.679,29394.1,13605.9,729930
116.0250,135.009,-27.8951,131.084,29341,13719,738890
116.0417,134.921,-28.2249,131.095,29344.5,13636.6,743608
116.0583,135.103,-28.9842,131.465,29242.5,13595.9,777144
116.0750,135.028,-28.1004,131.205,29423.9,13694.4,810653
116.0917,134.75,-27.6481,130.905,29383.3,13693.5,779546
116.1083,134.058,-27.8889,130.366,29182.2,13621.9,761131
116.1250,134.156,-28.6032,130.665,29070.6,13536.1,710196
116.1417,134.294,-28.3889,130.778,29183.6,13577.3,748884
116.1583,134.417,-27.4956,130.715,29248.5,13702.2,798252
116.1750,134.876,-28.4509,131.383,29205.5,13524,768005
116.1917,135.431,-28.8996,132.085,29111.6,13519.5,738411
116.2083,135.503,-28.1091,131.976,29298.2,13605.4,802194
116.2250,135.222,-28.0474,131.728,29229.7,13570.6,757781
116.2417,134.748,-28.3895,131.391,29143.5,13543.1,776438
116.2583,134.482,-28.4379,131.199,29012.4,13541.9,755227
116.2750,134.591,-28.2849,131.31,29001,13550.8,716306
116.2917,135.129,-28.2174,131.803,29142.2,13617.3,792384
116.3083,136.305,-28.0003,132.885,29582.5,13690.8,806584
116.3250,136.318,-27.7711,132.901,29451.6,13662.4,814215
116.3417,135.956,-28.7378,132.773,29059.5,13554.3,762125
116.3583,135.284,-28.1165,132.056,28932.8,13452.9,765048
116.3750,134.836,-28.403,131.743,28715,13451.5,736708
116.3917,134.334,-27.9931,131.157,28814.4,13488.9,801201
116.4083,135.219,-27.6765,131.994,29052,13486.5,789115
116.4250,136.071,-28.0798,132.896,29058.8,13624.6,825123
116.4417,136.785,-29.1612,133.806,29002.8,13577.7,753918
116.4583,136.754,-27.3782,133.423,29218.1,13702.7,841707
116.4750,136.24,-28.0262,133.113,28926.7,13504.2,798726
116.4917,135.643,-28.5343,132.688,28681.3,13426.7,719108
116.5083,135.466,-28.3466,132.547,28653.4,13420.8,755677
116.5250,135.295,-28.7461,132.455,28636.8,13360.5,753810
116.5417,135.467,-28.1403,132.532,28737.9,13436.1,797479
116.5583,135.842,-28.9611,133.084,28397.1,13317.9,749638
116.5750,136.107,-28.1643,133.183,28662.4,13403,821268
116.5917,135.701,-27.6565,132.717,28465.1,13403.4,807352
116.6083,134.95,-28.5582,132.23,28284.4,13263.5,745874
116.6250,134.257,-27.9332,131.498,28223.4,13181.8,793785
116.6417,134.161,-27.5296,131.333,28357.9,13240.1,807596
116.6583,134.785,-27.8735,132.005,28387.7,13295,829521
116.6750,135.251,-28.9136,132.681,28209.3,13176.6,805106
116.6917,134.996,-27.0294,132.076,28427,13318.7,836659
116.7083,134.937,-28.1324,132.252,28191.8,13186.1,780538
116.7250,135.247,-28.7751,132.718,27989.6,13097.8,765458
116.7417,135.316,-27.8286,132.595,28343.8,13242.8,789409
116.7583,135.29,-27.6307,132.551,28257,13233,823890
116.7750,135.188,-28.8126,132.723,27906.8,12998.1,754678
116.7917,134.718,-28.4463,132.239,27911.3,13033.7,745920
116.8083,134.73,-28.0686,132.194,27961.6,13060.7,774572
116.8250,135.062,-28.5395,132.612,27843.6,13068.7,781289
116.8417,135.282,-28.5086,132.838,27763.5,13079.5,772749
116.8583,135.146,-27.448,132.519,28108,13163.8,780140
116.8750,135.69,-28.0688,133.167,28120.4,13225.9,826450
116.8917,136.245,-29.1389,133.923,27965.8,13162.3,782239
116.9083,136.083,-27.6976,133.504,28203.4,13309.2,884785
116.9250,135.686,-27.8659,133.181,28072,13231.3,793332
116.9417,135.604,-29.2744,133.395,27697.7,13088.7,765113
116.9583,135.831,-28.6176,133.499,27831.2,13104,804320
116.9750,135.745,-27.8757,133.299,27894.4,13209.9,820473
116.9917,136.069,-28.5767,133.742,27730,13128.7,764541
117.0083,136.21,-29.8423,134.132,27480,13078.8,737420
117.0250,135.776,-28.4646,133.474,27766.6,13195.8,800149
117.0417,135.254,-27.4587,132.811,27812.7,13179.5,785109
117.0583,135.595,-30.1103,133.639,27408,12933.5,725907
117.0750,135.215,-28.072,132.927,27756,13195.2,824893
117.0917,134.954,-28.1513,132.717,27737.1,13115.7,799651
117.1083,135.154,-28.6799,133.001,27501.1,13122.1,762824
117.1250,135.585,-27.5354,133.22,27659.2,13153.6,844314
117.1417,135.986,-28.2959,133.762,27725,13204.1,865194
117.1583,136.393,-29.0043,134.28,27567.5,13128.3,789135
117.1750,136.537,-27.3118,134.135,28201,13305,874503
117.1917,136.814,-28.6081,134.624,27790.9,13078.4,870234
117.2083,136.925,-29.4038,134.884,27776.9,13169.9,766156
117.2250,136.451,-28.2095,134.222,27787.2,13176.3,875218
117.2417,136.233,-27.4328,133.911,27663.3,13010.6,879346
117.2583,136.239,-28.7254,134.153,27649.9,13132.4,730497
117.2750,136.169,-28.9897,134.137,27699,13176.4,800744
117.2917,136.076,-27.2547,133.773,28036.7,13340.7,870816
117.3083,136.431,-29.0016,134.44,27751.3,13210.4,813801
117.3250,136.936,-28.3567,134.798,27813.9,13273.1,805046
117.3417,137.314,-28.286,135.166,27938.1,13343.8,804733
117.3583,137.658,-29.0605,135.657,27872.3,13345,815525
117.3750,137.164,-27.9626,134.998,28163.2,13429.8,911891
117.3917,137,-28.5376,134.929,28086.6,13373.2,843273
117.4083,137.076,-29.2686,135.154,27913.1,13327.8,791179
117.4250,137.029,-27.9788,134.947,28274.4,13506.3,850262
117.4417,137.161,-28.5838,135.12,28130.4,13472.3,820685
117.4583,137.139,-29.8791,135.307,27807.8,13271.9,719105
117.4750,137.217,-29.0922,135.31,28123,13414.8,816405
117.4917,137.212,-27.5162,135.076,28352.8,13515.8,859781
117.5083,137.354,-30.1259,135.594,27766.8,13260.5,794980
117.5250,137.165,-28.4108,135.165,28228.7,13427.6,829286
117.5417,137.167,-27.7255,135.078,28343.2,13519.1,885727
117.5583,137.381,-29.6825,135.577,27870.4,13370.4,845522
117.5750,136.738,-29.233,134.882,27954.6,13329.4,795092
117.5917,136.703,-27.9209,134.752,28341.7,13547,949566
117.6083,137.869,-28.0344,135.766,28483.2,13636.3,896105
117.6250,138.204,-29.138,136.298,28237.8,13496,814869
117.6417,138.064,-27.755,135.914,28321.4,13482.7,941470
117.6583,138.15,-29.0015,136.239,28176.5,13364.5,853640
117.6750,138.323,-29.2378,136.48,28138.1,13430.6,840316
117.6917,138.072,-28.3767,136.098,28073.8,13477.5,916041
117.7083,137.636,-28.0879,135.64,28119.1,13435.5,920709
117.7250,138.257,-28.9231,136.418,28182.5,13455.7,896517
117.7417,138.057,-29.3594,136.234,28190.8,13416.6,840917
117.7583,137.443,-28.5796,135.533,28137.6,13458,891337
117.7750,138.299,-29.4792,136.5,28142.6,13449,859073
117.7917,138.818,-28.4667,136.821,28470.5,13536.6,895157
117.8083,139.689,-28.7697,137.736,28557.5,13569.7,837713
117.8250,140.12,-28.3669,138.08,28497.1,13529,892789
117.8417,140.484,-29.6667,138.583,28359,13481.9,921007
117.8583,140.474,-28.8681,138.513,28582.5,13605.5,905269
117.8750,140.349,-28.1681,138.304,28720.3,13649.2,948441
117.8917,140.892,-29.3868,138.926,28560,13540.1,848458
117.9083,141.466,-29.9106,139.561,28660.6,13607,833905
117.9250,141.267,-27.6442,139.132,29196,13927.9,952815
117.9417,141.524,-29.8614,139.513,28722,13633.4,842973
117.9583,142.066,-28.9107,140.075,29253.2,13935.5,950562
117.9750,142.446,-28.6047,140.407,29168.6,13825.5,835858
117.9917,142.286,-30.0261,140.358,28812.4,13718.5,803750
118.0083,143.115,-29.2561,141.114,29172.3,13758.3,826938
118.0250,142.994,-29.0702,140.964,29015.8,13756,789290
118.0417,142.338,-29.2611,140.348,28921.8,13793.4,862204
118.0583,142.465,-29.9565,140.614,28997.4,13769.8,775183
118.0750,143.004,-29.094,140.934,29085.5,13721.2,777413
118.0917,142.707,-29.9265,140.783,28795.8,13752.8,739520
118.1083,142.628,-29.3484,140.649,29084.9,13798.4,776524
118.1250,142.217,-28.8718,140.213,29160.8,13703.2,852683
118.1417,141.298,-29.1938,139.317,28836.4,13655.8,823119
118.1583,140.735,-28.9007,138.785,28851.1,13609.3,792261
118.1750,139.898,-29.281,138.026,28769.9,13688.5,807252
118.1917,139.568,-27.7999,137.486,28950.7,13763.4,861640
118.2083,140.049,-28.6687,138.091,28965.4,13666.2,904518
118.2250,140.058,-27.8182,137.996,29194.6,13790.9,918287
118.2417,140.302,-28.397,138.271,28999.8,13692.4,891765
118.2583,140.546,-29.7113,138.64,28930.5,13689.8,837305
118.2750,140.719,-27.4589,138.601,29425.1,13811.8,895417
118.2917,140.283,-28.3154,138.204,29040.6,13682.2,885229
118.3083,138.775,-30.7293,137.043,28188.3,13315.4,816180
118.3250,138.194,-27.8828,136.205,28790,13576.9,970187
118.3417,138.548,-27.5348,136.413,29023.7,13683.1,946924
118.3583,138.557,-29.1387,136.56,28752,13632.6,887598
118.3750,137.84,-28.1267,135.858,28700.6,13559.2,912849
118.3917,138.121,-29.3611,136.202,28679.3,13491.7,886076
118.4083,137.421,-27.9842,135.394,28604.8,13433.5,920767
118.4250,137.561,-27.8216,135.483,28733.6,13483.8,933765
118.4417,138.399,-28.4075,136.373,29063.1,13679.9,898690
118.4583,137.606,-29.5114,135.741,28454,13406.3,974863
118.4750,135.957,-27.4518,133.804,28430.3,13460.3,993343
118.4917,135.535,-29.1005,133.627,28177.7,13279.8,976441
118.5083,135.759,-28.2821,133.762,28390.4,13470,976417
118.5250,136.027,-27.3678,134.006,28888.7,13536.1,991478
118.5417,135.958,-28.8973,134.011,28548.2,13312.2,918721
118.5583,135.442,-28.7175,133.597,28470.8,13406.5,882084
118.5750,135.158,-27.1592,132.998,28455.9,13478.7,850962
118.5917,135.502,-29.5754,133.551,28391.8,13358.1,872829
118.6083,135.514,-27.7049,133.608,28925.5,13557.9,885667
118.6250,135.583,-28.8161,133.495,28638.1,13448.8,907558
118.6417,135.287,-28.5353,133.336,28832.7,13454.7,865702
118.6583,135.021,-27.9652,132.992,28780.6,13429.2,930458
118.6750,135.34,-29.0394,133.276,28649.1,13308.5,878181
118.6917,135.293,-27.8469,133.292,28974.1,13460.3,898862
118.7083,135.287,-28.9515,133.265,28679.8,13293.7,840529
118.7250,134.84,-27.9358,132.795,28885.8,13395.8,898888
118.7417,134.8,-28.5879,132.853,28743.3,13323.2,905426
118.7583,134.59,-28.7449,132.513,28562.4,13229.6,865398
118.7750,134.411,-27.24,132.321,28981.9,13425,891971
118.7917,134.939,-29.4677,133.055,28781,13274,853941
118.8083,134.578,-27.1999,132.376,29117.5,13392.1,906398
118.8250,134.74,-29.0817,132.845,28792,13238.8,900901
118.8417,134.439,-28.1626,132.259,28924.4,13241.2,851954
118.8583,134.919,-27.6497,132.754,29158.8,13323.9,909911
118.8750,135.422,-28.4235,133.294,29132.4,13303.5,881422
118.8917,135.347,-27.6923,133.162,29275.2,13393.3,875497
118.9083,135.59,-28.3974,133.457,29216.9,13321.9,912089
118.9250,135.427,-28.2117,133.202,29192.8,13344.9,881683
118.9417,135.086,-28.3969,132.896,29184.3,13298,847206
118.9583,134.851,-29.1637,132.811,29089.8,13206.2,813982
118.9750,134.134,-28.2483,131.863,29042.4,13195.4,900501
118.9917,134.016,-27.9078,131.896,29317,13280.8,883999
119.0083,134.24,-27.5548,131.912,29554.7,13402,840245
119.0250,134.692,-28.3907,132.414,29571.7,13366.4,877971
119.0417,134.971,-29.0769,132.93,29371,13355.9,883637
119.0583,134.5,-27.7226,131.977,29428.2,13298.6,840588
119.0750,134.185,-29.0639,132.055,29160.5,13252.8,811860
119.0917,133.634,-27.3297,131.217,29442.1,13343,827654
119.1083,132.679,-28.0868,130.288,28859.9,13078.2,800971
119.1250,131.846,-27.663,129.763,28795.2,13035.2,755023
119.1417,131.356,-27.9898,129.079,28365,12890.9,794751
119.1583,131.048,-26.8171,128.834,28730.7,13031.4,873117
119.1750,131.639,-27.9477,129.258,28565.2,12904.9,865825
119.1917,132.433,-28.0202,130.169,28712.7,13050,831570
119.2083,132.726,-27.7441,130.338,28780.3,13014.5,840593
119.2250,132.669,-28.5524,130.434,28680.3,13002.1,837095
119.2417,132.142,-27.9158,129.857,28695.8,12989.8,899133
119.2583,130.442,-27.9252,128.112,28319.8,12836.3,813774
119.2750,128.745,-29.8259,126.494,26916,12332.1,774622
119.2917,127.901,-27.4781,125.856,27581.6,12681.1,903101
119.3083,128.068,-27.0053,125.655,27767.6,12706,869906
119.3250,127.981,-26.9036,125.656,27775.9,12801.5,898642
119.3417,128.664,-29.0319,126.423,27661.8,12675.6,833685
119.3583,129.247,-24.8694,126.741,28379.2,13003.6,962434
119.3750,130.305,-29.7305,127.832,27871.3,12773.9,864803
119.3917,130.108,-26.5835,127.692,28592.2,13048.9,969862
119.4083,130.21,-27.3252,127.807,28402.9,12955.4,933765
119.4250,129.941,-29.8817,127.56,27626.2,12745.3,782983
119.4417,129.528,-25.4259,126.992,28346.4,13032.4,970062
119.4583,129.809,-29.0349,127.368,27997.1,12844.3,921096
119.4750,129.636,-27.5043,127.13,28317.6,12964.4,904364
119.4917,129.474,-26.7817,127.171,28314.2,13008.6,914735
119.5083,129.727,-30.1,127.212,27552.6,12702.1,784655
119.5250,128.921,-26.1009,126.505,28248.5,12992.6,1.01373e+06
119.5417,127.874,-28.1133,125.505,27477.1,12701.9,841944
119.5583,128.319,-29.3607,125.941,27179.9,12707,851813
119.5750,129.374,-30.0035,127.082,27662.1,12766.6,849589
119.5917,131.777,-31.1887,128.761,28688.1,13028.5,932850
119.6083,134.311,-29.5076,131.478,29845.3,13299.9,958074
119.6250,136.279,-28.9956,133.427,30435.7,13309.8,936974
119.6417,136.573,-28.2723,133.86,30591.2,13439.2,911047
119.6583,135.985,-28.9545,133.5,30068.1,13591.4,888283
119.6750,134.279,-28.3288,131.549,29532.2,13312.2,909630
119.6917,133.071,-27.5501,130.506,29523.1,13268.2,908413
119.7083,132.441,-28.3129,129.982,29049.7,13147.6,827984
119.7250,132.221,-25.9681,129.638,29334.7,13371.3,810027
119.7417,132.156,-26.6946,129.493,29419.5,13255.1,946170
119.7583,132.221,-28.1146,129.518,29040.1,13178.2,964996
119.7750,132.278,-27.7398,129.673,29314.9,13200.8,887739
119.7917,132.499,-28.4907,130.055,29334.1,13285.3,900510
119.8083,132.906,-29.9396,130.009,28700.8,12992.4,890547
119.8250,131.664,-28.1374,128.948,28668.7,13016.1,939062
119.8417,131.5,-28.5996,128.931,28822.6,13109.3,817541
119.8583,131.982,-27.2354,129.196,29214.3,13170.5,870626
119.8750,132.147,-27.7304,129.402,28904,13079.2,961419
119.8917,131.901,-27.9563,129.145,28638.6,13060.3,898810
119.9083,132.056,-28.3959,129.337,28924.5,13160.4,883154
119.9250,132.305,-28.2321,129.68,28743.8,13045.2,910128
119.9417,132.069,-28.2332,129.226,28535,13008.1,940292
119.9583,132.028,-28.4114,129.241,28652.6,13030.4,917583
119.9750,131.923,-27.7189,129.08,28595.6,13071.4,923005
119.9917,132.229,-28.323,129.421,28419,12924.3,929561
