time_hrs,B_in_out,B_squash,B_left_right
0.000000,0.00002,-0.00012,-0.00002
0.016667,-0.06356,0.09969,0.03117
0.033333,0.05609,0.12385,0.04366
0.050000,0.05021,0.08396,0.02785
0.066667,-0.00782,0.02134,-0.01538
0.083333,-0.01020,-0.03791,-0.03720
0.100000,-0.02545,-0.05591,-0.03162
0.116667,-0.01808,-0.06524,-0.02765
0.133333,-0.02548,-0.08783,0.00775
0.150000,0.01513,-0.02763,0.07279
0.166667,0.03875,0.04764,0.05709
0.183333,-0.06108,0.00228,-0.05282
0.200000,-0.02218,-0.01218,-0.06596
0.216667,0.13170,0.08754,0.01789
0.233333,0.05984,0.13164,0.01767
0.250000,-0.06159,0.09934,0.00312
0.266667,0.01258,0.01773,0.03588
0.283333,-0.04917,-0.18247,-0.00336
0.300000,-0.19501,-0.27227,-0.07946
0.316667,-0.03399,-0.04736,-0.03241
0.333333,0.11376,0.14731,0.06936
0.350000,0.12425,0.09272,0.03430
0.366667,0.15884,0.01564,-0.00371
0.383333,-0.00357,0.02183,0.05411
0.400000,-0.14835,0.04259,-0.00815
0.416667,-0.07710,0.04041,-0.11235
0.433333,-0.02817,0.01319,-0.03335
0.450000,-0.02110,-0.04636,0.06811
0.466667,-0.00401,-0.10520,0.01711
0.483333,0.06523,-0.09035,-0.03038
0.500000,0.07745,-0.01745,0.01900
0.516667,-0.00767,0.06055,0.01744
0.533333,0.00642,0.08491,-0.00674
0.550000,0.00059,0.05262,0.03352
0.566667,-0.05268,0.03837,0.01861
0.583333,-0.02714,0.00331,-0.04622
0.600000,-0.01453,-0.05651,-0.05154
0.616667,0.00508,-0.06123,-0.01605
0.633333,0.03587,-0.05049,0.00933
0.650000,0.03464,-0.01892,0.03022
0.666667,-0.00108,0.05162,0.04758
0.683333,-0.04232,0.06139,0.02755
0.700000,-0.00709,0.01388,-0.00733
0.716667,0.00478,-0.01927,-0.04668
0.733333,-0.00001,-0.03003,-0.07167
0.750000,0.04003,-0.03639,0.00482
0.766667,0.01811,-0.00843,0.07279
0.783333,-0.00174,0.07780,0.01210
0.800000,-0.00861,0.07671,0.00586
0.816667,-0.05406,-0.00037,0.04127
0.833333,-0.07938,-0.02729,-0.05172
0.850000,-0.02541,-0.08846,-0.07408
0.866667,0.09064,-0.11856,0.00484
0.883333,0.08628,-0.01086,-0.00522
0.900000,0.02602,0.10190,0.01469
0.916667,0.01761,0.06232,0.08071
0.933333,0.00212,-0.01528,0.07312
0.950000,-0.02384,0.06910,-0.02108
0.966667,-0.16270,0.05923,-0.12399
0.983333,-0.12544,-0.10490,-0.04762
1.000000,0.12639,-0.06567,0.04069
1.016667,0.11046,0.04443,-0.01627
1.033333,0.03128,-0.01177,0.03545
1.050000,0.02727,-0.03852,0.09424
1.066667,-0.02720,0.03442,0.00444
1.083333,-0.00367,-0.00275,-0.04608
1.100000,-0.02859,-0.04756,-0.04703
1.116667,-0.09154,0.05175,-0.03035
1.133333,-0.03490,0.05883,0.00074
1.150000,0.05928,-0.00229,0.00652
1.166667,0.07710,-0.00933,0.04065
1.183333,0.01558,-0.05298,0.04531
1.200000,-0.00941,-0.03805,-0.00932
1.216667,-0.00386,0.03365,-0.02622
1.233333,-0.02544,0.04233,-0.02845
1.250000,-0.03384,0.00290,-0.01864
1.266667,-0.01985,-0.02011,0.01950
1.283333,0.01071,0.00645,0.02232
1.300000,0.03504,-0.00361,0.01044
1.316667,0.02205,-0.04105,0.00656
1.333333,0.00543,-0.02817,-0.01512
1.350000,0.00211,0.01748,-0.02806
1.366667,-0.03952,0.07426,-0.00565
1.383333,-0.02931,0.05208,0.02157
1.400000,0.05433,-0.01753,0.00759
1.416667,0.00234,-0.02955,-0.00537
1.433333,-0.05427,-0.05444,0.01206
1.450000,0.02058,-0.05652,-0.00148
1.466667,0.01513,-0.01716,-0.01933
1.483333,0.00657,0.01510,0.00806
1.500000,0.03270,0.10004,0.02070
1.516667,-0.02125,0.07272,-0.01304
1.533333,-0.01862,-0.06564,-0.02362
1.550000,-0.00581,-0.03909,0.00538
1.566667,-0.01552,0.04671,0.00688
1.583333,0.02648,0.02671,0.00271
1.600000,-0.00649,-0.04535,0.01471
1.616667,-0.04072,-0.03576,0.00129
1.633333,0.01190,0.00672,-0.01514
1.650000,0.05364,-0.08907,-0.01404
1.666667,0.04301,-0.04061,0.01221
1.683333,-0.02093,0.12521,0.03379
1.700000,-0.04381,0.04869,-0.00171
1.716667,-0.02850,-0.02361,-0.04350
1.733333,-0.00531,0.02227,-0.03921
1.750000,0.02358,0.08145,0.01000
1.766667,-0.02419,0.09229,0.04521
1.783333,-0.00117,-0.09404,0.04111
1.800000,0.07285,-0.23701,0.03248
1.816667,0.02383,-0.15096,-0.04171
1.833333,-0.01670,0.06827,-0.08204
1.850000,-0.04187,0.24918,0.00754
1.866667,-0.05652,0.11893,0.03197
1.883333,0.00103,-0.09797,0.00423
1.900000,0.04282,-0.06757,0.01764
1.916667,0.04495,0.00435,-0.00668
1.933333,-0.00066,0.00812,-0.01686
1.950000,-0.04916,0.03588,0.01435
1.966667,-0.03027,-0.00448,0.01772
1.983333,0.03190,-0.08434,-0.01178
2.000000,0.05444,-0.03485,-0.02019
2.016667,-0.00825,0.06397,0.00684
2.033333,-0.03436,0.04880,-0.00138
2.050000,-0.01051,-0.01994,-0.00152
2.066667,-0.00113,0.00138,0.02907
2.083333,0.02134,0.02342,0.00552
2.100000,0.00266,-0.04643,-0.02666
2.116667,-0.02504,-0.06747,-0.03116
2.133333,-0.00402,0.00086,-0.01167
2.150000,0.00061,0.09599,0.02040
2.166667,-0.00126,0.09675,0.01882
2.183333,0.01348,-0.04078,0.03575
2.200000,0.01779,-0.09990,0.03924
2.216667,0.01781,-0.03613,-0.03511
2.233333,0.01723,0.00554,-0.06475
2.250000,-0.01074,0.00802,-0.01149
2.266667,-0.04841,0.04882,0.01681
2.283333,-0.04070,0.07345,0.00028
2.300000,0.00180,-0.01263,0.00013
2.316667,0.02603,-0.05043,0.02259
2.333333,0.01773,-0.04121,0.02375
2.350000,0.02122,-0.04864,0.01359
2.366667,0.02686,0.03283,0.00525
2.383333,-0.00692,0.05735,-0.03046
2.400000,-0.03075,0.02406,-0.03706
2.416667,-0.01861,0.00353,0.00070
2.433333,0.02574,-0.05739,-0.01634
2.450000,0.01985,0.00628,-0.00734
2.466667,-0.06415,0.03271,0.06564
2.483333,-0.03698,-0.03479,0.03031
2.500000,0.03078,0.04127,-0.04311
2.516667,0.03088,-0.00947,-0.00210
2.533333,0.06138,-0.09327,0.02378
2.550000,0.01347,0.04017,-0.03176
2.566667,-0.04634,0.05340,-0.00785
2.583333,-0.01854,-0.00694,0.02905
2.600000,-0.02994,0.00867,-0.05154
2.616667,0.00655,-0.02825,-0.01066
2.633333,0.03857,-0.03725,0.09828
2.650000,-0.02892,0.02321,-0.01318
2.666667,-0.02572,0.06412,-0.10056
2.683333,0.03545,0.02989,0.01169
2.700000,0.03640,-0.02722,0.07184
2.716667,-0.03574,-0.04524,0.00954
2.733333,-0.05598,-0.03885,0.00854
2.750000,0.05437,-0.03528,0.03614
2.766667,0.08165,-0.01756,-0.06591
2.783333,-0.02016,0.08032,-0.10881
2.800000,-0.05604,0.06172,0.00527
2.816667,-0.03303,-0.04567,0.06426
2.833333,-0.01214,0.03290,0.04885
2.850000,0.01113,0.02881,0.03189
2.866667,0.00173,-0.05012,0.01639
2.883333,0.01150,-0.00371,-0.01584
2.900000,0.05195,-0.03172,-0.04989
2.916667,0.02367,-0.02711,-0.04065
2.933333,-0.02026,0.00102,-0.03374
2.950000,-0.02828,-0.02110,0.00795
2.966667,-0.02746,0.05272,0.07688
2.983333,0.00116,0.04777,0.03395
3.000000,-0.00264,0.00462,-0.01884
3.016667,-0.01826,0.02770,-0.00004
3.033333,0.01962,-0.02328,-0.02351
3.050000,0.02411,-0.05225,-0.03451
3.066667,0.01995,-0.03857,0.01795
3.083333,0.03019,-0.01401,0.02041
3.100000,-0.02185,0.02027,-0.02691
3.116667,-0.04127,0.03627,-0.01463
3.133333,-0.00913,0.06371,0.04686
3.150000,0.00654,0.00611,0.03932
3.166667,0.01111,-0.03957,-0.03583
3.183333,-0.03122,-0.03776,-0.04416
3.200000,-0.03993,-0.06414,0.01811
3.216667,-0.00495,-0.03637,0.01562
3.233333,0.08364,0.00311,-0.03102
3.250000,0.16477,0.22398,-0.01110
3.266667,-0.04021,0.23030,0.04282
3.283333,-0.15497,-0.27918,0.06441
3.300000,-0.00814,-0.30857,-0.03207
3.316667,-0.04536,0.04913,-0.13144
3.333333,-0.03683,0.10246,0.01483
3.350000,0.07386,0.15755,0.12158
3.366667,0.05380,0.13159,0.01762
3.383333,0.04231,-0.04086,0.01527
3.400000,0.02107,-0.15185,-0.01613
3.416667,-0.00459,-0.16033,-0.15581
3.433333,-0.04072,0.01172,-0.07522
3.450000,-0.11634,0.09661,0.12592
3.466667,-0.08249,0.05486,0.13469
3.483333,0.08153,0.07332,-0.01016
3.500000,0.17130,0.01364,-0.06923
3.516667,0.07172,-0.05518,0.00410
3.533333,-0.03554,-0.04769,0.01105
3.550000,-0.11240,-0.02669,-0.06257
3.566667,-0.12693,-0.00961,-0.03825
3.583333,-0.01478,-0.00410,0.04621
3.600000,0.03747,0.06086,0.04128
3.616667,0.07901,0.04491,0.01207
3.633333,0.10143,-0.06122,0.03293
3.650000,0.05353,-0.03064,-0.01926
3.666667,0.00220,0.01230,-0.08778
3.683333,-0.16142,0.01086,0.00682
3.700000,-0.14574,0.03011,0.07886
3.716667,0.06747,-0.00937,-0.02772
3.733333,0.06659,-0.04068,-0.10356
3.750000,0.03790,0.01724,-0.00950
3.766667,0.03897,0.10676,0.13702
3.783333,-0.02484,0.09407,0.11006
3.800000,0.00967,-0.07027,-0.03351
3.816667,0.04237,-0.27121,-0.04668
3.833333,-0.01110,-0.21937,-0.04269
3.850000,-0.05966,0.14683,-0.13035
3.866667,-0.05992,0.28690,-0.11057
3.883333,-0.02115,0.13591,0.07239
3.900000,0.00379,0.05385,0.19135
3.916667,0.01286,-0.07449,0.11143
3.933333,0.03829,-0.17626,-0.00490
3.950000,0.08374,-0.11139,-0.07056
3.966667,0.07282,-0.01554,-0.10109
3.983333,-0.02251,0.02817,-0.04379
4.000000,-0.09184,0.03623,0.00710
4.016667,-0.09487,0.08055,-0.00455
4.033333,-0.04263,0.04600,0.02122
4.050000,0.04715,-0.01457,0.05870
4.066667,0.07748,0.01245,0.02126
4.083333,0.03507,-0.03289,-0.01184
4.100000,0.00450,-0.05202,0.02244
4.116667,-0.00979,-0.02239,-0.00909
4.133333,-0.02133,-0.04132,-0.07691
4.150000,0.00647,0.02666,-0.01983
4.166667,0.00554,0.11075,0.04752
4.183333,-0.07586,0.06649,0.00695
4.200000,-0.04554,-0.06085,-0.01701
4.216667,0.06897,-0.04998,0.02258
4.233333,0.02626,0.05054,0.01728
4.250000,0.01252,-0.10342,0.00634
4.266667,0.07956,-0.15346,0.03310
4.283333,-0.01707,0.09944,-0.03858
4.300000,-0.08804,0.13793,-0.09452
4.316667,-0.02752,0.05049,0.01718
4.333333,-0.01271,0.03906,0.06065
4.350000,-0.00493,-0.01910,-0.01886
4.366667,0.02624,-0.07174,-0.00373
4.383333,0.05202,-0.11611,0.07004
4.400000,0.04862,-0.08398,0.03092
4.416667,-0.00646,0.02886,-0.07999
4.433333,-0.03884,0.11762,-0.07174
4.450000,-0.04529,0.12539,0.04105
4.466667,-0.03309,0.02269,0.06220
4.483333,0.01703,-0.00533,-0.01225
4.500000,0.04777,-0.04631,-0.05451
4.516667,0.03246,-0.13841,-0.02860
4.533333,-0.01956,-0.07861,0.03922
4.550000,-0.04753,-0.03804,0.07170
4.566667,-0.05942,0.03100,-0.00129
4.583333,-0.03874,0.10281,-0.03788
4.600000,0.13639,0.18460,0.04477
4.616667,0.22243,0.28801,-0.00469
4.633333,0.01387,-0.14960,-0.14426
4.650000,-0.21103,-0.48542,-0.06662
4.666667,-0.25737,-0.15205,0.11281
4.683333,-0.13033,0.10506,0.12827
4.700000,0.11604,0.23545,0.01054
4.716667,0.29941,0.19334,-0.01895
4.733333,0.24861,0.00585,-0.01838
4.750000,0.02530,-0.09153,-0.10751
4.766667,-0.20901,-0.18465,-0.05240
4.783333,-0.23428,0.02155,0.07742
4.800000,-0.05702,0.17407,0.04239
4.816667,-0.06781,0.00206,-0.03807
4.833333,-0.02065,-0.12875,-0.02161
4.850000,0.25002,-0.20850,0.08120
4.866667,0.17390,0.03325,0.07846
4.883333,-0.01957,0.27269,-0.04933
4.900000,-0.02629,0.10274,-0.06815
4.916667,-0.07168,-0.00583,-0.02173
4.933333,-0.06578,-0.09001,-0.03492
4.950000,-0.05227,-0.16044,-0.00837
4.966667,-0.06370,-0.09581,0.04582
4.983333,0.00215,-0.01623,-0.00005
5.000000,0.07172,0.18669,-0.01793
5.016667,0.10078,0.20670,0.08014
5.033333,0.06270,0.03418,0.09628
5.050000,-0.01776,-0.02800,-0.00878
5.066667,-0.08010,-0.24928,-0.11331
5.083333,-0.08613,-0.32920,-0.12995
5.100000,-0.01977,-0.00883,-0.02619
5.116667,0.07471,0.23711,0.07889
5.133333,0.08851,0.33627,0.08919
5.150000,-0.01470,0.21313,0.03106
5.166667,-0.07875,-0.11825,-0.02198
5.183333,-0.03960,-0.22853,-0.00566
5.200000,0.03769,-0.14891,0.01711
5.216667,0.05228,-0.08038,-0.00540
5.233333,-0.02534,-0.02914,-0.02735
5.250000,-0.02328,0.01078,-0.06600
5.266667,0.03173,0.05875,-0.07159
5.283333,0.01162,0.12938,0.02572
5.300000,-0.01149,0.26110,0.09916
5.316667,-0.02508,0.10266,0.09499
5.333333,-0.02252,-0.29497,0.03653
5.350000,0.01964,-0.20639,-0.07105
5.366667,0.03702,0.04100,-0.09109
5.383333,0.02096,0.03586,-0.02769
5.400000,-0.03450,0.04466,-0.00416
5.416667,-0.06209,-0.03097,0.00801
5.433333,0.01877,-0.00208,0.03697
5.450000,0.04469,0.08022,0.05868
5.466667,-0.00051,-0.03376,0.02664
5.483333,-0.00652,-0.06238,-0.05455
5.500000,0.00185,-0.02574,-0.05673
5.516667,0.04469,0.14288,0.02167
5.533333,0.00658,0.30708,0.05005
5.550000,-0.09190,-0.02164,0.01367
5.566667,-0.05128,-0.46482,-0.04842
5.583333,0.03020,-0.31039,-0.05462
5.600000,0.07227,0.23860,0.02561
5.616667,0.05325,0.31078,0.05202
5.633333,-0.03692,-0.05515,0.02060
5.650000,-0.02955,-0.10212,-0.00410
5.666667,0.01576,0.08615,-0.04791
5.683333,-0.04410,0.03644,-0.03683
5.700000,-0.04501,-0.09001,0.02939
5.716667,0.04544,0.03212,0.04357
5.733333,0.05657,0.10627,0.01380
5.750000,0.01744,-0.04569,-0.00945
5.766667,-0.00958,-0.13028,-0.03294
5.783333,-0.04476,-0.10242,-0.03102
5.800000,-0.04113,-0.00312,0.02203
5.816667,0.01523,0.10624,0.02924
5.833333,0.04734,0.15697,-0.00637
5.850000,0.00924,0.06107,-0.01139
5.866667,-0.00916,-0.12571,-0.01218
5.883333,-0.00228,-0.03386,0.02029
5.900000,-0.05054,0.03602,0.02688
5.916667,-0.02107,-0.12625,-0.02987
5.933333,0.06691,-0.06852,-0.02199
5.950000,0.03324,0.04722,0.01562
5.966667,-0.01574,0.07830,0.01096
5.983333,-0.00205,0.10984,-0.00097
6.000000,-0.01168,0.04996,-0.00846
6.016667,-0.05054,-0.02008,0.00049
6.033333,-0.04191,-0.08832,0.00094
6.050000,0.05719,-0.02896,-0.01482
6.066667,0.09568,0.00811,0.00954
6.083333,-0.00776,-0.13274,0.04128
6.100000,-0.05657,-0.01897,0.01000
6.116667,-0.01915,0.11854,-0.03913
6.133333,-0.03421,0.01669,-0.04410
6.150000,-0.02332,0.04303,-0.01099
6.166667,0.04392,0.07627,0.02974
6.183333,0.04311,-0.00707,0.03627
6.200000,0.02531,-0.06439,0.01217
6.216667,0.02075,-0.06892,0.00066
6.233333,-0.02913,-0.02200,-0.00918
6.250000,-0.04124,0.01505,-0.02223
6.266667,-0.01733,0.05215,-0.01331
6.283333,-0.02957,0.00822,-0.00413
6.300000,-0.01965,-0.07034,0.00461
6.316667,0.02791,0.01090,0.01725
6.333333,0.06522,0.05745,0.00989
6.350000,0.05741,0.00209,-0.00003
6.366667,0.00063,-0.02773,-0.01450
6.383333,-0.04814,-0.03602,-0.01339
6.400000,-0.05518,0.05149,0.02629
6.416667,-0.01704,0.08723,0.02029
6.433333,0.01633,-0.00606,-0.02891
6.450000,-0.00214,-0.03855,-0.03058
6.466667,-0.00156,-0.07572,0.00155
6.483333,0.00838,-0.11133,0.03009
6.500000,0.00588,-0.03445,0.03332
6.516667,0.03853,0.05672,-0.01077
6.533333,0.02568,0.13403,-0.04653
6.550000,0.00301,0.15473,-0.02483
6.566667,0.00850,0.03562,0.02968
6.583333,-0.06177,-0.09516,0.06428
6.600000,-0.07104,-0.16707,0.01139
6.616667,0.00865,-0.14028,-0.04947
6.633333,0.02111,0.04536,-0.02912
6.650000,0.02889,0.13997,-0.01935
6.666667,0.05032,0.09035,-0.00560
6.683333,0.02824,0.03922,0.02752
6.700000,-0.03398,-0.07819,0.02324
6.716667,-0.07390,-0.13124,0.02788
6.733333,-0.01050,-0.05916,0.00551
6.750000,0.05155,0.06668,-0.03170
6.766667,0.03010,0.17240,-0.01367
6.783333,0.00871,0.07047,-0.00455
6.800000,-0.00860,-0.07695,-0.00318
6.816667,-0.05186,-0.10473,0.01255
6.833333,-0.04047,-0.07201,0.00679
6.850000,0.03324,0.01683,-0.00211
6.866667,0.04660,0.02666,-0.00254
6.883333,0.01762,0.01061,-0.01334
6.900000,0.00543,0.08369,-0.00809
6.916667,-0.02752,0.03711,0.01725
6.933333,-0.04600,-0.07685,0.01506
6.950000,-0.01881,-0.02883,0.00850
6.966667,0.03224,0.01270,0.00623
6.983333,0.05955,-0.01326,-0.01783
7.000000,0.02133,0.03473,-0.03092
7.016667,-0.03108,0.01685,-0.01254
7.033333,-0.05885,-0.07046,0.02202
7.050000,-0.03653,-0.03026,0.02610
7.066667,0.02248,0.07058,0.00447
7.083333,0.04068,0.07277,-0.01407
7.100000,0.03706,0.00897,-0.02349
7.116667,0.01418,-0.04519,0.00638
7.133333,-0.03453,-0.10022,0.02263
7.150000,-0.01817,-0.06350,0.01663
7.166667,0.02542,0.05588,0.01587
7.183333,-0.00153,0.09501,-0.01726
7.200000,-0.04990,0.06450,-0.04054
7.216667,-0.04272,-0.00674,-0.04450
7.233333,0.01403,-0.05541,-0.01707
7.250000,0.04912,-0.03215,0.05181
7.266667,0.04728,-0.02733,0.06399
7.283333,0.04080,-0.01698,0.02229
7.300000,0.00135,0.01733,-0.00881
7.316667,-0.05149,0.01254,-0.02014
7.333333,-0.06183,0.01337,-0.03313
7.350000,-0.03988,0.03666,-0.04509
7.366667,-0.00601,-0.00324,-0.01372
7.383333,0.02584,-0.03490,0.02890
7.400000,0.05574,0.01896,0.03981
7.416667,0.06378,0.01859,0.02640
7.433333,0.02680,-0.02285,0.00665
7.450000,-0.01784,-0.00771,-0.01480
7.466667,-0.06185,0.00263,-0.03867
7.483333,-0.08715,-0.02056,-0.02486
7.500000,-0.03209,-0.03369,0.00833
7.516667,0.04899,0.00700,0.02126
7.533333,0.06687,0.04605,0.02789
7.550000,0.04660,0.03510,0.00697
7.566667,0.01162,0.02387,-0.02138
7.583333,-0.03571,-0.00669,-0.01699
7.600000,-0.04167,-0.05651,-0.00572
7.616667,-0.01197,-0.04887,0.00921
7.633333,-0.00436,0.00398,0.02314
7.650000,-0.00081,0.03296,0.01042
7.666667,0.01945,0.03436,-0.01953
7.683333,0.01700,0.01097,-0.03039
7.700000,-0.00541,-0.01788,-0.00674
7.716667,0.00645,-0.00685,0.00962
7.733333,0.01301,-0.00176,0.01723
7.750000,-0.02401,-0.01147,0.03206
7.766667,-0.01506,-0.01362,0.01050
7.783333,0.00673,-0.01560,-0.01485
7.800000,-0.01095,0.03098,-0.01763
7.816667,0.01958,0.05031,-0.03082
7.833333,0.02189,-0.00492,-0.01309
7.850000,-0.01705,-0.01939,0.01239
7.866667,0.01660,-0.02005,0.00669
7.883333,0.00145,-0.04925,0.02557
7.900000,-0.04916,-0.02042,0.02671
7.916667,-0.01225,0.05689,-0.01099
7.933333,-0.00214,0.06893,-0.00566
7.950000,0.00318,0.00752,-0.00217
7.966667,0.07266,-0.03561,-0.03189
7.983333,0.06562,-0.03648,-0.01458
8.000000,-0.02987,-0.02833,0.01815
8.016667,-0.08440,-0.01251,0.01462
8.033333,-0.06566,0.02483,0.01241
8.050000,-0.00503,0.03480,0.00173
8.066667,0.05086,0.00927,-0.02173
8.083333,0.05315,0.00722,-0.01722
8.100000,0.02516,-0.00484,-0.00118
8.116667,0.00420,-0.02170,0.01502
8.133333,-0.01197,-0.00271,0.03839
8.150000,-0.01661,0.00720,0.02254
8.166667,-0.03540,-0.00043,-0.02074
8.183333,-0.04812,-0.01390,-0.02905
8.200000,-0.00610,-0.02395,-0.02759
8.216667,0.03262,-0.01007,-0.02520
8.233333,0.04608,0.02462,0.01100
8.250000,0.04765,0.05064,0.03390
8.266667,0.02026,0.03315,0.02595
8.283333,-0.01277,-0.00566,0.01632
8.300000,-0.05277,-0.04129,-0.00431
8.316667,-0.06976,-0.06117,-0.02014
8.333333,-0.02050,-0.03955,-0.02517
8.350000,0.02087,0.01688,-0.01368
8.366667,0.03571,0.07349,0.01291
8.383333,0.05193,0.06462,0.01501
8.400000,0.01655,-0.00035,0.01158
8.416667,-0.02218,-0.04208,0.00528
8.433333,-0.01162,-0.04574,-0.01049
8.450000,-0.00944,-0.02427,-0.01464
8.466667,-0.00402,-0.00608,-0.01283
8.483333,0.00221,0.01228,0.00324
8.500000,-0.00492,0.03625,0.00959
8.516667,-0.01163,0.02542,0.01524
8.533333,-0.01834,0.00012,0.02569
8.550000,0.01787,-0.00780,-0.00422
8.566667,0.01928,-0.00503,-0.02685
8.583333,-0.01701,-0.01866,-0.02667
8.600000,0.02646,-0.01923,-0.01209
8.616667,0.04464,0.00493,0.01851
8.633333,-0.00354,0.00303,0.02372
8.650000,-0.07099,0.02166,0.01964
8.666667,-0.07364,0.01410,-0.00898
8.683333,0.04495,-0.00412,-0.01700
8.700000,0.06046,0.00566,0.01819
8.716667,0.04424,-0.04356,-0.00639
8.733333,0.02614,0.00601,-0.01629
8.750000,-0.14878,0.02545,-0.01634
8.766667,-0.06345,-0.04872,-0.02286
8.783333,0.16950,0.03538,0.04006
8.800000,0.03976,0.02570,0.00588
8.816667,-0.10504,-0.00986,-0.02158
8.833333,-0.00498,0.02124,0.06085
8.850000,0.04754,-0.07503,0.02139
8.866667,-0.02600,0.00468,-0.03218
8.883333,0.00893,0.09735,-0.03230
8.900000,0.04997,-0.03310,-0.05398
8.916667,-0.05493,-0.06328,-0.01661
8.933333,-0.03207,0.00355,0.04168
8.950000,0.02559,0.03265,0.07252
8.966667,-0.03600,0.01982,0.02362
8.983333,-0.01562,-0.00510,-0.04510
9.000000,0.05496,-0.00779,-0.02124
9.016667,0.04520,0.00045,-0.01110
9.033333,0.02249,-0.02360,-0.02330
9.050000,0.03617,-0.04476,0.00708
9.066667,-0.10334,0.05565,0.03647
9.083333,-0.11318,0.06975,0.01257
9.100000,0.14353,-0.05697,-0.00855
9.116667,0.00253,-0.03157,0.01570
9.133333,-0.13339,0.03743,-0.02128
9.150000,0.11101,0.00325,-0.03609
9.166667,0.04524,-0.02040,0.01599
9.183333,-0.06801,-0.00247,0.00126
9.200000,0.00888,0.01221,0.00672
9.216667,0.02032,-0.02788,0.01993
9.233333,0.07235,-0.04276,-0.00954
9.250000,-0.07217,0.06143,0.02302
9.266667,-0.12547,0.08223,-0.00011
9.283333,0.13071,-0.06282,-0.05758
9.300000,0.01262,-0.06276,-0.00215
9.316667,-0.10917,0.06335,0.01954
9.333333,0.08497,0.03756,0.01581
9.350000,0.06457,-0.06240,0.01898
9.366667,-0.01170,-0.06799,-0.02110
9.383333,-0.10257,0.05310,0.01053
9.400000,-0.08602,0.09014,0.00853
9.416667,0.14586,-0.04654,-0.04520
9.433333,0.07903,-0.05633,-0.00498
9.450000,-0.05976,0.01619,0.03388
9.466667,-0.03547,0.01072,0.02570
9.483333,-0.03177,0.01806,-0.00256
9.500000,0.01309,0.00063,-0.02420
9.516667,0.00603,0.00347,-0.02220
9.533333,-0.00715,0.01011,-0.00932
9.550000,-0.00536,-0.03207,0.00814
9.566667,0.00734,0.00166,0.00884
9.583333,0.05572,-0.00005,0.02326
9.600000,-0.00212,-0.03452,0.00887
9.616667,-0.02212,0.03477,-0.00416
9.633333,0.00308,0.03862,0.02145
9.650000,-0.01403,-0.02085,-0.02381
9.666667,0.00227,-0.00972,-0.04517
9.683333,-0.02715,0.00655,-0.01113
9.700000,-0.02810,-0.00384,0.00870
9.716667,0.01530,-0.00660,0.05525
9.733333,0.02265,-0.00348,0.03498
9.750000,0.03271,-0.01317,-0.02878
9.766667,0.00446,-0.00354,-0.03693
9.783333,0.00270,0.02875,-0.03213
9.800000,0.01667,0.01378,-0.00287
9.816667,-0.03099,-0.01121,0.02825
9.833333,-0.03685,-0.00108,0.03115
9.850000,-0.00695,-0.00421,0.01990
9.866667,-0.00200,-0.00889,-0.00614
9.883333,-0.00206,-0.00345,-0.00491
9.900000,0.02556,0.00777,-0.00338
9.916667,0.04511,0.00998,-0.03523
9.933333,-0.00792,-0.01781,-0.03077
9.950000,-0.03478,-0.00417,0.00848
9.966667,-0.00081,0.00689,0.01753
9.983333,0.01487,-0.00776,0.01698
10.000000,0.02553,0.02331,0.02122
10.016667,0.00951,0.00857,0.00201
10.033333,-0.02796,-0.00252,0.00203
10.050000,-0.04788,0.01314,0.01156
10.066667,-0.06013,-0.02277,-0.00801
10.083333,-0.02179,-0.00592,-0.02349
10.100000,0.05402,-0.00516,-0.03927
10.116667,0.10359,-0.02685,-0.01799
10.133333,0.10173,-0.00070,0.01901
10.150000,0.03603,-0.02731,0.02163
10.166667,-0.05833,0.02451,0.03977
10.183333,-0.13001,0.09165,0.00833
10.200000,-0.14520,-0.00377,-0.02509
10.216667,-0.07802,-0.00968,0.00716
10.233333,0.05176,0.03910,-0.01095
10.250000,0.12828,-0.03975,-0.00407
10.266667,0.14625,-0.07479,0.02424
10.283333,0.14651,-0.06179,-0.02180
10.300000,0.00154,-0.02832,-0.03801
10.316667,-0.16659,0.06283,-0.01746
10.333333,-0.16945,0.06604,0.02328
10.350000,-0.08098,0.04245,0.05831
10.366667,0.04808,0.07141,0.00898
10.383333,0.07296,-0.00406,-0.04296
10.400000,0.02938,-0.08987,-0.02960
10.416667,0.06221,-0.08482,0.00381
10.433333,0.01530,-0.06663,0.04284
10.450000,-0.01290,0.06752,0.09447
10.466667,0.00991,0.12686,0.01191
10.483333,-0.08299,-0.05620,-0.16647
10.500000,-0.02820,-0.03868,-0.10941
10.516667,0.11829,0.06420,0.03637
10.533333,0.05275,-0.05639,0.08158
10.550000,-0.04250,-0.02806,0.14556
10.566667,-0.10697,0.03784,0.05434
10.583333,-0.08873,0.01153,-0.09551
10.600000,0.05300,0.07025,-0.07771
10.616667,-0.01473,0.00890,-0.07614
10.633333,-0.02725,-0.02798,-0.05902
10.650000,0.16091,-0.07252,0.05334
10.666667,0.11314,-0.16555,0.14827
10.683333,0.04058,0.08525,0.12601
10.700000,-0.10564,0.20785,-0.08166
10.716667,-0.20884,-0.02552,-0.16429
10.733333,0.03281,-0.08910,0.00792
10.750000,0.00350,-0.02183,0.01998
10.766667,0.03494,-0.02191,-0.02397
10.783333,0.14256,-0.00438,0.07868
10.800000,-0.15085,0.09132,0.04104
10.816667,0.02863,0.06114,-0.01464
10.833333,0.16933,-0.07288,-0.00428
10.850000,-0.18383,-0.05645,-0.07043
10.866667,-0.05730,-0.00538,-0.03102
10.883333,0.08112,0.00340,0.02957
10.900000,-0.01584,0.02824,0.00366
10.916667,0.08090,0.07103,0.02126
10.933333,0.06160,0.00591,0.05182
10.950000,-0.03999,-0.14800,0.04046
10.966667,-0.07825,-0.03523,-0.02671
10.983333,-0.06901,0.11821,-0.05890
11.000000,0.00705,0.02224,-0.03497
11.016667,0.00601,-0.01843,-0.02182
11.033333,-0.01183,0.01582,-0.03513
11.050000,0.06460,0.01759,0.00358
11.066667,0.12239,0.00319,0.12775
11.083333,0.01616,-0.02037,0.05887
11.100000,-0.09442,-0.08671,-0.01694
11.116667,-0.03713,-0.13504,0.03409
11.133333,-0.03658,0.08880,-0.12781
11.150000,-0.04836,0.22875,-0.11472
11.166667,0.04746,0.02483,0.08405
11.183333,0.04670,-0.07034,0.02789
11.200000,0.01276,-0.01466,0.00193
11.216667,0.00307,-0.04423,0.02860
11.233333,-0.05593,-0.16748,-0.02505
11.250000,0.02063,-0.05659,0.02756
11.266667,0.11519,0.17626,0.07605
11.283333,-0.08157,0.07604,-0.06552
11.300000,-0.16816,0.08911,-0.10693
11.316667,0.08793,0.06245,0.07131
11.333333,0.20497,-0.26856,0.03281
11.350000,0.03936,-0.12186,-0.09437
11.366667,-0.20220,0.14092,0.03890
11.383333,-0.17233,0.09949,0.10196
11.400000,0.09638,0.09483,-0.01490
11.416667,0.09667,-0.09046,-0.04221
11.433333,0.01171,-0.16628,-0.03076
11.450000,0.03282,0.03253,-0.05621
11.466667,-0.00794,0.05392,0.03085
11.483333,-0.00039,0.04704,0.07191
11.500000,-0.01929,0.07303,-0.02194
11.516667,-0.02157,-0.02118,0.01188
11.533333,0.00749,-0.09250,0.03567
11.550000,-0.07155,-0.05067,-0.03690
11.566667,-0.01121,0.02700,-0.02914
11.583333,0.08546,0.01667,-0.01785
11.600000,0.01887,0.01422,-0.02082
11.616667,-0.01050,0.04128,0.00921
11.633333,-0.00035,0.01665,0.03056
11.650000,0.00214,0.02057,0.03722
11.666667,0.01466,-0.04421,0.05357
11.683333,-0.00463,-0.05544,-0.01278
11.700000,-0.05519,0.03346,-0.11235
11.716667,-0.04137,-0.03052,-0.03393
11.733333,0.01856,-0.02954,0.03553
11.750000,0.04721,0.00952,0.04668
11.766667,0.07611,-0.00165,0.07559
11.783333,-0.04331,0.11904,-0.05382
11.800000,-0.11854,0.08076,-0.08054
11.816667,0.06666,-0.08358,0.04174
11.833333,0.07588,-0.08442,0.00195
11.850000,-0.02191,-0.04729,0.00137
11.866667,0.01600,-0.03250,0.04858
11.883333,-0.04626,0.05877,-0.02478
11.900000,-0.06124,0.12094,0.00593
11.916667,0.04979,-0.03267,0.04671
11.933333,0.04501,-0.07618,-0.08390
11.950000,-0.04532,0.03952,-0.08586
11.966667,-0.07256,-0.02614,0.02707
11.983333,0.01283,-0.00968,0.02881
12.000000,0.05615,0.05238,0.03478
12.016667,0.03541,-0.00013,0.06077
12.033333,0.05465,0.02386,0.07092
12.050000,0.01203,-0.05103,0.02595
12.066667,0.01725,-0.08998,-0.06976
12.083333,-0.00606,0.04866,-0.09708
12.100000,-0.18629,0.08042,-0.17266
12.116667,-0.13113,0.03244,-0.06468
12.133333,0.05639,-0.06154,0.26544
12.150000,0.08088,-0.07876,0.14029
12.166667,0.10836,0.05024,-0.09772
12.183333,0.12884,0.03827,0.02347
12.200000,0.05430,-0.01926,-0.01735
12.216667,-0.08676,0.01916,-0.09432
12.233333,-0.16417,0.01416,0.00148
12.250000,-0.08956,-0.01139,0.01525
12.266667,0.00495,-0.00513,0.03034
12.283333,0.04568,-0.03074,-0.00923
12.300000,0.06686,-0.08810,-0.05170
12.316667,0.03638,0.00978,0.02909
12.333333,-0.01243,0.14673,0.03554
12.350000,0.06235,0.06003,0.03890
12.366667,0.07694,-0.04750,0.02034
12.383333,-0.11538,-0.07420,-0.08055
12.400000,-0.16173,-0.06106,-0.03782
12.416667,-0.01365,0.02947,0.01887
12.433333,0.08443,0.04432,0.00645
12.450000,0.12095,-0.00778,0.03380
12.466667,0.05434,0.01441,-0.00331
12.483333,-0.07043,0.02964,-0.00796
12.500000,-0.08232,-0.03413,0.04570
12.516667,-0.02803,-0.05286,-0.01585
12.533333,-0.01165,0.00688,-0.07736
12.550000,0.01473,0.04217,-0.01951
12.566667,0.08139,0.03531,0.06422
12.583333,0.08689,-0.01037,0.04881
12.600000,-0.01884,-0.02204,-0.02023
12.616667,-0.08678,-0.01900,-0.01042
12.633333,-0.07487,-0.02226,-0.02007
12.650000,-0.05430,0.05965,-0.03346
12.666667,0.06913,0.03026,0.02632
12.683333,0.12669,-0.07421,-0.00335
12.700000,-0.00951,-0.03390,0.00185
12.716667,-0.02763,0.00558,0.05275
12.733333,-0.01731,0.03277,-0.03581
12.750000,-0.04965,0.05264,-0.00530
12.766667,0.02388,0.00453,0.05294
12.783333,-0.02120,-0.01433,-0.05993
12.800000,-0.04368,-0.00915,-0.04752
12.816667,0.05548,-0.00912,0.03557
12.833333,0.04553,-0.00855,0.01977
12.850000,0.03479,-0.02091,0.01116
12.866667,-0.00608,-0.05200,0.00748
12.883333,-0.05218,-0.02061,-0.01930
12.900000,-0.00895,0.08761,0.00227
12.916667,-0.01438,0.07724,0.02331
12.933333,-0.02191,0.00795,-0.03246
12.950000,-0.02436,-0.01697,-0.02301
12.966667,0.00855,-0.05442,0.02240
12.983333,0.09881,-0.02829,0.00914
13.000000,0.04576,-0.00920,0.02435
13.016667,-0.05051,-0.02001,-0.00089
13.033333,-0.04215,0.00905,-0.03246
13.050000,-0.01723,-0.00220,-0.00950
13.066667,0.01662,-0.00731,-0.01856
13.083333,-0.00718,0.06514,0.01831
13.100000,-0.04924,0.11033,0.05813
13.116667,0.02531,-0.02045,-0.00381
13.133333,0.05815,-0.13579,-0.04232
13.150000,0.01740,-0.02262,-0.01266
13.166667,0.02292,0.03986,0.01246
13.183333,-0.01063,-0.00677,0.01209
13.200000,-0.07132,0.00129,-0.00704
13.216667,-0.05437,-0.00784,-0.00841
13.233333,0.00875,0.01920,0.00919
13.250000,0.03157,0.04746,-0.00006
13.266667,0.03511,-0.02768,-0.00450
13.283333,0.05497,-0.04705,0.01511
13.300000,0.02193,0.00540,0.00554
13.316667,-0.03304,0.05288,-0.01990
13.333333,-0.05046,0.05890,-0.01421
13.350000,-0.04992,-0.04640,0.00792
13.366667,-0.01901,-0.08725,0.01804
13.383333,0.03538,-0.01155,0.01717
13.400000,0.04794,0.03218,-0.00152
13.416667,0.01405,0.05303,-0.03234
13.433333,0.01517,0.01178,-0.03631
13.450000,0.00976,-0.02707,0.00775
13.466667,-0.03404,-0.01202,0.04056
13.483333,-0.03281,-0.01283,0.02139
13.500000,-0.01691,0.02667,0.02330
13.516667,0.00410,0.00458,-0.00179
13.533333,0.02701,-0.04782,-0.06296
13.550000,-0.00126,0.02496,-0.02509
13.566667,0.00735,0.02215,0.01062
13.583333,0.02904,-0.05397,0.00285
13.600000,-0.02396,0.02803,0.03881
13.616667,-0.02259,0.11039,0.02976
13.633333,0.02184,-0.02649,-0.01684
13.650000,0.01168,-0.12593,-0.02266
13.666667,-0.00370,-0.01707,-0.00487
13.683333,-0.02594,0.04156,0.00242
13.700000,-0.02178,0.04396,-0.00853
13.716667,0.00540,0.04018,-0.01194
13.733333,0.00156,-0.02878,-0.00440
13.750000,0.02361,-0.03140,0.02844
13.766667,0.05198,-0.02646,0.04147
13.783333,0.02346,-0.03499,-0.01479
13.800000,-0.03035,0.01799,-0.03674
13.816667,-0.03876,0.04573,-0.00844
13.833333,-0.03099,0.07219,0.00381
13.850000,-0.04815,0.03977,0.02445
13.866667,-0.02421,-0.03968,0.02560
13.883333,0.01868,-0.03897,-0.01993
13.900000,0.07262,-0.07016,-0.05249
13.916667,0.09805,-0.08195,-0.02635
13.933333,0.03112,-0.00502,0.02129
13.950000,0.01453,0.04263,0.02706
13.966667,-0.03533,0.11646,0.04396
13.983333,-0.16933,0.11138,0.05956
14.000000,-0.09273,-0.03132,-0.01914
14.016667,0.04876,-0.04659,-0.06791
14.033333,0.02624,-0.03106,-0.02884
14.050000,0.05742,-0.08631,-0.02384
14.066667,0.11320,-0.05746,-0.02041
14.083333,0.03805,-0.01914,0.01939
14.100000,-0.02649,0.06058,0.04394
14.116667,-0.04124,0.13484,0.05691
14.133333,-0.08807,0.04340,0.03568
14.150000,-0.09550,-0.03363,-0.02560
14.166667,0.00259,-0.03830,-0.05240
14.183333,0.11711,-0.04861,-0.05671
14.200000,0.12928,-0.06435,-0.05059
14.216667,0.01989,-0.03053,0.04228
14.233333,-0.11175,0.08287,0.09851
14.250000,-0.10483,0.06434,0.00954
14.266667,0.00529,0.01311,-0.01843
14.283333,0.03421,0.05427,0.01422
14.300000,0.00126,-0.06318,-0.04265
14.316667,-0.00746,-0.11457,-0.04604
14.333333,0.03930,-0.01290,-0.00880
14.350000,0.09169,-0.01441,-0.00301
14.366667,0.04017,0.07142,0.07005
14.383333,-0.05079,0.09073,0.05085
14.400000,-0.10058,-0.05596,-0.03655
14.416667,-0.05082,-0.01454,-0.02490
14.433333,0.02058,0.04631,-0.02756
14.450000,-0.02160,0.02109,-0.00820
14.466667,0.01765,-0.00168,0.00932
14.483333,0.06648,-0.02125,0.03206
14.500000,0.02032,-0.02694,0.05326
14.516667,0.08299,-0.14659,-0.08880
14.533333,0.03790,-0.04300,-0.05487
14.550000,-0.12298,0.14195,0.07797
14.566667,-0.14944,-0.03565,0.00179
14.583333,-0.08474,0.06682,0.05533
14.600000,0.11987,0.30880,0.05786
14.616667,0.21362,0.03055,-0.08944
14.633333,0.00197,-0.33080,-0.07906
14.650000,-0.12381,-0.32437,-0.04110
14.666667,-0.03008,0.01685,0.01347
14.683333,0.05702,0.21155,0.04298
14.700000,0.01833,0.14735,0.03772
14.716667,-0.06191,0.15032,0.09870
14.733333,-0.05512,0.01557,0.03356
14.750000,0.00813,-0.17169,-0.07707
14.766667,0.03396,-0.13606,-0.06793
14.783333,0.03240,-0.02872,-0.04852
14.800000,0.03842,0.03213,-0.03255
14.816667,0.00104,0.03960,0.02482
14.833333,-0.02642,0.05196,0.06083
14.850000,-0.00904,0.03358,0.04464
14.866667,-0.02605,-0.02275,0.03004
14.883333,-0.02962,-0.03197,-0.01664
14.900000,-0.00261,0.03178,-0.03202
14.916667,0.02779,0.06612,0.00686
14.933333,0.05035,-0.05878,-0.03510
14.950000,0.02045,-0.08676,-0.03743
14.966667,-0.01786,0.01621,0.02101
14.983333,-0.02435,0.01546,0.01408
15.000000,-0.01847,0.03557,0.00842
15.016667,-0.02378,0.01475,0.00359
15.033333,-0.01341,-0.02968,0.01375
15.050000,0.04210,0.01077,0.01525
15.066667,0.05430,-0.04530,-0.04256
15.083333,-0.00388,0.00228,-0.01068
15.100000,-0.05119,0.09129,0.04673
15.116667,-0.04141,-0.04946,0.01574
15.133333,0.00204,-0.02199,0.01883
15.150000,0.02050,0.06111,-0.01712
15.166667,0.04094,-0.02088,-0.08206
15.183333,0.06759,0.08094,-0.00658
15.200000,0.00112,0.00748,0.02343
15.216667,-0.10179,-0.22651,-0.02070
15.233333,-0.07827,-0.06763,0.03014
15.250000,0.02120,0.06187,0.02507
15.266667,0.05329,0.08534,0.02381
15.283333,0.01723,0.16844,0.05947
15.300000,0.00846,-0.00536,-0.06154
15.316667,0.07718,-0.10908,-0.09412
15.333333,0.07318,-0.01506,0.02403
15.350000,-0.07504,-0.00762,0.06019
15.366667,-0.14844,-0.00108,0.04391
15.383333,-0.09258,0.00765,-0.01405
15.400000,-0.01520,0.02249,-0.05425
15.416667,0.08607,-0.00875,-0.06626
15.433333,0.14607,-0.07823,-0.04971
15.450000,0.10868,-0.01809,0.07883
15.466667,0.01722,0.05120,0.10357
15.483333,-0.09225,0.05418,0.01365
15.500000,-0.12795,0.01290,-0.00217
15.516667,-0.09444,-0.02016,-0.03627
15.533333,-0.05016,0.01600,-0.06318
15.550000,0.08746,-0.01561,-0.04765
15.566667,0.19822,-0.01251,-0.01418
15.583333,0.09801,0.07962,0.10253
15.600000,-0.08474,-0.00962,0.10904
15.616667,-0.20248,-0.15233,-0.04655
15.633333,-0.15111,-0.08977,-0.08611
15.650000,0.08100,0.01444,-0.07896
15.666667,0.23882,0.08350,-0.04926
15.683333,0.15148,0.16655,0.11804
15.700000,-0.05413,0.09437,0.10046
15.716667,-0.15903,-0.03973,-0.04335
15.733333,-0.10583,-0.04573,-0.00270
15.750000,-0.03794,-0.07392,0.01201
15.766667,-0.01639,-0.10931,-0.01377
15.783333,0.01778,-0.08562,-0.00298
15.800000,0.07207,-0.04137,-0.04597
15.816667,0.12499,0.05615,-0.05959
15.833333,0.11054,0.09568,-0.04341
15.850000,0.00167,0.11508,0.01693
15.866667,-0.10848,0.16621,0.11551
15.883333,-0.14351,0.04111,0.10739
15.900000,-0.07093,-0.13002,0.02585
15.916667,0.03513,-0.15279,-0.06274
15.933333,0.05762,-0.13772,-0.11188
15.950000,0.03674,-0.04743,-0.05412
15.966667,0.01626,0.07903,0.01486
15.983333,0.00214,0.07813,0.02396
16.000000,0.01169,0.04706,0.02332
16.016667,0.00367,0.04753,0.02782
16.033333,-0.00270,0.02950,0.02418
16.050000,0.00658,0.00318,0.00404
16.066667,-0.00849,-0.02437,-0.00592
16.083333,-0.01962,-0.02361,0.00105
16.100000,-0.02998,-0.04067,-0.02898
16.116667,-0.03439,-0.08668,-0.05074
16.133333,0.00818,-0.03702,-0.00004
16.150000,0.03188,0.07436,0.05104
16.166667,0.02232,0.08755,0.03853
16.183333,0.04250,0.00396,-0.01952
16.200000,0.03331,-0.01839,-0.04264
16.216667,-0.03673,0.02236,0.00073
16.233333,-0.06327,0.00213,0.02140
16.250000,-0.02089,-0.03041,0.00566
16.266667,0.00665,-0.03423,0.00532
16.283333,0.02100,-0.01801,0.00229
16.300000,0.04215,0.02639,-0.00664
16.316667,0.00501,0.01821,-0.00330
16.333333,-0.04827,-0.02369,-0.01165
16.350000,-0.02799,-0.03165,-0.02249
16.366667,0.02485,-0.00184,0.00693
16.383333,0.04397,0.06353,0.03007
16.400000,0.00912,0.06236,0.01302
16.416667,-0.02299,-0.00888,0.00182
16.433333,-0.01235,-0.03493,-0.00381
16.450000,0.00251,-0.03652,-0.01024
16.466667,0.02356,-0.03879,-0.02092
16.483333,0.00237,-0.01617,-0.02214
16.500000,-0.06125,0.01243,0.01480
16.516667,-0.03356,0.03384,0.03006
16.533333,0.04400,0.04912,0.01403
16.550000,0.04832,0.02698,-0.00170
16.566667,-0.00669,-0.03586,-0.02197
16.583333,-0.02010,-0.05488,-0.00939
16.600000,0.03030,-0.00843,0.00176
16.616667,0.01206,0.02950,-0.00558
16.633333,-0.03828,0.02412,0.01191
16.650000,-0.02233,0.00464,0.00965
16.666667,-0.00419,-0.00696,-0.00310
16.683333,0.01010,-0.03308,0.00079
16.700000,0.00953,-0.02479,-0.00325
16.716667,0.00411,0.02487,0.00211
16.733333,0.01859,0.03214,0.00122
16.750000,-0.00205,0.01756,-0.00953
16.766667,-0.01326,-0.01690,-0.00766
16.783333,-0.00374,-0.03468,-0.00594
16.800000,-0.01606,0.01491,0.00691
16.816667,-0.00509,0.02313,0.01890
16.833333,0.01372,-0.01193,0.01085
16.850000,0.02344,-0.01492,0.00078
16.866667,0.03411,0.00618,-0.01330
16.883333,-0.00542,0.01030,-0.01484
16.900000,-0.04736,-0.01404,-0.00090
16.916667,-0.02892,-0.01272,-0.00813
16.933333,-0.01929,-0.01583,-0.00558
16.950000,-0.00218,-0.00383,0.02292
16.966667,0.04959,0.04983,0.02098
16.983333,0.04925,0.04286,-0.00127
17.000000,0.01713,0.01156,-0.01149
17.016667,-0.00552,-0.01875,-0.01452
17.033333,-0.04232,-0.05613,-0.00397
17.050000,-0.05038,-0.03577,0.00651
17.066667,-0.02129,-0.00498,0.00857
17.083333,0.01044,0.01477,-0.00060
17.100000,0.02472,0.01676,-0.01037
17.116667,0.01068,-0.00688,0.00440
17.133333,0.03703,0.01979,-0.00285
17.150000,0.06884,0.05148,-0.01591
17.166667,-0.01368,0.02586,0.01662
17.183333,-0.09459,-0.01177,0.02799
17.200000,-0.05052,-0.04491,0.00330
17.216667,0.01464,-0.05276,-0.01982
17.233333,0.02652,-0.03195,-0.02615
17.250000,0.02521,-0.00327,-0.00863
17.266667,0.02074,0.04893,0.00968
17.283333,-0.00002,0.06853,0.02942
17.300000,-0.01280,0.01871,0.01908
17.316667,-0.00837,-0.03106,-0.02109
17.333333,0.00540,-0.04393,-0.01992
17.350000,0.00533,-0.01047,-0.00149
17.366667,-0.01837,0.00678,0.00387
17.383333,-0.01371,-0.00242,0.01442
17.400000,0.00571,0.03292,0.00915
17.416667,0.00278,0.00401,-0.01958
17.433333,0.00966,-0.04728,-0.02688
17.450000,0.02166,0.01364,0.00692
17.466667,0.01527,0.03563,0.03140
17.483333,-0.00338,0.00915,0.02551
17.500000,-0.01929,0.00470,0.00242
17.516667,-0.03900,-0.03727,-0.02685
17.533333,-0.03732,-0.05206,-0.03159
17.550000,0.02523,-0.00195,-0.00935
17.566667,0.04094,0.04011,0.02059
17.583333,0.00618,0.00664,0.01801
17.600000,0.04989,-0.00709,-0.01106
17.616667,0.03516,0.09297,0.00823
17.633333,-0.08293,0.06051,0.02507
17.650000,-0.08182,-0.10822,-0.01815
17.666667,0.01791,-0.09342,-0.02893
17.683333,0.04915,0.00292,0.00115
17.700000,0.01174,0.00156,0.01095
17.716667,-0.00127,0.00718,0.01647
17.733333,0.01139,0.03909,0.01118
17.750000,-0.00673,0.04376,-0.01149
17.766667,-0.01199,0.02194,-0.02171
17.783333,-0.00245,0.00551,-0.01275
17.800000,-0.00346,-0.00130,0.01116
17.816667,0.01051,-0.04164,0.01676
17.833333,0.00448,-0.06934,0.00325
17.850000,-0.00672,-0.03035,0.01123
17.866667,0.00727,0.03028,0.00327
17.883333,-0.00372,0.06360,-0.01933
17.900000,-0.02418,0.03718,-0.01024
17.916667,0.00212,-0.01394,-0.01496
17.933333,0.03635,-0.00642,-0.00980
17.950000,0.01593,0.01317,0.02884
17.966667,-0.02890,-0.02719,0.01987
17.983333,-0.04011,-0.04029,0.00711
18.000000,-0.01057,-0.00751,0.01347
18.016667,0.03091,-0.00034,-0.01284
18.033333,0.05668,-0.00543,-0.02830
18.050000,0.03214,-0.00228,-0.03333
18.066667,-0.04859,0.06043,-0.00918
18.083333,-0.06930,0.06086,0.01982
18.100000,-0.00354,-0.03575,0.01084
18.116667,0.00554,0.02030,0.06288
18.133333,-0.00622,0.02653,0.04608
18.150000,0.06554,-0.05104,-0.04795
18.166667,0.08231,-0.00999,-0.03394
18.183333,-0.02322,-0.11458,-0.07142
18.200000,-0.08429,-0.19067,-0.08041
18.216667,-0.06027,-0.07334,0.02675
18.233333,-0.00940,0.12344,0.08498
18.250000,0.06900,0.33655,0.12497
18.266667,0.08045,0.34791,0.08470
18.283333,-0.01526,0.28949,0.06173
18.300000,-0.07532,-0.22937,-0.08910
18.316667,-0.05815,-0.80533,-0.34040
18.333333,-0.01134,-0.27077,-0.10175
18.350000,0.10409,0.19234,0.10399
18.366667,0.14343,0.00458,0.07372
18.383333,-0.06757,0.06582,0.19159
18.400000,-0.19583,0.23024,0.05633
18.416667,-0.02349,0.41642,0.01019
18.433333,0.11262,0.27646,0.03502
18.450000,0.09304,-0.21043,-0.18707
18.466667,0.00055,-0.36633,-0.09281
18.483333,-0.09714,-0.29137,0.02625
18.500000,-0.03304,-0.04754,0.00950
18.516667,0.04722,0.11826,0.07567
18.533333,0.02419,0.00180,-0.02589
18.550000,0.01704,0.09389,-0.02860
18.566667,-0.04630,0.20699,0.08698
18.583333,-0.08511,0.08440,0.05033
18.600000,0.01427,-0.03046,-0.07074
18.616667,0.09243,-0.14983,-0.13419
18.633333,0.09329,-0.15717,0.01684
18.650000,0.01998,-0.01108,0.11006
18.666667,-0.07893,0.08023,0.05683
18.683333,-0.07246,0.07942,0.03406
18.700000,-0.06176,-0.04168,-0.07901
18.716667,-0.08155,-0.07182,-0.09357
18.733333,0.06718,0.12156,0.01197
18.750000,0.20237,0.10752,-0.00814
18.766667,0.05181,-0.07335,0.02467
18.783333,-0.09732,-0.05890,0.09204
18.800000,-0.01998,-0.05651,0.00840
18.816667,0.00902,-0.08221,-0.06049
18.833333,-0.10767,0.02838,-0.02106
18.850000,-0.09938,0.13456,0.02939
18.866667,0.04639,0.14314,0.01446
18.883333,0.11540,-0.01461,-0.05943
18.900000,0.10380,-0.14848,-0.03484
18.916667,0.04131,-0.07456,0.07233
18.933333,-0.06040,-0.05951,0.04986
18.950000,-0.08834,-0.06256,-0.04284
18.966667,-0.08561,0.03900,-0.03412
18.983333,-0.07100,0.08233,0.00145
19.000000,0.09495,0.12123,-0.03107
19.016667,0.18778,0.14782,0.01669
19.033333,0.00462,0.07696,0.12478
19.050000,-0.11170,-0.07304,0.02971
19.066667,-0.03383,-0.21028,-0.10286
19.083333,-0.03691,-0.15481,-0.04540
19.100000,-0.06563,-0.05256,-0.02668
19.116667,0.07354,-0.04129,-0.04598
19.133333,0.16040,-0.01583,0.03077
19.150000,0.07261,0.03112,0.03167
19.166667,-0.09007,0.28436,0.08649
19.183333,-0.25609,0.51868,0.19145
19.200000,-0.06816,0.10848,-0.07095
19.216667,0.22770,-0.49085,-0.29908
19.233333,0.04683,-0.48958,-0.06936
19.250000,-0.05546,-0.13397,0.10690
19.266667,0.14768,0.09590,0.07216
19.283333,0.07162,0.12470,0.04926
19.300000,-0.14295,0.09675,0.05117
19.316667,-0.24115,0.21835,0.07498
19.333333,-0.14469,0.31782,-0.03866
19.350000,0.23405,0.08152,-0.18597
19.366667,0.30627,-0.22634,-0.04054
19.383333,-0.00742,-0.38214,0.07062
19.400000,-0.12630,-0.39654,-0.03729
19.416667,-0.22955,-0.04224,0.01852
19.433333,-0.14028,0.33626,0.07794
19.450000,0.26040,0.35183,0.02868
19.466667,0.21543,0.26342,0.07042
19.483333,-0.01553,-0.00966,-0.01664
19.500000,-0.09666,-0.31694,-0.11202
19.516667,-0.25348,-0.18650,-0.03933
19.533333,-0.06078,0.03670,-0.03181
19.550000,0.25544,-0.03421,-0.01161
19.566667,0.14083,-0.07724,0.05745
19.583333,-0.06743,-0.00167,0.06662
19.600000,-0.13913,0.00501,0.04408
19.616667,-0.08433,0.24308,0.01255
19.633333,0.10412,0.39198,-0.01440
19.650000,0.15151,-0.04019,-0.07463
19.666667,-0.02811,-0.29011,-0.07593
19.683333,-0.10792,-0.23034,-0.01091
19.700000,-0.02994,-0.23669,0.00538
19.716667,-0.02190,-0.07999,0.05270
19.733333,-0.04590,0.07355,0.07908
19.750000,0.01547,0.23547,0.03917
19.766667,0.08866,0.37624,-0.01384
19.783333,0.10855,0.19697,-0.05909
19.800000,0.04164,-0.02406,0.00417
19.816667,-0.07872,-0.14984,0.01179
19.833333,-0.08026,-0.24481,-0.07385
19.850000,-0.00171,-0.29328,-0.03732
19.866667,-0.01302,-0.27119,-0.00162
19.883333,-0.08364,-0.02194,0.01246
19.900000,-0.04556,0.23987,0.04238
19.916667,0.13932,0.32617,0.04480
19.933333,0.12616,0.37891,0.12430
19.950000,-0.04861,0.22999,0.06265
19.966667,-0.02830,-0.11321,-0.15298
19.983333,0.01159,-0.35001,-0.16530
20.000000,0.04215,-0.38065,-0.03407
20.016667,-0.00030,-0.21725,0.08916
20.033333,-0.19445,-0.07306,0.08064
20.050000,-0.10529,0.16752,-0.02967
20.066667,0.07334,0.42974,0.00054
20.083333,0.12355,0.16304,0.05318
20.100000,0.20750,-0.05668,0.01048
20.116667,-0.01417,0.01103,-0.03946
20.133333,-0.19703,-0.17830,-0.02824
20.150000,0.01930,-0.09809,0.01530
20.166667,0.00468,0.14675,-0.02228
20.183333,-0.14350,-0.03884,-0.00736
20.200000,-0.01165,-0.16175,0.03645
20.216667,0.15788,-0.05769,-0.02665
20.233333,0.16554,0.05927,-0.01152
20.250000,-0.04782,0.13843,0.03868
20.266667,-0.17301,0.00066,-0.00198
20.283333,0.01093,-0.05577,-0.01236
20.300000,0.05887,0.15576,0.00688
20.316667,-0.05691,0.12209,0.01144
20.333333,-0.02285,-0.09674,0.02863
20.350000,0.05003,-0.18773,-0.00902
20.366667,0.04677,-0.24598,-0.07094
20.383333,-0.04234,-0.03018,-0.02397
20.400000,-0.06669,0.29980,0.03680
20.416667,0.07741,0.22033,0.02976
20.433333,0.09839,-0.02772,0.01944
20.450000,-0.03005,-0.11609,-0.01166
20.466667,-0.07654,-0.08816,-0.03556
20.483333,-0.07404,-0.03417,-0.00291
20.500000,-0.01229,0.03912,0.03681
20.516667,0.07850,0.09308,0.02985
20.533333,0.01882,0.01713,-0.00942
20.550000,-0.03180,-0.07925,-0.01984
20.566667,0.07597,-0.10616,-0.02529
20.583333,0.06943,-0.04112,-0.03531
20.600000,-0.08059,0.06914,0.00569
20.616667,-0.12579,0.03218,0.02598
20.633333,-0.03079,-0.00074,0.00602
20.650000,0.10168,0.08375,0.02224
20.666667,0.08150,0.12809,0.02828
20.683333,-0.04361,0.06804,0.00074
20.700000,-0.04871,-0.10357,-0.01821
20.716667,-0.01845,-0.15504,-0.01629
20.733333,-0.00218,-0.10637,-0.01372
20.750000,0.05305,-0.13060,-0.02823
20.766667,0.08388,0.01779,-0.01675
20.783333,0.02156,0.17713,0.00963
20.800000,-0.08204,0.14799,0.03285
20.816667,-0.08463,0.09698,0.04809
20.833333,-0.07541,-0.04903,0.01115
20.850000,-0.01938,-0.13178,-0.01950
20.866667,0.12346,-0.06133,-0.03568
20.883333,0.06606,0.01867,-0.02914
20.900000,-0.01968,0.18148,0.05355
20.916667,0.04942,0.20471,0.05405
20.933333,0.07339,-0.09597,-0.04758
20.950000,0.02995,-0.42331,-0.09115
20.966667,-0.05029,-0.46749,-0.07876
20.983333,-0.12951,-0.23444,-0.00181
21.000000,-0.33091,0.27223,0.13144
21.016667,-0.30782,0.98056,0.17415
21.033333,0.38904,0.89325,0.05517
21.050000,0.66739,-0.18036,-0.08175
21.066667,0.10316,-0.75034,-0.13242
21.083333,-0.13750,-0.65806,-0.13854
21.100000,-0.16657,-0.53904,-0.04860
21.116667,-0.40358,-0.03302,0.07733
21.133333,-0.27918,0.48400,0.09773
21.150000,0.07294,0.44437,0.07445
21.166667,0.21401,0.30323,0.02776
21.183333,0.24395,0.22230,-0.01271
21.200000,0.20689,0.00016,0.00032
21.216667,0.11732,-0.32680,-0.04231
21.233333,-0.02592,-0.50322,-0.09851
21.250000,-0.27078,-0.27985,-0.04789
21.266667,-0.39024,0.11152,0.02048
21.283333,-0.18961,0.37073,0.05294
21.300000,0.15126,0.35884,0.08412
21.316667,0.36178,0.07367,0.05275
21.333333,0.27543,-0.14116,-0.01967
21.350000,0.01693,-0.23324,-0.04982
21.366667,-0.12480,-0.25529,-0.07858
21.383333,-0.18261,-0.07094,-0.06285
21.400000,-0.16819,0.13035,0.03844
21.416667,-0.01620,0.25184,0.09022
21.433333,0.07367,0.24079,0.04558
21.450000,0.10298,0.02269,-0.00381
21.466667,0.10144,-0.14414,-0.01382
21.483333,-0.06890,-0.22127,-0.03241
21.500000,-0.12299,-0.17955,-0.04457
21.516667,0.11240,0.02168,-0.01748
21.533333,0.16027,0.05623,-0.01739
21.550000,-0.07074,0.04205,0.01820
21.566667,-0.15060,0.15688,0.07390
21.583333,-0.11321,0.12881,0.02636
21.600000,-0.05836,0.02859,0.00851
21.616667,0.10581,-0.02970,0.01004
21.633333,0.19803,-0.11983,-0.05924
21.650000,0.13951,-0.13798,-0.07229
21.666667,-0.04925,-0.05855,-0.04951
21.683333,-0.20559,-0.00100,0.00849
21.700000,-0.05704,-0.00021,0.12060
21.716667,0.05194,0.04852,0.10916
21.733333,-0.04763,0.12515,-0.01452
21.750000,0.00238,0.11680,-0.09193
21.766667,0.03972,0.04715,-0.09019
21.783333,-0.02785,-0.04333,-0.00471
21.800000,0.07297,-0.09099,0.05805
21.816667,0.11741,-0.11547,0.01005
21.833333,-0.02347,-0.10878,0.00478
21.850000,-0.05096,0.00579,0.02040
21.866667,-0.04421,0.06607,-0.03046
21.883333,-0.06857,0.04699,0.00466
21.900000,0.00718,0.07801,0.05194
21.916667,-0.02273,0.06755,-0.00560
21.933333,-0.08402,-0.02006,-0.05675
21.950000,0.08752,-0.03049,-0.03510
21.966667,0.24062,0.05729,0.05086
21.983333,0.11737,0.02292,0.03983
22.000000,-0.14141,-0.15321,-0.05565
22.016667,-0.23447,-0.21545,-0.01948
22.033333,-0.11097,-0.02221,0.02355
22.050000,0.00370,0.23043,0.00917
22.066667,0.04549,0.19662,0.04161
22.083333,0.13541,0.01873,0.00666
22.100000,0.20466,-0.06732,-0.05489
22.116667,0.06373,-0.16725,-0.02504
22.133333,-0.12856,-0.14046,0.02588
22.150000,-0.15898,0.04910,0.03473
22.166667,-0.09781,0.16253,-0.02633
22.183333,0.02196,0.16194,-0.04290
22.200000,0.07646,0.03643,0.02590
22.216667,-0.00205,-0.16756,0.03093
22.233333,0.00287,-0.27791,0.00412
22.250000,0.04981,-0.11871,-0.00025
22.266667,0.03191,0.21784,-0.00001
22.283333,0.03373,0.29108,0.00492
22.300000,0.00264,0.07567,-0.02184
22.316667,-0.03364,-0.05034,-0.02100
22.333333,-0.05274,-0.04448,-0.00352
22.350000,-0.10956,-0.07734,-0.01889
22.366667,-0.08324,-0.15132,0.01508
22.383333,0.04910,-0.15889,0.05540
22.400000,0.18772,-0.08125,0.02731
22.416667,0.17642,0.07820,-0.01884
22.433333,0.00095,0.22745,-0.03797
22.450000,-0.11407,0.19154,-0.04479
22.466667,-0.19116,0.06096,-0.03101
22.483333,-0.18178,-0.02371,0.05934
22.500000,0.03654,-0.03918,0.10621
22.516667,0.22134,0.01567,0.02312
22.533333,0.23221,-0.02163,-0.05557
22.550000,0.06791,-0.20501,-0.09118
22.566667,-0.15398,-0.33042,-0.07419
22.583333,-0.26632,-0.21457,-0.01386
22.600000,-0.24439,0.08782,0.03521
22.616667,0.05960,0.33495,0.10268
22.633333,0.38478,0.45074,0.11343
22.650000,0.26089,0.36178,0.01611
22.666667,-0.09791,-0.06206,-0.08224
22.683333,-0.23575,-0.43090,-0.09989
22.700000,-0.05979,-0.29500,-0.01590
22.716667,0.07704,0.04062,0.05427
22.733333,0.01216,0.08559,0.00555
22.750000,-0.07954,-0.18913,-0.06191
22.766667,-0.12799,-0.34903,-0.05546
22.783333,0.02001,0.06285,0.01539
22.800000,0.15776,0.55089,0.11303
22.816667,0.02962,0.39712,0.12306
22.833333,-0.05146,-0.02649,0.01630
22.850000,0.05767,-0.27916,-0.06172
22.866667,0.23773,-0.28446,-0.08273
22.883333,0.15221,0.00998,-0.09595
22.900000,-0.28643,0.17872,-0.06246
22.916667,-0.46871,0.01413,0.01610
22.933333,-0.18777,-0.14577,0.08698
22.950000,0.17555,-0.14350,0.10301
22.966667,0.33172,0.02109,0.05632
22.983333,0.25836,0.19994,-0.01428
23.000000,0.12338,0.15178,-0.06110
23.016667,-0.03789,-0.01846,-0.07372
23.033333,-0.24975,-0.07755,-0.05959
23.050000,-0.31947,-0.04747,0.01590
23.066667,-0.08685,0.04313,0.09391
23.083333,0.17940,0.05759,0.07654
23.100000,0.19714,-0.20267,-0.00957
23.116667,0.07384,-0.31943,-0.10154
23.133333,-0.06423,0.06140,-0.09845
23.150000,-0.09803,0.42309,0.02257
23.166667,0.02338,0.31146,0.11167
23.183333,0.08077,-0.05433,0.07597
23.200000,-0.00543,-0.24984,-0.02184
23.216667,-0.07275,-0.13265,-0.07334
23.233333,-0.03895,0.00405,-0.05464
23.250000,0.01425,-0.08274,0.01290
23.266667,-0.01378,-0.13177,0.07117
23.283333,-0.00202,0.03922,0.02444
23.300000,0.11053,0.20465,-0.03954
23.316667,0.08235,0.20765,-0.04513
23.333333,-0.09667,0.05256,-0.04352
23.350000,-0.16033,-0.11164,0.01790
23.366667,-0.05369,-0.14309,0.07732
23.383333,0.09068,-0.07798,0.04787
23.400000,0.13511,0.02665,0.01077
23.416667,0.06893,0.03977,-0.00693
23.433333,0.05029,-0.02488,-0.03096
23.450000,-0.00532,-0.00607,-0.10713
23.466667,-0.22262,-0.00235,-0.11879
23.483333,-0.21164,-0.01503,0.06893
23.500000,0.04327,0.10842,0.19435
23.516667,0.11175,0.15116,0.06642
23.533333,0.15857,-0.05794,-0.09943
23.550000,0.21006,-0.19939,-0.07757
23.566667,0.00621,-0.06531,0.02032
23.583333,-0.18681,0.11478,-0.00060
23.600000,-0.22353,0.11222,-0.00371
23.616667,-0.18518,-0.04999,0.05412
23.633333,0.06737,-0.16655,0.02346
23.650000,0.34035,-0.06212,-0.06101
23.666667,0.26684,0.14054,-0.10875
23.683333,-0.03102,0.19438,-0.00160
23.700000,-0.28969,0.06829,0.14976
23.716667,-0.27787,-0.10475,0.05724
23.733333,0.00284,-0.16184,-0.07172
23.750000,0.12084,-0.09488,0.00089
23.766667,0.11520,-0.01712,0.02005
23.783333,0.16495,0.05699,-0.06774
23.800000,0.03716,0.10668,-0.06599
23.816667,-0.08251,0.10201,0.00030
23.833333,-0.07721,-0.00866,0.07352
23.850000,-0.10153,-0.09433,0.09765
23.866667,-0.04885,0.04593,0.02297
23.883333,0.00464,0.05791,-0.05745
23.900000,0.05924,-0.14230,-0.06984
23.916667,0.13822,-0.12155,-0.04510
23.933333,0.02774,0.04030,-0.03650
23.950000,-0.07153,0.11161,0.03063
23.966667,-0.03163,0.09083,0.11966
23.983333,-0.05523,0.02261,0.06142
24.000000,-0.03723,-0.04612,-0.02876
24.016667,0.06824,-0.11326,-0.05289
24.033333,0.09957,-0.08759,-0.05190
24.050000,0.03976,0.03025,-0.04829
24.066667,-0.04193,0.09937,-0.04587
24.083333,-0.10115,0.07374,0.05093
24.100000,-0.13123,0.05376,0.12076
24.116667,-0.08490,0.03902,0.06255
24.133333,0.09881,-0.11473,-0.00771
24.150000,0.29143,-0.18019,-0.09006
24.166667,0.18330,-0.00744,-0.08779
24.183333,-0.13934,0.14367,0.01085
24.200000,-0.23351,0.14562,0.04318
24.216667,-0.13139,-0.10778,0.00018
24.233333,-0.01916,-0.24028,-0.02134
24.250000,0.10347,0.08361,0.06366
24.266667,0.10954,0.15891,0.06127
24.283333,0.06796,-0.03151,-0.07150
24.300000,0.02836,0.07584,-0.06145
24.316667,-0.08863,0.06992,-0.01083
24.333333,-0.07138,-0.11509,-0.00066
24.350000,-0.00598,-0.06092,0.05895
24.366667,-0.05083,0.02715,0.06401
24.383333,0.02827,0.00288,0.02120
24.400000,0.08130,-0.02325,-0.00310
24.416667,0.04723,-0.02341,-0.02478
24.433333,0.12866,-0.00207,-0.08565
24.450000,0.03747,-0.08607,-0.12077
24.466667,-0.18110,-0.10906,-0.00462
24.483333,-0.19717,0.10406,0.07661
24.500000,-0.12125,0.24020,0.02142
24.516667,-0.01574,0.18215,0.04147
24.533333,0.06966,0.01178,0.10312
24.550000,0.13235,-0.09046,0.11059
24.566667,0.23224,-0.03055,0.07947
24.583333,0.32347,-0.17503,-0.07964
24.600000,0.30416,-0.40152,-0.24251
24.616667,-0.15853,-0.29592,-0.25615
24.633333,-0.79669,0.17602,-0.15127
24.650000,-0.97183,0.69749,0.15453
24.666667,-0.25255,0.41474,0.37339
24.683333,1.17425,-0.24535,0.18599
24.700000,1.30439,-0.12589,0.02958
24.716667,-0.09376,-0.02625,0.01598
24.733333,-0.66936,-0.34652,-0.20594
24.750000,-0.40009,-0.27197,-0.34999
24.766667,-0.22307,0.00061,-0.11633
24.783333,-0.07131,0.28444,0.16629
24.800000,0.04271,0.42444,0.20803
24.816667,0.24895,0.10892,0.14628
24.833333,0.30512,-0.20474,0.09727
24.850000,0.11091,-0.31763,-0.06941
24.866667,-0.07789,-0.18730,-0.22856
24.883333,-0.23602,0.12136,-0.16777
24.900000,-0.19704,0.17684,-0.02038
24.916667,-0.02102,0.15009,0.13705
24.933333,0.09117,0.08779,0.19021
24.950000,0.12401,-0.11008,0.03651
24.966667,0.09908,-0.16741,-0.00923
24.983333,0.03096,-0.10873,0.00340
25.000000,-0.07073,0.05134,-0.14130
25.016667,-0.05363,0.14245,-0.12202
25.033333,0.01139,0.00797,0.01853
25.050000,-0.08348,-0.02996,0.02385
25.066667,-0.12307,-0.03737,0.03212
25.083333,0.08467,-0.06013,0.08668
25.100000,0.18986,0.10651,0.11658
25.116667,0.03331,0.14542,0.04785
25.133333,-0.04939,-0.05099,-0.11110
25.150000,-0.08075,-0.10971,-0.15526
25.166667,-0.07418,-0.06305,-0.05861
25.183333,0.05857,-0.04226,0.03223
25.200000,0.04591,-0.02365,0.08173
25.216667,0.00742,-0.09879,-0.00037
25.233333,0.00351,0.09936,-0.04666
25.250000,-0.07764,0.39114,0.14835
25.266667,-0.01813,0.09827,0.11173
25.283333,-0.00799,-0.15409,-0.12156
25.300000,0.04286,-0.20908,-0.11197
25.316667,0.19383,-0.27501,-0.08196
25.333333,-0.07357,0.03871,0.05569
25.350000,-0.19111,0.08927,0.15815
25.366667,0.06043,0.00527,-0.07713
25.383333,-0.04728,0.18515,-0.04869
25.400000,-0.07850,0.04137,0.08050
25.416667,0.22838,0.02997,-0.13165
25.433333,0.29633,0.16736,-0.08530
25.450000,-0.03000,0.12955,0.18376
25.466667,-0.39030,-0.06843,0.20524
25.483333,-0.32269,-0.48153,0.00745
25.500000,-0.02536,-0.40538,-0.24916
25.516667,0.16482,-0.39035,-0.19028
25.533333,0.22390,-0.06678,0.02825
25.550000,0.25279,1.12717,0.15657
25.566667,0.30531,0.82720,0.30173
25.583333,-0.06211,-0.02871,-0.04517
25.600000,-0.51071,-0.04606,-0.46898
25.616667,-0.34187,-0.61137,-0.08952
25.633333,-0.00372,-0.68378,0.31925
25.650000,0.21961,-0.24667,0.30917
25.666667,0.17941,-0.13122,0.07330
25.683333,-0.15244,0.08698,-0.45062
25.700000,0.09218,0.25959,-0.39116
25.716667,0.50263,0.79941,0.28979
25.733333,0.01513,0.82462,0.34077
25.750000,-0.40364,-0.12381,0.11305
25.766667,-0.30111,-0.61782,0.05914
25.783333,-0.31267,-0.82319,-0.35382
25.800000,0.02523,-0.64880,-0.43277
25.816667,0.47442,0.20001,0.09460
25.833333,0.45434,0.42010,0.38282
25.850000,0.17644,0.32136,0.33202
25.866667,-0.29643,0.75162,-0.02736
25.883333,-0.38683,0.30904,-0.26730
25.900000,-0.16248,-0.54128,-0.19896
25.916667,-0.06907,-0.29371,-0.24557
25.933333,0.19165,-0.24392,0.13350
25.950000,0.10583,-0.47240,0.54238
25.966667,-0.08342,-0.20306,0.10476
25.983333,0.27138,0.46160,-0.40205
26.000000,0.19497,0.83929,-0.07252
26.016667,-0.26497,-0.44199,0.18437
26.033333,-0.33137,-0.50616,-0.45523
26.050000,-0.10569,1.10702,0.00739
26.066667,0.34256,0.09204,0.54766
26.083333,0.26889,-0.92448,-0.35197
26.100000,-0.12886,0.06797,0.23306
26.116667,0.26555,0.19304,0.69083
26.133333,0.08592,-0.14437,-0.37103
26.150000,-0.91532,-0.64267,-0.59878
26.166667,-0.54316,-0.37787,-0.54415
26.183333,0.36440,0.86870,-0.03830
26.200000,0.39836,0.46948,0.54321
26.216667,0.61509,0.52075,0.54319
26.233333,0.69003,0.66695,0.55367
26.250000,-0.20589,-1.24850,-0.22724
26.266667,-0.93148,-0.72423,-0.63265
26.283333,-0.59896,0.24127,-0.25467
26.300000,0.01428,-0.50316,-0.30190
26.316667,0.16929,0.47035,0.04941
26.333333,0.28239,0.16550,0.45732
26.350000,0.35742,-0.11373,0.28819
26.366667,0.19054,1.04640,0.21338
26.383333,0.13482,-0.30956,-0.06387
26.400000,-0.24687,-1.03459,-0.61512
26.416667,-0.66572,0.26417,-0.38994
26.433333,0.16307,0.77109,0.42801
26.450000,0.52685,0.14346,0.55298
26.466667,-0.60810,-0.55814,0.05168
26.483333,-0.16449,-0.58891,-0.46245
26.500000,0.70171,-0.32162,-0.42498
26.516667,-0.08837,0.68974,0.35090
26.533333,0.18101,0.91357,0.54431
26.550000,0.27117,-0.05612,-0.06054
26.566667,-0.73157,-1.03915,-0.39403
26.583333,-0.47395,-1.09459,-0.36782
26.600000,0.12924,1.00360,-0.09793
26.616667,0.61810,1.31260,0.33094
26.633333,0.40955,0.05311,0.43380
26.650000,-0.41459,-0.01317,0.05597
26.666667,-0.23415,-0.78141,-0.10274
26.683333,-0.00191,-0.80763,-0.06436
26.700000,0.27793,-0.28118,-0.22400
26.716667,0.16684,0.11859,-0.06878
26.733333,-0.66582,0.66987,-0.06638
26.750000,-0.20708,0.11455,-0.13873
26.766667,0.46802,0.11970,0.24622
26.783333,0.25044,0.57003,0.18297
26.800000,0.10500,0.40746,0.15823
26.816667,-0.00457,-0.54937,0.11563
26.833333,-0.06530,-0.92862,-0.30539
26.850000,-0.07209,0.23549,-0.08585
26.866667,-0.21083,-0.13252,-0.11534
26.883333,-0.32928,-0.07118,-0.12688
26.900000,-0.11251,0.51016,0.14478
26.916667,0.05578,-0.72115,-0.09463
26.933333,0.25809,-0.15485,0.25578
26.950000,0.89364,0.60721,0.25826
26.966667,0.41860,0.87118,-0.10725
26.983333,-0.66431,0.88635,0.08031
27.000000,-0.53013,-1.26660,-0.20373
27.016667,-0.34857,-0.64414,-0.26990
27.033333,-0.40082,0.20141,-0.09837
27.050000,0.11517,-1.13467,0.06987
27.066667,0.43168,0.73887,0.26832
27.083333,0.39563,0.94473,-0.01982
27.100000,0.63424,-0.82379,-0.02018
27.116667,0.41578,0.59881,0.15768
27.133333,-0.56792,0.75076,0.09508
27.150000,-1.01554,-0.51875,-0.06642
27.166667,-0.42753,-0.48055,-0.07013
27.183333,0.38826,-0.73709,-0.26547
27.200000,0.23273,-0.42824,-0.46464
27.216667,0.10356,0.86850,0.42041
27.233333,0.62848,1.22770,0.38483
27.250000,-0.02332,0.44873,-0.12764
27.266667,-0.41634,-0.66515,0.50892
27.283333,-0.06687,-1.59801,-0.31165
27.300000,-0.26687,-0.88867,-0.86305
27.316667,0.09443,1.07134,0.40044
27.333333,0.03632,1.64111,0.40477
27.350000,-0.02311,0.71022,-0.16378
27.366667,0.40221,-0.69180,-0.03149
27.383333,-0.11617,-1.26195,0.07542
27.400000,0.16561,-0.66221,0.07188
27.416667,0.33117,-0.57580,-0.35351
27.433333,-0.48663,0.56753,-0.38217
27.450000,-0.56141,2.11190,0.53241
27.466667,-0.56498,0.41767,0.72652
27.483333,0.19474,-1.21749,-0.12266
27.500000,1.00725,-0.39609,-0.61281
27.516667,0.59530,0.01231,-0.36608
27.533333,0.07600,-0.27888,0.04605
27.550000,-0.63584,-0.15683,0.23173
27.566667,-0.59671,0.20463,0.26554
27.583333,-0.10073,0.23194,0.10963
27.600000,0.05826,0.27034,-0.10981
27.616667,0.50714,0.16457,-0.09263
27.633333,0.12669,-0.45433,-0.08422
27.650000,-0.27046,-0.17964,-0.02365
27.666667,0.10473,0.48599,0.17253
27.683333,0.06147,0.31747,0.06755
27.700000,-0.12973,-0.21510,-0.21174
27.716667,-0.23961,-0.73404,-0.20757
27.733333,-0.00310,-0.32495,0.08064
27.750000,0.33669,0.44670,0.25805
27.766667,0.11546,0.31161,0.15427
27.783333,-0.01285,0.19846,-0.00392
27.800000,-0.05788,0.19649,-0.17529
27.816667,-0.20527,-0.16975,-0.23143
27.833333,-0.11754,-0.17694,-0.03891
27.850000,-0.04722,0.01012,0.10904
27.866667,0.07288,-0.01627,0.10415
27.883333,0.22666,-0.24493,0.07961
27.900000,0.07958,-0.54814,0.09049
27.916667,-0.05328,-0.02931,0.08499
27.933333,0.00360,0.89350,-0.09154
27.950000,-0.07246,0.73112,-0.33577
27.966667,-0.12773,-0.17054,-0.21412
27.983333,0.04947,-0.48057,0.20144
28.000000,0.06042,-0.26527,0.25293
28.016667,-0.01063,-0.33121,0.10048
28.033333,0.05184,-0.24631,0.06514
28.050000,-0.00210,0.15613,-0.11364
28.066667,-0.03325,0.45320,-0.13694
28.083333,-0.13110,0.46635,-0.09323
28.100000,-0.19593,-0.23426,-0.14162
28.116667,0.12462,-0.35047,0.16329
28.133333,0.37500,0.59017,0.31301
28.150000,0.28864,0.31255,0.03458
28.166667,-0.09207,-0.79732,-0.19478
28.183333,-0.37720,-0.65529,-0.22678
28.200000,-0.29142,-0.06196,-0.00276
28.216667,-0.18221,0.09849,0.11853
28.233333,0.14576,0.64896,0.03594
28.250000,0.36343,0.73121,0.05116
28.266667,0.17145,-0.09398,0.04564
28.283333,0.14762,-0.23801,0.05402
28.300000,-0.07194,-0.29988,-0.01937
28.316667,-0.41510,-0.52979,-0.24298
28.333333,-0.19116,-0.04941,-0.07216
28.350000,0.15426,0.09912,0.24733
28.366667,0.22812,0.12825,0.09202
28.383333,0.08676,0.46068,-0.09137
28.400000,-0.14372,0.25428,-0.10857
28.416667,-0.07949,-0.04339,-0.11097
28.433333,0.11579,-0.19284,0.11841
28.450000,0.01250,-0.31232,0.17432
28.466667,-0.05716,-0.17966,-0.03144
28.483333,0.04216,-0.07742,-0.07702
28.500000,-0.11477,0.00111,-0.07669
28.516667,-0.18736,0.19396,0.07732
28.533333,0.15916,0.31963,0.11257
28.550000,0.20922,0.17063,-0.13614
28.566667,0.00832,-0.12539,-0.08460
28.583333,0.12879,-0.12241,0.01099
28.600000,-0.02056,-0.05447,0.03734
28.616667,-0.31766,-0.18780,0.14390
28.633333,-0.09759,-0.06079,0.00111
28.650000,0.03713,0.20967,-0.14807
28.666667,0.01660,0.13926,-0.09343
28.683333,0.11797,-0.09802,0.09091
28.700000,-0.00278,-0.24156,0.16657
28.716667,-0.01127,-0.13962,-0.00862
28.733333,0.13882,0.16029,-0.00857
28.750000,0.03574,0.31368,-0.01435
28.766667,0.03562,0.24945,-0.09924
28.783333,0.02071,0.08414,-0.07694
28.800000,-0.21766,-0.10646,-0.20983
28.816667,-0.16817,-0.40633,0.05647
28.833333,-0.03778,-0.44946,0.34427
28.850000,-0.04345,0.01706,0.04349
28.866667,0.05441,0.13859,0.07420
28.883333,0.22287,0.06958,0.07912
28.900000,0.34221,0.27679,-0.09567
28.916667,0.11372,0.30235,-0.14991
28.933333,-0.11312,0.27993,-0.34959
28.950000,-0.26464,0.11344,-0.16973
28.966667,-0.59902,-0.45055,-0.05604
28.983333,-0.27885,-0.75377,0.27129
29.000000,0.44189,-0.06935,0.80662
29.016667,0.77398,0.45532,0.27262
29.033333,0.34484,-0.09383,-0.31952
29.050000,-0.59468,-0.05227,-0.64548
29.066667,-0.39218,0.34094,-0.49423
29.083333,0.13991,0.05042,0.30502
29.100000,-0.16073,0.05087,0.22876
29.116667,-0.05141,0.11905,0.09001
29.133333,0.26146,-0.05688,0.16438
29.150000,0.31139,-0.12804,-0.06934
29.166667,0.11968,-0.21288,0.11601
29.183333,-0.29232,-0.13680,-0.03914
29.200000,-0.29587,0.00558,-0.26075
29.216667,-0.11931,0.03291,0.02349
29.233333,0.08190,0.07450,0.00624
29.250000,0.20835,0.11516,-0.04196
29.266667,0.03804,0.08756,0.06448
29.283333,0.08309,0.07396,0.08989
29.300000,0.08438,0.08354,0.07097
29.316667,-0.10207,-0.04142,-0.06607
29.333333,-0.03425,-0.13737,-0.09486
29.350000,0.00406,-0.10709,0.06519
29.366667,-0.00344,-0.11310,0.06437
29.383333,-0.08300,-0.15277,-0.02198
29.400000,-0.29951,-0.05544,-0.00285
29.416667,-0.10396,0.24987,-0.15015
29.433333,0.30142,0.32543,-0.24150
29.450000,0.39695,0.25167,0.06936
29.466667,0.20073,0.12084,0.35561
29.483333,-0.16103,-0.44593,0.24180
29.500000,-0.28303,-0.51495,-0.02903
29.516667,-0.19485,-0.11888,-0.13882
29.533333,-0.18695,-0.12397,-0.16587
29.550000,0.08239,0.25770,-0.07325
29.566667,0.27766,0.56401,-0.01377
29.583333,0.09145,0.36498,-0.13083
29.600000,0.11011,0.61078,-0.28263
29.616667,-0.02822,0.26598,-0.31353
29.633333,-0.14320,-1.33255,0.74270
29.650000,0.03277,-2.26423,1.49531
29.666667,-0.23072,-0.78841,0.07498
29.683333,-0.09066,1.87566,-1.00842
29.700000,0.22539,2.37469,-0.93534
29.716667,0.17448,0.97661,-0.88467
29.733333,0.31900,0.37881,-0.39251
29.750000,-0.45389,-0.88810,0.52497
29.766667,-0.63681,-2.77580,1.62325
29.783333,0.44780,-1.52559,1.34488
29.800000,0.03155,0.25265,-0.28560
29.816667,0.01029,0.45961,-0.71082
29.833333,0.83914,1.64657,-0.30384
29.850000,-0.25192,1.05587,-0.41377
29.866667,-0.47516,0.47570,-1.18333
29.883333,0.64769,1.83720,-1.27490
29.900000,-0.59024,-0.97220,0.60684
29.916667,-1.70569,-3.19686,1.90098
29.933333,0.27194,-0.91186,1.09018
29.950000,2.02343,0.09265,0.57263
29.966667,0.90504,0.71684,0.27405
29.983333,-0.80241,0.86954,-1.33169
30.000000,-0.75483,-0.05784,-1.78042
30.016667,-0.27091,0.64756,-0.35599
30.033333,-0.17255,1.00780,0.35833
30.050000,0.08685,-0.02352,0.65896
30.066667,0.25045,-0.77760,0.73903
30.083333,0.26354,-0.93407,0.00646
30.100000,-0.12604,-0.59214,-0.35163
30.116667,-0.02228,0.29691,0.37309
30.133333,0.15424,0.22083,0.52655
30.150000,-0.06090,-0.33420,-0.69619
30.166667,0.76056,0.82458,-0.45889
30.183333,-0.45458,0.40874,0.14594
30.200000,-1.71328,-0.53376,-0.38636
30.216667,0.85101,1.07053,0.16764
30.233333,1.09530,0.82855,-0.14695
30.250000,-0.47965,-1.10364,0.02253
30.266667,-0.10817,-2.21669,1.49975
30.283333,-0.21658,-1.16569,0.02392
30.300000,0.07986,1.51194,-0.80375
30.316667,0.30214,1.37613,-0.05586
30.333333,-0.13032,0.83636,-0.99576
30.350000,0.15576,0.87990,-0.50387
30.366667,-0.20757,-1.08973,0.94206
30.383333,-0.13818,-1.55590,1.00736
30.400000,0.23185,-0.46602,0.32764
30.416667,-0.35170,0.35707,-0.64148
30.433333,0.12311,1.03708,-0.51389
30.450000,0.17242,0.18213,-0.16659
30.466667,-0.41957,-0.59355,-0.03422
30.483333,0.50218,0.19996,0.54311
30.500000,0.57035,0.66150,-0.24799
30.516667,-0.36328,-0.18745,-0.45802
30.533333,-0.52088,-0.94766,0.96248
30.550000,-0.29946,-0.48770,0.39007
30.566667,0.10857,0.09237,-0.67056
30.583333,0.26774,0.81522,-0.48336
30.600000,0.38965,1.15559,-0.41289
30.616667,0.10847,-0.69841,0.92531
30.633333,-0.31946,-1.03463,1.06684
30.650000,0.11405,1.16654,-1.66342
30.666667,-0.10818,0.39752,-1.14838
30.683333,-0.43643,-1.39315,1.57751
30.700000,-0.05084,-0.44317,0.87382
30.716667,0.09440,0.34500,-0.50411
30.733333,0.50386,0.24851,-0.25719
30.750000,0.09695,0.16502,0.04125
30.766667,-0.45237,-0.06841,0.02509
30.783333,0.47847,0.50794,-0.19627
30.800000,0.37331,0.78749,-0.49986
30.816667,-0.57117,-0.38913,-0.36413
30.833333,-0.33166,-0.80590,0.70707
30.850000,-0.21281,-0.56798,1.00477
30.866667,-0.26874,-0.68607,0.05671
30.883333,0.60218,0.82420,-0.50416
30.900000,0.67906,1.37247,-1.00490
30.916667,-0.52609,-0.30895,-0.37898
30.933333,-0.43376,-0.06785,0.68098
30.950000,0.33188,0.17541,0.07000
30.966667,0.20588,-0.79940,0.31822
30.983333,0.27946,-0.99910,0.81189
31.000000,0.22565,-0.42649,0.03392
31.016667,-0.17815,1.11603,0.36999
31.033333,-0.57713,1.32925,-0.42731
31.050000,-0.73972,1.10961,-2.44130
31.066667,-0.09229,-0.20847,-1.12286
31.083333,-0.15039,-3.66390,1.05277
31.100000,0.15846,-1.10964,1.48133
31.116667,1.91553,3.67355,1.58402
31.133333,1.57767,1.95281,1.29324
31.150000,-0.39086,-1.58436,-0.14607
31.166667,-2.06010,-3.06931,-2.90915
31.183333,-2.67261,-0.48201,-2.31963
31.200000,-0.36243,3.38982,1.59916
31.216667,1.91137,1.90058,1.28844
31.233333,1.61509,-1.86986,-0.85004
31.250000,1.02040,-2.59945,0.01495
31.266667,0.88281,-0.60533,1.30251
31.283333,-0.53252,1.54358,1.04698
31.300000,-2.62038,1.70792,-0.75319
31.316667,-1.86607,0.19954,-1.70017
31.333333,0.38729,-0.07177,-0.46885
31.350000,0.99880,0.00147,0.68423
31.366667,1.34712,-1.56483,0.92624
31.383333,1.22717,-0.74347,0.12611
31.400000,0.14996,0.45637,-0.83456
31.416667,-0.13453,0.02337,-0.01830
31.433333,-1.03894,1.26853,0.92599
31.450000,-1.90779,0.12508,0.14402
31.466667,0.15005,-1.63952,-1.03189
31.483333,0.90710,0.19273,-0.83636
31.500000,-0.17476,1.68889,0.69460
31.516667,0.70886,1.38343,0.90671
31.533333,0.45930,-0.95297,-0.31093
31.550000,-0.19670,-2.18764,-0.22534
31.566667,0.37302,-0.79879,0.22659
31.583333,-0.24254,-0.15649,0.03659
31.600000,-0.55843,0.55318,0.06894
31.616667,-0.36937,1.03480,-0.18537
31.633333,0.21499,1.39772,-0.33527
31.650000,0.11266,1.45431,-0.26877
31.666667,-1.17140,-0.87371,0.02730
31.683333,0.58420,-2.19673,0.76336
31.700000,1.57323,-1.57387,-0.18161
31.716667,-0.38644,0.37417,-0.65451
31.733333,0.00354,2.67638,1.12798
31.750000,-0.01950,0.65741,0.45508
31.766667,-0.89690,-1.88197,-1.11210
31.783333,0.13765,-1.12329,-0.47100
31.800000,0.29961,-0.30439,-0.01998
31.816667,0.07653,0.89164,0.49983
31.833333,0.04959,1.12018,0.47315
31.850000,-0.44777,0.11086,-0.32246
31.866667,-0.10387,0.96440,-0.23142
31.883333,0.03221,1.08729,-0.05980
31.900000,0.19114,-1.12626,0.36783
31.916667,0.54458,-2.56395,0.01510
31.933333,-0.13489,-1.31728,-0.49290
31.950000,-0.23103,0.44999,0.51841
31.966667,-0.00084,0.58353,0.05296
31.983333,0.26007,1.36479,-0.49190
32.000000,0.61260,1.36641,0.32333
32.016667,-0.48557,-0.50402,0.16835
32.033333,-1.02089,0.21073,-0.11126
32.050000,-0.74131,1.16313,-0.74981
32.066667,-0.02043,-0.91165,-0.30406
32.083333,1.51840,-2.35814,1.41487
32.100000,1.00601,-1.40429,0.67102
32.116667,-0.25148,0.41918,-0.87055
32.133333,-0.34770,1.41782,-1.01525
32.150000,-0.07763,1.38425,-0.04718
32.166667,-0.32074,0.58942,0.62350
32.183333,-1.09388,-0.58076,0.12963
32.200000,0.02594,-0.34984,0.41473
32.216667,0.55623,0.02015,0.18529
32.233333,-0.02712,-0.76873,-0.51709
32.250000,0.88418,-0.23378,0.03856
32.266667,0.05083,0.45760,-0.01401
32.283333,-0.57756,0.08980,-0.32869
32.300000,0.65539,0.25030,-0.25822
32.316667,0.07210,-0.29949,-0.00138
32.333333,-0.52948,-0.41652,0.42520
32.350000,-0.71376,0.37623,0.02267
32.366667,-0.88439,-0.06988,0.09564
32.383333,0.65939,0.29680,0.57852
32.400000,1.37259,0.74443,-0.03161
32.416667,0.33271,-0.35603,-0.56995
32.433333,-0.50757,-0.60467,-0.36225
32.450000,-0.47316,-0.18191,0.07009
32.466667,0.16066,0.07271,0.12261
32.483333,-0.05604,0.10799,-0.04572
32.500000,-0.60012,-0.21597,0.09240
32.516667,-0.07260,-0.07506,0.14918
32.533333,0.65973,0.33650,0.01878
32.550000,0.55984,0.61174,-0.10794
32.566667,-0.24142,0.43287,0.13560
32.583333,-0.57506,-0.42779,0.27382
32.600000,-0.08826,-0.83023,-0.22895
32.616667,0.27467,-0.60927,-0.36125
32.633333,0.24285,-0.15531,-0.19818
32.650000,-0.03247,0.68143,0.10053
32.666667,-0.37158,0.82933,0.53980
32.683333,-0.06314,0.47460,0.22519
32.700000,0.44759,0.01147,-0.27217
32.716667,0.00270,-0.87979,-0.43986
32.733333,-0.18508,-0.71384,-0.19005
32.750000,0.12700,-0.08864,0.35570
32.766667,-0.32773,0.25528,0.33581
32.783333,-0.11871,0.76958,0.06451
32.800000,0.38589,0.22372,-0.25261
32.816667,-0.18050,-0.42266,-0.35313
32.833333,-0.03269,-0.17880,0.10061
32.850000,0.37599,0.25208,0.26258
32.866667,-0.01026,0.05055,0.14524
32.883333,-0.10571,-0.80178,-0.05274
32.900000,-0.16486,0.12621,-0.26689
32.916667,-0.04348,1.08375,-0.08904
32.933333,0.29851,-0.36727,0.20448
32.950000,-0.05785,-0.62212,0.26143
32.966667,-0.40974,0.46369,-0.21731
32.983333,-0.25787,0.09566,-0.38254
33.000000,-0.02577,-0.46042,0.14317
33.016667,0.42595,0.06443,0.04868
33.033333,0.82688,0.39219,0.20803
33.050000,0.13955,-0.07417,0.48816
33.066667,-0.76244,-0.11514,-0.42414
33.083333,-0.30412,0.02298,-0.45535
33.100000,0.03246,-0.11593,0.17385
33.116667,-0.11311,0.24466,0.02469
33.133333,0.17596,-0.00586,0.21923
33.150000,-0.01129,-0.54132,0.18820
33.166667,-0.02059,0.01106,-0.18755
33.183333,0.12536,0.35457,-0.20484
33.200000,-0.07385,0.43277,-0.18967
33.216667,0.44882,0.36253,0.11432
33.233333,0.33507,-0.61411,0.26464
33.250000,-0.53553,-0.88979,0.07960
33.266667,-0.48715,0.15318,-0.10515
33.283333,-0.10487,0.67680,-0.22187
33.300000,0.25606,0.20286,0.23267
33.316667,0.21768,-0.32809,0.32813
33.333333,-0.01404,-0.14211,-0.25577
33.350000,0.20613,0.47617,-0.32281
33.366667,-0.08567,0.26331,-0.20509
33.383333,-0.21513,-0.33377,0.01429
33.400000,0.19522,-0.57969,0.40969
33.416667,-0.07241,-0.52127,0.23746
33.433333,-0.28892,0.47169,-0.04941
33.450000,-0.06149,0.75227,-0.05526
33.466667,0.18044,-0.07607,-0.10996
33.483333,0.34910,0.10718,-0.14237
33.500000,0.10638,0.05442,-0.07252
33.516667,-0.13355,-0.60612,0.00522
33.533333,-0.16405,-0.27042,0.04835
33.550000,-0.18191,0.25297,0.10524
33.566667,-0.08331,0.16896,0.07771
33.583333,0.02403,-0.03314,-0.01137
33.600000,0.14963,0.04659,-0.00952
33.616667,0.16599,0.08507,-0.00978
33.633333,0.04239,0.01706,-0.00284
33.650000,0.01579,0.11316,-0.02788
33.666667,-0.07260,-0.09451,-0.09501
33.683333,-0.17002,-0.27257,-0.05765
33.700000,-0.05372,-0.00627,0.01975
33.716667,0.06155,0.05695,0.09230
33.733333,0.01636,-0.01538,0.08598
33.750000,-0.02894,0.09374,0.01587
33.766667,0.04497,0.16696,0.01633
33.783333,0.12660,0.07038,-0.00410
33.800000,0.09551,-0.09877,-0.04855
33.816667,-0.02853,-0.11955,-0.10266
33.833333,-0.13386,-0.09449,-0.09901
33.850000,-0.13701,-0.10150,0.02741
33.866667,-0.04681,0.05179,0.07358
33.883333,0.05808,0.16754,0.08563
33.900000,0.02463,0.07657,0.06363
33.916667,0.00555,0.01325,0.00326
33.933333,0.14862,0.03572,0.02694
33.950000,0.12214,-0.02551,-0.10271
33.966667,-0.03624,-0.21265,-0.15934
33.983333,-0.07886,-0.23580,0.01244
34.000000,-0.09890,0.08557,0.06676
34.016667,-0.09468,0.33759,0.11227
34.033333,-0.06734,0.24699,0.07537
34.050000,0.00488,-0.02137,-0.06677
34.066667,0.10856,-0.26831,-0.08700
34.083333,0.11229,-0.24313,-0.07915
34.100000,0.07427,-0.07207,0.00691
34.116667,0.04547,0.03902,0.12558
34.133333,-0.00442,0.14260,0.08285
34.150000,-0.09513,0.11801,-0.05284
34.166667,-0.15599,0.11924,-0.08039
34.183333,-0.10818,0.14081,-0.02776
34.200000,0.01118,-0.04757,0.00197
34.216667,0.08448,-0.20251,0.06712
34.233333,0.03068,-0.25434,-0.01590
34.250000,0.13085,-0.09337,-0.06302
34.266667,0.23172,0.18133,0.07564
34.283333,-0.03976,0.09085,0.00996
34.300000,-0.19896,-0.03179,-0.00781
34.316667,-0.12862,0.11057,0.07685
34.333333,-0.12065,0.18782,-0.04334
34.350000,0.00299,0.03795,-0.10932
34.366667,0.17868,-0.18528,-0.02506
34.383333,0.06550,-0.17356,0.00605
34.400000,-0.12656,-0.06710,-0.02782
34.416667,0.00242,-0.06373,0.09718
34.433333,0.13165,0.03532,0.12606
34.450000,0.12590,0.12775,-0.05298
34.466667,0.00503,0.13302,0.04434
34.483333,-0.25152,0.12773,0.03084
34.500000,-0.03480,-0.01484,-0.21089
34.516667,0.17281,-0.11150,-0.11621
34.533333,-0.10061,-0.02576,0.05832
34.550000,-0.11311,-0.04179,0.09794
34.566667,-0.07612,-0.19545,0.07969
34.583333,0.01935,-0.19316,-0.00290
34.600000,0.34537,0.15253,-0.03431
34.616667,0.19081,0.35735,0.00099
34.633333,-0.09414,0.06686,0.05494
34.650000,-0.15088,-0.10792,0.02022
34.666667,-0.29175,-0.05896,-0.04678
34.683333,-0.13577,0.05402,-0.05645
34.700000,0.16248,0.23789,-0.10946
34.716667,0.16835,-0.08856,-0.05136
34.733333,0.12329,-0.50214,0.09563
34.750000,-0.02824,-0.26240,0.09146
34.766667,-0.10955,0.10946,0.00166
34.783333,0.06129,0.27591,0.00804
34.800000,0.05301,0.34372,0.20584
34.816667,-0.01702,0.20159,0.13736
34.833333,-0.10073,-0.25091,-0.24697
34.850000,-0.19872,-0.12070,-0.35771
34.866667,0.12086,0.39388,-0.26440
34.883333,0.21814,-0.35422,0.15054
34.900000,-0.14364,-0.70225,0.47050
34.916667,-0.12337,0.36336,0.10178
34.933333,0.16723,0.54392,0.05703
34.950000,0.22717,-0.06536,0.10215
34.966667,-0.12244,-0.47427,-0.40672
34.983333,-0.29206,-0.30989,-0.30077
35.000000,-0.01368,0.41964,0.08188
35.016667,0.05600,0.64204,0.05980
35.033333,0.22221,0.22244,0.31194
35.050000,0.15999,-0.52008,0.18306
35.066667,-0.27023,-0.43836,-0.27553
35.083333,-0.06439,0.28441,-0.05036
35.100000,0.06491,-0.13110,0.05299
35.116667,-0.08074,-0.46042,-0.08712
35.133333,0.00051,-0.02613,-0.00872
35.150000,-0.01184,0.48809,-0.05538
35.166667,0.16800,0.67149,0.00706
35.183333,0.15856,-0.10064,0.16230
35.200000,-0.13644,-0.28011,0.15430
35.216667,-0.09786,-0.02690,-0.08642
35.233333,-0.06671,-0.26876,-0.24364
35.250000,-0.01861,-0.04314,0.04613
35.266667,0.07826,-0.16607,0.10750
35.283333,-0.05958,-0.11368,-0.02272
35.300000,-0.03631,0.36528,0.01644
35.316667,0.18901,0.05567,-0.06678
35.333333,0.03715,0.20921,-0.04040
35.350000,-0.10688,0.23584,0.09237
35.366667,0.16256,-0.38026,0.08671
35.383333,-0.08686,-0.13061,-0.11323
35.400000,-0.30290,0.01271,-0.06544
35.416667,0.10673,-0.15229,0.23251
35.433333,0.05090,0.19485,-0.04562
35.450000,0.00922,0.08577,-0.21039
35.466667,0.13778,-0.21145,0.02105
35.483333,0.07887,0.25359,0.05345
35.500000,0.03180,-0.01423,0.06951
35.516667,-0.32926,-0.55188,-0.12006
35.533333,-0.14427,0.50737,-0.02028
35.550000,0.25787,0.46887,0.22780
35.566667,0.07469,-0.59564,0.01367
35.583333,0.07998,-0.16984,-0.03403
35.600000,-0.08969,0.13671,-0.14615
35.616667,-0.10703,0.27930,-0.10191
35.633333,0.16893,0.08880,0.14890
35.650000,-0.09440,-0.57579,-0.08229
35.666667,-0.15318,-0.04161,-0.00336
35.683333,0.02088,0.35975,0.19519
35.700000,0.02309,0.22614,-0.01692
35.716667,0.14095,0.08951,-0.04246
35.733333,0.08488,-0.41204,-0.10154
35.750000,-0.06538,-0.21133,-0.10090
35.766667,0.01791,0.37119,0.16600
35.783333,0.06469,0.13501,0.07879
35.800000,-0.11343,-0.25617,-0.16871
35.816667,-0.21894,-0.01402,-0.08229
35.833333,-0.09412,0.02980,0.18882
35.850000,0.10662,-0.02017,0.27540
35.866667,0.19978,0.12117,-0.11609
35.883333,0.12216,-0.28627,-0.39719
35.900000,0.07410,0.03902,-0.08644
35.916667,-0.01370,0.50599,0.20376
35.933333,-0.24146,-0.21761,0.13534
35.950000,-0.15806,-0.26382,-0.03236
35.966667,0.23035,0.25912,0.05202
35.983333,0.06774,0.12690,0.13762
36.000000,-0.34902,-0.33296,-0.17850
36.016667,-0.01722,-0.19676,-0.18651
36.033333,0.24377,0.37908,0.21049
36.050000,0.08125,0.13534,0.04180
36.066667,0.10683,-0.17343,-0.28136
36.083333,0.04324,-0.18353,0.02154
36.100000,0.13601,-0.28462,0.16733
36.116667,-0.23623,-0.05439,-0.00822
36.133333,-0.85112,0.39198,0.14857
36.150000,0.22567,0.78524,0.11343
36.166667,0.93002,0.27446,-0.16694
36.183333,-0.18307,-0.57498,-0.25708
36.200000,-0.42820,-0.66854,-0.17488
36.216667,0.20698,-0.47606,0.25623
36.233333,0.25360,-0.14274,0.30404
36.250000,-0.01915,0.32149,-0.10273
36.266667,-0.26639,0.86433,-0.05334
36.283333,-0.20060,0.65385,-0.01362
36.300000,0.02905,-0.10712,-0.05125
36.316667,-0.10941,-0.45961,-0.00836
36.333333,-0.10963,-0.83455,-0.21446
36.350000,0.50811,-0.50476,-0.08376
36.366667,0.62113,0.28256,0.27485
36.383333,-0.12436,0.61252,0.37034
36.400000,-0.55560,0.56548,0.13913
36.416667,-0.40662,-0.09433,-0.43471
36.433333,-0.06742,-0.20570,-0.38003
36.450000,0.10040,0.12124,0.14816
36.466667,0.14100,-0.14343,0.13569
36.483333,0.27810,-0.31744,0.08102
36.500000,0.17296,-0.32499,0.08531
36.516667,0.09526,-0.11935,-0.08364
36.533333,0.01093,0.28740,-0.01324
36.550000,-0.36729,0.46750,0.05665
36.566667,-0.34969,0.23066,-0.13431
36.583333,-0.03849,-0.23225,-0.05961
36.600000,0.23115,0.07816,0.15791
36.616667,0.27489,-0.04290,0.03397
36.633333,-0.01502,-0.81062,-0.02395
36.650000,0.09070,0.46892,-0.00728
36.666667,0.09833,1.05879,-0.07998
36.683333,-0.30977,-0.81320,0.00299
36.700000,-0.19985,-0.93400,0.01838
36.716667,-0.01570,0.11403,0.00122
36.733333,-0.01818,0.42637,0.00992
36.750000,0.22029,0.73516,-0.03494
36.766667,0.28892,0.21136,0.03372
36.783333,0.06522,-0.30807,0.06271
36.800000,-0.18445,-0.18579,0.06767
36.816667,-0.23388,-0.47484,0.01812
36.833333,-0.01696,-0.18840,-0.16820
36.850000,0.07544,0.42740,-0.13744
36.866667,-0.06955,0.06288,0.04805
36.883333,-0.08394,0.05311,0.11720
36.900000,0.07743,0.34534,0.04386
36.916667,0.14635,-0.32449,-0.01307
36.933333,0.14034,-0.51174,0.05212
36.950000,0.06262,0.04004,-0.03473
36.966667,-0.05976,0.27755,-0.08069
36.983333,-0.11544,0.61323,0.04017
37.000000,-0.22980,0.29093,-0.05231
37.016667,-0.12406,-0.79492,-0.04159
37.033333,0.20055,-0.70421,0.11670
37.050000,0.14538,0.23381,0.03083
37.066667,-0.05906,0.52934,0.00949
37.083333,-0.02188,0.55308,0.04450
37.100000,-0.03196,0.16626,-0.11212
37.116667,0.02279,-0.84049,-0.16257
37.133333,0.26879,-0.80286,-0.02967
37.150000,0.11644,0.19665,0.10175
37.166667,-0.17532,0.46350,0.15750
37.183333,-0.16366,0.39205,0.11558
37.200000,-0.28558,0.48081,0.03436
37.216667,-0.21651,0.12773,-0.11109
37.233333,0.16281,-0.44439,-0.21445
37.250000,0.30216,-0.73894,-0.10344
37.266667,0.28555,-0.36105,0.06643
37.283333,0.14010,0.51391,0.18538
37.300000,-0.10648,0.49430,0.12681
37.316667,-0.25505,-0.10836,-0.11742
37.333333,-0.24862,-0.11566,-0.13938
37.350000,-0.03611,-0.12965,0.01583
37.366667,0.17184,-0.15833,0.04266
37.383333,0.15042,0.14590,0.05740
37.400000,0.00089,0.38195,0.08778
37.416667,-0.03602,0.24070,0.00575
37.433333,-0.01488,-0.25506,-0.13260
37.450000,-0.09400,-0.37048,-0.11004
37.466667,-0.03922,-0.16113,0.05374
37.483333,0.08630,-0.08792,0.06549
37.500000,0.05064,0.19773,0.03095
37.516667,0.04149,0.30385,0.06720
37.533333,0.00330,0.03311,-0.04861
37.550000,-0.07958,-0.05807,-0.12410
37.566667,-0.02813,-0.09637,-0.02257
37.583333,0.01395,-0.09569,0.03367
37.600000,0.03534,0.12119,0.09391
37.616667,0.04318,0.13055,0.11644
37.633333,-0.02649,-0.15825,0.00144
37.650000,-0.04759,-0.18846,-0.11427
37.666667,-0.05811,0.02893,-0.15601
37.683333,-0.08274,0.09716,-0.05262
37.700000,0.00156,0.13458,0.09814
37.716667,0.19133,0.08084,0.12672
37.733333,0.20303,-0.09091,0.11207
37.750000,-0.05655,-0.11911,-0.01444
37.766667,-0.12356,-0.06077,-0.16281
37.783333,-0.08722,0.08218,-0.07962
37.800000,-0.13881,0.12089,0.00424
37.816667,0.08325,-0.00610,0.05876
37.833333,0.16608,-0.05567,0.09059
37.850000,-0.03651,-0.12444,-0.03028
37.866667,-0.10750,-0.10659,0.02592
37.883333,-0.13344,0.06477,0.01799
37.900000,0.10988,0.16515,-0.17588
37.916667,0.24261,0.09927,-0.00953
37.933333,-0.04037,0.03218,0.15165
37.950000,-0.04228,0.00330,0.04047
37.966667,-0.07434,-0.17555,0.01198
37.983333,-0.14227,-0.10665,-0.04651
38.000000,0.14590,0.07195,-0.12825
38.016667,0.12610,-0.08981,-0.03376
38.033333,-0.05642,-0.02392,0.10960
38.050000,-0.01854,0.17414,0.13260
38.066667,-0.09391,0.14255,-0.02068
38.083333,-0.15141,0.03358,-0.13421
38.100000,-0.04753,-0.23493,-0.07147
38.116667,0.10834,-0.16779,-0.01074
38.133333,0.22819,0.21426,0.14099
38.150000,0.08851,0.13192,0.11575
38.166667,-0.05324,-0.02147,-0.14397
38.183333,0.04533,-0.02896,-0.02290
38.200000,-0.04477,-0.19792,0.06896
38.216667,-0.19103,-0.12042,-0.00985
38.233333,-0.12170,0.09049,0.00318
38.250000,-0.04310,0.11425,-0.15031
38.266667,0.07560,0.15024,0.01194
38.283333,0.08452,0.07230,0.17234
38.300000,0.04526,-0.08774,-0.06907
38.316667,0.16008,-0.08667,0.01888
38.333333,0.12557,-0.03927,0.07083
38.350000,-0.03212,-0.01799,-0.11437
38.366667,-0.16222,-0.01986,-0.04049
38.383333,-0.28025,-0.10725,0.02567
38.400000,-0.12900,-0.05652,-0.01215
38.416667,0.18023,0.19295,0.06690
38.433333,0.20614,0.20198,0.10348
38.450000,0.17269,0.12905,-0.01743
38.466667,0.02157,0.07500,-0.04254
38.483333,-0.42426,-0.37437,-0.05845
38.500000,-0.24903,-0.44021,-0.13044
38.516667,0.29322,0.06717,-0.04617
38.533333,0.32260,0.16176,-0.03055
38.550000,0.28403,0.21840,0.11123
38.566667,0.11896,0.34110,0.35462
38.583333,-0.37334,0.10720,0.12204
38.600000,-0.73866,-0.12828,-0.19541
38.616667,-0.47900,-0.49664,-0.28133
38.633333,0.37621,-0.52514,-0.15926
38.650000,0.79808,0.25146,0.11273
38.666667,0.48444,0.56073,0.06354
38.683333,0.02956,0.19483,-0.00823
38.700000,-0.28674,0.06526,0.11531
38.716667,-0.36917,-0.08150,0.09088
38.733333,-0.37035,-0.32989,0.04284
38.750000,-0.22141,-0.24552,-0.06766
38.766667,0.08076,-0.03073,-0.06066
38.783333,0.25659,0.06692,-0.02239
38.800000,0.36493,0.14649,-0.21909
38.816667,0.29255,0.23580,0.00108
38.833333,0.00992,0.15522,0.17280
38.850000,-0.20097,0.00409,0.06415
38.866667,-0.23179,-0.02471,0.24204
38.883333,-0.08152,-0.33600,-0.09835
38.900000,0.00214,-0.55037,-0.26784
38.916667,-0.21438,0.03646,0.08683
38.933333,-0.32841,0.55799,-0.11398
38.950000,0.18540,0.43410,-0.01955
38.966667,0.59787,0.09393,0.09670
38.983333,0.30382,-0.20035,0.01851
39.000000,0.03660,-0.47848,0.10358
39.016667,-0.19468,-0.41943,-0.20276
39.033333,-0.34684,0.40598,0.28759
39.050000,-0.10612,0.63552,0.38779
39.066667,-0.08916,-0.17697,-0.49238
39.083333,-0.14870,-0.47919,-0.29605
39.100000,0.02523,-0.23593,-0.22376
39.116667,0.27975,0.12880,-0.02298
39.133333,0.43611,0.29658,0.53427
39.150000,0.04219,0.21491,0.24864
39.166667,-0.28567,0.26933,0.15749
39.183333,-0.15682,0.00944,-0.17428
39.200000,-0.02325,-0.27047,-0.36050
39.216667,0.04462,-0.33420,0.03725
39.233333,-0.40707,-0.44157,-0.04854
39.250000,-0.40550,-0.27821,-0.13348
39.266667,0.83367,0.31761,-0.28069
39.283333,1.04036,1.07969,0.20210
39.300000,-0.15121,0.44691,0.70528
39.316667,-0.77025,-0.72946,-0.00954
39.333333,-0.60387,-0.28119,0.03907
39.350000,-0.32999,-0.30136,-0.17659
39.366667,-0.02955,-0.48572,-0.81022
39.383333,0.59028,0.72316,0.18318
39.400000,0.92326,0.56584,0.37714
39.416667,0.34601,-0.29458,-0.02693
39.433333,-0.46865,-0.06799,0.31948
39.450000,-0.89708,-0.13053,-0.05166
39.466667,-0.52100,-0.15784,-0.35195
39.483333,0.36062,0.03316,-0.29912
39.500000,0.62271,0.01719,0.10884
39.516667,0.20079,-0.01825,0.47981
39.533333,-0.07183,-0.14650,-0.13896
39.550000,0.01433,0.19151,0.06915
39.566667,0.14125,0.44738,0.42862
39.583333,-0.15592,0.28410,-0.15076
39.600000,-1.04975,0.07564,-0.30038
39.616667,-0.76359,-0.81447,-0.68913
39.633333,1.04443,-0.86360,-0.31941
39.650000,1.42802,0.17733,0.79299
39.666667,0.43885,0.21375,0.02943
39.683333,-0.23690,0.41057,-0.16554
39.700000,-0.84047,0.88270,1.06288
39.716667,-0.94166,0.23320,0.48714
39.733333,-0.48249,-0.24919,-0.65980
39.750000,0.05125,-0.30579,-1.02665
39.766667,0.48686,-0.82415,-0.79460
39.783333,0.61799,-0.87094,0.14005
39.800000,0.95417,0.12233,0.40523
39.816667,0.98732,1.12430,1.09502
39.833333,-0.57626,1.11694,1.20097
39.850000,-2.11170,-0.19849,-0.78788
39.866667,-1.09964,-0.94019,-1.15049
39.883333,0.50545,-0.18659,-0.57498
39.900000,0.79465,-0.00408,-0.00996
39.916667,1.19686,-0.19059,0.90407
39.933333,0.87395,0.25642,0.07078
39.950000,-0.55755,0.83912,0.39106
39.966667,-1.12839,0.22928,0.37623
39.983333,-0.57577,-1.15177,-1.35537
40.000000,0.23689,-0.38544,0.16500
40.016667,0.26173,0.31048,0.57337
40.033333,0.02220,-0.19313,-0.83070
40.050000,0.19979,0.55459,0.49898
40.066667,0.26443,0.19195,0.27622
40.083333,0.22253,-0.08291,-0.33366
40.100000,-0.30381,1.06117,0.71046
40.116667,-0.28632,-0.16621,-0.18358
40.133333,0.39481,-1.44914,-0.70632
40.150000,-0.19803,-0.57156,0.06751
40.166667,-0.67516,-0.07614,-0.06636
40.183333,0.04887,0.34420,0.05812
40.200000,0.45572,0.77746,0.45925
40.216667,0.13097,0.47563,0.14720
40.233333,0.02191,0.42357,-0.21019
40.250000,0.64069,0.08228,-0.15808
40.266667,0.21000,-0.78249,-0.04712
40.283333,-0.96629,-0.59493,0.06443
40.300000,-0.60598,-0.26070,-0.01008
40.316667,-0.19294,-0.38994,-0.12711
40.333333,0.03176,0.50925,0.05857
40.350000,1.08375,0.93616,-0.03029
40.366667,0.73684,-0.02744,0.09758
40.383333,-0.46933,-0.33122,0.26615
40.400000,-0.41875,0.14945,-0.11307
40.416667,-0.24680,0.16009,-0.07017
40.433333,-0.31434,-0.47881,-0.29458
40.450000,0.15145,-0.40678,-0.15408
40.466667,0.44413,0.42079,0.68617
40.483333,-0.02222,0.31709,0.17383
40.500000,-0.37712,-0.19077,-0.31077
40.516667,-0.09071,-0.25138,-0.43513
40.533333,0.24879,-0.05211,-0.52811
40.550000,0.30892,0.16458,0.51982
40.566667,0.30627,0.03104,0.48124
40.583333,0.20487,0.15946,-0.06516
40.600000,-0.47912,0.13404,0.39160
40.616667,-0.94711,-0.34425,-0.15500
40.633333,-0.18198,0.13102,-0.52242
40.650000,0.67464,0.53352,0.07187
40.666667,0.57379,-0.25045,0.08407
40.683333,0.00474,-0.63227,-0.10289
40.700000,-0.12967,0.01354,-0.15681
40.716667,-0.28104,0.25974,0.09296
40.733333,-0.69494,-0.37561,0.12152
40.750000,-0.01674,-0.26783,-0.40717
40.766667,0.81354,0.21123,-0.09692
40.783333,0.75541,0.35228,0.59154
40.800000,0.47988,0.57687,0.57791
40.816667,-0.21403,0.60113,0.33690
40.833333,-0.95659,0.65016,0.25302
40.850000,-1.25718,-0.73118,-0.51061
40.866667,-0.71091,-1.16001,-1.45667
40.883333,0.33887,-0.40008,-0.52119
40.900000,1.39456,-0.78503,0.10019
40.916667,1.44945,0.61404,-0.13453
40.933333,-0.32103,-0.98758,0.52105
40.950000,-0.74128,-1.01981,0.58052
40.966667,-0.57498,1.49450,0.56889
40.983333,0.15813,0.74954,0.76440
41.000000,1.35537,5.00114,1.91075
41.016667,-0.04678,1.79449,1.43056
41.033333,0.91302,1.06899,-1.14238
41.050000,-2.51783,-0.13171,-2.35012
41.066667,-6.00784,-16.70327,-9.65939
41.083333,2.42403,-0.34843,-8.30058
41.100000,3.53230,2.73744,12.34881
41.116667,2.53352,-15.80521,15.30542
41.133333,4.43563,21.27083,0.93089
41.150000,-4.24271,22.20603,-3.51803
41.166667,-2.10674,-5.35895,-7.97588
41.183333,4.95045,10.15050,-0.81373
41.200000,-4.42914,-4.76275,8.15260
41.216667,-8.80590,-14.71484,-16.79774
41.233333,-0.57736,-22.46885,-18.81653
41.250000,5.15481,-42.54639,21.76119
41.266667,6.24209,-6.25399,24.29254
41.283333,-1.89088,18.32685,-10.28171
41.300000,-2.25814,82.55340,-10.61597
41.316667,16.83161,117.31342,17.93809
41.333333,1.90634,-61.05184,0.34850
41.350000,-25.84175,-122.19594,-27.92187
41.366667,-7.05104,-22.85964,-5.50406
41.383333,6.77809,-44.69094,6.78578
41.400000,4.31507,20.27880,12.20346
41.416667,9.49629,108.04617,13.30537
41.433333,2.62840,27.46537,-11.09310
41.450000,-0.63838,-20.04952,-2.88001
41.466667,-2.45858,-16.45455,3.36434
41.483333,-11.02118,-16.18637,-1.89695
41.500000,0.52219,-23.27084,6.67113
41.516667,7.69696,-14.42634,-18.18075
41.533333,-4.49929,34.01338,-12.94588
41.550000,0.38255,13.84440,15.66466
41.566667,5.47269,-18.12755,2.86000
41.583333,-0.36626,-12.37639,24.89848
41.600000,3.53884,-1.93226,24.73057
41.616667,-2.33971,30.53651,-39.74025
41.633333,-7.18822,9.43902,-31.73711
41.650000,-3.38716,-8.12409,4.13483
41.666667,-5.72458,7.31786,-8.03835
41.683333,10.43336,-30.82802,16.95459
41.700000,14.30785,-41.63445,39.11450
41.716667,-6.38507,1.48182,6.53677
41.733333,-3.26977,47.98670,-4.37510
41.750000,-3.58364,58.08381,-21.27420
41.766667,-2.84294,-3.39804,-32.79585
41.783333,10.71767,-47.26066,10.98876
41.800000,-5.76772,-29.79291,-4.35013
41.816667,-10.11291,-4.81712,-17.48624
41.833333,-3.31934,17.07351,42.07229
41.850000,-5.08961,18.32633,22.34778
41.866667,27.31665,-13.09812,-2.43121
41.883333,22.26110,-14.00374,13.35669
41.900000,-21.98919,23.15448,-31.24569
41.916667,-18.25326,16.67313,-38.80952
41.933333,-6.46440,-5.17286,-4.49529
41.950000,2.31103,1.28982,13.69013
41.966667,15.18488,-12.82238,33.69472
41.983333,3.45283,-20.97290,11.33045
42.000000,-4.73239,1.64616,-16.43853
42.016667,-1.94489,9.11090,-8.20247
42.033333,-0.76182,5.71251,-0.16013
42.050000,0.61459,8.59397,1.89119
42.066667,0.29481,4.66661,3.05331
42.083333,2.40080,-7.59678,3.81358
42.100000,0.11180,-11.03542,-4.82255
42.116667,-2.33461,-0.49526,-5.46618
42.133333,-1.03104,3.81393,-0.58091
42.150000,-2.27306,1.06497,-7.27520
42.166667,0.38135,3.54405,4.17218
42.183333,-0.44685,6.76147,3.18872
42.200000,-0.59762,7.13814,-5.69590
42.216667,9.12322,-5.63523,24.40319
42.233333,6.48311,-16.58615,21.46056
42.250000,-6.76407,-4.82846,-19.56670
42.266667,-7.75749,1.05152,-21.94919
42.283333,-2.51887,-2.07672,-11.88436
42.300000,-1.68480,-0.40099,-9.01250
42.316667,-0.31897,10.30041,1.32030
42.333333,2.62735,20.58892,8.39936
42.350000,7.13558,-0.30087,27.77473
42.366667,8.32817,-0.79075,25.29289
42.383333,1.95575,21.74459,-4.03741
42.400000,0.70460,-10.98071,7.40962
42.416667,-10.05130,-59.78332,-21.13270
42.433333,-27.03501,-55.80303,-80.52069
42.450000,-4.83417,25.11202,-20.30496
42.466667,23.15381,84.46609,55.80924
42.483333,14.97193,27.57565,42.59129
42.500000,5.67768,-6.06117,24.69157
42.516667,1.02697,1.91195,8.22301
42.533333,-9.31261,-37.18396,-21.17450
42.550000,-10.84315,-36.02971,-30.88160
42.566667,-5.64987,-0.41274,-21.67487
42.583333,0.60085,5.40835,-0.60792
42.600000,3.93062,12.02970,10.03008
42.616667,3.09592,14.42451,4.99543
42.633333,4.01759,6.47120,11.99345
42.650000,2.39991,2.24363,11.29324
42.666667,-0.44044,-1.34066,-1.22983
42.683333,-1.17678,-4.46505,-3.19613
42.700000,-2.54663,-5.20965,-6.40827
42.716667,-1.08315,-5.01340,-2.49279
42.733333,-1.20349,-1.21989,-2.28547
42.750000,-2.63002,5.71411,-9.58879
42.766667,0.58753,1.78031,2.82318
42.783333,2.38138,-3.07261,3.94441
42.800000,4.04038,-6.13985,3.45164
42.816667,3.94577,-8.30033,16.25967
42.833333,-2.65618,8.42387,1.03380
42.850000,-3.89872,13.00527,-7.56917
42.866667,-0.93375,12.67711,-4.14731
42.883333,-1.81725,13.53565,-14.97963
42.900000,-0.61704,-8.36844,-7.25203
42.916667,-0.69135,-16.14047,-0.48216
42.933333,0.41131,-48.59502,9.52666
42.950000,7.00892,-43.60765,29.32050
42.966667,4.19588,63.22305,4.77839
42.983333,-2.72084,67.71943,-16.71033
43.000000,-2.71144,-2.46215,-6.45845
43.016667,-4.52402,-5.69275,-9.99434
43.033333,-4.39475,-22.66620,-4.01972
43.050000,1.98711,-32.50682,6.23936
43.066667,5.22900,-18.93575,1.85011
43.083333,2.38779,-3.77564,6.13409
43.100000,-0.10483,38.44792,5.91595
43.116667,-0.78838,29.77663,-1.43978
43.133333,-1.99836,-9.30650,-2.06623
43.150000,-0.45333,-5.08938,-5.79370
43.166667,1.12054,-24.00484,-5.42645
43.183333,-0.79554,-29.33984,2.25878
43.200000,-1.17708,28.21610,3.28726
43.216667,0.24832,35.53597,3.91050
43.233333,0.59634,1.81866,3.86827
43.250000,0.82087,-4.24944,-3.26530
43.266667,0.24805,-28.66475,-4.70742
43.283333,-0.65179,-25.51268,-0.04313
43.300000,1.29003,24.47471,1.47224
43.316667,1.88931,18.27588,0.16305
43.333333,-1.40375,-12.80707,-0.89989
43.350000,-3.64935,-10.29080,-0.71454
43.366667,-1.79561,-2.71706,-1.87562
43.383333,1.75763,17.20617,0.09795
43.400000,2.64227,27.04550,6.92018
43.416667,1.61042,-4.81912,7.16786
43.433333,-1.33104,-27.10896,-1.65046
43.450000,-0.66893,-10.44908,-10.35104
43.466667,1.00808,4.24288,-8.65155
43.483333,-2.10967,9.80292,0.68479
43.500000,2.72305,8.44723,0.83054
43.516667,-0.30887,-21.33705,3.57137
43.533333,-7.45606,-12.48558,15.37454
43.550000,5.79733,32.04983,8.94978
43.566667,3.84183,12.02893,-3.93636
43.583333,-6.18988,-16.12525,-13.82988
43.600000,2.66933,-4.37420,-25.03974
43.616667,2.01667,9.97006,-0.80355
43.633333,-1.24913,10.68920,30.68969
43.650000,-1.23800,-31.32235,11.03223
43.666667,-4.74758,-43.06785,-14.47210
43.683333,4.10008,31.21859,-9.58815
43.700000,7.35791,68.85371,-4.26351
43.716667,-3.36383,6.04433,7.63588
43.733333,-4.91025,-49.64500,20.15360
43.750000,-0.83523,-26.99982,-2.52099
43.766667,0.80377,7.36935,-17.57496
43.783333,1.28611,5.42710,-1.55754
43.800000,-0.09842,4.54483,-0.07333
43.816667,1.85589,19.99417,-3.39505
43.833333,2.02231,10.99078,2.39677
43.850000,-1.85560,-15.50476,5.57456
43.866667,-1.26676,-11.05825,4.30676
43.883333,0.13763,-2.05639,1.62373
43.900000,-0.22350,-11.01355,3.48496
43.916667,-1.93758,-0.79334,-7.68772
43.933333,-2.00760,24.31796,-8.82534
43.950000,2.23685,16.06253,6.56155
43.966667,2.59454,-12.92260,0.63507
43.983333,1.89233,-11.44650,0.08976
44.000000,1.94471,-1.21666,-4.06811
44.016667,-2.24247,-2.36965,-9.02623
44.033333,-3.47207,-1.77686,15.43079
44.050000,-1.51336,-1.42023,12.86676
44.066667,-0.19871,5.31774,-5.34149
44.083333,1.49455,4.98574,-4.15498
44.100000,1.47352,3.55221,-7.19651
44.116667,0.86836,5.53408,-10.27429
44.133333,-0.30195,-6.30595,-9.85317
44.150000,-0.89182,-2.93222,13.02295
44.166667,0.79653,-0.93421,27.01493
44.183333,-0.49631,-12.59499,-4.98562
44.200000,-1.16349,-1.72689,-11.90765
44.216667,1.78593,7.32300,5.58656
44.233333,1.50970,9.11880,-1.43366
44.250000,-0.68052,10.40114,-10.77978
44.266667,-2.78782,-3.25609,-10.29603
44.283333,-3.30444,-10.21274,-1.93974
44.300000,0.37681,-5.53113,4.74579
44.316667,3.32025,1.20593,13.07915
44.333333,3.43418,4.33358,18.97445
44.350000,2.60382,-0.83168,8.48030
44.366667,-0.12931,-2.74749,-3.83529
44.383333,-4.60552,0.15016,-22.94616
44.400000,-4.79004,3.16970,-20.49916
44.416667,0.12035,5.79810,-7.81160
44.433333,2.01142,4.52532,-11.09381
44.450000,1.54195,1.02591,29.74290
44.466667,1.87649,-5.37895,43.06666
44.483333,0.51991,-23.14315,-4.16410
44.500000,-0.81657,-17.36075,-15.30455
44.516667,0.47225,27.30160,-16.73534
44.533333,0.01444,28.50847,-16.20857
44.550000,-2.45031,-7.25899,1.62849
44.566667,-0.77331,-3.39986,10.96419
44.583333,-0.23299,-0.78859,10.52412
44.600000,0.16722,-15.27414,-2.59551
44.616667,3.66624,-4.74162,0.83264
44.633333,0.74926,6.15601,5.64979
44.650000,-0.88128,0.40683,-9.40991
44.666667,-1.34710,0.02232,-6.62217
44.683333,-4.24207,4.06529,0.70762
44.700000,2.34568,3.91178,4.02545
44.716667,3.54363,0.84407,10.35837
44.733333,-2.31324,-6.18689,2.48717
44.750000,-0.18904,-3.71003,-10.01418
44.766667,1.10298,7.49968,-13.33467
44.783333,0.12857,2.46087,-2.15492
44.800000,-0.93980,-3.98783,12.56528
44.816667,0.15872,0.66507,11.49385
44.833333,1.99354,0.05755,4.00744
44.850000,-1.69321,-3.33638,-0.78000
44.866667,-2.63221,-7.23839,-1.82834
44.883333,-0.72236,-1.89068,-6.73669
44.900000,1.90827,7.49072,-27.04325
44.916667,4.66986,3.79726,-19.94728
44.933333,-0.02841,8.45667,31.39809
44.950000,-3.97605,8.69694,39.01805
44.966667,-0.60617,-4.86608,-9.50435
44.983333,0.92830,-8.36276,-15.34963
45.000000,-0.85747,-17.33059,10.53502
45.016667,-0.40417,-15.31287,3.64885
45.033333,0.00718,6.78236,-5.74904
45.050000,1.26983,22.26175,-20.89609
45.066667,4.08128,23.92129,-36.52034
45.083333,-0.55205,-3.21050,13.96222
45.100000,-4.49358,-18.77252,45.05005
45.116667,-0.02522,-5.37523,0.09286
45.133333,-0.30268,-5.28428,1.46352
45.150000,-1.93264,-1.72898,16.67000
45.166667,2.61263,5.34231,-21.48089
45.183333,2.41820,5.20044,-17.74254
45.200000,-0.23858,4.09641,5.88989
45.216667,0.73443,-5.19323,-5.99878
45.233333,-1.60530,-2.58809,-2.04934
45.250000,-1.96501,2.67492,0.87531
45.266667,2.28466,-0.43505,-14.38743
45.283333,2.02509,6.87365,-6.77064
45.300000,-2.68050,3.13939,39.71970
45.316667,-5.80930,-13.94187,61.84242
45.333333,-0.32792,-9.76483,-7.43321
45.350000,6.67532,8.95758,-67.16406
45.366667,4.49616,10.62081,-41.45559
45.383333,-0.64130,0.72189,-0.46483
45.400000,-3.57503,-2.06444,22.45520
45.416667,-2.66248,-4.41136,24.40000
45.433333,-0.37068,-3.59604,14.44695
45.450000,0.33782,2.37284,4.56575
45.466667,1.26698,0.74538,-5.18354
45.483333,0.74760,0.20465,-6.97994
45.500000,0.50085,3.01613,-9.38710
45.516667,-0.00770,-1.58466,-5.19423
45.533333,-1.08638,-1.71054,-0.07587
45.550000,-0.57869,0.30789,-0.81251
45.566667,-0.28969,-3.61721,6.39330
45.583333,1.83437,2.12041,1.83176
45.600000,1.53280,6.10207,-3.83156
45.616667,-0.69375,1.62189,1.07859
45.633333,-0.02365,0.88786,1.56364
45.650000,-2.00369,-7.13525,8.00819
45.666667,-3.64099,-9.91183,9.46352
45.683333,-3.06269,1.95427,3.27535
45.700000,3.77491,8.66944,-17.91242
45.716667,12.22644,6.30068,-39.65931
45.733333,0.92310,-1.14062,2.70861
45.750000,-10.35067,-4.48156,41.87543
45.766667,-3.14645,-4.08417,12.39420
45.783333,0.21322,-1.63552,-2.92920
45.800000,0.32955,4.76415,-2.18376
45.816667,3.72538,2.20740,-17.68556
45.833333,2.28411,0.10624,-12.78242
45.850000,0.01592,3.72020,-0.05453
45.866667,-1.23560,-0.71453,7.61524
45.883333,-3.43505,-4.88563,18.87869
45.900000,-2.83542,-6.09392,13.57583
45.916667,1.36860,-4.51734,-4.26931
45.933333,3.93542,0.84213,-16.56101
45.950000,1.56899,1.91140,-14.80090
45.966667,1.35643,7.96463,-12.75335
45.983333,1.98267,11.20576,-11.66271
46.000000,-3.57694,7.69214,21.36072
46.016667,-4.50958,7.78313,35.13280
46.033333,-1.03725,-20.10241,7.91135
46.050000,-1.65824,-41.86219,2.36235
46.066667,1.24416,-1.61188,-10.64355
46.083333,4.71155,32.03020,-28.46304
46.100000,3.26881,19.74214,-13.54393
46.116667,1.33643,0.56222,-3.75148
46.133333,-1.60733,-9.39220,5.91329
46.150000,-4.10648,-8.63574,19.89943
46.166667,-3.41565,-3.59698,14.44574
46.183333,-0.97321,4.62205,5.22177
46.200000,1.99975,4.46899,-1.29125
46.216667,5.04757,-0.30090,-16.77236
46.233333,3.68380,10.94987,-25.34442
46.250000,-2.73940,-3.66176,0.46444
46.266667,-5.39045,-29.13075,26.09998
46.283333,-1.36752,-5.60096,11.32436
46.300000,2.87467,11.59997,-5.56946
46.316667,1.43980,8.98194,-4.16416
46.333333,-1.00656,19.82449,-4.16560
46.350000,-1.71714,-1.42664,5.90395
46.366667,-1.86865,-10.52252,7.66341
46.383333,3.97371,25.66611,-18.30057
46.400000,5.29385,-6.18770,-18.46437
46.416667,-0.31665,-52.18887,-3.13426
46.433333,-0.17803,-14.40579,-4.35946
46.450000,-0.81686,8.66962,10.58735
46.466667,-5.53248,22.10829,33.74823
46.483333,-7.02369,42.84812,45.45239
46.500000,-1.48747,23.55661,21.81513
46.516667,-2.30648,0.63824,-13.94088
46.533333,0.34604,-62.62609,-63.71701
46.550000,26.00818,-67.67260,-139.97100
46.566667,17.50703,37.22021,-27.81414
46.583333,-21.51328,35.56769,164.64537
46.600000,-17.96127,3.49268,89.95227
46.616667,-1.41879,33.60521,-29.75503
46.633333,1.48889,4.07448,-20.74479
46.650000,4.16915,-19.28967,-33.50284
46.666667,0.85375,-20.34964,-23.64573
46.683333,1.83349,-24.45443,4.93181
46.700000,1.76247,4.06442,-4.10776
46.716667,1.95289,1.96644,5.33384
46.733333,0.87968,-0.57743,25.45790
46.750000,-9.49992,16.43664,18.70680
46.766667,1.01647,7.66507,-22.53089
46.783333,14.46719,25.98144,-54.47496
46.800000,6.75495,29.93034,-27.70118
46.816667,-1.89140,-17.92720,13.75534
46.833333,-20.07927,-55.49391,69.29968
46.850000,-22.77507,-52.56517,105.32171
46.866667,8.38530,15.44450,-3.34955
46.883333,20.74313,51.65204,-105.53775
46.900000,6.24622,6.65791,-48.33385
46.916667,-1.20867,-14.00672,-13.74189
46.933333,5.39071,-2.59695,-14.70626
46.950000,6.71357,32.87397,30.57295
46.966667,-9.80561,44.50938,27.69818
46.983333,-18.67871,-29.11191,27.94943
47.000000,-9.84014,-65.28511,48.07079
47.016667,5.24896,-17.05267,-1.48999
47.033333,18.24706,8.88783,-34.50039
47.050000,7.66216,2.40223,-38.29789
47.066667,-7.29352,17.65555,-44.25258
47.083333,3.03531,52.54941,-18.44732
47.100000,7.87441,37.72138,1.92075
47.116667,-13.74236,-50.70440,74.22741
47.133333,-21.81091,-77.96949,107.16522
47.150000,7.05519,6.29703,-27.85641
47.166667,17.81604,47.56415,-89.87891
47.183333,3.01281,8.48203,-29.89625
47.200000,3.21691,-12.34632,0.56035
47.216667,-7.30129,5.10276,19.34816
47.233333,-13.38851,12.45535,15.87482
47.250000,3.95303,-5.11786,-1.76926
47.266667,10.07725,-7.87526,-9.51525
47.283333,5.35830,-0.64072,-1.10963
47.300000,3.80779,-1.73523,7.17306
47.316667,5.08765,-1.34554,-2.72542
47.333333,-22.02822,-3.12476,30.96928
47.350000,-28.63052,-0.91100,50.54433
47.366667,7.13531,-8.01339,3.51983
47.383333,7.37114,-10.58871,-67.52193
47.400000,33.99414,13.30095,-109.24096
47.416667,38.82408,31.98921,-22.88985
47.433333,-32.85220,32.17027,73.32990
47.450000,-28.40931,-20.06179,80.86853
47.466667,-4.10215,-64.69477,64.52489
47.483333,-8.61731,2.67763,-24.96687
47.500000,10.43624,41.36497,-79.63481
47.516667,-0.04390,-2.90492,-21.82896
47.533333,5.56985,-13.93030,9.74886
47.550000,13.93948,-27.88271,23.46024
47.566667,-11.26380,-13.88961,22.47880
47.583333,-3.70839,17.41156,-3.50044
47.600000,6.97190,18.82168,-16.10402
47.616667,24.91464,110.18441,-72.31125
47.633333,24.93642,74.65152,-54.86574
47.650000,-53.31537,-157.94249,106.90429
47.666667,-60.62457,-162.28768,139.35890
47.683333,20.83067,16.27363,-14.04649
47.700000,35.41812,92.43703,-99.53424
47.716667,14.15462,72.21359,-54.13152
47.733333,6.81779,16.07831,-4.59357
47.750000,8.96876,-7.88441,13.41436
47.766667,10.03430,-12.47464,24.93461
47.783333,-24.68190,-21.97263,15.84172
47.800000,-31.44527,-17.83172,4.92837
47.816667,-0.40668,-15.14591,1.48775
47.833333,4.43547,-3.09338,-5.04074
47.850000,7.87132,9.38524,-0.99125
47.866667,12.57332,9.15554,-4.68247
47.883333,9.42279,9.46541,-11.33503
47.900000,5.18154,13.31599,0.21913
47.916667,-6.66205,15.24963,6.17588
47.933333,-8.72149,-3.43721,2.87291
47.950000,-6.30597,-26.53901,3.61642
47.966667,-3.48970,-21.45704,1.26855
47.983333,0.01396,-3.86030,-3.42753
48.000000,-1.31588,5.47256,-2.21421
48.016667,4.98101,11.61516,-2.45694
48.033333,4.30682,16.79241,-3.46345
48.050000,5.48678,16.24555,4.27643
48.066667,17.96583,6.94773,6.36159
48.083333,-2.01666,-12.59562,-2.60444
48.100000,-30.24686,-27.72847,-3.88556
48.116667,-15.09242,-18.83852,3.20299
48.133333,5.26108,-2.97371,5.86698
48.150000,6.23113,5.61873,2.65766
48.166667,13.92578,21.61888,-3.26107
48.183333,18.33099,25.39605,-11.57775
48.200000,7.14014,6.24067,-15.29820
48.216667,-12.01965,-5.77857,-1.03227
48.233333,-22.14437,-5.48968,18.46998
48.250000,-11.81754,-11.89350,18.02602
48.266667,0.21453,-15.74102,4.15389
48.283333,15.77063,1.86740,-7.36680
48.300000,7.13564,-9.51153,-6.20523
48.316667,-10.02575,-28.98294,3.55697
48.333333,13.81313,-8.07516,-1.25651
48.350000,1.51220,21.24559,-29.93833
48.366667,-7.15685,102.26390,-39.81619
48.383333,16.11349,77.86228,29.58260
48.400000,-20.32003,-99.81683,81.78903
48.416667,-22.82748,-104.45133,17.54084
48.433333,9.21054,-5.82362,-32.82033
48.450000,11.88072,22.32655,-35.15471
48.466667,23.94462,22.89825,-45.62347
48.483333,6.42016,19.55542,-15.38028
48.500000,-7.46458,54.41662,15.02691
48.516667,-22.06484,-14.82130,50.96252
48.533333,-49.85105,-82.46302,74.87049
48.550000,11.35748,17.06691,-15.87759
48.566667,62.04189,52.13647,-61.49709
48.583333,1.54958,-34.75628,-0.38382
48.600000,-20.43370,-40.63971,-12.79545
48.616667,30.67714,89.18417,-55.92987
48.633333,-0.65419,4.82442,0.55743
48.650000,-56.85435,-113.80212,83.36362
48.666667,-15.02241,81.94655,55.03786
48.683333,18.97058,55.67773,-27.25395
48.700000,20.66405,-76.58068,-41.18012
48.716667,22.98705,-20.24232,-25.91962
48.733333,6.80248,-22.46776,-18.91614
48.750000,-8.80236,53.33324,16.77749
48.766667,-28.91364,56.26143,39.49101
48.783333,-21.32758,-67.37717,9.64312
48.800000,-9.65581,-75.87041,10.38001
48.816667,9.15530,27.93412,5.84894
48.833333,67.98650,138.15065,-64.93997
48.850000,27.77587,26.81361,-44.90086
48.866667,-57.28114,-82.14302,40.69995
48.883333,-30.21081,-33.25667,39.23442
48.900000,10.76952,-91.47556,16.13277
48.916667,2.93735,-30.07706,5.00885
48.933333,-9.42196,173.45305,-7.83970
48.950000,9.69555,63.31297,-20.77605
48.966667,30.65096,-101.15307,-37.10085
48.983333,-19.70963,-27.09001,7.83327
49.000000,-34.85702,-30.92971,42.61085
49.016667,37.55308,25.29777,-1.36264
49.033333,35.20572,92.98700,-24.54271
49.050000,-23.83342,-55.87568,-7.85418
49.066667,-26.14823,-9.83070,23.68701
49.083333,-14.77046,34.47075,21.57901
49.100000,3.35110,-85.40547,-24.10304
49.116667,28.00114,-4.51922,-16.89398
49.133333,2.92617,50.11889,9.11293
49.150000,-17.78950,17.05798,4.69928
49.166667,0.93509,-3.31119,1.83066
49.183333,8.84602,-24.55221,-7.87727
49.200000,5.86556,19.05264,-0.68698
49.216667,4.73449,9.21535,10.99890
49.233333,7.91209,40.33043,0.90972
49.250000,-13.60789,4.23013,0.08032
49.266667,-37.29126,-131.09426,-9.10526
49.283333,-6.56154,-15.60033,-4.57847
49.300000,12.57073,76.61124,21.25736
49.316667,23.52628,18.24118,-3.71853
49.333333,54.69351,31.02290,-23.88643
49.350000,8.37791,-3.55094,2.14694
49.366667,-62.98324,-33.21957,13.39735
49.383333,-40.63496,-7.44659,10.67658
49.400000,4.95808,-2.17366,-9.62160
49.416667,14.24511,4.15516,-13.37337
49.433333,4.59983,-3.53270,19.96737
49.450000,6.69605,-0.08923,-1.49611
49.466667,51.14273,12.90937,-29.80275
49.483333,26.57757,-2.08886,21.67763
49.500000,-45.80907,-9.15104,28.32074
49.516667,-28.60839,7.03900,-29.99179
49.533333,-25.85292,7.15981,-14.59380
49.550000,-24.69705,-6.56528,22.01928
49.566667,29.67604,-3.54248,2.49692
49.583333,35.46220,-4.66970,-7.16138
49.600000,23.53973,-4.50479,-3.20346
49.616667,0.87916,9.11806,-4.39825
49.633333,-19.95276,12.65969,2.45465
49.650000,-3.79255,4.80974,4.74583
49.666667,-8.68957,-8.93311,1.25325
49.683333,-7.30309,-10.84364,-0.43411
49.700000,-7.21662,-9.12089,8.51863
49.716667,-19.38813,-4.64021,5.50438
49.733333,2.68663,6.13111,-5.32224
49.750000,22.18545,-0.30056,4.41933
49.766667,45.31639,23.79232,-30.47804
49.783333,46.50345,36.87821,-52.39418
49.800000,-30.40009,-20.75990,31.91147
49.816667,-84.43810,-38.26109,73.02431
49.833333,-44.94749,-16.89641,23.33611
49.850000,15.93911,-16.18400,-11.46464
49.866667,56.70556,18.38393,-35.91906
49.883333,64.11252,52.27604,-46.53888
49.900000,-7.31833,15.94740,-11.05423
49.916667,-61.55459,-29.31170,21.16597
49.933333,-11.33808,-32.53275,17.13946
49.950000,24.14574,-9.46902,13.62796
49.966667,7.38062,29.84341,9.38875
49.983333,-20.56393,21.29191,9.15942
50.000000,-30.19708,-24.23914,10.65101
50.016667,15.82360,-12.73249,-20.28870
50.033333,44.56326,10.75505,-31.98640
50.050000,25.20284,5.69349,-18.46040
50.066667,-7.35651,1.46364,-0.41701
50.083333,-35.57005,-0.40475,18.04835
50.100000,-19.46373,4.59065,8.02975
50.116667,-1.22005,-2.10374,40.68649
50.133333,-10.11941,-13.25113,40.51424
50.150000,-1.67920,-11.35649,-44.96652
50.166667,16.35171,-2.37133,-42.43358
50.183333,29.78303,22.99812,-10.04317
50.200000,23.43261,22.02671,-12.16209
50.216667,-6.97893,-8.32787,9.61000
50.233333,-25.51360,-10.24728,19.10087
50.250000,-14.77707,-4.60184,28.38029
50.266667,7.84257,-6.04038,7.41127
50.283333,-9.77103,-8.66248,-16.57486
50.300000,-32.35727,-12.12643,11.11286
50.316667,11.04265,14.79011,-2.14093
50.333333,47.33584,36.22106,-33.85767
50.350000,18.94561,6.64794,-6.93104
50.366667,-24.91014,-29.56081,18.24108
50.383333,-15.83885,-22.19911,-15.76047
50.400000,16.20406,8.05773,-13.50612
50.416667,-0.64224,13.82957,50.84540
50.433333,-12.54102,0.56565,20.00305
50.450000,-14.58201,-11.08521,-41.15464
50.466667,-12.00876,3.07989,0.31918
50.483333,25.38700,23.41614,24.74163
50.500000,17.15508,2.14575,-11.48913
50.516667,-4.02631,-17.15269,-19.12926
50.533333,8.01072,-18.48427,-3.73009
50.550000,-8.48564,-10.91795,-4.22759
50.566667,-11.94001,20.57221,-0.27029
50.583333,-5.22793,23.85362,13.01441
50.600000,-12.96167,-9.37085,12.49951
50.616667,12.75962,-13.91236,7.97723
50.633333,17.51428,10.21764,1.92005
50.650000,-10.52659,2.39947,-13.56448
50.666667,-0.22432,-14.35687,-12.22761
50.683333,15.31728,0.49758,4.68110
50.700000,3.61171,2.23925,-1.86303
50.716667,-13.34050,2.09530,-9.48941
50.733333,-11.50834,9.53134,12.92498
50.750000,4.28316,-0.66149,11.64990
50.766667,-11.38247,-4.41712,-10.31203
50.783333,-11.09820,-4.71958,4.97363
50.800000,29.63287,-0.77980,0.72484
50.816667,20.63933,3.66862,-17.66924
50.833333,-11.95239,-3.19809,6.98973
50.850000,-14.79587,-2.16947,5.99561
50.866667,-10.68349,-1.21193,0.62945
50.883333,6.92408,6.00741,8.88153
50.900000,19.16649,8.81827,-7.38197
50.916667,6.54150,-2.23343,1.78090
50.933333,-18.88502,4.35015,-9.48898
50.950000,-28.27978,-3.68406,-18.84485
50.966667,2.62031,-19.40350,22.70298
50.983333,23.35694,-7.95090,10.63092
51.000000,17.97173,7.24372,-9.23130
51.016667,7.79694,23.32135,6.61311
51.033333,-17.52501,8.70391,-1.98542
51.050000,-17.56212,-16.64156,-7.03635
51.066667,8.41313,-4.01257,-4.36019
51.083333,7.28117,-2.47473,0.94987
51.100000,-7.86054,-0.61546,9.08835
51.116667,-8.72577,11.93017,-0.72586
51.133333,5.87312,-5.09811,-10.81911
51.150000,7.29234,-11.36889,1.55768
51.166667,-8.73194,1.24384,19.78563
51.183333,5.78088,6.58782,-1.72369
51.200000,21.75350,10.17837,-23.41716
51.216667,-3.71138,-0.32160,1.24992
51.233333,-16.97331,-9.35052,8.68045
51.250000,-6.34956,-0.56637,-2.08480
51.266667,-4.87097,1.41347,5.84993
51.283333,2.13362,-0.98358,8.78119
51.300000,12.37435,1.20707,1.29105
51.316667,1.67744,-3.29772,-9.75571
51.333333,-9.97719,-2.82556,-12.20776
51.350000,2.14885,5.15260,-3.54502
51.366667,10.89967,4.29332,2.47660
51.383333,0.43981,1.14821,9.81203
51.400000,-5.91489,-0.75964,10.48096
51.416667,-3.89411,-2.92467,1.49551
51.433333,-0.66405,-2.05338,-4.21883
51.450000,-1.10153,-2.46460,-6.58379
51.466667,-1.50942,-1.12333,-5.68522
51.483333,3.70971,2.62270,-2.85570
51.500000,3.42039,3.91390,2.15375
51.516667,1.24137,2.16172,5.68498
51.533333,0.13713,-1.62325,3.03612
51.550000,-2.70420,-2.57621,1.91753
51.566667,-0.88442,-1.33526,-0.29908
51.583333,-2.35106,-0.17306,-3.58165
51.600000,-3.17608,1.09096,-1.99031
51.616667,4.29940,1.11535,-0.82896
51.633333,6.39040,0.27166,0.89270
51.650000,0.02723,-1.29145,1.91353
51.666667,-4.48298,0.00190,-1.44029
51.683333,-2.50220,2.45141,-2.07738
51.700000,-1.10925,0.34936,2.04515
51.716667,-2.43130,-2.87353,2.93112
51.733333,0.39839,-3.82561,-1.10415
51.750000,5.25771,0.38518,-0.65172
51.766667,7.55458,4.93031,1.41730
51.783333,4.58060,2.86644,-0.56636
51.800000,-6.36398,0.35216,-0.92586
51.816667,-13.18365,-2.59830,-2.55252
51.833333,-2.64748,-4.07355,-1.44749
51.850000,5.65910,0.07951,2.79793
51.866667,1.36848,1.53334,-0.23693
51.883333,1.22091,0.46565,0.51530
51.900000,2.04622,0.13445,4.84190
51.916667,3.87372,0.26605,0.93959
51.933333,3.01496,0.97393,-3.74594
51.950000,-4.16980,0.00374,-4.24984
51.966667,0.75663,0.71580,-1.38384
51.983333,-0.53513,-0.00652,1.03952
52.000000,-11.06758,-3.72796,2.83368
52.016667,-4.13203,-1.75598,3.35819
52.033333,4.49926,2.80801,-0.72562
52.050000,6.69510,3.20951,-1.82173
52.066667,7.19479,0.61100,-1.97474
52.083333,4.34261,-0.83051,-0.69803
52.100000,-1.89758,-1.35811,2.81603
52.116667,-9.72127,-2.94332,0.82378
52.133333,-6.04956,-1.24679,0.25681
52.150000,-3.07081,1.52732,-2.60128
52.166667,-0.98936,2.35103,-2.51208
52.183333,10.42085,2.17982,4.02940
52.200000,10.01634,-0.39089,-0.92767
52.216667,3.33178,-1.12609,-0.77333
52.233333,-4.76913,-1.48320,4.98409
52.250000,-7.62580,-0.63313,0.14667
52.266667,-0.38617,4.18740,-1.95489
52.283333,-12.10902,-0.16846,-4.69736
52.300000,-12.24648,-6.93799,-5.79462
52.316667,13.08924,-1.18452,0.86318
52.333333,18.59810,3.67859,5.58900
52.350000,12.24638,1.27393,9.18596
52.366667,1.00056,1.07258,3.97774
52.383333,-13.96617,3.42757,-6.77193
52.400000,-10.51182,0.77083,-4.77399
52.416667,-1.94373,-3.90344,-0.74525
52.433333,-6.34508,-2.02005,-4.61960
52.450000,-7.07042,-0.21612,-2.96612
52.466667,8.61475,-1.28293,2.46028
52.483333,16.38285,-0.09240,3.50688
52.500000,7.61217,0.57317,6.77166
52.516667,-0.68895,0.25122,5.67845
52.533333,-7.59490,0.98344,-2.83781
52.550000,-4.87309,3.45151,-3.40574
52.566667,1.22857,3.40938,-0.72090
52.583333,-5.11613,-2.10062,-4.09976
52.600000,-5.26411,-4.90390,-5.37147
52.616667,3.74476,-2.51602,-1.51905
52.633333,6.10397,1.02773,1.51394
52.650000,1.91177,2.36884,0.95964
52.666667,-7.28851,-0.61044,3.22189
52.683333,-8.21609,-1.57687,8.01237
52.700000,9.81577,-0.17736,6.44635
52.716667,18.28943,0.82731,1.41157
52.733333,-0.48041,6.01074,-6.54311
52.750000,-11.19622,5.77411,-10.91692
52.766667,-2.74140,-5.55032,-2.44032
52.783333,-4.52388,-11.24260,-1.31929
52.800000,-8.48701,-4.33981,-4.01686
52.816667,0.91438,6.21976,5.10112
52.833333,8.03437,7.86627,5.13595
52.850000,5.97397,0.81165,6.21266
52.866667,1.19361,0.01320,13.51338
52.883333,0.44256,0.07484,-3.04659
52.900000,0.23549,-4.93606,-17.50814
52.916667,-3.83248,-1.92361,-8.28511
52.933333,-2.96909,1.17613,-1.34826
52.950000,0.06385,-1.07737,4.79961
52.966667,-0.88638,2.64144,10.34855
52.983333,1.02075,2.90223,5.56146
53.000000,3.25267,-2.92371,-0.21264
53.016667,-0.24351,-2.87747,-5.73162
53.033333,-1.62658,1.51344,-8.49128
53.050000,-0.49744,3.68711,-3.11296
53.066667,-2.38598,0.43459,3.58838
53.083333,1.12274,-0.44999,6.71294
53.100000,4.56229,0.93397,5.03541
53.116667,-0.12645,-4.17418,1.36235
53.133333,-1.00298,-5.37876,-2.42776
53.150000,1.38406,-0.13395,-5.71588
53.166667,0.66641,4.77078,-4.31338
53.183333,-1.80895,7.55110,-2.56825
53.200000,-3.00649,1.58445,-1.97122
53.216667,-5.30961,-4.78592,2.38976
53.233333,-7.66326,-4.67227,7.90606
53.250000,3.45815,-5.40298,9.34946
53.266667,15.21943,1.37916,3.38035
53.283333,13.91526,12.83414,-4.85822
53.300000,2.90097,4.95821,-9.11618
53.316667,-16.27344,-12.13136,-7.56058
53.333333,-16.86485,-9.19706,-1.80800
53.350000,-0.79978,3.57752,0.90038
53.366667,4.21849,4.54824,3.99681
53.383333,6.13159,2.80198,6.53129
53.400000,5.78424,5.10886,3.29848
53.416667,0.30993,1.47726,1.17046
53.433333,-1.37155,-5.78428,-3.01444
53.450000,-0.40395,-7.42428,-2.84550
53.466667,1.09352,-2.84206,4.02574
53.483333,-0.85275,2.96616,-2.31431
53.500000,-3.87708,6.23635,-9.41630
53.516667,-0.56194,5.34006,-2.81559
53.533333,1.03811,-0.82213,4.83093
53.550000,-1.74673,-4.53192,7.46924
53.566667,0.79792,-2.10549,2.89635
53.583333,3.22585,-0.97070,-1.30551
53.600000,0.44931,-0.39847,-0.33395
53.616667,0.04948,0.62853,-0.48431
53.633333,1.20747,0.66213,-1.48093
53.650000,0.64316,2.53366,-3.47428
53.666667,-2.15678,1.65137,-3.65804
53.683333,-4.58732,-2.39722,-0.63635
53.700000,-1.01246,-2.55399,1.37458
53.716667,1.63712,-1.40422,3.12401
53.733333,-0.14117,1.44507,4.79630
53.750000,1.92244,5.48041,3.98617
53.766667,5.27295,1.76038,1.87944
53.783333,3.53628,-1.69029,-1.70442
53.800000,-2.58138,-0.96587,-8.39588
53.816667,-7.60815,-6.27843,-6.70852
53.833333,-5.15518,-7.01968,0.96973
53.850000,1.05443,1.65651,-0.95723
53.866667,5.11440,7.11898,0.61544
53.883333,6.69355,8.74657,7.59130
53.900000,1.67457,6.15988,5.57963
53.916667,-5.75301,-2.32263,2.32310
53.933333,-3.07708,-10.65581,2.35739
53.950000,-0.54836,-10.86756,0.03333
53.966667,-4.88509,-1.65005,-8.34380
53.983333,2.67474,5.25373,-15.37337
54.000000,9.70683,6.08112,-5.92493
54.016667,0.13577,8.68451,9.28368
54.033333,-1.70665,7.88072,8.43980
54.050000,1.60224,-4.66762,5.47864
54.066667,-5.94454,-13.63322,10.96609
54.083333,-6.93043,-8.34918,1.00275
54.100000,1.59811,-2.42710,-13.39475
54.116667,4.10068,5.85149,-9.76308
54.133333,2.67090,11.68801,-3.33110
54.150000,4.02666,4.21482,2.58811
54.166667,1.22682,0.65591,4.52264
54.183333,-5.66016,-1.95890,2.66795
54.200000,-3.52851,-8.41559,6.76583
54.216667,2.57181,-4.94709,0.03514
54.233333,0.45023,2.26646,-5.89410
54.250000,-1.77620,3.56949,2.27444
54.266667,1.47353,-0.96014,-2.38329
54.283333,2.36060,-0.76859,-6.80384
54.300000,0.02791,4.35704,2.31478
54.316667,-1.45933,2.22512,3.51291
54.333333,-1.66962,-3.30092,2.95999
54.350000,0.80819,-2.95696,2.74036
54.366667,1.41071,3.53297,-1.21905
54.383333,-3.18260,1.87495,-1.41126
54.400000,-1.68901,-4.68455,-7.60271
54.416667,3.87145,-1.12771,-5.85752
54.433333,4.27324,1.16195,8.77288
54.450000,2.76397,1.19669,3.72916
54.466667,-5.27396,1.57230,1.38351
54.483333,-7.77328,-2.26728,7.64571
54.500000,2.81205,-2.71881,-5.57548
54.516667,2.92431,0.33986,0.82870
54.533333,0.46473,6.82398,0.38906
54.550000,2.22500,6.50317,-30.90019
54.566667,-4.69272,-4.20433,-5.43892
54.583333,-3.66572,-8.30797,35.45302
54.600000,4.69289,-7.97184,17.86823
54.616667,4.73578,-0.87526,-0.61516
54.633333,5.35464,3.52276,-2.39295
54.650000,3.56342,9.16648,-23.33245
54.666667,-9.60769,20.24179,-35.48353
54.683333,-12.69502,-9.45449,11.16733
54.700000,4.44450,-18.09217,29.95450
54.716667,1.05661,8.96185,-1.71429
54.733333,-15.41000,-10.77855,22.58250
54.750000,12.28317,-2.33712,13.85701
54.766667,26.08405,10.75714,-40.06695
54.783333,-9.01071,-11.01616,-17.19276
54.800000,-1.48981,14.46400,11.61628
54.816667,11.68927,4.44705,9.38745
54.833333,-23.36753,-18.65581,0.54232
54.850000,-19.07943,14.71627,-13.34612
54.866667,10.69167,7.67872,2.56219
54.883333,8.95746,-8.23895,15.69781
54.900000,12.15002,-1.74951,6.18460
54.916667,6.17486,-6.39213,-2.48325
54.933333,-13.11618,-4.25740,-3.60980
54.950000,-6.65531,-1.40155,-5.95482
54.966667,-11.83779,6.94337,-17.47988
54.983333,-8.42283,6.70187,-1.25680
55.000000,33.87190,-1.80086,20.00009
55.016667,25.50041,2.63614,8.65609
55.033333,-15.25785,-1.15258,2.13443
55.050000,-17.50168,-1.97022,-3.24428
55.066667,-12.67146,-0.04342,-8.62843
55.083333,-10.72476,-6.26869,-8.16384
55.100000,-0.74081,-0.65448,-12.65836
55.116667,15.38097,4.84269,11.83370
55.133333,20.46448,1.64870,26.42415
55.150000,5.84791,-0.81685,-8.29903
55.166667,-5.69729,-0.21288,-19.54396
55.183333,-10.68203,2.02910,3.93944
55.200000,-10.07246,-2.05879,15.95056
55.216667,-5.01407,-3.81583,3.03585
55.233333,4.14419,3.18845,-16.42828
55.250000,10.97540,4.65556,-10.39847
55.266667,1.01262,-1.43729,3.09468
55.283333,-4.59061,-4.21132,8.75520
55.300000,-1.50034,-1.21588,9.09159
55.316667,0.58529,0.83582,0.08006
55.333333,7.85222,0.05854,-0.52985
55.350000,3.08320,1.77875,-3.41628
55.366667,-9.69864,3.39135,-9.05108
55.383333,-6.60258,0.34280,0.29062
55.400000,3.32119,-4.11698,3.81310
55.416667,2.64120,-4.67196,-0.23697
55.433333,-2.72444,1.77252,-0.14329
55.450000,-2.34298,5.88474,2.10163
55.466667,-0.08629,1.41402,2.29528
55.483333,9.33994,-2.88036,-0.90479
55.500000,16.59928,-3.47396,1.37906
55.516667,0.29252,0.26795,1.14004
55.533333,-17.09025,2.71980,-4.25971
55.550000,-17.49884,-0.21817,-2.63249
55.566667,-9.69113,0.39947,-0.95035
55.583333,8.37923,0.54821,-1.47764
55.600000,17.92084,-1.19881,2.84127
55.616667,4.84712,-1.62611,5.85259
55.633333,1.44917,-4.57371,1.96781
55.650000,7.04741,1.22794,-1.86239
55.666667,-5.62638,8.81392,-3.50346
55.683333,-11.44445,4.09753,-2.16026
55.700000,-2.34279,-0.60726,2.50479
55.716667,-5.36382,-6.02311,-0.87681
55.733333,-5.88578,-9.07629,-3.05479
55.750000,7.06211,-0.48472,1.25266
55.766667,10.49364,4.40007,-0.58812
55.783333,4.78449,3.61453,2.54372
55.800000,2.94023,4.62465,5.82623
55.816667,-2.24824,0.43031,-0.84421
55.833333,-5.35705,-3.94904,-3.30086
55.850000,1.91189,-1.09569,-2.43958
55.866667,-1.50369,1.45200,-1.45823
55.883333,-14.11746,-1.81968,1.70732
55.900000,-11.37293,-5.34706,2.53684
55.916667,6.42857,-0.07036,-1.25993
55.933333,22.27499,6.97775,-4.60336
55.950000,14.55246,4.75393,-1.97813
55.966667,-7.33245,-0.86635,2.81599
55.983333,-11.37201,-4.67931,6.23989
56.000000,-3.08705,-3.46213,4.38202
56.016667,1.11262,0.56978,0.22786
56.033333,0.39753,1.16582,-2.23451
56.050000,-4.55608,2.61346,-7.55272
56.066667,-4.70932,0.94189,-4.48882
56.083333,0.04986,-3.59180,2.85641
56.100000,1.59565,-1.96839,-0.30546
56.116667,5.35968,1.11701,0.34523
56.133333,10.42032,3.38037,3.84768
56.150000,7.38880,3.48709,2.45285
56.166667,-2.78225,0.53609,2.83589
56.183333,-12.63152,-2.46878,-0.47307
56.200000,-12.77126,-5.93033,-3.61298
56.216667,-1.62869,-3.34974,-1.70008
56.233333,9.28188,2.70228,-1.71513
56.250000,10.94461,3.48619,0.22738
56.266667,4.76170,2.62423,2.74525
56.283333,-5.75483,0.51508,-0.54348
56.300000,-13.41691,-0.44715,-4.08437
56.316667,-7.48190,0.12098,-1.69017
56.333333,7.06423,-4.09047,5.14676
56.350000,16.77332,-2.81012,6.89730
56.366667,11.18666,5.64594,-0.61379
56.383333,-9.78597,2.57617,-5.06231
56.400000,-17.00538,-5.66793,-1.65664
56.416667,-2.69670,-2.03286,-1.28918
56.433333,5.32315,4.00105,-1.98610
56.450000,5.31985,3.04080,1.77261
56.466667,2.54868,-0.45121,3.71814
56.483333,-3.27537,-3.28038,1.79033
56.500000,-0.57998,-1.95519,-1.86354
56.516667,2.50245,2.10055,-1.74646
56.533333,-3.44528,1.82559,-0.63355
56.550000,-2.89859,-1.96089,-1.46954
56.566667,2.75901,-1.49657,4.24916
56.583333,3.23503,2.62607,3.96706
56.600000,4.74819,0.69964,-4.19239
56.616667,1.81082,-1.33988,-5.59369
56.633333,-7.07016,2.25818,-5.78284
56.650000,-7.25418,0.00352,1.54899
56.666667,1.04484,-1.52784,12.98282
56.683333,2.75429,-0.84155,11.28482
56.700000,-0.45043,-4.81697,-5.37921
56.716667,3.23933,0.60196,-16.98117
56.733333,1.40793,5.02587,0.22054
56.750000,0.42167,1.96232,4.39654
56.766667,0.99150,2.18529,-0.68483
56.783333,-6.77387,-3.81428,11.70139
56.800000,7.44696,-2.45925,-14.38395
56.816667,7.18773,4.05129,-18.48223
56.833333,-17.12036,-2.35183,24.18297
56.850000,-3.83121,-3.12611,16.31508
56.866667,6.43931,-1.59449,-3.79949
56.883333,-0.60534,0.36839,-7.82699
56.900000,5.48964,8.05196,-9.58099
56.916667,7.54987,0.16258,2.89868
56.933333,4.84396,-6.73872,-1.21195
56.950000,-11.13174,5.90506,-6.62185
56.966667,-16.35333,6.26807,0.62174
56.983333,4.59427,-9.91011,6.96434
57.000000,6.32863,-8.43272,9.58320
57.016667,0.96415,4.25791,-0.56593
57.033333,6.55213,3.36245,-4.20621
57.050000,2.08099,1.64159,-1.18654
57.066667,-2.83421,3.63160,-1.07674
57.083333,-1.67458,-0.54799,0.63952
57.100000,-3.00752,-3.33836,-5.84788
57.116667,-3.02183,-2.85672,-5.60150
57.133333,-1.16368,0.37661,6.54475
57.150000,1.60990,4.90208,7.62377
57.166667,4.13059,1.60601,-0.87075
57.183333,0.67938,-3.18528,-4.71528
57.200000,-0.34182,-3.50951,1.51439
57.216667,0.25811,-2.92356,6.44201
57.233333,-2.89586,1.39059,-0.56732
57.250000,2.74730,5.86600,-5.78000
57.266667,3.46151,4.13062,-4.81739
57.283333,-4.17057,-2.35235,-3.52354
57.300000,-2.57310,-4.39026,2.37484
57.316667,-2.47153,1.00830,5.59373
57.333333,-0.77036,1.02085,3.54837
57.350000,4.88907,-3.69548,3.35480
57.366667,3.10638,-3.46235,0.31973
57.383333,-0.77154,2.87935,-5.83461
57.400000,-0.27316,5.68632,-7.40570
57.416667,4.92684,-1.04876,-0.20584
57.433333,-2.26333,2.69686,3.46706
57.450000,-14.35437,5.99267,0.60636
57.466667,-5.12117,-9.75903,5.79013
57.483333,10.25897,-11.50696,4.78242
57.500000,15.31548,1.85135,-3.47723
57.516667,6.53812,3.78705,-2.74719
57.533333,-7.01152,5.94497,-4.08988
57.550000,-13.01576,12.00791,-5.40637
57.566667,-12.29795,1.21838,-2.85859
57.583333,4.05710,-12.87804,2.76722
57.600000,13.11578,-6.64520,13.47374
57.616667,-1.23296,-0.30419,8.72075
57.633333,-3.83362,-1.01173,-6.11668
57.650000,4.23677,2.31753,-6.97365
57.666667,5.49060,3.78924,-2.88467
57.683333,4.16622,4.77932,-5.01337
57.700000,-3.29838,3.33392,-6.72864
57.716667,-8.43440,-1.45606,-0.07911
57.733333,-6.42275,-2.23990,10.23765
57.750000,-6.10586,-2.94122,14.90471
57.766667,1.93664,-6.54299,10.87079
57.783333,14.35058,-4.62752,-3.79160
57.800000,10.64386,4.50911,-17.87277
57.816667,-0.84443,8.23519,-16.04729
57.833333,-10.47946,5.91669,-8.03754
57.850000,-14.73925,2.50163,-3.97552
57.866667,0.55876,-4.05349,10.57547
57.883333,15.02287,-8.69050,31.57397
57.900000,8.13698,-8.39241,27.83535
57.916667,-3.09870,-1.35060,-2.95306
57.933333,-8.33874,7.02404,-32.40609
57.950000,-5.28770,8.38941,-37.16683
57.966667,-2.71910,7.01332,-12.29807
57.983333,-2.41626,0.91108,16.08438
58.000000,8.09871,-6.84445,21.92597
58.016667,13.77007,-7.87731,22.44007
58.033333,5.64678,-5.38791,15.83060
58.050000,-7.20880,-0.11207,-16.47106
58.066667,-16.16410,5.02651,-25.86710
58.083333,-7.13492,6.73217,-1.76009
58.100000,6.23159,3.87458,1.91030
58.116667,5.84187,-2.64845,-1.26052
58.133333,2.43230,-3.71277,6.18941
58.150000,2.63802,-2.02364,4.94859
58.166667,2.51977,-1.32271,1.43482
58.183333,-0.68760,2.55370,-2.22168
58.200000,-2.48111,2.85431,-2.71822
58.216667,-1.56220,0.13195,4.53996
58.233333,-5.51771,-2.56735,1.40871
58.250000,-6.49906,-5.20877,-6.11708
58.266667,3.77232,1.67807,-3.14591
58.283333,10.22664,5.87252,0.81654
58.300000,3.71559,-1.61569,3.04306
58.316667,-1.34048,-1.75726,3.27677
58.333333,0.27505,2.24187,1.40914
58.350000,-3.45023,0.63484,-0.01022
58.366667,-6.51359,-0.11654,-3.09407
58.383333,-1.19701,0.59901,-3.00642
58.400000,1.17841,0.55973,-1.40881
58.416667,-0.24213,-3.34153,-0.30795
58.433333,-0.37588,-6.66652,0.76803
58.450000,3.37857,-1.49625,-1.35715
58.466667,10.07922,5.51304,5.54162
58.483333,5.33225,5.11528,9.18244
58.500000,-7.05676,1.87203,-5.60635
58.516667,-9.56943,4.07554,-7.62305
58.533333,-4.98770,2.00768,3.02384
58.550000,-1.36789,-7.72054,3.12541
58.566667,1.16929,-8.67170,-0.14743
58.583333,5.93235,-3.01499,-5.29752
58.600000,7.37183,1.74392,-6.16856
58.616667,3.10375,8.04946,1.69380
58.633333,1.80180,6.78399,4.17907
58.650000,-5.30970,-2.66802,4.39176
58.666667,-16.83669,-7.77211,4.02624
58.683333,-8.26438,-3.95845,-2.41298
58.700000,14.53510,6.63829,-2.47268
58.716667,19.63102,9.14234,1.58619
58.733333,2.80698,-1.57263,-1.41727
58.750000,-10.50283,-5.45316,-0.83224
58.766667,-11.94581,-2.80833,0.57129
58.783333,-6.10984,-4.09456,-5.06373
58.800000,4.60561,-1.28023,-2.26656
58.816667,6.81709,2.76475,4.23418
58.833333,2.07629,3.44207,1.61575
58.850000,0.53372,4.58203,2.22658
58.866667,-0.58922,1.93991,4.22827
58.883333,0.56091,-2.37779,-1.36831
58.900000,1.24300,-3.29220,-5.02427
58.916667,-2.51653,-3.22735,-3.55303
58.933333,-2.48577,-1.06842,-0.66524
58.950000,0.35673,2.32759,3.42847
58.966667,-1.81122,2.05950,5.09984
58.983333,-2.52642,0.13145,1.51575
59.000000,2.45667,-0.45083,-2.68554
59.016667,4.27258,-0.69299,-3.10591
59.033333,2.41574,0.48966,-3.66419
59.050000,0.40188,1.97199,-2.61856
59.066667,-1.84271,0.40004,3.48682
59.083333,-1.32278,-1.79912,5.51830
59.100000,-1.14328,-1.32934,2.26789
59.116667,-2.56599,-0.20663,-1.63127
59.133333,-1.02351,-0.58695,-2.67019
59.150000,1.41140,-0.62142,1.77098
59.166667,2.35197,0.42512,-0.62882
59.183333,1.55216,1.45309,-5.57848
59.200000,-0.02957,2.55311,0.97054
59.216667,-0.55486,1.58586,4.61353
59.233333,-0.39782,-1.67097,-0.00862
59.250000,0.08590,-2.27758,-1.72024
59.266667,-0.86484,-0.49973,-0.90684
59.283333,-1.38913,-0.30709,0.21786
59.300000,0.42091,-0.71313,1.43754
59.316667,0.42571,-1.18638,0.80199
59.333333,-0.36727,-0.49225,-0.29643
59.350000,0.75704,3.22158,-0.26657
59.366667,2.10368,3.55338,-0.48017
59.383333,1.01145,-0.01295,-0.11471
59.400000,-0.65039,-0.69675,0.74363
59.416667,0.15601,-1.28163,0.38965
59.433333,-2.12515,-2.45838,-1.74521
59.450000,-3.84195,-1.81252,-1.93424
59.466667,-2.51994,-0.21218,0.66377
59.483333,-4.05306,2.06211,-2.42194
59.500000,5.01433,1.27116,-0.68996
59.516667,16.43415,0.61467,9.66958
59.533333,7.44518,0.29766,8.44828
59.550000,-7.27510,-2.34712,-1.01423
59.566667,-15.29688,0.97067,-13.22572
59.583333,-12.10115,1.54931,-17.94811
59.600000,1.52580,-1.41678,1.15694
59.616667,8.90030,1.92790,17.68191
59.633333,10.65249,-1.24549,12.95414
59.650000,6.06435,-2.66123,2.58177
59.666667,-4.48072,3.06541,-5.99905
59.683333,-4.61253,-0.54836,-11.40606
59.700000,-1.11290,-3.48528,-12.22136
59.716667,-3.20465,-0.14036,-3.91105
59.733333,-3.48855,2.36557,14.55338
59.750000,-0.35318,4.18134,18.84385
59.766667,4.58584,1.44956,-1.13232
59.783333,4.98236,-3.84010,-11.87218
59.800000,0.12276,-4.81214,-5.60067
59.816667,-1.49861,-0.13375,-3.07228
59.833333,-1.35225,3.89595,0.20573
59.850000,-1.80271,2.66846,4.26010
59.866667,-0.15129,0.06793,3.26080
59.883333,1.45907,-2.48981,3.36164
59.900000,0.22621,-2.21065,0.92582
59.916667,-1.28832,0.31094,-3.49429
59.933333,-0.09466,-0.16253,-3.79615
59.950000,1.12656,1.45828,-2.37461
59.966667,0.19405,3.50561,-0.00153
59.983333,-1.91721,0.48203,0.92039
60.000000,-1.38998,-2.55519,1.56986
60.016667,4.26054,-4.13931,5.52311
60.033333,4.19475,-0.45541,4.61780
60.050000,-2.95034,4.65405,-3.31156
60.066667,-2.68947,0.08219,-6.70397
60.083333,-1.03425,-3.75480,-3.24861
60.100000,-2.91668,-0.46072,-1.17847
60.116667,1.26068,3.35505,1.90793
60.133333,2.06934,5.50183,5.93938
60.150000,-1.05362,0.04191,1.59000
60.166667,2.74641,-6.65275,-2.15625
60.183333,3.43829,-3.67893,0.41726
60.200000,-0.31030,1.52640,-0.12886
60.216667,-1.83308,2.48051,-1.55437
60.233333,-2.71880,0.18513,-1.47184
60.250000,-2.11567,-1.09826,-0.89321
60.266667,-1.69821,1.14050,0.98021
60.283333,0.21575,1.99092,0.67787
60.300000,3.13053,1.23628,-0.24179
60.316667,2.86500,0.02495,1.89994
60.333333,1.52228,-2.71845,2.98280
60.350000,-1.19182,-2.39056,-0.92402
60.366667,-2.33133,0.42848,-4.33494
60.383333,-0.62394,-0.67166,-2.82543
60.400000,0.71814,-1.55474,-0.27124
60.416667,1.98163,1.86438,1.27159
60.433333,-0.67815,3.19218,4.26403
60.450000,-4.21399,3.52294,6.98791
60.466667,-1.48162,1.70023,1.70820
60.483333,2.42132,-4.03573,-5.94921
60.500000,2.51830,-3.12679,-8.01291
60.516667,3.23798,-1.65150,-8.13739
60.533333,1.13643,-1.55788,-1.11332
60.550000,-7.85260,1.08001,6.72041
60.566667,-4.77819,-1.67344,8.85175
60.583333,5.56122,2.11505,11.53472
60.600000,5.99944,5.47081,5.44251
60.616667,7.56976,0.91359,-6.47049
60.633333,-3.26201,4.39623,-17.81149
60.650000,-16.35369,-2.14680,-18.04081
60.666667,-2.20082,-10.98121,5.15977
60.683333,8.40297,-1.87932,17.13991
60.700000,2.95453,1.94913,9.53125
60.716667,-2.50524,-0.18373,6.64258
60.733333,-1.90477,3.83761,-3.89013
60.750000,4.32101,8.14152,-14.67092
60.766667,6.90062,1.34705,-7.42392
60.783333,4.47875,-4.98720,2.52131
60.800000,-9.97477,-2.39609,6.22296
60.816667,-11.80162,-10.27768,3.81443
60.833333,4.35793,-0.90515,0.84987
60.850000,-1.16633,15.20242,3.14330
60.866667,-2.40577,-3.17210,-1.09555
60.883333,11.95986,-4.70669,-6.69775
60.900000,11.33114,7.03920,-3.76742
60.916667,-3.32252,-0.86855,-0.13754
60.933333,-16.81126,0.72087,4.95491
60.950000,-4.47711,-2.57777,6.10719
60.966667,9.22174,-8.74537,-0.13269
60.983333,-1.44529,1.37313,-4.14035
61.000000,-0.71842,4.02793,-4.14929
61.016667,8.41176,2.39197,0.14767
61.033333,2.35883,4.52725,2.98914
61.050000,-6.51649,0.13207,0.39302
61.066667,-7.02562,-4.44536,-0.70735
61.083333,0.26728,-2.26677,-1.14500
61.100000,4.64924,-0.16580,-0.19294
61.116667,2.11519,-0.50005,3.17815
61.133333,1.04201,1.73711,2.36186
61.150000,-0.84165,0.34822,0.12261
61.166667,-1.42231,-2.60268,-2.18869
61.183333,3.22384,1.34879,-5.46082
61.200000,-0.44311,3.85538,-2.94688
61.216667,-6.98621,2.63683,2.14300
61.233333,-1.19884,-1.95799,4.93459
61.250000,3.52059,-6.17052,4.97186
61.266667,1.89026,-1.04702,0.06638
61.283333,1.73662,3.66142,-4.45385
61.300000,-0.16208,2.16811,-4.12132
61.316667,-0.58859,-1.09058,-0.33877
61.333333,1.27195,-2.29210,2.49485
61.350000,-0.44421,0.98697,1.35503
61.366667,-2.38005,0.05578,0.35620
61.383333,-2.45429,-1.34599,0.13671
61.400000,-0.32427,2.91818,-0.88220
61.416667,2.22301,1.87735,-0.85872
61.433333,0.26704,-0.56683,0.33498
61.450000,0.63375,0.26397,0.94116
61.466667,4.09925,-3.20512,-0.00720
61.483333,-0.32229,-3.64937,-0.56503
61.500000,-4.45394,1.12250,-0.07273
61.516667,0.89815,0.43265,1.24067
61.533333,2.37212,-0.16621,1.67730
61.550000,-4.53325,5.61856,-3.90314
61.566667,-5.30899,6.45873,-7.26645
61.583333,3.13941,-3.14923,3.08521
61.600000,6.87353,-10.29277,12.29991
61.616667,1.38376,-3.64792,4.41775
61.633333,-2.25217,6.08123,-8.12122
61.650000,0.40902,3.70955,-8.34664
61.666667,1.18029,-1.87650,-0.85232
61.683333,-1.84713,-0.35096,0.74084
61.700000,-2.61650,1.01783,0.10239
61.716667,-2.89792,1.03876,4.77708
61.733333,-2.72190,1.03000,7.35664
61.750000,2.72734,-1.83427,2.72270
61.766667,6.17055,-3.11823,-4.39670
61.783333,1.98147,-0.84433,-6.64453
61.800000,-1.18865,1.51965,-4.01346
61.816667,-0.60242,0.88845,-1.70875
61.833333,-2.97260,0.07906,1.73938
61.850000,-1.56120,1.65379,4.38771
61.866667,6.27479,1.45842,2.39975
61.883333,1.13411,1.26641,0.92419
61.900000,-9.60339,-2.89942,0.37984
61.916667,-4.57495,-6.30286,-1.12005
61.933333,2.71208,3.98205,1.67603
61.950000,3.87642,6.02265,0.76578
61.966667,6.97308,-4.95593,-6.33228
61.983333,6.57729,-4.28658,-2.18505
62.000000,-1.95475,1.94725,2.33869
62.016667,-8.54947,2.96448,-1.69187
62.033333,-6.88748,1.58603,1.20556
62.050000,-3.33783,0.13280,1.40033
62.066667,2.43251,-0.06212,1.46328
62.083333,6.81761,-0.57029,7.63533
62.100000,3.03488,-0.74522,-0.64084
62.116667,1.27832,-0.43681,-7.88025
62.133333,1.57044,-1.36350,-2.30406
62.150000,-0.74917,-3.16497,-1.55807
62.166667,-3.80356,-0.26815,1.13178
62.183333,-7.14924,5.35464,2.22142
62.200000,1.48438,1.36207,-2.27504
62.216667,9.49271,-3.08760,2.17441
62.233333,-2.39904,3.78212,5.49973
62.250000,-8.79061,3.25870,1.08165
62.266667,-2.15505,-5.35445,-2.18519
62.283333,4.08479,-2.33924,-2.54419
62.300000,11.99375,-0.17349,0.46536
62.316667,7.23838,-1.04761,-2.09690
62.333333,-8.55003,4.61476,-6.12901
62.350000,-11.65331,-1.35234,2.02332
62.366667,-5.59659,-7.34738,2.90804
62.383333,1.86018,1.41024,0.25019
62.400000,9.07221,4.61475,8.62727
62.416667,7.39567,5.52984,-1.64134
62.433333,0.40820,7.30508,-8.92836
62.450000,-0.89269,-1.32562,4.81060
62.466667,-5.90881,-9.02317,4.51463
62.483333,-13.48682,-9.33360,5.18965
62.500000,1.45283,-8.26842,-4.90705
62.516667,14.87406,2.55035,-25.57143
62.533333,1.74399,16.86626,-6.11048
62.550000,-3.76282,9.29732,17.70492
62.566667,-0.24214,-4.12570,21.39052
62.583333,-2.12617,-3.32831,15.11261
62.600000,0.44425,-5.49445,-13.17203
62.616667,0.19998,-5.01248,-20.64081
62.633333,0.62371,-0.72619,-1.66615
62.650000,1.76478,-1.04250,-0.98010
62.666667,-3.54848,4.14632,-3.41415
62.683333,-1.29502,3.48672,2.44397
62.700000,-0.50354,5.73314,2.87094
62.716667,-1.42062,8.50071,5.40730
62.733333,5.87006,-9.57145,15.75318
62.750000,0.08367,-11.47768,18.38116
62.766667,-5.18897,-1.39728,-11.13228
62.783333,9.41104,-4.92993,-41.99478
62.800000,12.12754,5.24570,-19.04772
62.816667,-12.47838,15.01933,20.25871
62.833333,-22.46258,2.01192,22.37966
62.850000,1.58238,-7.68690,10.38203
62.866667,9.50906,-1.10809,3.62223
62.883333,1.58452,4.05430,-5.80899
62.900000,9.98781,-1.78818,-9.84879
62.916667,7.81735,-9.28369,-10.01789
62.933333,-2.57052,-5.69034,-7.42739
62.950000,-0.99288,5.56407,4.91710
62.966667,-4.15035,6.77587,5.29583
62.983333,-17.95929,4.73766,7.37069
63.000000,-11.97167,4.57181,16.03348
63.016667,15.07173,-3.37641,-6.86041
63.033333,12.71595,-6.20814,-16.08266
63.050000,1.23215,-4.89602,2.26381
63.066667,0.15233,-4.64206,4.59941
63.083333,-8.03656,3.41601,3.52553
63.100000,10.99457,6.38672,-12.04904
63.116667,12.59129,2.75498,-16.30073
63.133333,-17.69695,3.09676,12.92453
63.150000,-11.03550,-0.62689,15.40231
63.166667,-3.36034,-5.71217,5.96309
63.183333,-6.40626,-4.14277,3.88402
63.200000,5.51395,-1.06849,-8.44136
63.216667,16.14028,1.44938,-7.40230
63.233333,17.68896,2.29584,-5.29633
63.250000,-3.02557,3.55854,-6.34525
63.266667,-16.79445,4.95872,4.63448
63.283333,-7.64444,-3.03410,6.62346
63.300000,-4.80721,-6.76631,3.37591
63.316667,0.28188,0.52641,2.78319
63.333333,8.55136,-1.57724,-2.30847
63.350000,6.39850,-1.91573,-2.06170
63.366667,-1.07483,7.19229,1.07598
63.383333,-3.61070,5.37155,-2.01070
63.400000,1.79416,-2.03767,-2.83376
63.416667,3.93757,-4.83560,0.73576
63.433333,-0.29524,-3.68555,-0.58814
63.450000,-4.86743,0.03174,-1.80829
63.466667,-4.20595,-1.25354,0.60487
63.483333,-1.04877,-0.03028,3.59523
63.500000,-3.18115,8.48226,9.79735
63.516667,1.14398,6.35445,2.62153
63.533333,10.35920,-4.41442,-11.60054
63.550000,6.16307,-5.82372,-7.04003
63.566667,-1.79151,-2.80674,-0.82357
63.583333,-4.26381,-1.93833,1.57373
63.600000,-4.52535,0.81671,4.61209
63.616667,-2.67994,2.67712,0.93920
63.633333,-1.70730,2.04662,1.45549
63.650000,1.85892,0.65108,1.55172
63.666667,3.12280,0.12315,-0.57166
63.683333,-0.25349,1.74033,2.35858
63.700000,2.04697,0.71985,-0.32082
63.716667,1.22889,-2.76716,-5.47408
63.733333,-0.74473,-3.13452,-4.68624
63.750000,2.48099,-1.30100,-1.19451
63.766667,-3.20186,1.28260,2.49736
63.783333,-6.38395,2.43337,6.78237
63.800000,2.10334,0.33722,4.90822
63.816667,4.34501,-0.55746,-5.36340
63.833333,0.15217,-0.23494,-5.54001
63.850000,-0.64601,-0.52983,1.70008
63.866667,0.65404,0.63814,0.58320
63.883333,-1.92807,1.29895,2.01101
63.900000,-4.27900,1.49906,4.97655
63.916667,1.28384,1.38314,0.17035
63.933333,5.54382,-2.08254,-2.34333
63.950000,2.86515,-4.84037,-5.42760
63.966667,0.26330,-4.24719,-8.45856
63.983333,-0.71201,-0.39593,-2.09913
64.000000,-3.72905,3.69549,1.74482
64.016667,-7.32378,4.74594,12.14076
64.033333,-3.70131,8.55996,21.09800
64.050000,5.20361,4.63528,-2.44916
64.066667,9.66898,-7.06691,-16.29778
64.083333,5.36361,-9.51744,-7.93899
64.100000,-4.52050,-9.66829,-11.99318
64.116667,-8.46368,-1.15200,-1.39191
64.133333,-2.07943,3.79938,10.33622
64.150000,2.91870,-0.70264,2.23907
64.166667,2.25222,22.92398,17.80916
64.183333,5.29760,21.85656,20.36932
64.200000,1.15160,-23.54539,-22.30907
64.216667,-10.96265,-25.08763,-29.08738
64.233333,-2.54783,-1.37194,2.99130
64.250000,7.93146,3.19838,6.97705
64.266667,0.08982,9.19025,3.86922
64.283333,-1.26443,8.68909,10.45911
64.300000,-0.32918,-0.12229,2.69471
64.316667,-2.29664,-3.06466,-2.82340
64.333333,4.39163,0.40293,-1.96197
64.350000,6.60913,1.23506,-7.00784
64.366667,-0.69085,-4.53567,-3.12491
64.383333,-7.10149,-3.79949,2.41444
64.400000,-8.42620,0.33017,0.45570
64.416667,-2.01664,0.91334,3.81624
64.433333,6.59426,3.19313,4.05225
64.450000,6.56675,1.51093,-0.94861
64.466667,2.69515,-1.11624,-1.62297
64.483333,-0.55182,1.47782,-2.19480
64.500000,-4.96048,0.85071,-1.34298
64.516667,-0.24214,-3.05802,-0.93785
64.533333,3.24743,-3.00225,-1.58892
64.550000,-5.70419,-0.40344,2.53914
64.566667,-5.44718,1.70389,4.03505
64.583333,3.65240,3.81724,1.41457
64.600000,7.01986,2.05689,-1.61907
64.616667,4.51025,-2.60775,-4.07987
64.633333,-2.78102,-2.22714,-0.10880
64.650000,-5.03369,-0.19578,2.51819
64.666667,-2.00272,-0.96918,-0.64102
64.683333,-0.37161,-0.41719,-1.21981
64.700000,1.65434,1.87332,-0.29727
64.716667,0.53282,2.16774,1.89668
64.733333,0.26994,-0.33390,1.83586
64.750000,2.97747,-0.91315,-1.68001
64.766667,0.10017,0.92834,-1.09832
64.783333,-2.85195,-0.78508,-0.21981
64.800000,-0.57047,-2.84879,0.91064
64.816667,1.17775,-0.21113,1.44101
64.833333,-0.18413,1.72195,-2.26928
64.850000,-0.59723,0.97607,-1.64889
64.866667,1.29156,0.71227,1.00748
64.883333,-0.84846,0.60041,1.85421
64.900000,-2.15849,-0.15465,2.17335
64.916667,0.84657,-0.70204,-0.38684
64.933333,1.13004,-0.76848,-1.43417
64.950000,2.27290,-1.20346,-2.13333
64.966667,1.21301,-0.72736,-2.29571
64.983333,-2.52523,-0.27131,1.23204
65.000000,-1.02798,-0.06640,2.09572
65.016667,-1.39011,2.91473,1.07665
65.033333,-1.29784,4.11911,1.66611
65.050000,1.82307,1.03489,0.73072
65.066667,1.67407,-4.27375,-2.17974
65.083333,1.11662,-7.03497,-2.30970
65.100000,-0.72719,-0.72942,-0.74444
65.116667,-0.35286,5.18506,-1.16855
65.133333,0.60548,3.85672,2.06341
65.150000,-1.43928,0.71678,3.10657
65.166667,0.09281,-2.00657,-0.69719
65.183333,-0.10373,-1.64448,0.01892
65.200000,0.10354,-0.88065,-1.83805
65.216667,0.65620,-1.19598,-1.63870
65.233333,-2.60167,1.01110,3.01230
65.250000,0.60781,2.61808,-0.16607
65.266667,2.11434,0.54567,-0.53793
65.283333,0.03423,-2.37602,0.67663
65.300000,1.86915,-1.22917,-2.13513
65.316667,-1.17511,1.38318,0.55651
65.333333,-3.36081,1.09155,1.12167
65.350000,-0.21555,0.15604,-0.78731
65.366667,2.63816,-1.02167,0.42659
65.383333,3.09509,-0.05078,0.27022
65.400000,-1.69134,2.02736,-0.00235
65.416667,-3.02481,-0.22393,0.32231
65.433333,-0.44595,-3.45110,0.52413
65.450000,-1.00489,-4.02349,-1.67090
65.466667,1.55060,1.24115,-2.27950
65.483333,3.28728,7.82593,2.52341
65.500000,-1.30739,2.63303,1.64034
65.516667,-2.58451,-4.38101,-1.63599
65.533333,1.46336,-1.28983,0.86910
65.550000,2.57312,0.35160,0.35880
65.566667,0.97652,-0.62492,-1.17474
65.583333,-0.70632,-1.07756,0.67648
65.600000,-2.83282,-3.84243,-0.53920
65.616667,-1.26027,1.07664,-1.65265
65.633333,-1.12135,6.00541,0.57632
65.650000,-3.04709,0.67177,1.38763
65.666667,0.45530,1.70010,1.85826
65.683333,2.74188,0.21741,0.50966
65.700000,3.07555,-9.32880,-3.23869
65.716667,4.84624,-5.24610,-2.30100
65.733333,11.45322,4.50195,-0.13363
65.750000,7.24527,11.83547,1.64465
65.766667,-26.25942,9.60796,4.63993
65.783333,-32.31998,-11.11657,0.89840
65.800000,8.79374,-15.73300,-1.44952
65.816667,26.02898,0.91233,-0.96715
65.833333,12.85146,6.24582,-6.45605
65.850000,0.68404,5.37554,-1.63987
65.866667,-7.51508,2.30377,5.21153
65.883333,-4.01339,-3.93580,1.63001
65.900000,2.09846,1.78034,4.00685
65.916667,-3.26849,5.90873,1.51485
65.933333,-9.25023,-4.61200,-5.36710
65.950000,-3.06470,-8.48119,-4.13134
65.966667,6.51886,-1.69936,-1.81823
65.983333,4.95048,1.81976,4.72722
66.000000,1.37264,3.19555,3.76902
66.016667,3.34554,4.05126,-2.25758
66.033333,0.47830,2.90785,0.25584
66.050000,-3.23387,0.41563,-2.03282
66.066667,-1.75747,-2.71577,-1.07634
66.083333,-1.47260,-2.50916,3.31669
66.100000,-0.94838,-1.36450,-0.20386
66.116667,-0.37209,-2.87663,-0.68447
66.133333,-0.46870,-1.81108,-0.52103
66.150000,1.32339,1.66248,-1.55611
66.166667,0.75461,3.82466,0.62285
66.183333,0.51860,4.32251,1.06327
66.200000,1.43596,1.41124,-0.08036
66.216667,2.02515,0.26601,0.26105
66.233333,2.54569,0.11343,0.97628
66.250000,-4.45210,-9.11846,0.17775
66.266667,-6.99887,-9.63407,-1.71507
66.283333,1.53353,8.70434,-2.23647
66.300000,2.79507,11.58117,2.98347
66.316667,0.39802,-5.10704,2.67642
66.333333,2.56501,-6.93522,-5.12886
66.350000,1.01162,4.15352,0.26902
66.366667,-1.67522,5.11980,3.63751
66.383333,-0.25088,-1.22770,-2.87883
66.400000,-0.77118,-3.20508,0.23095
66.416667,-1.53920,-1.21980,1.26923
66.433333,1.04683,0.37219,-0.70583
66.450000,-0.56290,0.19355,1.81159
66.466667,-1.91928,-0.99707,-0.02825
66.483333,2.53340,-0.98015,-1.94472
66.500000,3.01736,0.79449,-1.00573
66.516667,0.45423,2.58212,0.52239
66.533333,0.45223,3.37939,-0.10278
66.550000,-3.27537,-1.25672,-0.56753
66.566667,-5.74318,-5.92133,2.56979
66.583333,1.84614,1.21488,-0.17187
66.600000,4.67170,5.45963,-0.62413
66.616667,0.20023,-0.45426,4.14215
66.633333,0.06497,-3.43064,-1.67864
66.650000,-0.89824,-3.98312,-6.78911
66.666667,0.44676,0.41333,-1.93503
66.683333,1.17094,2.30586,4.59137
66.700000,-3.93531,-2.12100,4.43481
66.716667,-0.61396,3.61846,-2.56855
66.733333,3.12662,6.52837,-0.26202
66.750000,-0.30721,-1.35263,3.57947
66.766667,-0.57026,-5.21381,-2.62292
66.783333,0.36643,-3.24840,-3.32007
66.800000,1.16001,3.53678,-0.14867
66.816667,-0.10716,3.38086,1.28358
66.833333,-2.20269,-5.24538,2.52696
66.850000,0.42468,-4.45917,-1.00987
66.866667,1.47628,2.40808,-0.89175
66.883333,-0.59423,4.41542,1.53086
66.900000,-0.89414,2.33296,-1.42041
66.916667,-0.32040,-0.46688,-0.88863
66.933333,0.30348,-1.35645,0.86395
66.950000,1.59710,-1.58091,0.43811
66.966667,1.41586,-1.10866,0.66029
66.983333,-1.97684,1.62342,0.07714
67.000000,-3.01310,2.15416,0.09217
67.016667,1.33250,-1.99825,-1.76816
67.033333,2.34723,-4.37663,-1.09237
67.050000,-0.48049,-0.58937,1.99370
67.066667,0.50511,3.87970,0.05285
67.083333,0.20849,2.81393,0.51304
67.100000,-1.95043,0.40770,0.33871
67.116667,-0.48952,1.30029,-2.20078
67.133333,0.15859,-0.84309,0.80505
67.150000,0.29234,-5.36081,1.20244
67.166667,1.42472,-1.85199,-0.41706
67.183333,1.25437,4.17477,0.43207
67.200000,-0.26421,1.69206,-0.75600
67.216667,-3.02927,-3.39066,-0.76581
67.233333,-2.05515,-2.53617,-0.73223
67.250000,2.35037,3.09476,-0.51120
67.266667,3.65482,7.35494,3.36193
67.283333,1.62383,2.70935,2.42230
67.300000,-2.90077,-8.46016,-2.91385
67.316667,-4.32173,-9.06735,-3.11328
67.333333,-0.18948,1.18153,-0.58969
67.350000,0.31921,3.33206,1.02860
67.366667,0.35396,2.76473,1.77392
67.383333,4.47299,9.43515,2.06460
67.400000,4.19797,7.83849,2.84857
67.416667,0.16372,-5.92540,-1.38696
67.433333,-4.43238,-14.24502,-6.35626
67.450000,-6.03770,-10.69268,-2.07199
67.466667,-1.80043,-1.93474,1.82644
67.483333,0.32652,9.10638,1.54261
67.500000,1.51956,12.10098,2.15657
67.516667,4.24728,4.37371,1.27817
67.533333,5.63813,3.08877,1.59180
67.550000,4.52422,1.81117,0.85877
67.566667,-3.90454,-8.15557,-2.79926
67.583333,-8.49385,-12.86939,-4.03800
67.600000,-3.30577,-6.61561,-1.35538
67.616667,-0.96466,5.89525,1.93407
67.633333,1.21526,7.92795,-0.61179
67.650000,3.75517,-0.34522,-0.33318
67.666667,2.77851,0.20186,4.56904
67.683333,2.93592,4.47713,2.55576
67.700000,0.00801,2.00879,0.57041
67.716667,-2.68795,-3.93056,-1.61391
67.733333,-0.08563,-2.65545,-4.98581
67.750000,-1.67228,1.89652,-2.15622
67.766667,-3.24306,-1.20665,-0.43975
67.783333,0.03594,-1.28115,1.18460
67.800000,1.63842,0.47235,4.25707
67.816667,2.53400,-1.07105,1.96490
67.833333,0.53595,-1.08344,0.37571
67.850000,-0.47094,-2.24057,-0.19564
67.866667,0.30080,1.17770,-4.50710
67.883333,-3.20625,4.21321,-2.88545
67.900000,1.03323,2.95751,2.41255
67.916667,3.31393,4.30701,0.93713
67.933333,-0.55006,2.77561,2.14774
67.950000,2.94253,0.88686,2.51482
67.966667,-6.13890,-11.13160,-2.77529
67.983333,-9.52959,-24.59072,-2.23727
68.000000,8.11848,-2.91436,-2.77016
68.016667,8.24040,24.18807,0.20026
68.033333,0.01077,20.86574,6.92045
68.050000,-2.70718,5.80576,1.23172
68.066667,-8.37394,-10.16264,-3.19003
68.083333,-2.03638,-20.15323,-2.47792
68.100000,10.10868,-11.97217,-2.70852
68.116667,6.98014,6.90701,2.10703
68.133333,-3.90632,16.28040,5.13684
68.150000,-6.03031,10.32363,-0.04664
68.166667,-5.38603,-4.40997,-3.88927
68.183333,-3.22243,-16.57544,-0.51898
68.200000,5.44847,-9.60240,-1.89222
68.216667,7.43262,7.14120,-0.08915
68.233333,2.07726,12.54095,7.07867
68.250000,-2.91336,6.15154,0.40628
68.266667,-3.77399,-3.79831,-4.57841
68.283333,0.01481,-6.66626,-2.43799
68.300000,1.15575,-2.38954,-0.51774
68.316667,1.05948,1.50873,3.75094
68.333333,-0.51151,2.19810,1.10438
68.350000,-2.91533,-0.49722,-0.15352
68.366667,-1.50482,-2.26984,-0.07555
68.383333,1.02711,-0.81205,-2.89104
68.400000,2.27547,2.13701,0.18178
68.416667,2.04232,1.45151,0.33417
68.433333,3.75915,2.22649,0.73055
68.450000,-1.83974,2.98569,2.93710
68.466667,-9.28735,-8.97348,-2.03985
68.483333,2.68829,-7.73722,-3.70638
68.500000,7.30785,9.44188,1.61221
68.516667,-4.38311,6.50860,3.31792
68.533333,-3.11006,-1.20775,-1.06841
68.550000,1.61601,-0.75606,-0.93065
68.566667,1.06311,-4.37056,1.28077
68.583333,1.73348,-2.90946,-2.23477
68.600000,0.31789,1.23897,0.01461
68.616667,-0.94841,1.53989,2.00252
68.633333,0.34903,2.15092,-2.15756
68.650000,0.99569,1.93205,0.72380
68.666667,-4.22898,-0.33785,2.27116
68.683333,-3.61960,-4.20230,-1.54471
68.700000,6.42519,-2.11488,-1.06149
68.716667,3.15326,4.27119,0.65964
68.733333,-3.82064,2.44757,0.18441
68.750000,-0.37006,-2.29644,-1.00722
68.766667,0.29553,-3.64677,0.84720
68.783333,0.49012,-1.07254,1.66183
68.800000,0.78469,5.32102,-1.30873
68.816667,-1.57303,3.79825,-0.32614
68.833333,-0.45446,-3.30421,0.21310
68.850000,0.29368,-3.93329,-1.40371
68.866667,0.06018,-1.48453,0.40160
68.883333,1.07465,2.11682,0.86667
68.900000,-0.18821,3.87034,0.25071
68.916667,-0.83451,0.26805,0.97401
68.933333,0.74315,-0.97776,0.04761
68.950000,0.12258,-1.03767,-1.12561
68.966667,-0.33815,-3.54472,-0.61337
68.983333,0.76438,-0.99364,-0.17073
69.000000,-1.01820,1.94193,-0.75793
69.016667,-1.44593,-0.02388,0.24147
69.033333,2.29747,3.69295,1.69208
69.050000,0.63332,5.31982,-0.22339
69.066667,-3.15828,-4.29081,-0.21476
69.083333,1.37242,-3.99716,1.06191
69.100000,2.06318,4.02183,-0.30734
69.116667,-1.95667,-0.87040,1.43388
69.133333,0.80042,-7.02238,-0.51156
69.150000,-0.08899,-3.57463,-5.14895
69.166667,-2.42491,3.77792,-1.05089
69.183333,1.44010,5.48240,2.43445
69.200000,2.03559,1.90104,1.94405
69.216667,-0.88965,2.96768,2.23010
69.233333,0.23969,0.32535,1.55554
69.250000,2.32385,-1.71159,-1.34148
69.266667,-2.84739,-0.66981,-2.49792
69.283333,-3.57599,-6.57634,-0.22231
69.300000,1.13284,-2.87708,-2.65039
69.316667,0.16698,0.42984,0.02759
69.333333,2.81633,-1.27044,4.27686
69.350000,2.17920,8.00619,-1.43217
69.366667,-1.44931,5.76326,1.58284
69.383333,-0.40570,-1.57841,0.04838
69.400000,-3.46439,-2.68294,-4.81035
69.416667,0.59333,-6.62525,4.39833
69.433333,4.34644,0.71842,0.87828
69.450000,-2.01551,5.23913,-3.05797
69.466667,-1.53880,-1.25419,0.70338
69.483333,0.06684,-2.99479,-1.35561
69.500000,1.92107,0.40293,3.15893
69.516667,2.88785,9.54422,1.73075
69.533333,-6.24250,1.99096,-1.70881
69.550000,-3.54709,-15.80378,-3.64671
69.566667,5.83000,-6.36264,-5.62124
69.583333,2.10010,6.18322,7.63137
69.600000,1.45354,6.47457,5.92207
69.616667,-2.11197,5.06047,-4.67216
69.633333,-4.94303,-2.18040,-0.17960
69.650000,5.76684,2.79266,-2.07463
69.666667,0.51053,2.97060,-0.08986
69.683333,-6.44390,-11.47030,2.76637
69.700000,4.12505,-1.86592,-2.51992
69.716667,0.74580,5.31581,1.26550
69.733333,-5.41014,-5.68659,0.82670
69.750000,2.11777,-1.61871,-2.99664
69.766667,4.99714,4.01599,1.35371
69.783333,1.13078,3.79772,0.69957
69.800000,-3.12782,3.64421,-0.68573
69.816667,-2.14270,-0.77356,1.63249
69.833333,1.78151,-0.73354,-0.01353
69.850000,-0.37773,-0.73624,-0.94822
69.866667,-1.69632,-3.26786,0.41095
69.883333,0.29211,-2.09077,-0.34651
69.900000,-0.70372,-1.32870,-1.62576
69.916667,1.55662,-0.04110,-0.30731
69.933333,4.09425,2.28586,1.79417
69.950000,-0.46493,3.56534,1.31191
69.966667,-3.59061,1.84130,-0.03805
69.983333,-2.03942,-3.35590,-0.79534
70.000000,0.94772,-1.45205,-1.61087
70.016667,1.82794,3.78771,-0.94699
70.033333,1.15330,2.28209,1.41332
70.050000,0.62064,0.37959,1.67575
70.066667,-3.80741,-7.63652,0.35800
70.083333,-2.30273,-12.86475,0.81291
70.100000,4.51935,4.62159,-0.75359
70.116667,2.52031,16.87080,-3.38381
70.133333,-0.34326,7.29069,-1.91376
70.150000,-2.12133,-2.55773,0.86477
70.166667,-4.36979,-10.28203,3.07805
70.183333,1.24413,-12.07889,3.50709
70.200000,3.89195,-1.07705,0.35794
70.216667,-0.66603,7.78701,-2.23599
70.233333,0.52417,9.98410,-3.04360
70.250000,1.86263,7.31827,-3.06803
70.266667,-3.16449,-3.92191,1.30949
70.283333,-3.76311,-11.17981,4.00255
70.300000,1.71277,-5.96427,0.48487
70.316667,3.32741,2.77875,0.27333
70.333333,1.20188,5.60378,0.39175
70.350000,-0.29113,1.39499,-1.58600
70.366667,-2.13694,-0.27148,-0.30770
70.383333,-1.72065,1.72040,-2.33025
70.400000,0.14477,-0.11790,-2.31763
70.416667,0.56026,-3.55774,3.69948
70.433333,1.26662,-3.33076,3.47190
70.450000,0.45373,1.06575,-0.25067
70.466667,0.31545,4.20418,-1.58823
70.483333,1.30656,2.37595,-1.24999
70.500000,0.11944,0.31859,0.41935
70.516667,-2.14286,-0.53190,-0.04518
70.533333,-3.71301,-3.50115,-1.46065
70.550000,0.15066,-4.30731,0.03569
70.566667,1.77798,-0.19159,1.84908
70.583333,-0.74297,0.29483,-1.31701
70.600000,5.41253,0.85242,-0.62645
70.616667,5.56408,9.22401,4.84188
70.633333,-5.62016,7.58037,-0.25012
70.650000,-6.69655,-7.14046,-4.03828
70.666667,-2.27997,-11.63638,0.33562
70.683333,0.52058,-5.16861,-0.72756
70.700000,5.17960,2.62469,-0.49540
70.716667,4.35101,8.97115,2.28940
70.733333,1.86715,8.18512,0.51748
70.750000,-2.12135,-0.03857,-0.99494
70.766667,-7.01170,-8.64199,-0.68548
70.783333,-0.66635,-5.87468,0.07911
70.800000,1.75161,1.77789,1.98475
70.816667,-0.59754,0.68887,1.89129
70.833333,4.13575,2.29868,-2.71682
70.850000,1.64049,4.86476,-3.43475
70.866667,-1.58769,-0.43548,0.36088
70.883333,-1.40107,-2.41706,0.81295
70.900000,-2.16785,-2.63532,2.72733
70.916667,2.61544,-3.19543,3.04061
70.933333,1.32468,1.73926,-1.84808
70.950000,-2.95055,4.47731,-3.44405
70.966667,-0.96258,1.14964,-2.22503
70.983333,0.97524,-0.21158,1.38883
71.000000,2.36555,0.75724,3.92773
71.016667,-0.86371,-2.69527,0.39400
71.033333,-1.59514,-5.12413,-1.58223
71.050000,2.70933,-0.64565,-0.72049
71.066667,-0.23161,3.34493,-0.40503
71.083333,-2.14225,3.63854,-0.29435
71.100000,0.24805,1.77833,-0.47881
71.116667,-0.32338,-1.17367,0.78515
71.133333,0.56194,-1.73259,1.27052
71.150000,1.58597,-0.56925,0.07740
71.166667,-0.87709,-0.97460,0.16704
71.183333,-1.59591,-1.51217,-0.54135
71.200000,0.47313,-0.27181,-1.59645
71.216667,0.75231,1.35763,-0.05615
71.233333,0.78371,2.31946,0.80826
71.250000,0.97312,1.94420,0.25339
71.266667,-1.33138,0.40313,0.77342
71.283333,-1.74693,-1.96752,0.29287
71.300000,0.11574,-3.26778,-1.04200
71.316667,0.37949,-1.62376,-0.06077
71.333333,0.45690,-0.23278,0.49288
71.350000,1.26195,2.04317,-1.02690
71.366667,1.28379,4.81320,-0.09295
71.383333,-1.37774,3.34879,0.62496
71.400000,-3.49535,-0.98415,0.00027
71.416667,-0.68563,-7.28073,1.24264
71.433333,3.58165,-7.81709,-0.75998
71.450000,4.41204,1.46375,-1.07653
71.466667,-0.61829,8.34811,1.90893
71.483333,-4.50265,7.39355,-0.68289
71.500000,-2.13819,0.49964,-2.07802
71.516667,-2.15227,-5.74055,-0.41436
71.533333,0.19267,-5.07014,0.97676
71.550000,6.39986,-2.59712,2.36148
71.566667,3.74058,0.47505,0.81257
71.583333,-1.43044,4.26574,-0.15494
71.600000,-3.16789,3.25424,-1.14592
71.616667,-3.22861,0.58924,-2.00857
71.633333,-0.56338,0.02740,-1.34280
71.650000,0.20432,-2.95386,-0.07543
71.666667,0.56139,-3.84190,2.55750
71.683333,2.70044,-0.06182,0.71213
71.700000,2.96456,0.20619,0.50736
71.716667,0.17345,3.34229,1.92402
71.733333,-2.75969,6.86352,-2.70414
71.750000,-2.78969,-1.80112,-2.12647
71.766667,-1.72538,-6.72591,0.69912
71.783333,0.72980,-1.86030,-0.23897
71.800000,4.04082,0.14386,0.19262
71.816667,1.72987,2.23144,1.76526
71.833333,-4.26019,3.20878,2.64816
71.850000,-1.42322,-0.63978,-2.21148
71.866667,4.55577,-1.96070,-3.67164
71.883333,1.57715,0.76769,1.18875
71.900000,0.18868,1.46745,0.24806
71.916667,-2.25239,-0.70472,0.27266
71.933333,-8.37692,-1.78765,2.64009
71.950000,-1.07282,-1.99672,1.27391
71.966667,8.48025,-0.12348,-1.95875
71.983333,4.89309,3.71279,-4.03320
72.000000,-1.44181,2.72884,0.79640
72.016667,-2.53120,-1.34656,2.72402
72.033333,-1.06282,-2.97128,-1.32458
72.050000,-0.78974,-1.35381,1.17318
72.066667,-0.72358,1.43271,1.93011
72.083333,-0.91990,0.72130,-2.21257
72.100000,0.40109,0.33651,-1.37037
72.116667,1.71070,1.41350,0.45014
72.133333,-0.80714,-1.59224,-0.03881
72.150000,0.90595,-2.31098,0.71483
72.166667,4.40450,1.34056,1.38056
72.183333,-1.09733,1.32307,-0.65104
72.200000,-5.38845,-0.60206,-1.01071
72.216667,1.37262,0.96585,0.14019
72.233333,1.35458,1.31359,-0.94845
72.250000,-6.39464,-2.48602,0.72579
72.266667,1.95156,-1.95372,1.66912
72.283333,8.31097,1.36740,-1.01927
72.300000,-1.15857,0.72410,-0.47063
72.316667,-2.78742,0.85800,-0.30011
72.333333,-0.44691,0.48921,-0.42615
72.350000,-0.70205,-1.25279,1.76499
72.366667,0.23710,-0.31477,0.61112
72.383333,-1.33450,0.19686,-1.16510
72.400000,0.40256,0.12942,-0.80459
72.416667,1.36926,0.23639,-0.64592
72.433333,-0.64362,-0.20841,0.22111
72.450000,1.39579,-0.52940,1.15133
72.466667,1.42552,-0.66940,1.09750
72.483333,-0.53934,1.19561,-0.25669
72.500000,-1.83622,2.21717,-1.39201
72.516667,-2.76736,-0.51116,-0.40078
72.533333,0.48848,-3.03501,0.13828
72.550000,2.62319,-1.16095,0.58132
72.566667,1.13306,2.43550,1.04634
72.583333,-0.98404,1.28374,-0.70386
72.600000,-1.65047,-0.58510,-0.91490
72.616667,1.83739,0.03550,0.26899
72.633333,1.24294,-1.12808,0.33623
72.650000,-2.56661,-1.04683,0.57610
72.666667,0.42547,1.00297,-0.41050
72.683333,1.56883,1.40182,-0.75619
72.700000,-1.73363,0.24986,0.70825
72.716667,-0.87471,-1.25034,0.40004
72.733333,0.31462,-0.99578,-0.65835
72.750000,0.47664,0.39746,-0.45446
72.766667,1.30090,1.29317,0.37613
72.783333,-0.51230,0.94166,0.78003
72.800000,-0.47376,-0.32186,-0.13695
72.816667,1.24367,-1.25136,-0.57185
72.833333,-0.31415,-1.98348,0.23205
72.850000,-0.37645,-0.68470,-0.03823
72.866667,-0.10646,1.61995,-0.27696
72.883333,-1.26484,2.10497,0.03125
72.900000,-0.17866,1.18882,-0.15476
72.916667,0.53646,0.32283,0.50454
72.933333,0.43073,-0.75228,0.08531
72.950000,0.52036,-3.63552,-0.22767
72.966667,0.66386,-1.24024,0.78775
72.983333,0.38825,3.49361,-0.63288
73.000000,-0.79927,-0.38549,-0.66718
73.016667,-0.97428,-1.67887,0.40736
73.033333,-0.99718,2.04448,-0.86977
73.050000,1.11950,1.20565,0.79401
73.066667,1.43126,0.01375,1.57450
73.083333,-2.52346,-1.10428,-1.35499
73.100000,0.35980,-1.67924,-0.49470
73.116667,2.76917,0.11049,0.84289
73.133333,-1.40281,0.33194,-0.39768
73.150000,-0.72833,0.66449,-0.17519
73.166667,1.20467,1.10060,-0.23414
73.183333,0.23252,-0.41604,0.02714
73.200000,-0.66360,-0.69826,1.04838
73.216667,-1.55856,0.40998,-0.24973
73.233333,-1.13844,0.05137,-0.89867
73.250000,0.53441,-1.23666,0.44872
73.266667,3.11209,-0.51119,0.51702
73.283333,1.82465,1.05201,-0.35528
73.300000,-2.38869,0.56882,-0.29293
73.316667,-0.66229,0.85207,-0.11937
73.333333,-0.49560,0.60205,-0.03505
73.350000,-2.80983,-2.18738,0.74362
73.366667,1.77855,-1.18617,0.30368
73.383333,2.74151,1.52397,-0.88596
73.400000,0.38798,1.44747,-1.04832
73.416667,1.48613,-0.57046,0.15350
73.433333,-1.11138,-1.65833,2.28455
73.450000,-3.91557,1.22756,-0.23033
73.466667,-4.94645,-1.60283,-2.30831
73.483333,1.14301,-2.90925,3.09136
73.500000,10.77526,5.81782,1.45452
73.516667,1.81979,3.33642,-5.28410
73.533333,-6.85684,-3.91737,-1.44050
73.550000,0.89825,-0.84418,1.94166
73.566667,-0.68977,-0.04213,1.27665
73.583333,-5.89692,-2.69387,3.11056
73.600000,3.04561,-0.77897,-0.18344
73.616667,5.85936,3.10349,-3.55867
73.633333,-2.96445,1.70528,-1.22110
73.650000,-0.49115,-0.64133,1.98437
73.666667,2.58010,1.26844,3.33162
73.683333,-5.73827,-0.31151,-2.83734
73.700000,-1.90613,-3.21696,-4.53942
73.716667,7.49165,-0.81022,3.98886
73.733333,4.56769,0.27910,2.66209
73.750000,0.67960,1.52704,-2.22451
73.766667,-5.36340,4.78131,-0.58912
73.783333,-13.09241,-2.03975,-2.45324
73.800000,-4.79151,-7.00559,0.87040
73.816667,11.92010,0.94914,7.09737
73.833333,14.98757,4.43601,0.04501
73.850000,4.97368,3.87197,-6.12895
73.866667,-7.36620,1.76466,-3.69447
73.883333,-13.74358,-5.03640,-1.39354
73.900000,-7.46610,-7.23306,4.43434
73.916667,4.73986,-1.89257,8.03586
73.933333,6.03481,7.87844,-0.35033
73.950000,-0.42602,5.92195,-10.75079
73.966667,3.57629,-6.85242,-1.56109
73.983333,7.14107,-3.50362,14.35786
74.000000,-1.06715,7.07125,-1.67268
74.016667,-4.34959,3.15467,-16.22284
74.033333,-3.65386,-4.98997,4.36281
74.050000,-4.72353,-2.54516,10.08396
74.066667,-2.21909,-0.06102,-3.01310
74.083333,0.23827,-2.21728,-2.00464
74.100000,4.57405,4.06122,-0.60896
74.116667,9.47034,3.65958,-0.73222
74.133333,4.13332,-2.93030,3.18111
74.150000,-4.59187,-0.09573,0.74367
74.166667,-5.36154,-1.23374,-1.80216
74.183333,-9.17754,-1.09994,0.20692
74.200000,-8.54876,-1.32537,-1.36058
74.216667,10.21097,-2.44755,-1.40859
74.233333,14.76093,6.63204,1.04516
74.250000,3.17017,5.01637,-0.27439
74.266667,-2.25090,-0.50694,1.75506
74.283333,-10.10652,-0.75031,2.09718
74.300000,-7.00226,-5.06551,-1.16616
74.316667,3.25885,-4.39217,-1.10743
74.333333,3.09450,-5.85024,-3.51435
74.350000,4.83911,0.60721,1.17727
74.366667,0.07030,13.79554,5.42969
74.383333,-6.94706,5.60497,-1.23366
74.400000,-0.61511,-4.72785,0.15844
74.416667,3.91045,-4.13514,-2.64105
74.433333,3.22999,-2.17418,-6.65683
74.450000,0.32057,0.29696,4.82091
74.466667,-2.83429,-1.05615,5.38837
74.483333,-0.51956,-0.40156,-1.51796
74.500000,0.50968,1.74536,-0.19132
74.516667,-0.10197,1.36498,-0.90497
74.533333,-2.08587,0.26390,-0.81933
74.550000,-2.89887,-1.71940,0.46471
74.566667,3.94809,1.20220,-0.37664
74.583333,4.56917,2.83169,-0.95764
74.600000,-2.27375,-1.70381,-0.32683
74.616667,-3.43620,-2.41063,0.95060
74.633333,0.66957,0.84472,-0.17556
74.650000,4.47386,0.95875,0.04527
74.666667,-1.13195,-2.49783,1.52768
74.683333,-6.01211,-3.48948,2.19377
74.700000,1.12435,-0.26722,2.94289
74.716667,3.77257,5.85842,-4.80621
74.733333,-0.99197,7.15149,-10.05026
74.750000,-1.35000,-1.43860,1.68202
74.766667,1.82375,-4.27481,8.77958
74.783333,3.63946,-1.53180,2.98509
74.800000,0.35135,-2.82270,-1.39040
74.816667,-6.96820,-2.44293,-3.25279
74.833333,-2.85665,-1.46737,0.13761
74.850000,6.98883,3.08401,2.53079
74.866667,-0.27557,8.13080,-4.70065
74.883333,-5.32097,2.10867,-3.13657
74.900000,-0.97608,-5.35910,4.56925
74.916667,-2.13271,-3.88943,0.71397
74.933333,6.71204,-0.44713,-0.45279
74.950000,15.48729,0.94272,2.68365
74.966667,1.31201,4.46871,0.51328
74.983333,-16.92191,0.48208,-0.47890
75.000000,-9.19970,-6.49189,-1.17794
75.016667,5.45604,2.27152,-1.66748
75.033333,-4.03222,4.98667,-3.38604
75.050000,-2.48938,-4.74526,-3.47488
75.066667,11.64185,-2.80265,5.78638
75.083333,5.59274,1.92897,7.07549
75.100000,2.61353,1.86106,-1.40862
75.116667,-0.99622,2.59135,-2.29620
75.133333,-10.33495,0.11434,-2.18508
75.150000,-3.62085,-2.98491,-2.09733
75.166667,1.94836,-2.38561,2.59823
75.183333,2.74372,1.08532,1.57327
75.200000,4.03554,2.45708,-3.67973
75.216667,-2.21320,-0.56527,-1.76761
75.233333,-2.30220,-1.28459,3.37366
75.250000,1.47898,-0.00785,3.20671
75.266667,-0.40911,0.77202,0.25119
75.283333,0.60262,2.01887,-2.79854
75.300000,0.99054,0.06399,-3.42456
75.316667,-0.70476,-1.96736,1.07050
75.333333,-0.28964,-1.35416,3.01655
75.350000,-0.23295,-1.02711,1.02474
75.366667,-0.16611,0.31401,0.56685
75.383333,-1.01367,1.19280,-1.20915
75.400000,0.17607,1.60998,-2.75868
75.416667,2.61450,1.61855,-1.02322
75.433333,0.22060,-0.41539,0.01934
75.450000,-0.99869,-0.88145,-0.34015
75.466667,0.35634,-1.04087,1.97462
75.483333,-0.89567,-1.19617,4.68189
75.500000,-2.36383,0.06964,0.90272
75.516667,-0.51263,0.15880,-5.00206
75.533333,0.73453,-1.18704,-1.98415
75.550000,-0.20464,-1.15934,5.00565
75.566667,0.69004,4.12805,-0.69115
75.583333,1.31655,1.88565,-5.24462
75.600000,9.42431,-3.66428,3.17021
75.616667,8.18681,5.53291,-0.97803
75.633333,-17.47357,2.74976,-8.32910
75.650000,-15.46845,-9.29675,-0.65814
75.666667,4.52428,-4.53676,11.26729
75.683333,2.50815,-0.08421,18.89017
75.700000,11.41310,3.73489,2.40297
75.716667,10.83080,5.31613,-23.87409
75.733333,-10.84202,0.06459,-24.84829
75.750000,-6.57328,1.53160,3.26739
75.766667,5.15544,-0.75934,31.13858
75.783333,1.22275,-4.82994,13.63846
75.800000,-2.80769,-1.24302,-16.44066
75.816667,-2.91459,0.40902,-14.29230
75.833333,-1.00453,1.77694,-1.64895
75.850000,1.98676,1.85491,9.36483
75.866667,3.46619,-1.45992,7.66500
75.883333,2.03321,-0.07764,-1.87912
75.900000,1.33844,1.65112,-0.92781
75.916667,-3.84588,-1.76843,-0.05208
75.933333,-8.03414,-0.13371,-9.01819
75.950000,-0.55354,1.96188,-13.38503
75.966667,4.96811,-2.61308,8.70766
75.983333,10.32272,0.32197,23.58624
76.000000,7.46703,2.54974,8.93645
76.016667,-11.91312,-4.00716,-9.01474
76.033333,-16.73054,-2.17363,-27.32955
76.050000,-2.26176,5.02577,-12.01698
76.066667,18.04719,4.88729,26.55968
76.083333,13.07136,-2.37441,13.13088
76.100000,-14.06073,-4.62763,-19.18955
76.116667,-3.02345,0.12538,-2.90775
76.133333,3.56268,0.03195,19.55324
76.150000,-10.56222,-1.08071,0.94087
76.166667,6.56793,0.97267,-14.15122
76.183333,6.29124,4.75011,-6.09086
76.200000,-1.33405,1.48460,1.38871
76.216667,-1.58279,-6.96843,2.10161
76.233333,-14.48397,-2.38345,1.50392
76.250000,19.27887,1.99850,15.12440
76.266667,21.22381,3.34110,3.75690
76.283333,-33.91183,7.18442,-20.82923
76.300000,-15.12557,-3.22622,-5.97985
76.316667,13.21808,-10.81353,0.74753
76.333333,4.24386,-2.57805,6.08096
76.350000,15.02876,6.77186,17.42075
76.366667,5.72261,8.11491,-3.19947
76.383333,-10.94941,-2.71682,-14.76407
76.400000,-7.81418,-5.84744,-7.47965
76.416667,-6.28601,4.08664,8.49560
76.433333,0.64433,1.06700,16.41772
76.450000,0.34426,-3.61931,-11.42870
76.466667,2.73105,1.38094,-12.31348
76.483333,16.31707,-3.76045,19.25010
76.500000,5.50809,-2.44183,7.87510
76.516667,-3.83528,3.08978,-18.74746
76.533333,-7.28088,-1.91016,-10.68600
76.550000,-33.59666,8.32393,-0.88859
76.566667,-10.24213,9.50834,0.66632
76.583333,37.87196,-4.03971,20.81445
76.600000,21.05179,-7.57116,19.74662
76.616667,7.25992,-15.31662,-16.03048
76.633333,-8.80923,-1.91290,-20.69500
76.650000,-35.36588,17.26939,-2.69874
76.666667,2.62457,3.88535,3.99407
76.683333,14.57368,-4.09199,11.49112
76.700000,-11.89138,0.60551,5.47781
76.716667,0.90966,0.33191,-3.93252
76.733333,7.27788,-1.16663,-2.61578
76.750000,14.15699,-1.52696,-6.46240
76.766667,9.99770,-0.18918,-1.23193
76.783333,-19.62628,-1.12907,2.29474
76.800000,-13.74750,-0.21892,-3.31318
76.816667,2.33975,1.21682,6.06692
76.833333,5.92893,-0.66563,9.59281
76.850000,7.87998,-0.76697,0.23811
76.866667,0.49136,1.57183,-4.17592
76.883333,-1.48284,1.95219,-6.33102
76.900000,-3.58856,-1.02355,-5.46578
76.916667,-3.34292,1.03063,-2.67547
76.933333,2.43618,2.49792,4.27983
76.950000,-0.14524,-1.83350,9.22398
76.966667,-1.01808,-2.63809,1.85189
76.983333,0.45102,-3.26839,-3.68714
77.000000,2.75095,-2.36595,-2.80738
77.016667,4.14220,0.80423,-1.14796
77.033333,-1.48082,3.66015,2.72157
77.050000,-1.27486,6.54520,2.19722
77.066667,-0.16532,1.19457,-3.57774
77.083333,-5.80411,-2.52520,-4.33353
77.100000,-5.60958,-0.69766,-0.16393
77.116667,1.57538,-4.12184,3.62296
77.133333,9.10441,-3.92463,5.50429
77.150000,6.48379,-0.18461,0.86394
77.166667,-2.87423,1.58267,-4.58519
77.183333,-2.37522,4.32477,-2.51721
77.200000,-0.99827,2.57183,-0.33054
77.216667,-3.77980,-0.52821,0.90989
77.233333,-1.07629,0.47527,2.83522
77.250000,0.52055,-1.54566,-0.25298
77.266667,-0.46645,-3.57482,-2.97412
77.283333,1.10864,-0.56957,0.01681
77.300000,2.40207,0.24360,2.99588
77.316667,2.42437,0.51035,1.39153
77.333333,1.35759,2.07023,-2.14078
77.350000,-0.17350,0.76197,-1.92661
77.366667,-2.28414,0.80059,-0.32957
77.383333,-4.55830,0.46093,-0.17690
77.400000,-2.44187,-1.75737,1.85855
77.416667,1.99212,-1.15753,2.36103
77.433333,2.85475,-0.73972,-0.69085
77.450000,2.13183,-1.04859,-1.50109
77.466667,1.05500,-0.05341,-0.45699
77.483333,-0.85795,1.76166,-0.19052
77.500000,-1.43786,2.59042,0.56778
77.516667,-1.71939,0.37322,-0.10897
77.533333,-0.34998,-1.12999,-1.64202
77.550000,2.31754,-0.63964,0.13779
77.566667,0.92081,-0.45852,1.80101
77.583333,-1.42974,-0.53262,0.88203
77.600000,-1.36691,-0.67394,0.25915
77.616667,-0.53753,-0.14503,-0.52805
77.633333,0.83074,0.34676,-0.74188
77.650000,0.76078,0.16803,-0.10193
77.666667,0.07915,0.15037,-0.53009
77.683333,1.15842,0.95521,-0.40585
77.700000,1.57303,1.59412,0.37218
77.716667,-0.44937,0.10290,0.29170
77.733333,-2.73446,-1.39939,0.12699
77.750000,-2.07995,-1.27456,0.03235
77.766667,0.33882,-0.74247,0.06723
77.783333,0.97848,0.13723,0.61621
77.800000,1.15171,0.82813,0.68598
77.816667,1.19095,0.57970,-0.39763
77.833333,0.10725,-0.21409,-1.37779
77.850000,0.26004,-0.34082,-0.72341
77.866667,-0.21329,0.18220,0.46566
77.883333,-1.49364,0.72241,0.33665
77.900000,-0.56682,0.86279,0.25824
77.916667,-0.32274,-0.18341,0.85441
77.933333,-0.34911,-1.30952,0.15451
77.950000,1.01760,-1.52911,-0.62210
77.966667,1.23850,-0.17255,0.02448
77.983333,0.30873,1.42254,-0.38036
78.000000,-0.82161,0.71693,-1.14959
78.016667,-0.24184,0.17092,0.45496
78.033333,1.01346,0.11126,1.72933
78.050000,-0.54628,-0.32819,0.42006
78.066667,-1.50769,0.21028,-1.13549
78.083333,-0.05197,-0.18569,-0.86815
78.100000,0.35982,-0.49971,0.16678
78.116667,0.24218,-0.18602,0.12112
78.133333,0.65120,-0.65100,-0.14072
78.150000,0.75506,0.27715,0.19144
78.166667,0.48474,0.68336,0.63747
78.183333,-0.50770,-0.01436,0.66169
78.200000,-1.19911,0.46916,0.17770
78.216667,-0.88475,0.27315,-0.32584
78.233333,-0.14909,-0.16525,-1.09861
78.250000,0.89943,-0.21621,-1.02696
78.266667,1.03522,-0.35164,-0.14566
78.283333,0.45258,-0.23713,0.70390
78.300000,-0.35860,-0.65876,1.42031
78.316667,-1.32762,-0.10447,0.12449
78.333333,-0.21175,0.94197,-0.47057
78.350000,1.06085,0.63205,0.57054
78.366667,-0.05954,0.51927,-0.44267
78.383333,-0.38349,0.14294,-1.10278
78.400000,0.55647,-0.95869,-0.42779
78.416667,0.28424,-1.07757,0.26851
78.433333,-0.41099,-0.47139,1.16527
78.450000,-0.60830,0.10951,0.46633
78.466667,-0.47274,0.95209,-0.18103
78.483333,0.46804,1.11625,0.08012
78.500000,0.57094,0.15651,-0.84898
78.516667,-0.22675,-0.19438,-1.06313
78.533333,0.34513,-0.18439,-0.42984
78.550000,0.61075,-0.72320,0.59479
78.566667,0.01896,-1.03889,2.41930
78.583333,-0.53484,-0.57458,0.99953
78.600000,-1.19511,0.95964,-1.41975
78.616667,-0.81324,1.48371,-1.28302
78.633333,0.22733,0.32456,-1.50114
78.650000,1.44193,0.10714,0.25072
78.666667,1.27706,-0.43892,2.07724
78.683333,-0.23724,-1.39466,0.10780
78.700000,-0.11852,-0.22427,-0.37746
78.716667,-0.36156,0.06271,0.11002
78.733333,-1.34540,-0.51372,-0.62235
78.750000,-0.48663,1.14210,0.06110
78.766667,0.55497,1.47108,0.84550
78.783333,0.68302,-0.09564,0.25189
78.800000,0.51699,-0.78437,-1.14978
78.816667,-0.30512,-0.79186,-1.54434
78.833333,-1.20885,0.39515,0.47959
78.850000,0.05998,0.35074,1.81731
78.866667,1.86745,-0.81811,0.86611
78.883333,0.87595,0.18850,0.01057
78.900000,-0.25422,-0.41308,-0.89349
78.916667,-0.90836,-1.25438,-1.52093
78.933333,-2.21307,1.46858,-0.11530
78.950000,-1.00162,2.03639,0.85070
78.966667,0.98833,0.76166,0.61561
78.983333,1.34590,-0.19357,0.46101
79.000000,1.74488,-2.86228,-0.63757
79.016667,0.79639,-1.99828,-0.82605
79.033333,-1.21409,1.59656,0.41803
79.050000,-1.64789,1.36602,0.61019
79.066667,-0.71564,-0.01905,0.12004
79.083333,0.58930,-0.28937,-0.32457
79.100000,0.86373,-0.25116,-0.29051
79.116667,-0.11160,0.44344,-0.02044
79.133333,-0.32351,1.11791,-0.04769
79.150000,-0.14125,0.22872,0.28055
79.166667,0.17411,-1.68561,-0.20652
79.183333,1.54937,-0.87146,-0.53918
79.200000,0.36347,0.34264,1.20762
79.216667,-2.17417,-0.19468,1.12920
79.233333,-1.08904,1.24785,-1.16351
79.250000,0.35765,0.76306,-1.24752
79.266667,1.00001,-1.23859,-0.44417
79.283333,1.05562,0.04937,-0.00065
79.300000,-0.33699,0.05486,0.84502
79.316667,0.00892,-0.14245,0.57883
79.333333,-0.00730,0.68619,0.77370
79.350000,-1.03870,-0.64327,1.08213
79.366667,-0.30317,-0.53890,-0.92437
79.383333,0.59507,0.56059,-1.51665
79.400000,0.93741,0.27835,-0.64899
79.416667,-0.29202,0.48895,-1.25446
79.433333,-0.65941,0.47246,0.40893
79.450000,0.80129,-0.54060,2.83273
79.466667,-0.60920,-1.44783,0.66882
79.483333,-1.31109,-0.72712,-0.99453
79.500000,0.66530,0.65710,0.11951
79.516667,1.16183,0.73287,-0.38291
79.533333,0.58865,1.09171,-0.61436
79.550000,-0.81918,0.80450,-0.52475
79.566667,-0.96773,-0.86874,-0.85379
79.583333,0.97783,-0.87923,0.85228
79.600000,0.88986,-0.71751,1.93765
79.616667,-0.88185,-0.32998,0.66429
79.633333,-1.55460,0.91409,-1.58397
79.650000,0.22096,-0.22652,-1.76671
79.666667,1.98233,-0.02030,1.07657
79.683333,0.12432,1.40730,1.35416
79.700000,-1.51790,0.00488,-0.62063
79.716667,-0.20737,0.13395,-0.79211
79.733333,0.59464,-0.14125,-0.30165
79.750000,-0.06953,-2.19060,0.36651
79.766667,-0.10206,-0.88897,0.74843
79.783333,0.84454,0.59367,0.45018
79.800000,0.58729,1.15845,0.37565
79.816667,-0.88697,1.75921,-0.51193
79.833333,-0.49979,0.35368,-1.35070
79.850000,0.57338,-0.09966,-0.63840
79.866667,-0.49009,-0.56283,-0.01155
79.883333,-0.98140,-2.27418,1.14934
79.900000,0.17620,-1.12606,1.61843
79.916667,0.58463,0.89028,-0.43106
79.933333,0.63695,1.13226,-0.72146
79.950000,0.69843,1.02905,0.06214
79.966667,-0.38339,0.53166,-0.69552
79.983333,-0.70883,-0.32567,-0.40242
80.000000,1.00778,-0.56420,0.54288
80.016667,0.05993,-0.46349,0.42980
80.033333,-2.05271,-0.63661,-0.36674
80.050000,-0.11845,-0.00635,-0.02278
80.066667,0.69492,0.52155,0.83023
80.083333,-0.17590,-0.09195,-0.25459
80.100000,1.05474,0.26714,-0.76606
80.116667,0.96250,0.62911,0.11342
80.133333,-0.20921,0.19074,0.33581
80.150000,-0.83774,-0.04619,0.34642
80.166667,-1.02619,-0.96620,-0.11573
80.183333,0.21797,-0.83215,-0.61007
80.200000,0.41075,0.39570,-0.07202
80.216667,-0.26280,0.49903,0.39126
80.233333,0.37583,0.50105,0.02804
80.250000,0.30394,0.45236,-0.10993
80.266667,-0.27506,-0.01218,0.14311
80.283333,0.23722,-0.59056,0.07681
80.300000,0.14718,-1.07068,0.31148
80.316667,-0.74479,-0.75178,0.02575
80.333333,0.03971,0.48657,-0.84253
80.350000,1.03882,1.82328,-0.24698
80.366667,-0.12102,1.10042,0.27338
80.383333,-0.73912,0.18185,-0.06754
80.400000,-0.49233,-0.24800,0.57952
80.416667,-0.50042,-2.81480,0.81028
80.433333,0.63842,-1.96182,-0.32683
80.450000,1.16592,1.59636,-0.79081
80.466667,0.34312,0.91167,-0.38707
80.483333,-0.22588,0.64948,0.06609
80.500000,-0.76043,1.53195,0.54681
80.516667,-0.75784,-0.00976,0.17608
80.533333,-0.07568,-0.54944,-0.41522
80.550000,0.34272,-0.50556,-0.09228
80.566667,0.58549,-1.41810,0.18342
80.583333,0.56677,-0.79925,0.20008
80.600000,-0.15071,0.57492,0.01571
80.616667,-0.36333,0.71405,-0.11725
80.633333,0.29307,0.32686,0.36644
80.650000,-0.17109,0.35667,0.19252
80.666667,-1.26950,0.93659,-0.75848
80.683333,-0.85702,0.71255,-0.72494
80.700000,0.94560,-1.20112,0.24683
80.716667,1.86270,-1.93354,0.63854
80.733333,0.51429,-0.28064,0.25579
80.750000,-0.59785,0.60166,0.11536
80.766667,-0.28928,0.15000,0.09715
80.783333,-0.29666,0.26869,-0.27204
80.800000,-1.17582,0.75934,-0.31158
80.816667,-1.33281,0.81207,-0.07161
80.833333,1.30579,0.05634,-0.16953
80.850000,2.38248,-0.64757,-0.10519
80.866667,-0.54470,0.03976,0.47963
80.883333,-1.28095,-0.18636,0.71176
80.900000,0.14639,-1.61619,-0.22545
80.916667,0.39114,-0.35093,-0.62711
80.933333,-0.07090,1.33453,0.29727
80.950000,-0.56715,-0.15288,-0.28765
80.966667,0.43621,-0.96694,-1.21810
80.983333,0.73324,1.22521,0.42197
81.000000,-0.66028,2.12703,1.58076
81.016667,-0.25029,0.03990,0.36840
81.033333,0.25689,-0.90686,-0.40919
81.050000,-0.34160,-0.65772,-0.15746
81.066667,-0.02486,-1.15277,-0.37224
81.083333,0.03762,-1.06113,-0.53808
81.100000,0.18434,-0.97159,-0.52438
81.116667,0.44050,0.76253,-0.23150
81.133333,-0.67918,3.10626,1.10802
81.150000,-0.72806,1.40649,1.16776
81.166667,0.50375,-0.34263,-0.23552
81.183333,1.23194,-0.80391,-0.63181
81.200000,1.55502,-2.42580,-0.58413
81.216667,0.77905,-1.79765,0.18616
81.233333,-1.30205,1.50406,0.96741
81.250000,-4.02750,2.45926,-0.49270
81.266667,-3.18938,-0.66614,-1.49687
81.283333,1.61914,-1.26576,-0.08063
81.300000,3.59940,1.20033,1.06890
81.316667,2.75599,0.65297,0.95639
81.333333,1.08722,0.05208,0.28229
81.350000,-0.74101,-0.54274,-0.52616
81.366667,-0.85277,-2.42720,-0.51077
81.383333,-2.03474,-0.60086,-0.10680
81.400000,-2.75742,2.14425,-0.11213
81.416667,-0.30284,1.42583,0.13913
81.433333,1.42823,-0.21926,0.27522
81.450000,1.72298,-0.18630,-0.43407
81.466667,1.16714,0.45904,-0.67437
81.483333,-0.03588,-0.80951,0.44179
81.500000,-0.05339,-1.62690,1.07981
81.516667,-0.26893,0.04757,0.23881
81.533333,-1.00546,0.81479,-0.34262
81.550000,-0.67237,0.35053,-0.37989
81.566667,-0.17973,0.39779,-0.47561
81.583333,0.58263,-0.10921,0.10969
81.600000,1.07865,-0.45028,0.22307
81.616667,-0.04425,0.29568,-0.32275
81.633333,-0.36543,0.42946,0.35045
81.650000,-0.01440,0.11966,0.60541
81.666667,-1.06947,0.06756,-0.26716
81.683333,-0.76600,-0.60815,-0.77409
81.700000,1.07372,-1.27866,-0.74501
81.716667,1.63235,-0.94398,0.63441
81.733333,1.24407,0.55763,1.39868
81.750000,-0.44433,2.57657,0.50369
81.766667,-2.31014,2.28038,-0.07417
81.783333,-1.74316,-1.14726,-1.38744
81.800000,-0.49615,-3.13217,-1.54860
81.816667,0.92506,-1.05180,0.51430
81.833333,2.74019,0.91147,1.03720
81.850000,1.67023,0.83240,0.61733
81.866667,-0.79618,0.88936,0.12937
81.883333,-1.01723,-0.19888,-0.49325
81.900000,-1.16225,-1.24047,-0.09514
81.916667,-1.52831,0.77560,-0.04466
81.933333,0.02984,1.60949,-0.06145
81.950000,1.08019,-0.33120,0.15213
81.966667,0.64280,-0.65138,-0.22104
81.983333,0.71207,-0.55704,0.04499
82.000000,0.73006,-1.84562,-0.00302
82.016667,0.06117,-0.57072,-0.22584
82.033333,-0.86151,1.75250,0.50640
82.050000,-1.21919,0.92015,0.34264
82.066667,-0.49569,0.82398,-0.29558
82.083333,0.02549,1.70189,-0.54279
82.100000,0.26871,-0.71891,-0.35246
82.116667,0.90234,-2.81112,0.36412
82.133333,0.93559,-1.54004,0.37229
82.150000,0.07615,0.26173,0.26155
82.166667,-0.60936,1.34311,0.08488
82.183333,-0.37927,1.66622,-0.19739
82.200000,-0.12661,0.65136,0.07677
82.216667,-0.53264,-0.55854,-0.32259
82.233333,-0.30253,-1.00115,-0.39073
82.250000,0.40231,-1.28762,-0.01427
82.266667,0.52979,-0.45891,-0.35217
82.283333,0.64072,1.31276,0.38289
82.300000,0.07049,1.45619,1.06433
82.316667,-0.95785,0.14709,0.09483
82.333333,-0.26117,-0.70455,-0.43139
82.350000,0.72057,-0.71356,-0.19142
82.366667,0.15197,-0.30592,-0.22711
82.383333,-0.57305,0.08507,-0.12126
82.400000,-0.62025,-0.04496,-0.01494
82.416667,0.18756,-0.34134,-0.30356
82.433333,0.95502,0.23780,0.01852
82.450000,0.60571,1.28466,0.56352
82.466667,-0.06389,0.94683,0.36326
82.483333,-0.97569,-0.69649,0.29378
82.500000,-1.28892,-1.10439,-0.05320
82.516667,0.05192,-0.66663,-0.88777
82.533333,1.25015,-0.67054,-0.70764
82.550000,1.15499,0.24884,0.37344
82.566667,0.06544,1.10137,0.84372
82.583333,-0.79837,0.91924,0.07042
82.600000,-0.50384,0.48222,-0.42669
82.616667,-0.35003,-0.54064,0.02685
82.633333,-0.31182,-0.88960,0.16519
82.650000,0.15813,-0.20790,0.06078
82.666667,0.40129,0.07124,-0.09487
82.683333,0.62949,0.21695,-0.15392
82.700000,0.54157,-0.01084,0.04982
82.716667,-0.10135,-0.51951,-0.14961
82.733333,-0.62341,-0.11144,-0.13110
82.750000,-0.71465,0.54158,0.15903
82.766667,-0.25734,0.65562,0.18462
82.783333,0.29638,0.34019,0.33971
82.800000,0.44607,-0.30344,-0.02357
82.816667,0.27329,-0.43141,-0.44365
82.833333,-0.00980,-0.16144,-0.10015
82.850000,-0.10652,-0.28756,-0.02858
82.866667,-0.05778,-0.27530,0.02930
82.883333,-0.09683,0.03103,0.23723
82.900000,-0.07284,0.34572,0.00645
82.916667,0.07293,0.53880,0.03777
82.933333,0.13932,0.17167,0.00476
82.950000,0.10024,-0.19036,-0.21289
82.966667,-0.14925,-0.03663,0.14648
82.983333,-0.39701,-0.00814,0.11487
83.000000,-0.08681,-0.22919,-0.26283
83.016667,0.33524,-0.33151,-0.03701
83.033333,0.26040,-0.16045,0.09533
83.050000,0.09254,0.14150,0.06671
83.066667,-0.01818,0.24224,0.08986
83.083333,-0.23249,0.19948,-0.11404
83.100000,-0.22062,0.17515,-0.06624
83.116667,-0.01736,0.05980,0.09867
83.133333,0.07862,-0.13061,0.00052
83.150000,0.15275,-0.19807,-0.00733
83.166667,0.14326,-0.13753,-0.00410
83.183333,0.05969,-0.09960,-0.06649
83.200000,-0.01560,-0.00405,-0.00982
83.216667,-0.18787,0.21811,0.08163
83.233333,-0.28361,0.26253,0.09768
83.250000,-0.12250,-0.04864,-0.03544
83.266667,0.15402,-0.34847,-0.13870
83.283333,0.27742,-0.30080,-0.10315
83.300000,0.28685,0.12572,-0.02594
83.316667,0.14223,0.61998,0.18240
83.333333,-0.31585,0.37598,0.20243
83.350000,-0.29663,-0.26456,-0.05261
83.366667,0.11249,-0.32703,-0.04877
83.383333,-0.09624,-0.39470,-0.04950
83.400000,-0.24084,-0.45110,-0.21222
83.416667,0.05863,0.15767,-0.04544
83.433333,0.25185,0.64948,0.13827
83.450000,0.35032,0.48544,0.06427
83.466667,0.12665,-0.00106,0.06832
83.483333,-0.20559,-0.25137,0.06202
83.500000,-0.22125,-0.20013,-0.04541
83.516667,-0.17485,-0.25810,-0.01935
83.533333,-0.08682,-0.16450,-0.01944
83.550000,0.09223,0.04134,-0.16319
83.566667,0.19165,0.10407,-0.06159
83.583333,0.09570,0.19910,0.12150
83.600000,-0.01992,0.16989,0.07418
83.616667,-0.01830,0.07281,0.08682
83.633333,-0.05114,0.05025,0.03446
83.650000,0.00757,-0.06169,-0.05808
83.666667,0.03921,-0.27203,-0.01969
83.683333,-0.08152,-0.30062,-0.17172
83.700000,-0.07612,0.05506,-0.07497
83.716667,-0.02660,0.24650,0.22888
83.733333,0.04251,0.07246,0.02748
83.750000,0.04552,0.04079,-0.07326
83.766667,-0.06152,0.00160,0.04493
83.783333,0.07715,-0.11246,-0.09345
83.800000,0.20094,0.01949,-0.01231
83.816667,0.03926,0.13444,0.15133
83.833333,-0.12564,0.00598,-0.01225
83.850000,-0.16991,-0.10408,-0.09984
83.866667,-0.06888,-0.04269,-0.00469
83.883333,0.05006,0.02366,0.06630
83.900000,0.04230,-0.03214,0.08206
83.916667,-0.03099,-0.06995,-0.04243
83.933333,-0.02814,-0.04217,-0.20066
83.950000,0.11136,-0.02269,-0.10625
83.966667,0.13303,0.09117,0.10679
83.983333,-0.00296,0.24310,0.17788
84.000000,-0.03717,0.17400,0.12450
84.016667,-0.06173,-0.08187,-0.00528
84.033333,-0.10544,-0.23094,-0.05706
84.050000,-0.00469,-0.16364,-0.07387
84.066667,0.03503,-0.04185,-0.13587
84.083333,-0.06716,0.03040,-0.03069
84.100000,-0.03949,0.01967,0.02269
84.116667,0.06672,-0.01068,0.00403
84.133333,0.09149,0.08183,0.10022
84.150000,0.12394,0.15653,0.03345
84.166667,0.09639,0.13715,0.04228
84.183333,-0.07863,0.07005,0.09814
84.200000,-0.13869,-0.09945,-0.08600
84.216667,-0.05645,-0.22703,-0.08193
84.233333,-0.11305,-0.24201,-0.04961
84.250000,-0.11163,-0.09544,-0.10986
84.266667,0.06379,0.15331,0.03453
84.283333,0.15742,0.19693,0.10612
84.300000,0.20864,0.16640,0.07423
84.316667,0.09086,0.07301,0.05315
84.333333,-0.13101,-0.12188,-0.06194
84.350000,-0.08949,-0.07673,-0.11146
84.366667,-0.04099,-0.01620,0.04373
84.383333,-0.04959,-0.03078,0.09477
84.400000,-0.03018,0.00190,-0.06691
84.416667,-0.06824,-0.11012,-0.01685
84.433333,0.02931,-0.07989,0.02178
84.450000,0.07415,0.06210,-0.16088
84.466667,0.09306,0.09032,-0.04827
84.483333,0.16163,0.22377,0.19555
84.500000,-0.05641,0.19391,0.20322
84.516667,-0.18831,-0.12921,0.02135
84.533333,-0.09804,-0.32088,-0.20659
84.550000,0.01092,-0.21344,-0.11887
84.566667,0.18941,0.03930,0.05185
84.583333,0.10102,0.17854,-0.02066
84.600000,-0.12044,0.12727,-0.02498
84.616667,-0.13354,0.07737,0.02480
84.633333,-0.06857,0.06005,0.09503
84.650000,0.05864,-0.07582,0.11998
84.666667,0.14768,-0.14347,-0.06819
84.683333,0.09330,-0.06229,-0.04974
84.700000,-0.03759,-0.04573,-0.00031
84.716667,-0.11990,0.03607,-0.14443
84.733333,-0.07284,0.11890,0.01572
84.750000,-0.01844,0.05139,0.10963
84.766667,0.05591,0.03123,-0.02352
84.783333,0.15036,-0.01599,0.00789
84.800000,0.07107,-0.08996,0.02069
84.816667,-0.08859,-0.01955,0.09650
84.833333,-0.15734,0.04562,0.02955
84.850000,-0.13957,-0.01514,-0.19600
84.866667,0.01539,-0.07753,-0.03478
84.883333,0.15500,-0.05485,0.01423
84.900000,0.13750,-0.01243,-0.05243
84.916667,0.12288,0.09917,0.12470
84.933333,0.02740,0.20050,0.07617
84.950000,-0.17218,0.08427,0.04534
84.966667,-0.19327,-0.08732,-0.00854
84.983333,-0.04859,-0.16991,-0.18567
85.000000,0.02869,-0.09105,0.04283
85.016667,0.01806,0.06771,0.11161
85.033333,0.09077,0.00005,-0.11275
85.050000,0.11690,-0.09853,-0.04499
85.066667,0.03365,-0.02660,0.01654
85.083333,0.03116,0.08069,0.00152
85.100000,-0.05946,0.15978,0.06565
85.116667,-0.09749,0.09030,0.07097
85.133333,0.01082,-0.02319,-0.00237
85.150000,-0.07995,-0.02670,-0.06648
85.166667,-0.12211,-0.02190,0.03169
85.183333,0.02558,-0.07123,0.06510
85.200000,0.12408,-0.13357,-0.10930
85.216667,0.15556,-0.11619,-0.13119
85.233333,0.10545,-0.01700,0.00108
85.250000,-0.01698,0.14186,0.08846
85.266667,-0.14441,0.19538,0.07311
85.283333,-0.19256,0.07234,0.02489
85.300000,-0.12873,-0.00621,0.03205
85.316667,0.11165,-0.09579,-0.02456
85.333333,0.30155,-0.06401,-0.02886
85.350000,0.11136,0.05168,-0.00022
85.366667,-0.08607,-0.10670,-0.09931
85.383333,-0.11305,-0.07590,-0.04594
85.400000,-0.19750,0.15855,0.15361
85.416667,-0.13411,0.06713,0.10089
85.433333,0.09976,-0.10872,-0.12072
85.450000,0.11409,-0.20313,-0.11597
85.466667,0.09137,-0.13341,-0.07678
85.483333,0.23400,0.26341,-0.01940
85.500000,0.00038,0.48016,0.30776
85.516667,-0.26923,0.09751,0.25004
85.533333,-0.07058,-0.31642,-0.22211
85.550000,0.01372,-0.30310,-0.24161
85.566667,0.00896,-0.19241,0.02124
85.583333,0.02620,-0.04203,-0.01109
85.600000,-0.03426,0.24333,-0.03413
85.616667,0.05463,0.30430,0.16507
85.633333,0.00597,0.11564,0.06962
85.650000,-0.09989,-0.05293,-0.08872
85.666667,0.07455,-0.28410,-0.01557
85.683333,0.21384,-0.31496,-0.13105
85.700000,0.05142,0.07184,-0.01485
85.716667,-0.20399,0.30224,0.26466
85.733333,-0.14006,0.24639,0.05552
85.750000,-0.01029,-0.02863,-0.10849
85.766667,-0.04756,-0.27578,-0.10860
85.783333,0.08099,-0.01166,-0.07744
85.800000,0.11528,0.04523,0.10988
85.816667,0.02041,-0.09425,-0.01488
85.833333,0.06723,0.03770,-0.08063
85.850000,-0.00119,-0.07821,0.09468
85.866667,-0.07258,0.05982,0.04446
85.883333,-0.06726,0.25637,0.10985
85.900000,-0.13318,-0.05766,-0.04293
85.916667,-0.02512,-0.10056,-0.28584
85.933333,0.16749,-0.06576,0.08392
85.950000,0.12593,-0.01126,0.19992
85.966667,-0.03209,0.17977,-0.02582
85.983333,-0.07388,-0.06012,-0.08334
86.000000,0.02535,-0.19580,-0.16962
86.016667,0.05274,-0.01940,0.08955
86.033333,-0.08575,0.09648,0.29073
86.050000,-0.12707,0.09787,-0.08491
86.066667,0.01741,-0.02651,-0.19158
86.083333,0.11410,0.07651,0.04032
86.100000,0.00861,0.06774,-0.02335
86.116667,-0.09054,-0.12494,-0.06208
86.133333,0.08323,-0.08345,0.16254
86.150000,0.15838,-0.14001,0.06112
86.166667,-0.02485,-0.01255,-0.15927
86.183333,-0.05906,0.25458,0.08071
86.200000,-0.15269,0.16204,0.12236
86.216667,-0.21688,-0.06598,-0.19212
86.233333,0.14790,-0.24151,-0.12753
86.250000,0.24572,-0.05824,0.13676
86.266667,-0.00660,0.07135,0.07334
86.283333,0.00840,0.06215,-0.04344
86.300000,-0.08195,0.28456,0.12329
86.316667,-0.13277,-0.09554,-0.03982
86.333333,0.11852,-0.39971,-0.32864
86.350000,0.02416,-0.04129,0.13364
86.366667,-0.04506,0.14985,0.29385
86.383333,0.03015,0.34379,-0.06265
86.400000,-0.13314,0.02516,-0.03784
86.416667,0.11091,-0.30188,-0.21403
86.433333,0.17182,0.06795,-0.07338
86.450000,-0.21309,-0.09179,0.35854
86.466667,-0.08632,-0.08744,-0.03061
86.483333,0.04580,0.21034,-0.15163
86.500000,0.14231,-0.02468,0.01621
86.516667,0.21242,-0.00812,-0.15700
86.533333,-0.23276,-0.06220,0.08517
86.550000,-0.29326,-0.02613,0.23374
86.566667,0.05655,0.11700,-0.07733
86.583333,0.28945,-0.13254,-0.17537
86.600000,0.28869,0.25217,0.16400
86.616667,-0.31904,0.23197,0.26874
86.633333,-0.37491,-0.40179,-0.30757
86.650000,0.22691,-0.10752,-0.27097
86.666667,0.08261,-0.02529,0.24386
86.683333,-0.04505,-0.19783,-0.10580
86.700000,0.07898,0.06511,-0.18254
86.716667,-0.04374,0.09563,0.28811
86.733333,0.08217,0.19350,0.09306
86.750000,0.19215,0.33846,0.00815
86.766667,0.04516,0.26856,0.29300
86.783333,-0.37366,0.03642,-0.01417
86.800000,-0.40639,-0.57726,-0.38435
86.816667,0.24723,-0.75804,-0.31456
86.833333,0.23197,-0.02289,-0.06191
86.850000,-0.01774,0.34093,0.16441
86.866667,0.18359,0.14295,0.05426
86.883333,0.03104,0.31545,0.25244
86.900000,-0.14358,0.33845,0.47687
86.916667,-0.10973,0.04103,-0.24736
86.933333,-0.00859,-0.11714,-0.46036
86.950000,0.23239,-0.34292,0.00747
86.966667,-0.03163,-0.24482,-0.00229
86.983333,-0.44579,0.05250,0.15044
87.000000,-0.08195,0.00185,0.09909
87.016667,0.25124,-0.01526,-0.21614
87.033333,0.21671,-0.01461,-0.03217
87.050000,0.36607,0.02396,0.02996
87.066667,0.01476,0.31276,0.17172
87.083333,-0.51453,0.22974,0.27675
87.100000,-0.19634,-0.15371,-0.26551
87.116667,0.21835,-0.05742,-0.26186
87.133333,0.03373,0.02999,0.29122
87.150000,-0.39515,-0.20997,0.10214
87.166667,-0.19166,-0.29101,-0.36695
87.183333,0.63220,-0.35327,-0.28077
87.200000,0.72631,0.07826,0.18139
87.216667,-0.04691,0.89209,0.61171
87.233333,-0.69625,0.62783,0.32881
87.250000,-0.57599,-0.27210,-0.60591
87.266667,0.08632,-0.62644,-0.57974
87.283333,0.22361,-0.50157,0.30541
87.300000,0.03147,-0.21828,0.17293
87.316667,0.43508,0.11536,-0.20295
87.333333,0.70014,0.62061,0.40531
87.350000,-0.05407,0.69961,0.45804
87.366667,-1.18833,-0.01364,-0.36500
87.383333,-1.09757,-0.64758,-0.57985
87.400000,0.44750,-0.66212,-0.17816
87.416667,1.07890,-0.12148,0.18071
87.433333,0.58770,0.59098,0.39359
87.450000,0.18314,0.75764,0.53092
87.466667,-0.66922,-0.21241,-0.15171
87.483333,-0.30467,-0.88566,-1.13936
87.500000,0.48947,0.18316,0.13598
87.516667,-0.76137,0.63062,1.28430
87.533333,-0.72020,-0.20911,-0.53772
87.550000,0.73249,-0.33234,-0.79964
87.566667,0.43625,-0.15463,0.74946
87.583333,-0.01022,0.02794,-0.01798
87.600000,0.35594,0.31678,-0.52305
87.616667,0.29309,0.20851,0.46713
87.633333,-0.22752,0.15166,0.23628
87.650000,-0.52592,0.16146,-0.20257
87.666667,-0.48635,-0.33526,-0.01734
87.683333,-0.22017,-0.74708,-0.18255
87.700000,0.22459,-0.07835,-0.10548
87.716667,0.38639,0.58632,0.24168
87.733333,0.30078,0.17542,-0.02359
87.750000,0.30615,-0.18501,-0.41517
87.766667,0.20453,-0.00252,0.11472
87.783333,-0.35819,0.19893,0.69434
87.800000,-0.59949,0.13431,0.06483
87.816667,-0.04435,-0.13199,-0.46291
87.833333,-0.01447,-0.23702,-0.15349
87.850000,-0.12437,-0.06118,-0.05800
87.866667,0.34877,0.08478,0.00081
87.883333,0.40967,-0.04182,0.13639
87.900000,0.06172,0.02610,0.10687
87.916667,-0.15574,0.18833,0.11459
87.933333,-0.04036,0.00192,-0.13752
87.950000,-0.06961,-0.05545,-0.08662
87.966667,-0.26291,0.04405,0.31237
87.983333,-0.15340,0.00258,-0.05441
88.000000,-0.21271,-0.14490,-0.40343
88.016667,0.05665,-0.31966,-0.25227
88.033333,0.51597,-0.38523,-0.13591
88.050000,0.35632,0.18426,0.53999
88.066667,0.20699,1.20787,0.93487
88.083333,-0.03442,0.78919,0.04385
88.100000,-0.30643,-0.54936,-0.89061
88.116667,-0.26514,-0.79235,-0.84804
88.133333,-0.52523,-0.82475,0.19342
88.150000,-0.55605,-0.78250,0.47543
88.166667,0.34959,0.22984,-0.12308
88.183333,0.97665,1.28520,0.78837
88.200000,0.58243,1.33756,0.71161
88.216667,-0.26390,0.11464,-1.31206
88.233333,-0.84152,-1.38380,-1.08776
88.250000,0.03977,-1.11271,0.53130
88.266667,0.85773,0.69113,1.10709
88.283333,-0.29046,1.07039,0.58644
88.300000,-0.81244,-0.35548,-0.80810
88.316667,0.04059,-0.89928,-1.06487
88.333333,0.36070,-0.01998,0.23541
88.350000,0.12508,0.68126,0.96463
88.366667,-0.29100,0.21639,0.07310
88.383333,-0.15778,-0.63155,-0.92346
88.400000,0.48104,-0.29357,-0.09628
88.416667,0.49848,0.66129,0.97940
88.433333,0.08594,0.64855,0.33113
88.450000,-0.31325,-0.01128,-0.59012
88.466667,-0.51554,-0.41997,-0.48387
88.483333,-0.39796,-0.52007,-0.12923
88.500000,-0.24899,-0.45605,0.14578
88.516667,0.20216,-0.34731,0.35340
88.533333,0.88956,0.25419,0.10020
88.550000,0.88603,1.20862,0.04116
88.566667,-0.21033,1.04930,0.21703
88.583333,-1.21106,-0.17656,-0.22149
88.600000,-0.56451,-1.11648,-0.48180
88.616667,0.14910,-1.16055,-0.06934
88.633333,0.03281,-0.46840,0.13100
88.650000,0.92904,0.42214,0.08220
88.666667,0.93806,1.20345,0.33241
88.683333,-0.82782,0.97879,0.35246
88.700000,-0.83016,-0.31545,-0.30962
88.716667,0.41773,-0.75682,-0.49306
88.733333,0.09405,-0.11117,0.10759
88.750000,-0.65074,0.07955,0.23595
88.766667,0.00591,-0.38233,-0.10573
88.783333,0.64312,-0.36951,-0.13404
88.800000,0.27979,0.26003,0.01114
88.816667,0.02428,0.48106,0.14948
88.833333,-0.20962,0.30526,0.26543
88.850000,-0.24872,-0.00863,-0.02366
88.866667,0.08675,-0.25622,-0.27629
88.883333,0.00874,0.02456,-0.04092
88.900000,-0.19779,0.11821,0.03409
88.916667,-0.30269,-0.22768,0.03194
88.933333,0.14577,-0.38755,0.01351
88.950000,0.72938,-0.10088,-0.17538
88.966667,0.11416,0.40113,0.09806
88.983333,-0.44557,0.27629,0.26169
89.000000,-0.14434,-0.10175,-0.12619
89.016667,0.04826,0.03795,-0.09780
89.033333,-0.03746,0.14896,0.16586
89.050000,-0.13227,-0.11910,-0.03401
89.066667,0.10903,-0.30302,-0.20348
89.083333,0.12731,-0.03281,0.05465
89.100000,-0.26111,-0.15105,0.01796
89.116667,0.08113,-0.32613,-0.20282
89.133333,0.58128,0.65825,0.23022
89.150000,0.07205,0.86856,0.35487
89.166667,-0.42608,-0.20134,-0.15519
89.183333,-0.13936,-0.38565,-0.23966
89.200000,-0.16991,-0.22573,-0.06861
89.216667,-0.52982,-0.58503,0.04152
89.233333,0.08268,-0.73177,-0.02700
89.250000,0.97223,0.08912,-0.01876
89.266667,0.72649,1.41253,0.21461
89.283333,-0.15809,1.27827,0.06206
89.300000,-0.91931,-0.14981,-0.05147
89.316667,-0.96986,-1.23479,-0.09993
89.333333,0.32735,-1.09858,-0.20328
89.350000,1.10720,0.50504,0.26799
89.366667,-0.14105,0.88986,0.40374
89.383333,-0.62722,-0.80370,-0.42632
89.400000,0.41110,-0.89367,-0.79505
89.416667,0.48366,0.78240,0.23606
89.433333,-0.17724,1.21708,0.89282
89.450000,-0.55340,0.17030,0.06611
89.466667,-0.24795,-0.25684,-0.24685
89.483333,0.23978,0.21836,0.14013
89.500000,-0.01447,-0.18161,-0.15478
89.516667,0.07268,-1.25456,-0.57329
89.533333,0.26492,-1.88107,-0.50054
89.550000,0.30394,-0.18441,0.30500
89.566667,0.32024,3.01235,1.15700
89.583333,-0.60136,2.29939,0.44177
89.600000,-0.65396,-0.80959,-0.78723
89.616667,-0.00423,-1.54729,-0.63666
89.633333,-0.00986,-0.90272,0.15782
89.650000,0.48472,-0.10955,0.31892
89.666667,0.43914,0.05541,-0.14335
89.683333,-0.12737,-0.02054,-0.15147
89.700000,-0.15004,0.50755,0.35611
89.716667,-0.19193,0.39015,0.11820
89.733333,0.10438,-0.04891,-0.30096
89.750000,0.10891,-0.12950,-0.02120
89.766667,-0.24122,0.05766,0.06506
89.783333,-0.04131,0.34459,-0.04561
89.800000,0.04011,-0.08025,0.10607
89.816667,0.08322,-0.33410,0.08100
89.833333,-0.03830,-0.17768,-0.05465
89.850000,-0.19087,-0.38799,-0.11211
89.866667,0.34619,-0.03629,-0.00646
89.883333,0.24622,0.30152,0.09503
89.900000,-0.28961,0.14970,-0.19600
89.916667,-0.29838,0.44659,-0.09126
89.933333,-0.16121,0.24090,0.32685
89.950000,0.53598,-0.44141,0.06121
89.966667,0.71115,-0.32576,-0.15645
89.983333,-0.19603,0.27963,0.10977
90.000000,-0.89652,0.36616,0.16053
90.016667,-1.04219,-0.50081,-0.19047
90.033333,0.02632,-0.88322,-0.39067
90.050000,1.35951,0.17504,0.00352
90.066667,1.04395,0.92911,0.29465
90.083333,-0.11989,0.35524,0.08463
90.100000,-0.76266,-0.19668,-0.00289
90.116667,-0.48664,-0.05006,0.10039
90.133333,-0.05023,-0.20462,-0.01211
90.150000,-0.18981,-0.42332,-0.16922
90.166667,-0.05466,0.03501,-0.00590
90.183333,0.39001,0.21681,0.02693
90.200000,0.28849,-0.07000,-0.15900
90.216667,0.05121,0.08435,0.01181
90.233333,0.07052,0.30975,0.14861
90.250000,-0.01925,0.07823,0.02726
90.266667,-0.13464,-0.13424,0.01493
90.283333,-0.08551,-0.15621,0.03903
90.300000,-0.12801,-0.17531,0.04477
90.316667,-0.19711,-0.19709,-0.03419
90.333333,-0.09109,-0.09615,-0.09942
90.350000,0.02532,0.12173,-0.13702
90.366667,0.32332,0.38708,-0.14826
90.383333,0.49409,0.56167,0.19415
90.400000,-0.03819,-0.01417,0.25263
90.416667,-0.23342,-0.44616,-0.06789
90.433333,0.00317,-0.05789,0.03793
90.450000,-0.34018,-0.46535,0.02759
90.466667,-0.39582,-0.57123,-0.17679
90.483333,0.03204,0.54720,-0.04911
90.500000,0.27693,0.55853,-0.03414
90.516667,0.45740,-0.04999,-0.11603
90.533333,0.31861,0.33327,0.14897
90.550000,0.00276,0.34196,0.33983
90.566667,-0.45561,-0.79746,-0.10718
90.583333,-0.61007,-1.08422,-0.40048
90.600000,0.06106,0.17962,0.05102
90.616667,0.32033,1.00110,0.31487
90.633333,0.35462,0.82896,0.16663
90.650000,0.25163,0.27463,-0.02123
90.666667,-0.52263,-0.79695,-0.31323
90.683333,-0.27195,-1.35960,-0.33865
90.700000,0.19900,-0.35866,0.04503
90.716667,0.04252,0.63686,0.30523
90.733333,0.59121,0.76677,0.22440
90.750000,-0.05171,0.70398,-0.01786
90.766667,-1.17377,-0.06920,-0.13471
90.783333,0.18137,-0.43948,0.03336
90.800000,0.87408,0.16447,0.08298
90.816667,-0.36558,-0.45776,-0.15608
90.833333,-0.10178,-1.12364,-0.26467
90.850000,0.65893,0.06073,-0.09385
90.866667,0.07837,0.91724,0.25445
90.883333,-0.57157,0.59645,0.36482
90.900000,-0.83940,0.36159,0.05722
90.916667,-0.08851,-0.21100,-0.15454
90.933333,0.98728,-0.63359,-0.17246
90.950000,0.44265,-0.22937,-0.17772
90.966667,-0.22232,-0.21095,-0.10003
90.983333,-0.05581,0.07893,0.12822
91.000000,-0.23140,0.67181,0.30251
91.016667,-0.29210,0.25457,0.14047
91.033333,0.01854,-0.37749,-0.11730
91.050000,0.12140,-0.80210,-0.32604
91.066667,0.05898,-0.42381,-0.23385
91.083333,0.14229,0.82516,0.31463
91.100000,0.16162,1.16783,0.40434
91.116667,-0.08159,0.46034,-0.04304
91.133333,-0.10170,-0.53475,-0.25609
91.150000,-0.26045,-1.16230,-0.18096
91.166667,-0.38650,-0.91013,-0.03690
91.183333,0.45801,-0.13559,-0.00329
91.200000,0.82516,0.75608,0.11242
91.216667,-0.13379,1.09797,0.22918
91.233333,-0.65903,0.63533,0.13442
91.250000,-0.33595,-0.13753,0.00081
91.266667,-0.06738,-0.76606,-0.33442
91.283333,0.26011,-0.71215,-0.34625
91.300000,0.49219,-0.13325,0.18995
91.316667,0.20879,0.10364,0.21801
91.333333,-0.09579,-0.00808,-0.05659
91.350000,-0.42529,0.26396,0.08830
91.366667,-0.49949,0.66927,0.19975
91.383333,0.19833,0.57884,0.04529
91.400000,0.51773,0.12661,-0.13147
91.416667,0.20172,-0.63194,-0.23872
91.433333,0.04239,-1.15616,-0.20292
91.450000,-0.25243,-0.67943,-0.07319
91.466667,-0.41128,0.27534,0.16568
91.483333,-0.04675,0.83543,0.37375
91.500000,0.08581,0.62097,0.12149
91.516667,0.07404,0.04597,-0.20247
91.533333,0.15199,0.01780,-0.14842
91.550000,-0.17163,0.25883,-0.01322
91.566667,0.16718,0.11994,0.13508
91.583333,0.84273,-0.28106,0.08027
91.600000,0.00217,-0.85889,-0.23185
91.616667,-0.92745,-0.94002,-0.19466
91.633333,-0.84884,-0.28895,0.14046
91.650000,-0.08009,0.47865,0.18007
91.666667,0.86989,1.19660,0.00783
91.683333,0.57255,0.85056,-0.04279
91.700000,0.24751,0.13637,0.01746
91.716667,-0.02619,0.19149,0.16725
91.733333,-0.67371,-0.28565,0.05999
91.750000,-0.06408,-0.38368,-0.16074
91.766667,-0.32737,-1.02354,-0.11735
91.783333,-0.53399,-2.40057,-0.42487
91.800000,0.66096,-0.36696,-0.30713
91.816667,0.41299,1.97452,0.59348
91.833333,0.73751,2.34173,0.63131
91.850000,0.31479,2.45684,0.19494
91.866667,-1.49656,-0.43286,-0.16476
91.883333,-0.35570,-2.93863,-0.62857
91.900000,0.32229,-1.82074,-0.33544
91.916667,-0.04290,-0.43841,0.20176
91.933333,0.62836,0.77227,0.20740
91.950000,0.06350,0.73483,-0.00372
91.966667,-0.19976,-0.02312,-0.10712
91.983333,0.00353,0.70063,0.14616
92.000000,-0.13217,1.25634,0.33554
92.016667,0.15312,0.80198,0.19981
92.033333,-0.12401,-0.93973,-0.22319
92.050000,-0.16269,-2.39793,-0.70226
92.066667,0.04108,-1.11474,-0.25427
92.083333,-0.20724,0.69600,0.49738
92.100000,0.18029,1.28400,0.29608
92.116667,0.47132,1.10502,0.03308
92.133333,0.03011,0.35452,0.12714
92.150000,-0.20765,-0.37440,-0.07544
92.166667,-0.18003,-0.75898,-0.27136
92.183333,-0.12850,-0.40730,-0.12710
92.200000,-0.00997,0.04005,0.10454
92.216667,0.24963,-0.11632,0.06350
92.233333,0.24882,0.02234,-0.13300
92.250000,-0.34722,0.18347,0.02796
92.266667,-0.34902,0.07093,0.21698
92.283333,0.10464,0.31170,0.05696
92.300000,0.08377,0.32118,-0.02871
92.316667,0.37059,-0.09712,0.01597
92.333333,0.27117,-0.32928,-0.13689
92.350000,-0.17820,-0.26164,-0.26422
92.366667,-0.17051,-0.27971,0.04566
92.383333,-0.44846,-0.35678,0.23898
92.400000,0.06425,0.59918,0.01232
92.416667,0.35164,1.27656,0.03909
92.433333,-0.44600,-0.10269,0.10129
92.450000,0.39682,-0.95034,-0.07858
92.466667,0.75381,-0.48357,-0.17545
92.483333,-0.74797,-0.50409,-0.17850
92.500000,-0.62300,0.09105,0.09006
92.516667,0.46309,1.21291,0.30161
92.533333,0.28703,0.72652,0.05217
92.550000,-0.10095,-0.42318,-0.06182
92.566667,0.33637,-0.34134,-0.00168
92.583333,-0.00562,-0.46220,-0.25563
92.600000,-1.02013,-0.96817,-0.28200
92.616667,-0.06592,0.41292,0.20320
92.633333,0.99295,1.30301,0.33236
92.650000,0.06653,-0.17655,0.10097
92.666667,-0.47905,-0.76570,0.00658
92.683333,0.04541,0.24476,-0.07536
92.700000,0.29767,0.81261,-0.10330
92.716667,-0.06836,-0.00099,-0.20935
92.733333,-0.40952,-0.64376,-0.16405
92.750000,-0.06816,-0.11893,0.19530
92.766667,0.59474,-0.34877,0.15699
92.783333,0.50657,-0.40836,-0.02053
92.800000,-0.72955,0.18097,0.09151
92.816667,-1.14531,-0.13510,0.04223
92.833333,0.41548,0.65629,-0.18921
92.850000,1.01508,1.54435,-0.12979
92.866667,-0.16477,0.20962,0.25106
92.883333,0.07460,-0.38229,0.29873
92.900000,1.00136,-0.53004,-0.08890
92.916667,-0.43366,-2.18949,-0.48014
92.933333,-2.00923,-1.52272,-0.43030
92.950000,-0.46194,1.57632,0.26503
92.966667,1.52793,2.17004,0.61079
92.983333,0.62263,0.60801,0.06991
93.000000,-0.33114,-0.71661,-0.40605
93.016667,0.44392,-0.50923,-0.07915
93.033333,-0.11684,0.69200,0.42272
93.050000,-0.87679,-0.36077,0.04761
93.066667,0.21528,-1.14580,-0.32722
93.083333,0.48134,0.39841,-0.00921
93.100000,-0.16065,0.28949,-0.08336
93.116667,-0.31817,-0.51251,-0.14311
93.133333,-0.48660,-0.19421,0.11560
93.150000,-0.06588,0.22128,0.07407
93.166667,0.69270,0.64139,0.19775
93.183333,0.75897,0.30023,0.00698
93.200000,0.13845,0.06568,-0.21109
93.216667,-0.57507,0.19446,0.19353
93.233333,-0.46417,-0.14526,-0.00548
93.250000,-0.11803,-0.25661,-0.13350
93.266667,-0.24432,-0.89326,0.10799
93.283333,-0.04281,-0.99858,-0.16866
93.300000,0.46013,0.78450,-0.08844
93.316667,0.42951,1.25601,0.09803
93.333333,0.25485,-0.06187,0.02093
93.350000,0.07289,-0.14357,0.02242
93.366667,-0.57314,0.15507,-0.06121
93.383333,-0.28826,-0.34833,0.05150
93.400000,0.10053,0.12479,0.23577
93.416667,-0.68605,0.30449,0.12195
93.433333,-0.06445,-0.95241,-0.28076
93.450000,0.77006,-0.68361,-0.12524
93.466667,0.54471,0.77737,0.24252
93.483333,0.86628,1.17228,-0.32437
93.500000,-0.09905,0.42206,-0.18610
93.516667,-1.04631,-1.15863,0.33006
93.533333,-0.67594,-1.36862,-0.18860
93.550000,-1.24149,-0.20085,-0.07730
93.566667,-0.16926,0.45311,0.35455
93.583333,2.04176,2.27029,0.43072
93.600000,1.47783,2.47455,0.46015
93.616667,0.28276,-1.88591,-0.51659
93.633333,-0.62657,-3.73586,-1.21874
93.650000,-1.91454,-0.92205,-0.32604
93.666667,-1.38862,0.96239,0.65471
93.683333,0.59654,1.47454,0.74060
93.700000,1.50063,1.26801,0.17958
93.716667,0.57682,0.41739,-0.10470
93.733333,-0.27368,0.79551,0.14450
93.750000,0.42389,0.39120,-0.16298
93.766667,0.51353,-2.19267,-0.61675
93.783333,-0.79042,-2.97636,-0.42827
93.800000,-0.99930,-0.73670,-0.11780
93.816667,-0.30833,1.93844,0.44550
93.833333,-0.46434,2.36040,0.82173
93.850000,-0.13771,0.50510,0.21910
93.866667,1.24942,0.10940,-0.23313
93.883333,1.28640,0.33503,-0.06799
93.900000,0.00329,-1.51243,-0.42654
93.916667,-0.06524,-1.72584,-0.64737
93.933333,-0.10317,0.55342,0.25625
93.950000,-1.39414,0.52108,0.65589
93.966667,-0.88543,-0.43885,-0.09280
93.983333,0.21306,1.26687,-0.20184
94.000000,0.22668,1.25036,0.40592
94.016667,1.30685,-1.35796,-0.07264
94.033333,0.93596,-1.41764,-0.74711
94.050000,-0.30960,-0.19460,0.13127
94.066667,-1.08821,-0.51889,0.53264
94.083333,-1.77115,0.27200,-0.20871
94.100000,1.28102,3.43213,0.04787
94.116667,1.69376,3.16442,0.66138
94.133333,-1.04708,-0.56081,0.34945
94.150000,0.44845,-3.02880,-0.46330
94.166667,-0.02098,-7.91938,-1.62564
94.183333,-1.36960,-5.98261,-1.65499
94.200000,-0.44659,9.38568,1.30865
94.216667,0.21487,12.37455,3.28791
94.233333,1.99991,-1.18496,0.75405
94.250000,0.73316,-6.32168,-1.46166
94.266667,-1.00000,-4.24714,-1.38881
94.283333,-0.66998,-2.45748,-1.71062
94.300000,-1.38203,1.60378,-0.37247
94.316667,0.20675,3.00219,2.30267
94.333333,0.85111,2.93083,1.82321
94.350000,0.42659,2.13848,-0.11431
94.366667,1.45914,-1.38582,-0.62427
94.383333,0.20029,-3.10723,-1.12926
94.400000,-0.83923,-5.97932,-1.79140
94.416667,-2.34287,-4.89077,-1.28928
94.433333,-2.39682,5.16774,1.46701
94.450000,2.24715,9.27435,3.15147
94.466667,2.76876,6.41454,1.20062
94.483333,0.94599,-0.01762,-0.25858
94.500000,0.53648,-8.97528,-1.07169
94.516667,-2.46242,-5.29479,-1.50438
94.533333,-1.25363,0.72872,-1.62766
94.550000,1.20307,-3.27769,-1.99179
94.566667,-2.24876,0.06872,1.85979
94.583333,-0.44427,6.09602,3.78394
94.600000,3.90775,3.25403,-0.24539
94.616667,0.24616,1.31173,-1.25395
94.633333,-1.51476,0.24474,0.12769
94.650000,0.49847,-2.74138,0.15695
94.666667,-0.97870,-2.44955,-0.43741
94.683333,-0.43324,-0.35836,-0.76403
94.700000,1.50100,-0.82597,-0.07976
94.716667,-0.89519,-0.83001,0.22887
94.733333,-1.42879,1.89344,0.41439
94.750000,1.76405,1.67090,-0.52880
94.766667,2.05723,0.11094,-0.52409
94.783333,-1.57241,0.57207,1.94104
94.800000,-2.60414,-0.90117,0.75160
94.816667,1.73058,-0.89939,-1.42117
94.833333,1.39437,-0.03271,-0.61041
94.850000,-1.51997,-0.96668,0.02363
94.866667,0.50319,0.40187,0.12835
94.883333,-0.73283,0.60958,-0.40612
94.900000,-0.15090,1.03049,0.11319
94.916667,1.14081,0.92760,1.23293
94.933333,-2.98112,-2.98725,-0.04999
94.950000,2.18851,1.13551,-1.41365
94.966667,6.77417,5.46926,0.18500
94.983333,-1.69558,-3.59890,1.97096
95.000000,-7.18455,-7.49381,-0.84075
95.016667,-3.43458,0.86873,-1.57092
95.033333,2.07485,4.36658,1.42907
95.050000,3.49747,2.46372,-0.96054
95.066667,2.79769,1.73386,-0.88468
95.083333,0.67210,-2.34182,2.53126
95.100000,-2.04692,-3.50678,-0.39341
95.116667,-1.50932,2.20470,-1.24050
95.133333,-0.55785,2.03802,0.51574
95.150000,1.58777,-1.01381,-0.36913
95.166667,2.48648,0.10225,0.47956
95.183333,-3.05778,-3.04279,0.75571
95.200000,-5.26904,-4.37414,-0.61019
95.216667,2.06851,4.67370,-0.60371
95.233333,5.71983,7.07421,0.40581
95.250000,-0.30093,-2.42866,-0.26489
95.266667,-2.57266,-5.10519,-1.58735
95.283333,0.46266,0.67904,1.10973
95.300000,0.80496,2.82656,2.44669
95.316667,0.43806,0.24054,-0.11915
95.333333,-0.59556,-1.51464,-1.07418
95.350000,-2.69973,-1.44716,-1.34752
95.366667,-1.53520,-1.67857,-0.76637
95.383333,1.88271,0.53798,0.85107
95.400000,2.84902,3.79096,1.28049
95.416667,2.54204,2.46881,0.21319
95.433333,0.07094,-0.62087,-0.96448
95.450000,-4.66028,-3.12777,0.20673
95.466667,-3.15913,-3.62675,0.55425
95.483333,1.10186,0.94495,-0.85575
95.500000,2.04388,3.61892,-0.38104
95.516667,2.63967,0.29905,0.36621
95.533333,0.49350,-1.64660,0.41363
95.550000,-1.71292,-0.62981,0.26360
95.566667,-0.86128,0.23756,-0.17773
95.583333,-0.23043,1.00780,-0.22057
95.600000,0.55298,1.51749,-0.20257
95.616667,0.33053,0.72695,0.19426
95.633333,-0.69156,-1.59137,0.16069
95.650000,-1.18318,-2.91825,-0.53960
95.666667,-0.83173,-1.06693,0.28614
95.683333,2.10358,1.53713,0.60902
95.700000,2.86054,1.68581,-0.76961
95.716667,-0.21523,0.66839,-0.25307
95.733333,-1.60467,0.87391,0.86680
95.750000,-1.68241,0.18731,0.23044
95.766667,-0.77404,-1.48633,-0.49466
95.783333,0.63333,-1.09065,-0.73262
95.800000,-0.10379,-0.38163,0.26491
95.816667,0.72623,0.00435,0.96920
95.833333,1.55579,0.72927,-0.32146
95.850000,-0.70797,-0.10949,-0.63425
95.866667,-0.23935,-0.04116,-0.03912
95.883333,0.93764,1.15256,0.39252
95.900000,0.17841,1.40051,0.91573
95.916667,-1.47998,0.46891,-0.38147
95.933333,-3.88018,-4.15888,-1.39910
95.950000,1.55555,-3.44020,-0.08834
95.966667,6.04178,5.10578,0.79357
95.983333,-1.66628,4.16976,0.81397
96.000000,-4.14789,-3.11121,0.17087
96.016667,1.62840,-3.27372,-1.03785
96.033333,3.06606,0.92031,-0.34833
96.050000,-1.22185,2.66122,1.21594
96.066667,-4.40995,-1.23711,0.33235
96.083333,1.25490,-2.12585,-1.69846
96.100000,4.02736,2.36317,-1.06047
96.116667,-1.30638,1.39018,1.34812
96.133333,-1.25041,-1.78499,1.64258
96.150000,0.79476,-0.84733,0.31216
96.166667,-0.21192,0.73640,-1.12817
96.183333,-0.56450,0.91032,-1.76456
96.200000,-0.55069,-0.59783,-0.16165
96.216667,0.40868,-1.49633,1.31371
96.233333,1.04397,0.28351,1.47884
96.250000,-0.05601,1.11468,0.77876
96.266667,-0.34386,0.04667,-1.70327
96.283333,0.64505,0.34396,-2.16220
96.300000,-0.12061,0.60038,0.36334
96.316667,-1.18219,-0.18764,1.27277
96.333333,-0.04449,-0.63635,0.86481
96.350000,-0.00125,-1.45161,0.08008
96.366667,-0.04196,-0.68886,-0.43075
96.383333,1.16943,1.51206,0.46643
96.400000,0.10124,1.04014,-0.34239
96.416667,-0.97374,-0.21921,-1.70901
96.433333,0.10526,-0.15341,-0.28109
96.450000,0.47018,-1.00087,1.20924
96.466667,0.39872,-0.27017,1.45940
96.483333,0.08557,2.01482,0.37920
96.500000,-1.05830,0.78996,-1.55805
96.516667,-0.11719,-1.05552,-1.04255
96.533333,0.35810,-1.33187,0.29208
96.550000,-0.79313,-1.11906,0.78846
96.566667,1.01143,0.80469,1.30496
96.583333,0.45887,0.95203,-0.60937
96.600000,-1.39831,-0.64664,-1.58389
96.616667,1.06758,-0.35229,0.72043
96.633333,0.12615,0.57039,0.67669
96.650000,-1.47983,0.86345,-0.93163
96.666667,1.49817,1.31765,-0.82503
96.683333,2.20047,1.59058,0.70913
96.700000,-0.01292,-1.42549,1.79329
96.716667,-3.05527,-4.46765,0.56378
96.733333,-4.06597,-2.68796,-0.51378
96.750000,0.18468,1.05763,-1.78435
96.766667,4.01507,3.78539,-2.52779
96.783333,3.48554,4.32642,0.78776
96.800000,1.56131,3.24394,3.00510
96.816667,-1.55667,-3.40743,1.82645
96.833333,-4.62062,-9.90184,-0.24310
96.850000,-3.39875,-2.07479,-2.83541
96.866667,1.48923,6.68610,-1.83586
96.883333,4.46761,4.72488,1.06948
96.900000,1.98913,1.33391,1.53639
96.916667,-0.96940,-2.14254,1.29908
96.933333,-2.09800,-4.07617,-0.58546
96.950000,-2.75551,-1.80900,-1.94546
96.966667,0.86308,1.85892,-0.11615
96.983333,3.78867,3.78835,0.83165
97.000000,0.57439,0.41813,0.43577
97.016667,-2.61735,-3.67038,0.38771
97.033333,-1.61254,-1.58723,-0.06078
97.050000,0.59071,1.80618,-0.79721
97.066667,1.10765,1.04409,0.10370
97.083333,1.27771,0.06812,0.90960
97.100000,-0.60173,0.23472,-0.93125
97.116667,-1.61405,-0.13007,-0.91926
97.133333,0.62357,0.14750,0.49144
97.150000,0.34444,0.35209,0.55437
97.166667,1.26674,0.33318,1.03968
97.183333,0.67335,-1.44780,-0.19134
97.200000,-3.20322,-3.23184,-0.95978
97.216667,-0.20878,0.64886,0.17377
97.233333,1.50202,3.24880,-0.32185
97.250000,-1.28448,0.73339,-0.15460
97.266667,0.07814,-0.36947,0.48407
97.283333,1.89150,0.21497,-0.28294
97.300000,2.63125,1.36169,0.05322
97.316667,0.00141,-0.68909,0.99503
97.333333,-4.77122,-4.21110,0.17286
97.350000,-2.17338,-0.99629,-0.99336
97.366667,2.29400,2.34411,-0.92579
97.383333,1.54486,1.23960,-0.13490
97.400000,-0.01466,0.75695,1.11858
97.416667,0.20033,0.21249,0.83332
97.433333,1.30066,-0.21302,-0.41661
97.450000,-0.51553,-0.40210,-0.16472
97.466667,-2.51461,-0.56843,-0.22832
97.483333,0.13043,0.01173,-0.39792
97.500000,1.47801,-0.39305,0.12629
97.516667,0.35639,-0.12989,0.13682
97.533333,-0.39782,0.68005,0.25005
97.550000,-1.08283,-0.21240,-0.08244
97.566667,0.51288,-0.45764,-0.68732
97.583333,1.33512,0.36022,0.26364
97.600000,-0.58721,0.45722,1.03877
97.616667,-0.93671,0.25901,-0.01094
97.633333,-0.26654,0.06756,-0.71831
97.650000,-0.00918,-0.31730,-0.24488
97.666667,0.96951,-0.15268,0.15135
97.683333,1.30541,-0.02210,-0.01462
97.700000,-0.51750,-0.49531,-0.18448
97.716667,-1.60685,-0.19285,0.30715
97.733333,-0.02569,0.19795,0.41983
97.750000,0.75154,0.29130,-0.12910
97.766667,0.01130,0.60642,-0.39765
97.783333,-0.23802,0.05733,-0.18061
97.800000,-0.27170,-0.42474,0.52976
97.816667,-0.07188,-0.68210,0.27928
97.833333,0.24611,-0.86207,-0.59067
97.850000,0.69703,1.13914,-0.34345
97.866667,0.83609,2.91504,-0.10325
97.883333,-0.46321,0.60699,0.13846
97.900000,-1.33261,-3.18857,0.74371
97.916667,-0.53574,-3.35005,0.52248
97.933333,0.29395,-0.43781,-0.24743
97.950000,0.80472,2.17139,-0.74241
97.966667,0.63130,3.70983,-0.53843
97.983333,-0.60239,1.46902,0.09684
98.000000,-0.64370,-2.46479,0.47772
98.016667,0.70122,-2.35939,0.41578
98.033333,0.75756,-0.58797,-0.04674
98.050000,-0.47652,2.07652,-0.22068
98.066667,-0.89275,2.56814,0.01445
98.083333,-0.30797,-2.50135,-0.10171
98.100000,-0.08538,-3.49754,-0.06469
98.116667,0.91806,0.67396,0.11851
98.133333,1.53164,2.64890,-0.32174
98.150000,-1.19593,2.09138,-0.08248
98.166667,-1.73055,-0.60375,0.66751
98.183333,1.27909,-1.53018,0.34359
98.200000,0.66452,-0.35420,-0.22677
98.216667,-1.01110,-1.14315,-0.64047
98.233333,0.69962,0.02477,-0.52815
98.250000,1.00290,2.47664,0.13889
98.266667,-1.36442,1.15776,0.21746
98.283333,-1.62425,-0.59189,0.75346
98.300000,0.31002,-1.74082,1.03905
98.316667,1.59722,-2.56848,-0.29158
98.333333,0.92972,-1.23431,-1.06639
98.350000,-0.80617,0.02444,-0.65272
98.366667,0.06453,3.21674,0.12073
98.383333,-0.02437,5.36350,-0.43913
98.400000,-1.67635,2.31858,-1.23612
98.416667,2.34609,-0.40582,1.87395
98.433333,1.91518,-7.08822,3.03358
98.450000,-4.52238,-9.40919,-0.95428
98.466667,-1.52446,2.61312,-1.90000
98.483333,1.99333,7.18612,-0.41679
98.500000,0.28717,2.51703,-0.08088
98.516667,1.85471,1.27375,0.24450
98.533333,1.16294,-1.55301,0.23410
98.550000,-1.12782,-2.11987,0.42372
98.566667,-0.84115,-0.58147,-0.09761
98.583333,-0.64468,-1.53393,-0.50922
98.600000,0.26505,0.54784,0.25323
98.616667,-0.29771,2.95124,-0.09242
98.633333,-0.86274,1.41952,-0.27424
98.650000,0.70113,-1.24357,0.43706
98.666667,0.85910,-2.71339,0.62118
98.683333,0.25061,-2.23771,0.26424
98.700000,-0.62485,-0.93547,-0.49316
98.716667,0.19786,2.59732,-0.63670
98.733333,1.88338,5.35404,-0.07879
98.750000,-0.73376,1.42175,-0.16585
98.766667,-3.09243,-2.78986,-0.46722
98.783333,-1.23270,-3.18963,0.55537
98.800000,2.65591,-2.18170,1.34009
98.816667,3.35266,0.75339,0.27712
98.833333,-2.00770,1.74621,-1.32160
98.850000,-2.41996,0.93535,-1.29254
98.866667,1.97627,0.82162,1.29963
98.883333,-0.26990,-0.93531,1.67744
98.900000,-1.82099,-1.01644,-1.43571
98.916667,1.58576,0.98450,-1.89775
98.933333,1.75134,0.23981,1.28015
98.950000,-0.39898,-0.85155,2.96450
98.966667,-1.23690,0.26528,-1.08357
98.983333,-1.79791,1.03163,-4.35998
99.000000,-0.60136,0.48355,0.76390
99.016667,2.87065,-1.01341,4.65855
99.033333,2.35727,-2.30412,-0.78956
99.050000,-1.78095,-0.78457,-3.86280
99.066667,-3.01628,1.78797,1.56463
99.083333,-1.36876,2.27119,2.18121
99.100000,2.04452,1.01272,-1.90148
99.116667,2.84660,-0.95311,-0.05177
99.133333,0.88273,-2.30524,1.50156
99.150000,-0.17046,-1.91225,-0.61465
99.166667,-2.22621,1.11398,-0.62882
99.183333,-0.04058,3.21041,0.50298
99.200000,-0.07856,1.43853,-0.94811
99.216667,-3.32524,-0.52820,-1.79654
99.233333,1.75074,-2.22890,0.34563
99.250000,-0.78369,-2.46807,0.89934
99.266667,0.22270,-1.09628,2.77514
99.283333,9.89650,-0.34783,3.61368
99.300000,-3.87745,3.11709,-1.47578
99.316667,-9.47764,4.39248,-3.60309
99.333333,5.50656,0.17213,-3.31306
99.350000,2.90607,-2.36449,-1.34173
99.366667,-2.39323,-2.93615,1.89087
99.383333,-1.66065,-1.47339,1.17540
99.400000,-2.54035,1.54588,3.36634
99.416667,1.98976,2.00805,2.95004
99.433333,2.60694,0.65846,-2.69064
99.450000,0.94711,-0.96554,-3.23122
99.466667,2.08745,-1.23360,-2.05012
99.483333,-1.53826,-0.24631,1.41979
99.500000,-3.97714,0.61048,3.52133
99.516667,-1.75314,0.75101,-0.22874
99.533333,0.11388,-0.64667,-1.51661
99.550000,3.17414,-0.34828,-1.60621
99.566667,3.63184,1.23786,-0.38094
99.583333,-1.08957,0.12010,2.00473
99.600000,-2.76653,-0.15541,0.68232
99.616667,-1.27790,2.02838,0.26118
99.633333,-0.14503,0.10753,0.67362
99.650000,1.04065,-4.44854,-1.24213
99.666667,1.19554,-3.73878,-2.27983
99.683333,1.82788,-0.22352,-0.67352
99.700000,0.69365,4.07410,1.26927
99.716667,-2.61385,7.00435,1.80323
99.733333,-2.83174,1.89614,1.20494
99.750000,-1.12175,-3.88483,-0.40081
99.766667,1.17965,-4.14789,-0.60847
99.783333,3.18546,-3.28300,-0.13991
99.800000,2.16199,-0.60252,-1.62258
99.816667,-0.33439,2.45724,-1.90374
99.833333,-1.39289,2.98949,0.69583
99.850000,-1.13753,2.02325,3.05471
99.866667,-2.10469,-0.18956,1.49724
99.883333,-1.24607,-1.86590,-1.41925
99.900000,2.68658,-2.02234,-1.24754
99.916667,1.97287,-1.18983,-0.48102
99.933333,-0.53519,1.64291,0.65804
99.950000,0.41959,3.05540,1.29659
99.966667,-0.68564,0.02279,-1.53241
99.983333,-1.52383,-2.66939,-1.53234
100.000000,0.28674,-1.98268,1.28251
100.016667,0.19984,0.52827,0.55203
100.033333,0.39081,2.28682,0.72862
100.050000,0.61377,1.16176,1.04703
100.066667,-0.43399,-0.76849,-1.71231
100.083333,0.26786,-0.89758,-1.00776
100.100000,0.05864,-0.31029,0.93892
100.116667,-1.18685,-0.00435,-0.09391
100.133333,-0.25110,0.63929,-0.15473
100.150000,0.64411,0.55134,0.07423
100.166667,0.66470,-0.43127,0.17933
100.183333,0.58028,-0.70919,0.36356
100.200000,-0.30856,-1.03391,-0.49696
100.216667,-0.71379,-0.12166,0.36592
100.233333,-0.14173,1.73327,0.59388
100.250000,-0.08646,0.77611,-1.30697
100.266667,0.11286,-0.21736,-0.70549
100.283333,0.24921,0.07301,1.04122
100.300000,0.00510,-0.75671,1.16250
100.316667,0.26926,-0.38549,-0.26137
100.333333,-0.31569,0.53608,-1.54730
100.350000,-0.08788,-0.48072,0.08460
100.366667,0.34764,-0.93442,1.51637
100.383333,-0.59748,0.12283,-0.24761
100.400000,0.49271,0.39820,-1.09158
100.416667,0.12560,0.60461,0.32363
100.433333,-1.09685,1.46536,0.25565
100.450000,0.81151,0.53103,-0.45012
100.466667,0.59395,-0.97206,0.33329
100.483333,-0.30440,-1.24373,0.41828
100.500000,0.23083,-1.31729,-0.12230
100.516667,-0.52170,-0.38514,0.03500
100.533333,-0.32492,0.99337,0.01143
100.550000,0.41373,1.48635,-0.51717
100.566667,-0.28231,1.09801,-0.58291
100.583333,-0.65683,-0.31626,0.59945
100.600000,0.24794,-1.26022,0.80070
100.616667,0.93727,-1.01561,-0.18705
100.633333,0.67398,-0.25873,0.11008
100.650000,0.09020,0.91433,-0.35064
100.666667,-0.66926,1.34634,-1.21658
100.683333,-0.75094,0.32521,0.04129
100.700000,-0.31718,-0.85066,0.88918
100.716667,-0.17585,-1.13128,0.82725
100.733333,0.20238,-0.63290,0.54203
100.750000,0.40014,-0.08972,-0.60274
100.766667,0.56046,0.24795,-0.60226
100.783333,0.90707,0.99880,0.19551
100.800000,0.26889,1.41390,-0.37700
100.816667,-1.07516,0.97846,-1.35622
100.833333,-1.47757,0.34978,-0.79589
100.850000,-0.49402,-1.49257,1.40835
100.866667,0.31398,-3.00206,2.30792
100.883333,0.86752,-1.77675,1.06097
100.900000,1.54795,0.10291,0.09370
100.916667,0.48983,2.12389,-1.38346
100.933333,-1.11450,3.57145,-2.87599
100.950000,-0.82315,1.63012,-1.20398
100.966667,0.05626,-1.16344,1.15095
100.983333,-0.10934,-1.89928,1.28465
101.000000,-0.48232,-1.89110,1.16625
101.016667,0.28447,-1.18488,1.05535
101.033333,0.76246,0.40819,-0.14801
101.050000,0.06957,1.51938,-1.33788
101.066667,-0.11436,1.30862,-1.11441
101.083333,0.02602,0.05559,0.13714
101.100000,-0.08239,-0.60519,0.57693
101.116667,-0.07093,-0.29022,0.14362
101.133333,-0.20309,-0.21139,-0.02702
101.150000,-0.14381,-0.05184,-0.09970
101.166667,0.18288,0.19093,-0.01910
101.183333,0.21156,0.00037,0.15630
101.200000,0.05466,0.05464,0.22867
101.216667,-0.15538,0.11154,0.13613
101.233333,-0.10625,-0.21962,-0.34571
101.250000,0.20689,-0.26280,-0.17773
101.266667,-0.06976,0.11576,0.23898
101.283333,-0.23767,0.53222,-0.21860
101.300000,0.21573,0.36315,-0.36422
101.316667,-0.00178,-0.35975,0.00841
101.333333,-0.34643,-0.67398,0.50226
101.350000,-0.02360,-0.54139,0.76799
101.366667,0.30919,-0.05406,0.04279
101.383333,0.69524,0.68683,-0.61038
101.400000,0.34632,0.76082,-0.60754
101.416667,-1.05182,0.45019,-0.47080
101.433333,-0.93542,0.13531,-0.04169
101.450000,0.53394,-0.51660,0.54776
101.466667,0.46102,-0.89022,0.92952
101.483333,0.21511,-0.69424,0.39406
101.500000,0.49724,-0.01930,-0.39022
101.516667,-0.46526,0.80223,-0.03626
101.533333,-0.72063,0.69589,-0.67412
101.550000,-0.34562,-0.13881,-1.58520
101.566667,-0.29742,-0.60572,0.64773
101.583333,1.29287,-0.39860,1.90144
101.600000,1.62949,0.66395,0.10529
101.616667,-0.21246,1.38774,-0.81104
101.633333,-1.18261,-0.07249,-0.73054
101.650000,-1.79052,-1.43032,0.51021
101.666667,-0.57955,-0.69590,1.54487
101.683333,1.51509,-0.03511,-0.75489
101.700000,0.29115,0.55731,-2.64320
101.716667,-0.25545,0.60845,-0.52093
101.733333,1.61208,-0.80856,2.46815
101.750000,0.74469,-0.23421,2.38771
101.766667,-1.18580,1.16402,-0.41909
101.783333,-1.10666,0.33757,-2.05833
101.800000,-0.90735,0.06231,-1.01028
101.816667,-0.25601,0.00228,0.26849
101.833333,0.94246,-1.10924,0.48517
101.850000,1.15379,-0.75633,0.25471
101.866667,0.62320,0.37460,-0.11736
101.883333,-0.65502,0.61215,0.06531
101.900000,-1.14849,0.40330,0.61988
101.916667,0.03990,-0.29816,0.32258
101.933333,0.41807,-0.66755,-0.27432
101.950000,0.28453,0.11477,-0.45126
101.966667,0.57293,0.96278,-0.59590
101.983333,-0.16679,0.82106,-0.36406
102.000000,-1.01848,-0.22990,0.19929
102.016667,-0.53505,-1.27432,0.65910
102.033333,0.51392,-1.24471,0.89485
102.050000,0.86420,0.06928,0.07724
102.066667,0.07186,1.44674,-0.97176
102.083333,-0.47605,1.18442,-0.69797
102.100000,-0.00862,-0.13889,0.17433
102.116667,0.18818,-0.65470,0.47290
102.133333,-0.16097,-0.74174,0.14403
102.150000,-0.24767,-0.72522,0.07100
102.166667,0.08469,-0.33540,0.22931
102.183333,0.29660,0.27714,0.25354
102.200000,0.26818,1.49500,-0.33117
102.216667,0.20565,0.47463,-0.62797
102.233333,-0.63557,-0.82615,0.75810
102.250000,-0.99418,2.03933,-0.68255
102.266667,0.15316,0.97590,-2.51418
102.283333,0.47217,-3.28521,1.11562
102.300000,0.69220,-2.71629,3.01780
102.316667,1.16780,-1.44616,1.76609
102.333333,-0.28183,2.42365,-0.56573
102.350000,-1.29663,4.87839,-3.55108
102.366667,-0.82544,0.32317,-1.28116
102.383333,-0.48609,-0.87278,1.04604
102.400000,0.51000,-2.48105,0.49182
102.416667,1.14364,-4.13998,1.17710
102.433333,0.70386,1.32658,0.81247
102.450000,0.52297,2.96202,0.18092
102.466667,-0.35306,2.24529,-1.57719
102.483333,-1.32688,1.58954,-1.81254
102.500000,-0.79434,-2.33098,1.60864
102.516667,-0.20025,-2.17235,1.17152
102.533333,0.36096,-1.20342,-0.60802
102.550000,1.06798,-1.21459,-0.27840
102.566667,0.39642,1.49588,-0.31487
102.583333,-0.74490,2.22312,0.31801
102.600000,-0.36573,-0.40063,0.86722
102.616667,1.15327,-1.18143,0.49942
102.633333,1.52584,2.49116,-1.50076
102.650000,-0.46390,2.49631,-1.94304
102.666667,-2.65179,-2.50118,1.19087
102.683333,-1.86862,-3.20831,1.64747
102.700000,0.73913,-0.47875,-0.21887
102.716667,1.31347,1.15325,-0.54395
102.733333,1.03505,0.76958,0.03644
102.750000,1.95572,-0.58552,0.52245
102.766667,0.86822,-0.92163,0.04940
102.783333,-1.99330,0.55512,-0.39881
102.800000,-2.27021,2.46543,-0.65798
102.816667,-0.88811,1.56485,-0.01859
102.833333,-0.15154,-0.52212,1.08173
102.850000,0.92467,-0.87384,-0.05832
102.866667,1.90607,-1.01466,-0.95475
102.883333,1.22107,-2.30798,-0.68228
102.900000,-0.43743,-1.75405,-0.26560
102.916667,-0.43747,0.80164,1.60916
102.933333,-0.19279,0.81912,1.95343
102.950000,-1.83714,1.61706,-0.54084
102.966667,-0.69958,3.32597,-1.90987
102.983333,0.94990,0.97127,-0.85078
103.000000,0.41470,-1.21207,0.58485
103.016667,1.16039,-1.06199,0.19309
103.033333,-1.45819,-1.18958,-0.67740
103.050000,-1.19930,-3.08442,1.11397
103.066667,4.09609,-3.35840,1.99578
103.083333,1.26977,1.24267,-0.85833
103.100000,-2.15428,4.09786,-1.95448
103.116667,-1.49146,3.88695,-0.47366
103.133333,-2.24288,2.38861,0.10000
103.150000,-1.18274,-2.26340,0.54979
103.166667,1.10455,-3.65543,1.40365
103.183333,3.79335,-1.06696,0.92507
103.200000,1.97880,-0.82644,-1.03865
103.216667,-1.83287,-0.46572,-1.29331
103.233333,-0.20005,1.34563,-0.12563
103.250000,-1.22221,1.48667,-0.14462
103.266667,-2.20600,0.61043,0.35048
103.283333,0.76450,0.39462,0.93362
103.300000,0.59406,0.19963,0.20615
103.316667,0.80327,-0.64012,-0.47215
103.333333,1.33335,-1.13546,-0.59853
103.350000,-0.08885,-0.77758,0.26219
103.366667,-0.22952,0.04179,0.73761
103.383333,-0.77265,0.68624,-0.28216
103.400000,-1.30744,0.56682,-0.43468
103.416667,-0.66259,0.41369,-0.10823
103.433333,0.52692,0.15384,-0.50582
103.450000,1.83031,-0.52011,0.38826
103.466667,0.11460,-0.33449,1.20787
103.483333,-1.33578,0.18419,-0.22969
103.500000,1.31614,-0.51952,-0.78479
103.516667,1.68848,-0.95206,0.28083
103.533333,-1.26803,0.79914,-0.24022
103.550000,-2.07634,1.91836,-0.95209
103.566667,-0.95412,-0.03329,0.41963
103.583333,0.31471,-1.28454,1.39080
103.600000,0.82772,-0.11960,0.56099
103.616667,0.61496,0.08821,-0.60685
103.633333,1.02056,-0.46642,-1.15710
103.650000,0.85247,-0.01340,-0.68440
103.666667,-0.36319,-0.00467,0.51836
103.683333,-0.82880,-0.00628,0.98301
103.700000,-0.86155,0.85184,0.06523
103.716667,-0.75278,0.88760,-0.47576
103.733333,-0.26957,-0.04409,0.22996
103.750000,-0.18112,-1.02236,0.56230
103.766667,0.82868,-1.06476,-0.33142
103.783333,2.11832,-0.31547,-1.08723
103.800000,0.63027,0.15555,-0.07298
103.816667,-1.48037,1.01318,0.92154
103.833333,-1.23646,1.25912,-0.08492
103.850000,0.23032,0.13914,-0.45893
103.866667,0.61486,-0.55993,0.55430
103.883333,-0.20411,-0.86588,0.42749
103.900000,-0.30160,-0.90665,-0.41262
103.916667,-0.07694,-0.25350,-0.63668
103.933333,0.22623,0.54734,-0.03168
103.950000,0.51487,0.83836,0.76457
103.966667,-0.10440,0.45594,0.27499
103.983333,-0.22149,0.22789,-0.21443
104.000000,-0.53461,-0.24790,0.02208
104.016667,-0.33368,-0.80672,-0.69810
104.033333,0.93132,-0.24046,-0.75758
104.050000,0.41006,0.17168,0.50583
104.066667,0.65089,0.28449,0.80745
104.083333,0.35163,0.43052,0.24628
104.100000,-1.70546,-0.21373,-0.04655
104.116667,-0.48544,-0.55091,0.03655
104.133333,0.37858,-0.03770,-0.45141
104.150000,-0.59868,0.57067,-0.56297
104.166667,-0.28180,0.27456,0.65791
104.183333,0.59068,-0.51553,0.26052
104.200000,1.17429,-0.19028,-0.82872
104.216667,-0.25953,-0.01635,0.09474
104.233333,-0.27592,-0.41973,0.63608
104.250000,1.31840,0.36037,-0.05247
104.266667,0.31191,1.33744,-0.30904
104.283333,-0.65723,0.50272,-0.04788
104.300000,-1.21350,-1.08875,0.07716
104.316667,-1.19174,-1.00087,0.28066
104.333333,-0.51786,-0.46768,0.30672
104.350000,-0.67122,-0.51225,-0.38497
104.366667,1.25507,0.82423,-0.42357
104.383333,2.93316,1.66407,-0.06091
104.400000,1.38325,0.41675,0.07203
104.416667,-0.35661,-0.50679,0.58705
104.433333,-1.54894,-0.63556,-0.12181
104.450000,-1.91691,-0.34934,-0.82808
104.466667,-1.11268,-0.16166,0.31415
104.483333,-0.14368,-0.50510,0.74783
104.500000,0.99399,-0.06495,0.18155
104.516667,1.52407,0.77802,-0.31422
104.533333,0.71968,0.64004,-0.32765
104.550000,-0.37208,-0.09973,0.20187
104.566667,-0.62531,-0.38251,-0.18688
104.583333,-0.10698,-0.15853,-0.34687
104.600000,0.03062,-0.05124,-0.11773
104.616667,-0.15796,0.26193,-0.16892
104.633333,0.11227,0.27842,0.74723
104.650000,0.25839,-0.21981,0.55593
104.666667,-0.08980,-0.23807,-0.12527
104.683333,-0.61165,-0.35483,0.06692
104.700000,-0.50671,-0.20257,-0.74977
104.716667,0.44184,0.53541,-0.49542
104.733333,1.04265,0.51994,0.24310
104.750000,0.43466,0.02658,-0.05644
104.766667,-0.87637,-0.45490,0.82060
104.783333,-0.64151,-0.38107,0.78086
104.800000,0.57427,0.34803,-1.01150
104.816667,0.11512,0.22392,-1.05247
104.833333,-0.28444,-0.25367,0.54741
104.850000,0.04154,0.03288,0.84236
104.866667,-0.22133,0.07304,-0.17927
104.883333,0.05792,-0.23330,-0.38337
104.900000,0.61546,0.11836,0.22144
104.916667,0.43456,0.38619,0.18895
104.933333,-0.34544,-0.13236,-0.58059
104.950000,-0.87274,-0.36637,-0.29567
104.966667,-0.46188,-0.17197,0.66210
104.983333,0.00071,-0.02050,0.22514
105.000000,0.50020,0.33627,-0.22249
105.016667,0.97616,0.41594,-0.07722
105.033333,0.55691,0.03590,-0.25357
105.050000,-0.31690,-0.17501,0.21337
105.066667,-0.78336,-0.20397,0.42924
105.083333,-0.44498,-0.21296,-0.34614
105.100000,-0.24111,-0.18761,-0.37355
105.116667,-0.14720,0.03089,0.23609
105.133333,0.60188,0.31066,0.35788
105.150000,0.47309,0.09790,-0.28399
105.166667,-0.05292,-0.09653,-0.47937
105.183333,0.24808,0.27680,0.47249
105.200000,-0.16921,0.21534,0.37002
105.216667,-0.73444,-0.49769,-0.11408
105.233333,-0.17829,-0.53872,-0.06770
105.250000,0.34921,0.22593,-0.65258
105.266667,0.46928,0.55446,0.06321
105.283333,0.36449,0.13574,0.85721
105.300000,-0.11335,-0.22297,-0.04717
105.316667,-0.46663,-0.18935,-0.29749
105.333333,-0.37878,-0.09733,-0.25842
105.350000,0.03287,-0.00388,-0.30586
105.366667,0.22737,0.13838,0.16775
105.383333,-0.13140,0.04966,0.38021
105.400000,-0.19829,-0.12498,0.19246
105.416667,0.35352,0.07808,-0.19175
105.433333,0.61408,0.25698,-0.03541
105.450000,0.28254,0.01628,0.23340
105.466667,-0.11946,-0.15640,-0.20919
105.483333,-0.50238,-0.14049,-0.23849
105.500000,-0.78858,-0.14540,0.17126
105.516667,-0.50128,-0.14612,0.14193
105.533333,0.13223,-0.11131,-0.01037
105.550000,0.59500,0.21808,-0.34279
105.566667,0.81479,0.61484,-0.77256
105.583333,0.57606,0.28227,0.17282
105.600000,0.00961,-0.30019,1.50634
105.616667,-0.33566,-0.25425,0.71022
105.633333,-0.82879,-0.31057,-0.87845
105.650000,-1.12957,-0.46473,-1.11153
105.666667,0.00376,0.07129,-0.07003
105.683333,1.15894,0.60521,0.52554
105.700000,0.90219,0.63721,-0.00445
105.716667,-0.04823,-0.10583,0.56877
105.733333,-0.54385,-0.66284,1.13295
105.750000,-0.04944,-0.06265,-0.80140
105.766667,-0.47396,-0.11786,-2.33283
105.783333,-0.70763,-0.18766,-1.25204
105.800000,0.51673,0.28335,0.92044
105.816667,0.43541,0.22935,2.47199
105.833333,0.73259,0.74994,1.95510
105.850000,0.53375,0.25021,0.53993
105.866667,-1.34113,-0.89446,-0.91721
105.883333,-0.45008,-0.56272,-3.11177
105.900000,0.82823,-0.50840,-2.03112
105.916667,0.45554,-0.23260,0.82346
105.933333,0.25374,0.78790,1.21571
105.950000,-0.53943,1.16726,2.79231
105.966667,-2.41922,0.26082,0.45571
105.983333,-2.30953,-0.55467,-4.39903
106.000000,3.03903,0.12019,-0.06704
106.016667,4.80470,-0.37346,3.18431
106.033333,0.11846,-1.30929,0.36020
106.050000,-2.11498,-0.27260,0.97158
106.066667,-2.22801,0.51767,-0.10328
106.083333,-0.77672,0.89171,-2.92070
106.100000,0.42329,1.27902,-1.60144
106.116667,-0.09557,0.04587,-0.46669
106.133333,0.28883,-1.09193,0.34806
106.150000,0.84633,-1.02926,1.75274
106.166667,2.66318,-0.89090,1.75043
106.183333,-0.55640,1.25533,2.41387
106.200000,-4.61474,2.03808,0.82073
106.216667,1.03768,-1.05909,-3.88454
106.233333,2.28272,-1.34019,-3.67142
106.250000,-1.30186,0.18574,0.42809
106.266667,0.45996,0.25837,2.08191
106.283333,0.61944,0.53559,1.69179
106.300000,0.10368,0.04472,0.22872
106.316667,0.53210,-0.23011,-1.53998
106.333333,-0.94683,-0.14733,-1.13570
106.350000,-0.73628,-0.39429,0.79211
106.366667,-0.04339,0.08682,1.55008
106.383333,-1.15547,0.65061,1.57224
106.400000,-0.27150,0.70606,-0.56033
106.416667,2.13380,-0.21576,-3.61178
106.433333,1.66331,-0.94230,-0.84185
106.450000,-0.07313,-0.37202,2.34706
106.466667,-0.60947,0.09463,0.55906
106.483333,-1.03812,0.10975,0.49657
106.500000,-1.11191,0.05435,0.32882
106.516667,-0.42409,0.17876,-1.45227
106.533333,0.21737,0.22465,-0.30965
106.550000,0.40660,0.08755,0.06977
106.566667,0.96401,0.33958,-0.19336
106.583333,1.29863,0.10625,0.98320
106.600000,-0.10605,-0.48719,0.50254
106.616667,-0.86383,-0.37741,-0.10934
106.633333,-0.38110,-0.14930,-0.37410
106.650000,-0.62181,-0.00996,-0.75882
106.666667,-0.44820,0.00748,-0.08700
106.683333,-0.09585,0.13621,0.11118
106.700000,0.32151,0.45641,-0.00031
106.716667,0.82718,0.21863,0.59414
106.733333,0.35836,0.10091,0.94868
106.750000,0.71557,0.03871,-0.50314
106.766667,-0.09032,-0.56166,-1.29424
106.783333,-1.53112,-0.88203,0.67186
106.800000,0.23157,-0.26789,0.28047
106.816667,0.29545,0.90678,-1.13960
106.833333,-0.70832,0.88592,0.60567
106.850000,0.29384,0.10555,0.86222
106.866667,-0.23494,-0.19074,-0.28955
106.883333,0.04481,-0.63719,0.06421
106.900000,0.89732,-0.45084,-0.24758
106.916667,0.09501,0.16328,-0.43601
106.933333,0.21487,0.24811,0.08939
106.950000,-0.06156,0.25339,-0.07302
106.966667,-0.67669,0.05863,0.09530
106.983333,-0.29330,-0.11608,0.31586
107.000000,-0.15396,-0.16832,0.12936
107.016667,0.05592,-0.13678,0.00184
107.033333,0.12565,0.16216,-0.13139
107.050000,0.27253,0.17023,0.06364
107.066667,0.54970,0.03052,-0.13354
107.083333,-0.05611,0.00604,-0.28018
107.100000,-0.42139,-0.12666,0.14831
107.116667,-0.16263,-0.14575,0.00526
107.133333,-0.00361,-0.04601,0.04771
107.150000,0.06333,0.04438,0.20703
107.166667,-0.08160,0.06724,-0.16502
107.183333,-0.01811,0.06677,-0.08697
107.200000,0.24404,0.13589,0.11426
107.216667,0.17118,0.06438,0.07813
107.233333,-0.03779,-0.09581,0.02706
107.250000,-0.15991,-0.15673,-0.14239
107.266667,-0.14226,-0.11662,-0.07907
107.283333,-0.05045,0.02652,0.06746
107.300000,0.00699,0.10807,-0.00633
107.316667,0.04855,0.00884,-0.00835
107.333333,0.04745,-0.00870,0.06835
107.350000,0.02768,0.08289,0.02082
107.366667,0.03631,-0.03170,-0.02280
107.383333,0.13013,-0.03806,0.00673
107.400000,0.10639,0.10166,-0.02199
107.416667,-0.11464,-0.00989,-0.01298
107.433333,-0.22264,-0.08179,0.01373
107.450000,-0.22962,-0.09089,-0.04274
107.466667,0.00864,-0.04440,-0.00175
107.483333,0.32387,0.14586,0.04660
107.500000,0.12212,0.07184,-0.02137
107.516667,-0.11992,-0.13701,-0.01278
107.533333,-0.01066,-0.03406,-0.00825
107.550000,0.06486,0.18220,-0.02239
107.566667,0.06369,0.03064,0.14087
107.583333,0.06813,-0.08675,0.15177
107.600000,-0.20835,0.03564,-0.11043
107.616667,-0.50178,-0.19828,-0.25716
107.633333,-0.00112,-0.20678,-0.18955
107.650000,0.54942,0.21530,0.14131
107.666667,0.33288,0.30435,0.31074
107.683333,-0.02065,0.10608,-0.00341
107.700000,-0.25329,-0.17445,-0.08237
107.716667,-0.14388,-0.15448,0.03516
107.733333,0.04810,0.06302,-0.00741
107.750000,-0.22515,-0.11638,0.01093
107.766667,-0.20203,-0.21468,-0.18458
107.783333,0.28816,0.14826,-0.20919
107.800000,0.34163,0.29244,0.21583
107.816667,-0.01365,-0.03953,0.22957
107.833333,-0.11334,-0.11146,-0.01491
107.850000,-0.06517,0.09026,-0.06270
107.866667,-0.10774,0.04482,-0.09769
107.883333,-0.02573,-0.06469,-0.00712
107.900000,0.07923,-0.12126,0.07350
107.916667,0.09981,0.01324,-0.00860
107.933333,0.04714,0.08824,0.01882
107.950000,-0.06394,-0.13857,0.05868
107.966667,-0.12980,-0.06156,-0.16392
107.983333,-0.09358,0.10698,-0.22119
108.000000,0.08462,0.11636,0.15790
108.016667,0.10762,0.14986,0.28951
108.033333,-0.05426,-0.09833,0.08374
108.050000,0.00619,-0.25042,-0.07740
108.066667,0.20741,0.03324,-0.20997
108.083333,0.07066,0.22951,-0.08386
108.100000,-0.28393,-0.02942,0.01716
108.116667,-0.15302,-0.24931,-0.06638
108.133333,0.09878,0.05012,0.13121
108.150000,-0.06012,0.10625,0.19060
108.166667,0.01736,-0.08123,-0.00549
108.183333,0.25853,0.12914,-0.03219
108.200000,0.11130,0.20891,-0.04924
108.216667,-0.09225,0.04895,-0.05914
108.233333,-0.13819,-0.29612,-0.02239
108.250000,-0.01703,-0.46571,-0.09512
108.266667,-0.00254,0.09298,-0.14628
108.283333,-0.49107,0.24065,0.02726
108.300000,-0.26239,-0.02283,0.15447
108.316667,0.81905,0.26904,0.22693
108.333333,0.83614,0.48113,0.44795
108.350000,0.05874,0.29337,0.20856
108.366667,-0.69254,-0.41908,-0.61206
108.383333,-0.83767,-1.20766,-1.06478
108.400000,0.06819,-0.73493,-0.25264
108.416667,0.19582,0.54643,0.76067
108.433333,-0.14749,1.26068,0.67246
108.450000,0.19706,0.74392,0.49985
108.466667,0.31375,-0.40760,-0.10461
108.483333,0.55752,-0.45923,-0.69159
108.500000,0.29946,-0.06622,-0.00004
108.516667,-0.50419,-0.51837,-0.13092
108.533333,-0.47729,-0.26263,-0.42553
108.550000,-0.45692,0.36751,0.11040
108.566667,-0.19218,0.04849,0.12680
108.583333,0.35884,0.06865,0.39583
108.600000,0.30932,0.41993,0.32952
108.616667,0.29297,0.23491,0.17006
108.633333,0.01523,-0.25729,-0.01422
108.650000,-0.06188,-0.37763,-0.93273
108.666667,0.14443,0.11421,-0.03205
108.683333,-0.24281,0.03954,0.35389
108.700000,-0.15250,-0.20330,-0.52438
108.716667,0.00828,0.08743,0.62680
108.733333,-0.06808,0.07574,0.49534
108.750000,0.07837,0.04424,-0.41643
108.766667,-0.22462,-0.11237,-0.16527
108.783333,-0.17506,-0.33059,-0.35749
108.800000,0.03983,-0.05414,0.14784
108.816667,0.41385,0.35332,0.07585
108.833333,0.99551,0.89623,0.41046
108.850000,-0.16271,0.49204,0.80501
108.866667,-1.02266,-0.85398,-1.09646
108.883333,-0.16053,-1.09245,-0.59059
108.900000,0.16269,-0.42795,0.55571
108.916667,0.01567,0.36130,-0.18818
108.933333,-0.20358,0.75085,0.26188
108.950000,-0.01697,0.33696,-0.07313
108.966667,0.44810,0.19911,0.02419
108.983333,0.20186,0.05978,0.67705
109.000000,0.08480,-0.47133,-0.49212
109.016667,-0.05677,-0.39421,-0.32411
109.033333,-0.22730,-0.19227,0.15384
109.050000,-0.07565,-0.13078,-0.29101
109.066667,-0.28477,0.22811,0.17169
109.083333,-0.14014,0.43240,0.17896
109.100000,0.27355,0.50275,0.11151
109.116667,0.27527,0.27019,0.30876
109.133333,0.15192,-0.45118,-0.26900
109.150000,0.01164,-0.77863,-0.47475
109.166667,-0.07732,-0.41383,0.05215
109.183333,-0.36181,0.21864,0.22528
109.200000,-0.29141,0.56473,-0.02753
109.216667,0.22349,0.25726,0.06076
109.233333,0.27295,-0.05242,0.08385
109.250000,0.19436,0.01246,-0.09357
109.266667,0.01562,-0.06262,0.07980
109.283333,-0.24644,-0.20149,-0.04286
109.300000,-0.08405,-0.10810,-0.14258
109.316667,0.02922,0.08327,0.19965
109.333333,-0.05162,0.22188,0.10415
109.350000,-0.02185,0.03319,-0.24838
109.366667,0.06617,-0.31279,-0.15577
109.383333,0.15505,-0.22362,0.04274
109.400000,0.06799,0.10748,-0.01663
109.416667,-0.15810,0.25712,0.13817
109.433333,-0.13231,0.29397,0.28116
109.450000,0.01567,0.01763,0.05233
109.466667,0.04912,-0.29688,-0.07601
109.483333,0.08316,-0.09401,-0.20920
109.500000,0.02228,-0.03398,-0.28085
109.516667,0.01569,-0.06378,0.02626
109.533333,0.02600,0.17813,0.23349
109.550000,-0.09851,0.00840,0.01832
109.566667,-0.01728,-0.09608,-0.08860
109.583333,0.02400,0.08769,0.13360
109.600000,-0.11431,0.06153,0.14468
109.616667,-0.06824,0.08660,-0.01142
109.633333,0.09011,-0.11038,-0.14546
109.650000,0.17805,-0.27651,-0.21008
109.666667,0.09952,0.07812,0.05165
109.683333,-0.03575,0.17345,0.14780
109.700000,-0.10197,-0.01196,-0.08680
109.716667,-0.15462,0.10396,0.00810
109.733333,-0.06007,0.07050,0.18374
109.750000,0.10535,-0.14936,-0.06221
109.766667,0.04650,-0.07164,-0.12603
109.783333,0.02707,-0.09244,0.09948
109.800000,0.08181,-0.06190,-0.07503
109.816667,-0.07504,0.12075,-0.08635
109.833333,-0.01515,-0.01158,0.18372
109.850000,0.03188,0.14374,-0.03739
109.866667,-0.12978,0.17713,-0.00501
109.883333,0.09980,-0.15065,0.11110
109.900000,0.04520,-0.00930,-0.27685
109.916667,-0.15865,-0.11184,-0.05548
109.933333,0.10829,-0.20052,0.23044
109.950000,-0.01263,0.16465,0.02646
109.966667,-0.07365,0.11459,0.12452
109.983333,0.14165,-0.08928,-0.06474
110.000000,0.04717,-0.03742,-0.27742
110.016667,0.03264,0.18848,0.11014
110.033333,-0.11279,0.04026,0.09573
110.050000,-0.15061,-0.22999,-0.17965
110.066667,0.01192,0.04566,0.03175
110.083333,-0.03154,-0.02092,0.14333
110.100000,0.12908,-0.00600,0.04478
110.116667,0.07755,0.23500,0.06253
110.133333,0.00558,-0.12155,-0.10171
110.150000,0.10985,-0.06959,-0.10229
110.166667,-0.17282,-0.03937,0.01242
110.183333,-0.03880,-0.24636,-0.12765
110.200000,0.08636,0.24188,0.12178
110.216667,-0.21304,0.29221,0.18454
110.233333,-0.02020,-0.03863,-0.13774
110.250000,0.14378,-0.01943,0.08402
110.266667,0.13099,-0.18703,0.04510
110.283333,0.11317,-0.30545,-0.27656
110.300000,-0.09594,-0.04496,-0.01884
110.316667,-0.15151,0.32282,0.19716
110.333333,-0.10999,0.22965,-0.00631
110.350000,0.02968,0.01245,-0.09147
110.366667,0.07898,0.16144,0.20929
110.383333,0.02117,-0.16139,0.09653
110.400000,0.17937,-0.52970,-0.33330
110.416667,0.03706,-0.08160,-0.02825
110.433333,-0.24185,0.31934,0.12845
110.450000,-0.04872,0.12213,-0.20545
110.466667,0.08439,-0.02694,0.07086
110.483333,-0.11423,0.11498,0.31368
110.500000,-0.00833,-0.01530,-0.06053
110.516667,0.21168,0.03100,-0.02920
110.533333,0.06466,0.23020,0.17495
110.550000,-0.01245,-0.21245,-0.19715
110.566667,-0.10441,-0.48938,-0.32915
110.583333,-0.12187,-0.41537,-0.23850
110.600000,0.00233,0.07901,0.04181
110.616667,-0.17605,0.84185,0.68788
110.633333,0.15014,0.46525,0.17295
110.650000,0.50014,-0.03625,-0.25203
110.666667,-0.08768,-0.11559,0.42781
110.683333,-0.31875,-0.53435,-0.28809
110.700000,-0.08564,-0.38058,-0.93886
110.716667,-0.04484,0.06285,0.04042
110.733333,0.08350,0.21518,0.43955
110.750000,0.05112,0.19861,0.27444
110.766667,-0.01131,0.00598,0.14853
110.783333,0.07734,-0.02703,-0.07492
110.800000,-0.02316,-0.20033,-0.12199
110.816667,-0.03856,-0.19089,-0.20743
110.833333,0.05517,0.36480,0.02075
110.850000,0.04345,0.54256,0.28772
110.866667,-0.02380,0.08600,0.01306
110.883333,-0.13433,-0.38727,-0.16096
110.900000,0.03687,-0.44153,-0.12777
110.916667,0.12275,-0.11190,0.08988
110.933333,-0.06563,0.17259,0.18411
110.950000,-0.00078,-0.01654,-0.37091
110.966667,-0.12678,-0.27245,-0.25840
110.983333,-0.16124,-0.04262,0.44671
111.000000,0.17172,0.34287,0.19473
111.016667,0.11039,0.42900,-0.09722
111.033333,0.18806,0.25877,0.08854
111.050000,0.16884,0.36488,0.20456
111.066667,-0.35645,-0.00149,0.04247
111.083333,-0.04895,-1.14712,-0.61947
111.100000,0.28774,-0.89274,-0.33064
111.116667,-0.35824,0.31372,0.47343
111.133333,-0.42738,0.39102,-0.12575
111.150000,0.15370,0.20772,-0.21284
111.166667,0.35553,0.43608,0.65072
111.183333,0.28624,0.34008,0.20423
111.200000,0.12361,-0.01007,-0.41234
111.216667,-0.07193,-0.17908,0.05152
111.233333,-0.27155,-0.26184,0.11041
111.250000,-0.26842,-0.30953,-0.25086
111.266667,0.00635,-0.23191,-0.14111
111.283333,0.12657,-0.03109,-0.03750
111.300000,0.05647,0.24389,0.05197
111.316667,0.02130,0.24285,0.18387
111.333333,0.06496,0.11774,0.09126
111.350000,0.07624,0.14813,0.07503
111.366667,-0.03399,0.00333,-0.03865
111.383333,-0.09097,-0.15300,-0.12260
111.400000,-0.06664,-0.26923,-0.00068
111.416667,-0.00043,-0.29425,-0.13916
111.433333,0.08965,0.15565,-0.07348
111.450000,0.03422,0.35749,0.20603
111.466667,-0.06786,0.08962,0.09616
111.483333,-0.05515,0.00712,0.00020
111.500000,0.01420,-0.09861,-0.02071
111.516667,0.04840,-0.22510,-0.14229
111.533333,0.02325,-0.07414,-0.05873
111.550000,0.03917,0.14978,0.12083
111.566667,0.04369,0.14058,0.06578
111.583333,-0.04119,0.02645,-0.07064
111.600000,-0.12045,-0.02856,-0.02018
111.616667,-0.09541,-0.14185,0.00861
111.633333,0.04753,-0.03914,-0.00381
111.650000,0.11821,-0.10419,0.01904
111.666667,0.05670,-0.22506,-0.11385
111.683333,0.02336,0.45863,0.04199
111.700000,0.01255,0.70160,0.40033
111.716667,-0.12761,-0.02464,0.07601
111.733333,-0.13055,-0.63524,-0.49987
111.750000,0.22130,-0.68297,-0.36265
111.766667,0.15714,-0.00789,0.23490
111.783333,-0.30485,0.50297,0.32836
111.800000,-0.22131,0.26385,-0.04758
111.816667,0.13860,-0.19474,-0.09852
111.833333,0.23363,-0.27381,-0.01487
111.850000,0.12913,0.27956,0.07622
111.866667,0.00036,0.53385,0.29722
111.883333,-0.12130,0.12410,0.02240
111.900000,-0.19333,-0.27881,-0.42112
111.916667,-0.03503,-0.42317,-0.19507
111.933333,0.09736,-0.23131,0.12421
111.950000,0.07503,-0.09479,0.00885
111.966667,-0.03712,-0.24041,-0.06008
111.983333,-0.01543,0.09640,0.07328
112.000000,0.22851,0.77990,0.43049
112.016667,-0.10452,0.62120,0.44855
112.033333,-0.37091,-0.08502,-0.63850
112.050000,0.18524,-0.48611,-0.78771
112.066667,0.25724,-0.53841,0.53829
112.083333,-0.09716,-0.19837,0.40335
112.100000,-0.07706,0.07802,-0.37816
112.116667,-0.00128,0.07535,-0.03221
112.133333,0.02438,0.02640,0.11020
112.150000,-0.07604,0.10168,0.01355
112.166667,-0.07799,0.51870,0.13440
112.183333,0.18817,0.41658,0.12284
112.200000,0.11841,-0.28052,-0.01041
112.216667,-0.18442,-0.45545,-0.28017
112.233333,-0.12365,-0.32573,-0.25739
112.250000,0.07682,-0.19862,0.07837
112.266667,0.13228,0.18639,0.28936
112.283333,0.10667,0.47913,0.29889
112.300000,-0.07622,0.22517,-0.10439
112.316667,-0.18698,-0.31172,-0.55173
112.333333,0.09898,-0.51567,-0.33065
112.350000,0.10644,-0.10779,0.47946
112.366667,-0.37586,0.49340,0.70502
112.383333,-0.16220,0.65017,-0.04222
112.400000,0.41798,0.39290,-0.23117
112.416667,0.28052,-0.44222,-0.24018
112.433333,0.04991,-1.18174,-0.70307
112.450000,-0.11447,-0.39501,0.05351
112.466667,-0.31618,0.55946,0.78579
112.483333,-0.08408,0.49472,0.00993
112.500000,0.06812,0.30750,-0.18898
112.516667,0.00450,-0.03588,0.26592
112.533333,0.09289,-0.20387,-0.02378
112.550000,0.08778,-0.03359,-0.28703
112.566667,0.04232,0.08611,-0.01187
112.583333,-0.00737,0.21605,0.09405
112.600000,-0.09425,-0.26071,-0.11812
112.616667,-0.06979,-0.57245,-0.13513
112.633333,-0.02092,-0.07384,0.10128
112.650000,0.02583,0.40245,0.19508
112.666667,0.06639,0.59539,0.10611
112.683333,0.11181,-0.16591,-0.10781
112.700000,0.01163,-0.69955,-0.20886
112.716667,-0.22031,-0.09308,0.02906
112.733333,-0.11899,0.34602,0.10142
112.750000,0.12924,0.82999,0.12425
112.766667,0.23133,0.44377,0.27662
112.783333,0.13732,-0.79075,-0.20386
112.800000,-0.24308,-0.87148,-0.62586
112.816667,-0.32142,-0.41723,-0.07341
112.833333,0.02091,0.21094,0.40437
112.850000,0.22828,0.79700,0.32464
112.866667,0.23433,0.51043,0.14623
112.883333,0.02586,0.01888,-0.15934
112.900000,-0.23050,-0.28497,-0.28163
112.916667,-0.13970,-0.36549,-0.08422
112.933333,0.06503,-0.17699,-0.01473
112.950000,0.03936,-0.01305,0.04276
112.966667,0.01112,0.12738,0.16328
112.983333,0.03337,0.28116,0.16191
113.000000,0.02001,0.10746,0.02400
113.016667,0.05836,-0.29353,-0.24114
113.033333,-0.04173,-0.17910,-0.20472
113.050000,-0.13918,0.19301,0.09015
113.066667,0.04154,0.26492,0.16627
113.083333,0.12637,0.04636,0.09543
113.100000,-0.04156,-0.35663,-0.09999
113.116667,-0.17443,-0.29242,-0.12814
113.133333,-0.05753,0.06642,0.07895
113.150000,0.18097,0.18122,0.06988
113.166667,0.14513,0.32068,0.07145
113.183333,-0.00031,0.20697,0.02857
113.200000,0.04607,-0.08882,-0.20239
113.216667,0.00966,-0.19556,-0.11712
113.233333,-0.18383,-0.30976,0.07767
113.250000,-0.30488,-0.15740,0.05441
113.266667,-0.10394,0.13273,0.02615
113.283333,0.29939,0.12860,0.03955
113.300000,0.26922,0.07948,0.06059
113.316667,-0.03092,0.03531,0.01788
113.333333,-0.04634,0.11005,0.00478
113.350000,0.09922,0.21062,0.02102
113.366667,0.14228,-0.11033,-0.14587
113.383333,-0.21654,-0.41922,-0.31010
113.400000,-0.56642,-0.30494,-0.16084
113.416667,-0.14252,0.16482,0.43926
113.433333,0.50356,0.61354,0.68876
113.450000,0.48687,0.33810,-0.14554
113.466667,-0.04351,-0.25687,-0.66094
113.483333,-0.31074,-0.55049,-0.16155
113.500000,-0.09546,-0.65283,0.07914
113.516667,-0.00086,-0.22992,-0.02454
113.533333,-0.13176,0.81482,0.24247
113.550000,0.02871,1.30076,0.50751
113.566667,0.36239,0.28867,0.10772
113.583333,0.15979,-0.85978,-0.52390
113.600000,-0.37624,-0.83744,-0.48669
113.616667,-0.33281,-0.43460,-0.02234
113.633333,0.11390,0.01136,0.20455
113.650000,0.25239,0.43931,0.23803
113.666667,0.15739,0.39598,0.21157
113.683333,0.00136,0.23622,0.11861
113.700000,-0.14722,0.19768,0.01926
113.716667,-0.00248,0.09069,-0.11359
113.733333,-0.01216,-0.22566,-0.33908
113.750000,-0.23060,-0.56717,-0.44236
113.766667,0.16152,-0.48535,-0.04093
113.783333,0.34503,-0.02097,0.46849
113.800000,-0.16771,0.37656,0.42536
113.816667,-0.33018,0.39941,0.16868
113.833333,-0.21266,0.33166,-0.04615
113.850000,0.11923,0.23299,-0.26809
113.866667,0.60057,-0.03495,-0.21313
113.883333,0.33199,-0.05919,-0.04854
113.900000,-0.34296,-0.19654,-0.10004
113.916667,-0.52793,-0.73567,-0.25157
113.933333,-0.26293,-0.91359,-0.18959
113.950000,0.16831,-0.33751,0.17553
113.966667,0.41343,0.71331,0.63324
113.983333,0.28475,1.43352,0.82186
114.000000,0.05002,1.29137,0.33172
114.016667,-0.21128,0.32918,-0.47486
114.033333,-0.40983,-0.97345,-1.05547
114.050000,-0.17469,-1.48427,-1.11084
114.066667,0.08977,-1.05752,-0.13490
114.083333,-0.08372,-0.44339,0.87818
114.100000,0.20267,0.39424,0.71858
114.116667,0.77470,1.28450,0.42520
114.133333,0.16733,1.28906,0.49541
114.150000,-0.57761,0.31587,-0.06232
114.166667,-0.31868,-0.57980,-0.81650
114.183333,-0.12965,-0.75604,-0.66725
114.200000,-0.10297,-0.48520,-0.12748
114.216667,0.05972,-0.09190,0.07388
114.233333,0.11576,0.17320,0.18536
114.250000,0.10585,0.05555,0.32360
114.266667,0.15698,-0.05617,0.30073
114.283333,0.31854,0.11890,0.12251
114.300000,0.01845,0.17151,-0.07894
114.316667,-0.25094,0.22824,-0.19413
114.333333,0.01150,0.31387,-0.14926
114.350000,-0.24980,0.08241,0.00524
114.366667,-0.50938,-0.26219,-0.06836
114.383333,-0.03710,-0.70595,-0.32165
114.400000,0.52289,-0.65758,0.00266
114.416667,0.57551,0.40161,0.69895
114.433333,-0.10668,0.91478,0.40523
114.450000,-0.39700,0.22650,-0.57982
114.466667,0.01311,-0.30885,-0.56272
114.483333,0.07339,-0.22845,0.18506
114.500000,-0.08096,-0.02529,0.33742
114.516667,-0.09797,-0.04995,0.08342
114.533333,0.00652,-0.00500,-0.03814
114.550000,0.11434,0.15177,-0.08700
114.566667,0.01968,-0.06698,-0.03900
114.583333,-0.02430,-0.06647,0.01234
114.600000,0.07974,0.09692,-0.05605
114.616667,-0.01791,-0.14581,-0.05204
114.633333,-0.17345,-0.02669,0.03264
114.650000,0.04613,0.17981,0.06363
114.666667,0.14057,0.05776,0.09753
114.683333,-0.06386,0.08338,0.06018
114.700000,0.02737,-0.03176,-0.08087
114.716667,0.02984,-0.12464,-0.10528
114.733333,-0.13788,-0.10722,-0.03789
114.750000,0.01804,-0.18402,-0.01045
114.766667,0.08195,0.03868,0.04232
114.783333,-0.04085,0.19665,0.07225
114.800000,-0.01902,0.15629,0.02481
114.816667,0.00136,0.15322,-0.00159
114.833333,0.00992,-0.06492,-0.00842
114.850000,0.04570,-0.12502,-0.03799
114.866667,0.02784,-0.08935,-0.04274
114.883333,0.03233,-0.25351,-0.02682
114.900000,0.01300,-0.22153,-0.01016
114.916667,-0.10173,0.05050,0.02958
114.933333,-0.17727,0.51334,0.09666
114.950000,-0.04731,0.55751,0.13365
114.966667,0.19395,-0.07889,-0.02266
114.983333,0.17921,-0.30828,-0.17877
115.000000,-0.02263,-0.21027,-0.04983
115.016667,-0.04341,-0.39708,-0.06380
115.033333,0.01901,-0.38732,-0.22345
115.050000,-0.06829,-0.01104,0.07672
115.066667,-0.22193,0.40778,0.43241
115.083333,-0.07907,0.67192,0.27401
115.100000,0.23902,0.68253,0.03130
115.116667,0.17813,0.16995,-0.08678
115.133333,0.01410,-0.70285,-0.40343
115.150000,-0.03784,-0.94716,-0.57039
115.166667,-0.17441,-0.43000,-0.09942
115.183333,-0.05177,0.06043,0.40875
115.200000,0.12586,0.20611,0.37853
115.216667,-0.00226,0.31404,0.20015
115.233333,-0.13499,0.63866,0.16664
115.250000,-0.06216,0.57265,0.03539
115.266667,0.21340,-0.03060,-0.25959
115.283333,0.15038,-0.42003,-0.36936
115.300000,-0.17527,-0.45536,-0.20694
115.316667,-0.03733,-0.30648,-0.04330
115.333333,0.14140,-0.15896,0.09895
115.350000,0.02654,-0.15514,0.20515
115.366667,-0.15141,0.03583,0.15572
115.383333,-0.20747,0.57264,0.11831
115.400000,0.00926,0.66921,0.17245
115.416667,0.09655,0.08348,0.02252
115.433333,0.11806,-0.38972,-0.29209
115.450000,0.20597,-0.75677,-0.39582
115.466667,-0.04796,-0.40081,-0.20419
115.483333,-0.15069,0.72043,0.25316
115.500000,0.05935,0.65158,0.45882
115.516667,-0.05845,-0.17220,0.07289
115.533333,-0.19859,-0.37339,-0.14158
115.550000,0.02412,-0.23411,-0.05940
115.566667,0.22906,0.04247,-0.12399
115.583333,0.00729,0.18941,-0.09055
115.600000,-0.27200,0.02180,0.08524
115.616667,0.13551,-0.22840,0.02153
115.633333,0.35493,0.04344,-0.03331
115.650000,-0.20313,0.39048,0.20357
115.666667,-0.19814,-0.03308,-0.01267
115.683333,0.12405,-0.15442,-0.30724
115.700000,0.05148,-0.00566,0.05882
115.716667,-0.05311,-0.23775,0.22709
115.733333,-0.31829,0.06050,0.10678
115.750000,0.01425,0.25652,-0.10535
115.766667,0.55903,-0.18028,-0.21413
115.783333,0.17495,-0.02738,-0.03506
115.800000,-0.43679,0.32160,-0.03599
115.816667,-0.67134,-0.00789,0.21928
115.833333,0.45756,-0.28875,0.15158
115.850000,1.13563,-0.15478,-0.30448
115.866667,-0.57539,0.02750,0.16892
115.883333,-1.03420,0.11636,0.36260
115.900000,0.22197,0.08361,-0.49174
115.916667,0.65006,0.07780,-0.67502
115.933333,0.18186,0.10598,0.51008
115.950000,-0.60714,-0.03361,0.87787
115.966667,-0.13138,-0.15602,-0.23584
115.983333,0.73313,-0.06676,-0.42488
116.000000,0.04537,-0.03732,-0.06872
116.016667,-0.67999,-0.11726,-0.12565
116.033333,-0.07810,-0.04133,-0.01239
116.050000,0.57967,0.18017,0.04424
116.066667,0.06004,0.40599,0.26354
116.083333,-0.53477,0.23081,0.24076
116.100000,-0.13960,-0.31556,-0.11949
116.116667,0.56619,-0.40309,-0.23276
116.133333,0.16477,-0.21008,-0.19206
116.150000,-0.64718,-0.19437,0.21040
116.166667,0.08591,0.09993,0.13571
116.183333,0.55564,0.53252,-0.28521
116.200000,-0.26819,0.59767,0.07867
116.216667,-0.34236,0.20997,0.22162
116.233333,0.15495,-0.39508,0.03404
116.250000,0.19704,-0.71258,-0.10885
116.266667,0.09134,-0.71395,-0.32058
116.283333,0.07815,-0.22332,0.10110
116.300000,-0.34970,0.81757,0.22287
116.316667,-0.36160,1.03000,-0.05080
116.333333,0.37443,0.33512,0.22303
116.350000,0.12744,-0.03107,-0.08916
116.366667,0.09113,-0.65670,-0.29492
116.383333,0.18326,-1.13292,0.17394
116.400000,-0.67289,-0.34034,-0.14189
116.416667,0.23295,0.39041,-0.19703
116.433333,0.72858,0.70135,0.25810
116.450000,-0.65246,0.83352,0.20299
116.466667,-0.34568,0.14010,0.21542
116.483333,0.21828,-0.42161,-0.14587
116.500000,0.09511,-0.49373,-0.44323
116.516667,0.12003,-0.58623,0.07904
116.533333,-0.05531,-0.27432,0.08382
116.550000,0.32339,0.31133,-0.16599
116.566667,-0.07322,0.74014,0.12742
116.583333,-0.59618,0.59225,0.37599
116.600000,0.36258,-0.10897,0.09340
116.616667,0.21635,-0.55601,-0.40995
116.633333,-0.66641,-0.51688,-0.08716
116.650000,0.30330,-0.05609,0.13852
116.666667,0.65571,0.35957,-0.25536
116.683333,-0.68585,0.10799,0.16976
116.700000,-0.09911,-0.15175,0.21565
116.716667,0.79962,0.04559,-0.31848
116.733333,-0.47759,0.19493,0.17071
116.750000,-0.57216,0.19555,0.38877
116.766667,0.45215,0.05251,-0.15352
116.783333,0.20150,-0.24793,-0.34802
116.800000,-0.25061,-0.28272,-0.09283
116.816667,0.27742,-0.03471,0.13292
116.833333,0.30501,0.00947,-0.05536
116.850000,-0.80187,-0.08525,0.03192
116.866667,-0.04985,0.10611,0.17883
116.883333,0.86161,0.43821,-0.05487
116.900000,-0.56101,0.30669,0.17802
116.916667,-0.40152,-0.23767,0.09942
116.933333,0.77937,-0.41535,-0.37472
116.950000,0.19176,-0.23129,-0.05387
116.966667,-0.84388,-0.09229,0.14905
116.983333,-0.17890,0.15208,-0.08474
117.000000,1.18156,0.34271,-0.17858
117.016667,-0.53266,0.16099,0.04910
117.033333,-0.92674,-0.08076,0.39218
117.050000,1.20175,0.09143,-0.19129
117.066667,-0.12861,0.09245,-0.17515
117.083333,-0.38927,-0.40239,0.66983
117.100000,0.55691,-0.30491,-0.04773
117.116667,-0.79105,0.10789,-0.57845
117.133333,0.13803,0.06198,-0.22971
117.150000,0.62013,0.05185,-0.10264
117.166667,-0.87471,0.10210,0.41655
117.183333,0.05972,0.16898,0.24146
117.200000,1.12831,0.17679,-0.26010
117.216667,-0.25065,-0.01946,0.04994
117.233333,-1.02329,-0.11657,0.34948
117.250000,0.54997,-0.12370,0.01350
117.266667,0.36612,-0.11479,-0.54890
117.283333,-0.76752,-0.20382,-0.04015
117.300000,0.37891,-0.21635,0.31608
117.316667,0.14746,0.14096,-0.29862
117.333333,-0.23155,0.43513,-0.07221
117.350000,0.50766,0.32222,0.46227
117.366667,-0.45369,0.00441,0.16888
117.383333,-0.18320,-0.18871,-0.49255
117.400000,0.68296,-0.26282,-0.05629
117.416667,-0.72718,-0.17116,0.81461
117.433333,-0.40279,0.03077,-0.30335
117.450000,1.32033,-0.00877,-1.00864
117.466667,-0.17732,-0.02040,0.38898
117.483333,-0.98263,0.13319,0.61131
117.500000,0.88787,0.17664,-0.41482
117.516667,-0.14158,0.05752,0.07499
117.533333,-1.17933,0.17893,0.53857
117.550000,0.97723,0.22297,-0.64285
117.566667,0.81986,-0.57996,-0.28755
117.583333,-0.84983,-0.67417,0.75503
117.600000,-0.16311,0.23608,-0.00000
117.616667,0.26407,0.38399,-0.22987
117.633333,-0.43719,0.14606,-0.29325
117.650000,0.17699,0.01955,-0.24290
117.666667,0.79003,0.06819,0.49651
117.683333,-0.37772,0.03926,-0.09013
117.700000,-0.72770,-0.15714,-0.11403
117.716667,0.26676,0.22387,0.58886
117.733333,0.22003,0.05351,-0.11758
117.750000,0.07835,-0.58217,-0.35054
117.766667,0.27196,-0.29184,-0.04854
117.783333,-0.08917,0.09631,-0.16676
117.800000,-0.38310,0.28773,0.17894
117.816667,-0.31452,0.42467,0.16534
117.833333,0.60190,0.22778,-0.37361
117.850000,0.16016,-0.11988,0.26565
117.866667,-0.96708,-0.38137,0.47767
117.883333,0.73780,-0.16396,-0.58143
117.900000,0.54359,0.12720,0.16324
117.916667,-0.98893,-0.05842,0.33956
117.933333,0.45124,-0.15246,-0.92343
117.950000,0.06888,0.17501,0.28965
117.966667,-0.69615,0.18834,0.59817
117.983333,0.77250,-0.10275,-0.48806
118.000000,0.13912,0.31839,0.18550
118.016667,-0.67273,0.31092,0.06224
118.033333,0.24890,-0.71542,-0.18249
118.050000,0.08321,-0.54158,0.28032
118.066667,-0.13245,0.16710,-0.24496
118.083333,0.24569,0.09320,-0.26193
118.100000,-0.05917,0.38989,0.28453
118.116667,-0.25691,0.48481,0.13354
118.133333,-0.14250,0.14555,-0.08964
118.150000,0.42132,-0.07001,0.05638
118.166667,0.32768,-0.52917,0.04989
118.183333,-0.37495,-0.49047,-0.22234
118.200000,0.08580,-0.09766,-0.03908
118.216667,-0.51172,0.00282,0.22164
118.233333,-0.06037,0.09894,-0.22540
118.250000,1.14145,0.25675,-0.13119
118.266667,-1.22415,0.78125,0.45446
118.283333,-0.35256,0.55797,-0.08464
118.300000,2.01798,-0.82215,-0.15847
118.316667,-0.66157,-0.83701,0.39473
118.333333,-1.08061,0.26261,-0.23187
118.350000,0.46048,0.17387,-0.39340
118.366667,-0.04994,-0.10606,0.10190
118.383333,0.50269,0.04440,0.04501
118.400000,0.11124,-0.33448,0.02890
118.416667,-1.13661,0.03875,0.08270
118.433333,0.40351,0.96910,0.27941
118.450000,0.68972,0.42523,0.28096
118.466667,-0.66416,-0.59242,-0.44616
118.483333,0.65149,-0.77549,-0.58429
118.500000,0.05677,-0.25763,0.24707
118.516667,-1.11128,0.47644,0.11471
118.533333,0.83933,0.33542,0.11166
118.550000,0.00445,-0.13728,0.60914
118.566667,-0.61160,-0.02046,-0.66585
118.583333,0.59836,-0.00498,-0.32872
118.600000,-0.17608,0.06281,0.74475
118.616667,0.02658,0.19847,-0.46086
118.633333,0.13099,-0.18449,0.13279
118.650000,-0.21064,-0.29303,0.21264
118.666667,0.08455,0.02003,-0.58859
118.683333,0.00168,0.13428,0.47323
118.700000,0.00844,0.13711,-0.11743
118.716667,-0.18990,-0.00113,-0.03561
118.733333,0.29236,-0.07263,0.40980
118.750000,-0.04358,-0.01283,-0.71990
118.766667,-0.36081,-0.01031,0.21169
118.783333,0.32521,0.17545,0.27758
118.800000,-0.24151,0.19108,-0.20983
118.816667,0.30745,-0.23080,0.45621
118.833333,0.35304,-0.42451,-0.39216
118.850000,-0.50049,-0.12807,-0.21051
118.866667,0.05072,0.12394,0.14749
118.883333,-0.19717,0.11255,-0.01690
118.900000,-0.14311,0.28242,0.34383
118.916667,0.06526,0.40019,-0.42178
118.933333,0.08781,0.14637,0.15222
118.950000,0.68760,-0.07432,0.25871
118.966667,0.18287,-0.44863,-0.38753
118.983333,-0.59655,-0.61251,0.33090
119.000000,-0.67287,-0.20556,-0.52321
119.016667,0.13569,0.03368,0.11912
119.033333,0.45452,0.29778,0.73114
119.050000,-0.09785,0.42483,-0.61433
119.066667,0.29549,0.32143,0.27705
119.083333,-0.07033,0.53293,-0.19623
119.100000,-0.40049,0.14710,-0.59730
119.116667,0.53885,-0.51626,0.79141
119.133333,-0.00138,-0.64060,0.16498
119.150000,-0.49741,-0.78038,-0.18256
119.166667,0.19310,-0.42122,-0.16304
119.183333,0.04231,0.32509,-0.25362
119.200000,-0.16277,0.63358,0.04318
119.216667,0.05233,0.84578,0.16990
119.233333,-0.29552,0.90047,0.41940
119.250000,-0.26961,0.11738,-0.43059
119.266667,1.40579,-1.10741,-0.19771
119.283333,0.41707,-1.00693,0.68950
119.300000,-1.81946,-0.06162,-0.40884
119.316667,0.81553,-0.15470,-0.34175
119.333333,0.16459,0.02752,0.49419
119.350000,-1.35140,0.75202,-0.16299
119.366667,1.36592,0.63223,-0.41800
119.383333,-0.78937,0.32026,0.30705
119.400000,-0.07912,-0.23530,0.38267
119.416667,1.52292,-0.80848,0.07645
119.433333,-1.44576,-0.61264,-0.06718
119.450000,0.74127,-0.19721,-0.60669
119.466667,0.12962,0.22462,-0.02228
119.483333,-0.78480,0.68884,0.33082
119.500000,1.56976,1.14728,-0.28861
119.516667,-1.42768,0.77643,0.15627
119.533333,-1.24908,-0.58764,0.03766
119.550000,0.79566,-1.48388,0.65939
119.566667,0.40816,-1.51763,0.70183
119.583333,1.27327,-0.60692,-1.35855
119.600000,0.06234,0.82801,-0.75623
119.616667,-1.11718,1.60877,0.06608
119.633333,-0.57388,1.36706,0.34388
119.650000,0.21046,0.36910,1.08995
119.666667,0.33319,-0.55359,-0.42217
119.683333,0.30350,-1.13546,-0.29160
119.700000,0.81380,-1.01482,0.55451
119.716667,-0.95671,-0.19746,-0.28379
119.733333,-0.95563,0.22388,-0.25754
119.750000,0.59963,0.39303,-0.63816
119.766667,-0.47230,0.34648,0.31034
119.783333,0.35323,0.40763,1.09430
119.800000,1.17261,0.60810,-0.76445
119.816667,0.00984,-0.38955,-0.22155
119.833333,-0.13923,-0.88109,0.62881
119.850000,-0.64197,0.05053,-0.32013
119.866667,-0.71259,0.20254,-0.16552
119.883333,0.16133,-0.10219,-0.18079
119.900000,0.34163,0.04802,0.21335
119.916667,0.16457,0.17582,0.51045
119.933333,0.25793,0.09385,-0.20658
119.950000,0.12506,-0.10042,-0.22726
119.966667,-0.44615,-0.10929,-0.23989
119.983333,-0.01226,0.01156,0.00304
