time,0.05,0.07500000000000001,0.10000000000000002,0.12500000000000003,0.15000000000000002,0.17500000000000004,0.20000000000000007,0.22500000000000003,0.25000000000000006,0.2750000000000001,0.3000000000000001,0.32500000000000007,0.3500000000000001,0.3750000000000001,0.4000000000000001,0.4250000000000001,0.4500000000000001,0.47500000000000014,0.5000000000000002
0.0,5.584828891896645,5.555573555725204,9.922100667725076,31.11882521617709,76.65981754830656,207.7873585902247,329.85951194271405,1696.8724688969191,1155.1788576917247,63.71306616796362,160.5175988556664,449.70980975551686,274.63281807968565,5.2374648520979505,1.2141243126797265,1.2115166628655778,1.0014843554664565,1.1226542221122666,1.210204825165792
0.014705882352941176,0.4624203143551818,0.0689802078085445,0.8134869230159829,4.069821804268603,10.189688740662097,13.76916080260767,41.83789928056114,2702.3906922078727,7346.936240672185,283.24251495323836,36.16506645331958,619.7422157826666,1107.6939716230834,16.37854332469955,0.048177269634707504,0.023605355575313326,0.05109582398537843,0.0028254082435181698,0.00469137956157822
0.029411764705882353,0.4046443659843848,0.11430015212233643,0.3387661617043236,2.1786926098433046,3.99609245820483,11.508551766711044,11.263973235731111,23.307780801081776,2191.4742068696864,3781.2152739786516,48.37985394631871,408.2997446184796,374.1540224294547,13.543987101804893,0.21894200711184575,0.008078602388062388,0.009254258863457352,0.004615429030888518,0.007298220882216976
0.044117647058823525,0.17183907376023907,0.2676045173466032,0.29767881043742944,7.562970642858335,36.33080608686165,54.059229135019756,39.50888312760297,31.347094053875203,61.80709171235144,6810.204645124981,9197.83465948635,1689.1535513872473,613.3623731978117,250.86848808135287,0.3654226902048528,0.04421628067876494,0.0035650984125543926,0.010359600025526204,0.017763502474522117
0.058823529411764705,0.2988479638854472,0.5363801831498949,1.7729799673039168,2.449729361477818,14.029571200512578,6.353279321536772,13.985694523058694,132.7927456798221,363.40529968609405,175.91946273495944,911.2386714929695,611.6097642158162,66.15046260029767,344.74373995055174,3.3528867806401395,0.084682149450757,0.022118630178674686,0.02847997509813914,0.05667094049058588
0.07352941176470588,0.2500448528544832,0.6372214263587991,1.619410999311931,2.6997080647054448,16.612736231564575,10.526251731729173,11.87012730830996,38.80878366048879,16.44186227214705,226.05020327115224,966.7054158767344,3143.7832679967596,1275.880637054327,320.90193646256216,66.251436878037,0.06961483331495115,0.48220969400626684,0.0628219211434947,0.014756197971722085
0.08823529411764705,0.43442162186448036,0.11700974903210291,2.078775706635645,23.605744919391686,1.0469227751973902,26.99533658235568,124.80146400987472,58.79307558908627,5.206998634966743,161.07173098401518,537.3758196521103,6929.502594153092,3823.189877815147,247.83106749062287,60.999493179493236,0.1610675213812681,0.12419107574122293,0.23997528005400542,0.025474349675449898
0.10294117647058824,0.44543058105132605,0.368015193580818,0.39280113680160245,8.408831433471608,3.312880461622278,11.350549458601737,36.254522924312,14.415101031569856,28.48298039064907,215.1407721293981,1819.9455894633686,2439.3900563283323,995.9609145483503,10.132093018004529,1.8157366494240323,0.9292616372070861,0.31565882226886116,0.1625237669976931,0.02690022301569739
0.11764705882352941,0.5618338863228606,0.21272927964537627,0.9348689156534071,19.917587674826933,7.723187168092277,12.32672573425562,39.13253732221406,1.4943412681012556,253.0349370531319,122.20432490160916,60.29063680307823,520.5951659300433,1415.1444570079084,48.324627366022064,1.0828974712114245,0.049109547760839464,0.03564332645325392,0.026137468327354238,0.017385963940909528
0.13235294117647056,0.45663903305580344,0.09297311291480911,0.44936523153215957,14.275622806727952,10.5717389443858,8.437965209311965,2.5078481872184692,6.276955129062722,56.6149715762656,112.53154815010438,2.683228904358248,2028.12963524134,2515.5666863242623,63.077151635755655,1.4656237573588708,0.045936864207277495,0.019324422160294084,0.00890793460626557,0.0035719769852942513
0.14705882352941177,0.6171216432680773,0.05273593554281657,0.6221941632395438,4.410788219763482,6.270900945639532,16.87812947762609,10.84650138342721,44.56395122412011,27.37135696078083,95.40925854527683,101.3756316772216,303.53767889006826,26.76763893117711,5.06902857781737,1.2149118021514198,0.03482846634700103,0.0072614616092438015,0.0012296852070055866,0.008424951970942219
0.16176470588235295,0.5156651534641488,0.12298698735801236,0.5711938883777969,2.0182126383908425,3.924917913701096,85.056387027632,51.55050077130774,26.41436371623772,8.42446699714283,19.332174784605662,341.99582287235467,127.82793556103472,8.39426356462964,1.7920606679067625,0.3138695863586756,0.009954251687747358,0.00499690994413456,0.002819074454230708,0.004003138523403134
0.1764705882352941,0.379987868854352,0.059972320439762236,0.1765367649700715,0.9277868822057747,8.713892722389279,49.147477465464846,40.309240403749264,16.97059835621799,4.126738404584501,134.72782536999074,205.9554409926797,0.7956033946961677,1.5730493313107359,0.20049008232616083,0.02204845406207693,0.006846003413531545,0.0036073202542456742,0.00608114030185513,0.004581262087260369
0.19117647058823528,0.3244611441074048,0.03950907570989508,0.3149102330664102,0.7512899698507354,7.266823623211681,64.00375971123664,67.58247710437888,14.75712674324445,3.532637876825109,10.79806905563851,10.944927988206551,2.478679060614083,1.1178132454629228,0.07466610952197263,0.007448466409562901,0.007160904319816122,0.008124453945219018,0.004359886668688242,0.002548485580151623
0.2058823529411765,0.5238368920209568,0.08353623395776769,0.14738975366740892,2.717938343527418,5.787797233798111,19.342782384196536,82.27282428124892,6.415472579629289,4.876941823862293,10.624652253274778,5.493519361194103,1.5732415089593033,0.07145617631015029,0.02066702940670895,0.028250615709044916,0.006181143880087264,0.005399126358199449,0.005269634855948261,0.003373447358659053
0.22058823529411764,0.41928612736729776,0.18916225606045725,0.20521050627255005,0.5461727616819545,24.976903459330146,24.56896396474987,25.2870545759061,24.91228401691844,29.236348889551422,6.044150314452107,0.634660544076944,0.08260083777234116,0.048393608802659464,0.007779115796560138,0.013889625290054396,0.005590703307359513,0.0032618672679741627,0.004737696480252762,0.007837003005334433
0.23529411764705882,0.5528370573210879,0.06268975984726577,0.08303560096558499,2.0452728424606335,7.0575903141098575,22.610464787293708,667.0213736786679,134.19948602663146,39.91734214310172,6.60142745908366,3.020174777863941,0.05765165395818075,0.015132896649081039,0.005777226470409028,0.006391749387240801,0.0075742565210185206,0.006771327460187771,0.0011699454107507317,0.004463207042229005
0.25,0.13973026123013746,0.0494505787721448,0.11690001302769547,3.309371707450088,6.119030476909721,24.872569891342152,1052.9078910797123,459.7128926491938,117.36599874364362,2.982497113286233,1.6738301055630238,0.01576125959117433,0.013367047277710748,0.01144731186260605,0.006617323024353436,0.006308584119267387,0.011117666870134765,0.0038415329871240144,0.002832200123697096
0.2647058823529411,0.12173821983881922,0.08701649949336232,0.5195249555067909,12.931859627831724,2.767078291201241,18.376116591736924,381.72080671438664,649.1762125303147,909.0168306077359,2.027536825568033,0.11315708974124751,0.03152726416228681,0.015056058902076452,0.03137274036685242,0.03388361140588121,0.02609378277265604,0.02564120281635111,0.006526390442314571,0.007143384742392055
0.27941176470588236,0.35783070531347216,0.15258652291309494,0.16558062125085088,17.68550571999329,11.121251124210904,9.536318303890733,42.23327269913278,294.08437658007983,1446.726232394234,139.20380045679997,1.1255044661002325,0.028794574640024138,0.005525376070591819,0.006421894811902149,0.007637487699799246,0.01186961575699243,0.01871052838370408,0.009578616740433327,0.01087225300335376
0.29411764705882354,0.38182555306614396,0.07368744671578928,0.5517580036842653,11.628300300884412,9.224634360073157,8.520135173556984,24.475295082132593,166.02715025815883,946.047313337109,1393.9879490388462,0.602489171005552,0.26607764098014713,0.013293538457374843,0.004466558969003182,0.005087406968123794,0.0028391067767090626,0.04220090450416776,0.021423945176711548,0.015192858925786892
0.3088235294117647,0.21433073088880064,0.09915774738566498,0.13743279502149625,12.195447994388239,3.999363579166012,40.77145073559943,32.17487877644446,144.61615839475488,949.8457014743508,5039.833444710701,118.96599742564702,0.673230028733582,0.02724919574949801,0.010609960496187135,0.003969990116908965,0.005991182428124249,0.009157327056751484,0.004778031648051068,0.01397028561939543
0.3235294117647059,0.8599509694168661,0.047735572723015506,0.15865832558069526,2.798026219117431,7.550558358977254,28.790831419670106,16.437140120924735,477.5878128357083,2351.3455287984043,3098.6157596552825,3558.5283159837045,163.03302017669515,4.775294109531246,0.20886719665117404,0.02332531546750435,0.020524886116167262,0.017640958609670847,0.007842331640812172,0.0160813852346121
0.3382352941176471,0.5433577212722689,0.04403976403166979,0.15068637586897327,1.6387977824838906,5.715164850153618,13.114767663744491,34.94849175799087,143.33180463935975,246.93071470986376,645.1135713082426,4580.556913266231,16112.17650093184,1212.8514241831263,12.521930890897746,0.2502955202120135,0.01731672611973646,0.022270387813249498,0.021084557205130257,0.02086531645410807
0.3529411764705882,0.13442859297799573,0.07043904499249626,0.4838221293247029,5.545604640693847,29.956508098718746,5.35394304724205,34.84650118723181,25.838079453385426,38.705194902658164,36.68080031506465,187.87435856159988,21419.771765724312,34265.6012518757,442.1222728809764,2.397688670395867,0.09924335295589025,0.01718102949319908,0.03206803169092076,0.01750257426152542
0.3676470588235294,0.16567569488041178,0.05468529280193235,0.11615494922177647,0.38770131333610014,18.844975019804206,24.38113258523533,14.281111183714426,15.629574495917117,4.620853974142455,45.95048576529794,224.7854434437786,2065.8469344091422,7742.964086410018,8294.357454485116,82.75153535842148,1.2099406692496482,0.21769203327331627,0.05627552164248281,0.11727080118148295
0.38235294117647056,0.5218174579231932,0.4828588626990552,0.2572631945924037,1.6906944901798422,5.24306687918912,11.787793804638138,1.5211246737537802,28.2645685661783,7.538870708893567,64.38480960534238,171.90567370323998,286.3641868558135,1935.378307967783,1409.8635143594418,196.98385460616566,0.7200545604828672,0.7398166692643047,0.07729800854931382,0.2723410789685426
0.3970588235294118,0.6723659121496914,0.4462320140295901,0.3041264460316243,3.962346920104756,6.517001115301558,16.43394931876081,34.3087693180119,35.57366918511161,20.019585482517275,8.738846966761582,22.964624166506983,521.0633624846191,267.24339120709897,300.02324898135856,98.52532721733623,0.7840220868528557,0.2508276583341893,0.15452714073099713,0.032772428698200184
0.411764705882353,1.1965198619302122,0.32251539802796125,1.77873004627461,1.856502704244611,15.082958156307347,8.734800932551277,5.435230229139076,15.744863382040185,12.879707821100403,7.224537120449011,29.334892624502668,51.619875426850086,137.42003249834227,145.9861875575594,76.93541229070505,6.547266367094847,0.0862103847366866,0.02634089720571573,0.027983855658415283
0.4264705882352941,2.1725972327348892,0.5360291541043763,0.772079932752218,3.2899005517313014,17.53481195977505,22.383499837970312,10.824349251350556,3.6439500913430756,7.107366542413709,20.80151025022193,33.760035988242166,33.990409835384966,70.11869138900843,65.39578235116757,106.69598445649143,6.53228843699837,0.03311196291596112,0.005524796229790679,0.0642728544506034
0.4411764705882353,8.405417359082051,0.3548069069863855,0.11751821898122537,2.0472979468640866,28.04139089507146,2.989783903465507,38.34135625353498,44.86821808792581,13.974784251322063,37.43886775244235,65.49854629055406,46.67632514262087,4.4215545798510805,11.266780647592501,15.392638673027312,1.5795593259651002,0.050649182462612,0.01592469061180903,0.004097437051854481
0.4558823529411764,1.1479028013289139,0.38819934291225955,1.288410847947921,4.902842914198655,4.320056703260254,56.98423217855865,109.42387282088059,10.69003081531254,17.30572480219839,7.697638445938396,27.794805508131425,6.582972153270591,2.152805928885854,2.3323113285509125,5.705101357924902,0.2327737858216195,0.041896809885389345,0.021643032858978173,0.007277037146482393
0.47058823529411764,0.9353238710873201,0.09695168912962489,0.4458879004787475,2.1973605603302,1.8473169902608326,4.25318077816576,0.697944055494435,8.990853355860871,16.66078056946452,5.9525795183312935,9.31781025186394,7.920671178144296,2.4183378011957206,4.574661663551924,2.998977184879152,0.11470205268543396,0.006970368762527877,0.00291103891761967,0.003911806945742301
0.4852941176470589,0.5701735590307575,0.09222376365220777,0.8701559926012673,0.9938484657058451,6.627680500390654,5.495373754910131,6.264966284011106,14.719433197643617,5.087469615639693,8.07338678320005,10.475077512202933,4.012558199235684,0.7090060630967882,0.4685387788374895,0.19070380563700182,0.012716393157652939,0.006305789502269867,0.004815735051456185,0.0056524490662076664
0.5,0.47922475447760626,0.07584714347486196,0.14147373413803332,0.6174911247398188,1.0946779149253454,14.365057526261483,45.0140761523634,247.18487249616112,6.206025655412969,1.270486145157259,3.247860877717691,2.048610778456965,0.8874300117830443,0.15091233479721752,0.025251755024835162,0.0064537768710980275,0.003903838957043029,0.0050274829393314865,0.006727636505740581
0.5147058823529411,0.21403456545408894,0.04447052049954264,0.26104620036853216,0.3075132846607142,0.9601973590215596,23.96583861313169,57.696399495797806,1019.067514187785,34.62695763660976,0.4677329726409252,0.29146688895267303,0.09226653315613825,0.019631626507234972,0.01564084652506523,0.0031194129025805513,0.01647443203037192,0.006444892558845134,0.0026493495915948283,0.0027652449511621174
0.5294117647058822,0.3088026716569195,0.09635250808265897,0.12062273058686994,0.4684903501487913,8.422162465914827,27.21195039806102,68.75923188280659,886.5715326786071,45.300961295021736,3.240376972572869,0.13963757671995053,0.019098860321004676,0.01012293675124424,0.020522952393985446,0.008079040928480209,0.009040356457074829,0.011000249589890664,0.005887421913254948,0.004295378969065739
0.5441176470588235,0.538216928532064,0.07145285399029144,0.2120649159109004,2.347697548310072,6.5025290644283,14.481726874078085,93.47955151874886,943.9823896093083,345.98780717059606,0.8989264181228638,0.3423968692827185,0.009392774862943345,0.003311535283128203,0.00569161169308389,0.01581960879887256,0.014821204004486655,0.019309907538916572,0.00740196594061725,0.0017744708627202507
0.5588235294117647,0.3482172380867868,0.09155207167427673,0.3260560589948352,1.2988285724129072,13.692178006730051,88.8008110425473,155.47230725603612,70.18965675386804,511.78086412604193,70.34614961697903,1.4726692853697212,0.027003229963345053,0.010289168654280183,0.0035773071452355277,0.014263940106503009,0.010684404205810828,0.00661743953590962,0.004424305995670081,0.0020143449509652457
0.5735294117647058,0.5190572619243919,0.10206889627548624,0.41922009706241187,0.9748659567041693,4.6105241114958675,176.83376192701024,292.2976130408001,23.70609035282478,954.5566478852534,279.5831575529097,3.7782424342494045,0.022098357031888654,0.020224033273319068,0.005241260161517951,0.006416530542400639,0.0019699079983561403,0.0026004211676705245,0.002530515063616709,0.004120750658816891
0.5882352941176471,0.6910258693567092,0.03792132971084333,0.34440843961855844,0.4420247680052739,7.319867565828141,173.64825045450738,715.2882481011682,110.56628351958457,429.54967324184383,1131.0485399700856,107.40416263198956,0.49194298848989326,0.05383006597945646,0.0048656419852896125,0.008123143736283575,0.008797315995551343,0.004752622247462423,0.007070760260312132,0.002588176798634049
0.6029411764705883,0.3371325774734727,0.10284569496776261,0.06451419021366453,0.3668970884361724,1.0940735342920838,137.76559610150457,68.27662183013825,54.540299742942835,1271.4165134904395,1034.1905141664954,563.9318623265939,6.473311452130281,0.02588715380409324,0.015461263301445859,0.022681863648246488,0.0029035512269895243,0.005721908618948717,0.006952713668551717,0.01818143232152751
0.6176470588235294,0.39599582117279764,0.07824097114487853,0.16994684702822754,1.8578107610072485,1.7866587853130973,17.57721517235486,211.27009353307525,102.3722582720839,518.1477290965097,1046.0092441392453,2047.8210859987093,199.6298520769476,0.21820206526108876,0.009607961499646623,0.005121389101771935,0.0045302238275851565,0.003632292556667411,0.006260169084106267,0.008981692343120563
0.6323529411764706,0.4335332973383816,0.07505651173427685,0.12910771045265898,0.37856549136859424,4.1108961259128645,31.48742323400279,26.528252933436598,21.862764115149332,45.90108521933146,7.3606679860764395,401.43352839504865,636.4066095425227,2.098835466663724,0.07847167782255232,0.011349960667999951,0.006780069075928338,0.006970914059761397,0.007523297278534885,0.006967109785035561
0.6470588235294118,0.7315517606004538,0.03523806544532865,0.07017812432195791,1.1260155060638457,6.289612389668544,17.48831731638657,83.11907227283046,31.397750288263182,83.25874740824449,183.49214977406058,29.56584954804203,200.9920961369565,88.12087829028707,1.5000230958232863,0.11205219693889663,0.009690538959115756,0.004860998238353137,0.0036384607145375867,0.004316432088278244
0.6617647058823529,0.3707918330952622,0.152568344985624,0.6340051128057225,2.337205638505324,5.472805006428894,27.547734340642123,790.3094076785842,629.5695376690912,30.627916006743334,349.37294571146913,62.88899794748134,1340.2554716395202,4430.4958359203065,544.3145302723084,5.817559032130532,0.030158032670163582,0.018648439088334624,0.007021253715663133,0.007861377275345902
0.6764705882352942,0.7866358448790677,0.0709084184685842,0.12953769409641705,6.0234236224091235,7.528437137995626,11.275773743516869,1692.2539115523573,1634.0691982189219,38.94038692044315,215.1753262155392,629.2652282434194,614.8551360737886,552.0787661330139,1625.043276309073,28.842951797705787,0.014916143176883322,0.040695549945846954,0.011810182698241453,0.011439959693633102
0.6911764705882353,0.72926666401331,0.06847537494007305,0.27871697987708416,2.663511517660565,4.451290129043029,35.20411775206896,978.6642105606131,974.4033214999934,63.639052258164874,63.82231933826744,66.45923598296048,96.9858124672749,724.3177774857356,34.08226269014729,14.521447487696042,0.042006259002750596,0.01705563545395724,0.00578299781745371,0.012541637439132163
0.7058823529411764,0.41003939731482775,0.15234991494078204,0.5176614550135,1.5209628541374776,17.76839404751454,49.78261604918127,221.93634066887344,83.5720639924084,13.321912490530007,4.920469897424381,72.97427719093305,49.29648127205425,44.27888885389431,9.973430366880127,3.472424851044117,0.011969982248006654,0.002494501072880376,0.006607076475414687,0.004364667853693424
0.7205882352941176,0.7313510068919329,0.10151882223589796,0.06643656460911629,3.6953809393542008,9.208778404915503,64.17467705361975,98.37740646184818,1034.1172513596168,1072.0523158726642,11.511826026743112,5.987547126839968,31.75722475957756,11.704921386671375,5.332982357766609,0.5273305153465416,0.016914907551494968,0.008834677554330757,0.004235342301520488,0.003909779279519978
0.7352941176470588,0.2287023165831853,0.08954568079513454,0.05714783845006458,3.229752945241702,2.236359014569154,9.87886296800136,35.276672258944004,601.6284199718459,4187.946941237214,549.3803930636525,22.703394614740358,8.12929309947071,11.57176381799351,1.7267442347265287,0.09406363864523884,0.01627250369835067,0.010340551616196104,0.017461459928018785,0.0066283731480507365
0.75,0.45488103157962123,0.032595202505766446,0.12537695627761225,0.3367838818157021,1.547466320037161,22.3020110181221,78.47529746227029,183.95231588683663,2524.2100191542354,6224.070470174489,93.49204375578715,13.756254344372454,1.754831216697537,0.10166131188888422,0.021899512132829094,0.010038825514292806,0.005105722869574358,0.01109614106370717,0.005974341850824074
0.7647058823529411,0.2365832159334727,0.01555857446190052,0.16310009316348814,0.9458050418050414,0.95509168053553,5.174080101830908,15.939305855295528,12.355783849574463,69.04925431846348,9517.214319569448,5729.253781550333,39.656089773901904,1.793563462109685,0.2153049640307566,0.0080300627750556,0.006066785102264933,0.006456218256282594,0.005866361351306456,0.009362431324473092
0.7794117647058825,0.5584743704216625,0.08602919252884236,0.1041744379995087,1.1152283830595229,1.266106304681049,1.7431044407274552,4.827322823689535,24.265911883444417,16.79509008514569,424.4385299991167,10513.146446568784,4436.853497197502,52.75445804533757,1.0783637706524096,0.05886138923386637,0.01889126949148992,0.0024561196965219934,0.012210079205407787,0.018766263751482666
0.7941176470588236,0.3382858774438483,0.09478104266885286,1.7353032212380273,9.798048743504912,10.55951146270008,6.4544178098178415,23.793421464090436,23.819374611165326,13.933783677715184,28.198247084774167,559.7720544707902,10323.661707239535,4064.1311526143563,56.608106559469356,1.2576435932220693,0.032509440826335834,0.011938189017429575,0.008020979330613569,0.0025842703451696937
0.8088235294117647,0.3657533629602281,0.05244276515136265,0.879651720961341,1.816676206236043,1.8313343903280048,11.111665131002859,10.301445897184344,14.51149808324899,66.0003954990149,139.9419290987534,52.5146184695501,447.293816688846,8846.327482574168,663.4086698252408,6.839651762464487,0.10594852024139428,0.07720889327225255,0.01914477190119017,0.016817629988911134
0.823529411764706,0.21752259402934437,0.08872105688043744,0.40639616247775284,1.7664589077864294,0.8260596929543744,6.833830313692465,9.560165976120954,27.23635918221141,27.254349738568862,21.530757814492254,82.89160908157572,1690.0857639284086,1083.7830068434914,3514.356211726517,63.2364709585415,1.1040508589269689,0.02101395074056278,0.03236995932528107,0.040071975624256365
0.8382352941176471,0.9648682992194553,0.22625714664491867,0.2939297876495931,1.9289346235433937,6.768686617256433,19.540828278757665,15.43078806199619,26.338180317446888,10.337764645276007,8.05585792892133,27.739224456052476,120.7541462346418,107.18056222816158,1687.6861223621927,57.29782513652532,0.21542265458208945,0.05283262990603345,0.02757194304987611,0.0065709866647392385
0.8529411764705882,0.7029347044132458,0.343718554031747,0.2426331721457643,3.469088765904707,4.57497315038936,5.9751481258773245,5.835013382589569,59.40394481076039,25.005759408078077,8.871882715954717,10.910634084832722,91.9744315745665,74.39516762982561,385.5120956911196,50.65366505390756,0.9831765800075691,0.039236731937752636,0.06074477659805138,0.02920756575826143
0.8676470588235293,0.3296996395674111,0.2738913594257025,0.45074198758286144,3.0525188217958044,24.750175868501728,32.99715941816339,12.814630647904622,275.1762300278949,478.0813067897657,10.560063823972905,18.548821759983372,29.20867774647911,91.05894309973463,77.54004427731843,136.23868360315308,0.18716259510034564,0.02571351026542757,0.04029606538017471,0.005724149420616968
0.8823529411764706,0.179907095385796,0.1912838802983842,0.07828465681976635,2.4134307039615024,9.898562289604984,13.529371063910943,7.739320627266066,72.92558274083444,466.6470662386243,19.837824706290924,5.965069341310956,65.26354540261855,468.76596985896396,281.2810238503752,11.060092124200517,0.04953906782839741,0.009916836181536074,0.0032052810198533147,0.014358991587551023
0.8970588235294117,0.14426235977873003,0.07441573244161666,1.0171375227473294,3.3513516706067086,4.78390938242287,6.433232469900862,7.5370501224756055,77.36365763510086,813.8861430311974,21.1276660510934,8.427208432701391,74.80548021550005,150.58886619467148,28.376627529863935,0.5961995624023743,0.025624578348335026,0.0031921336295998087,0.00987596068434182,0.010099194321544398
0.9117647058823528,0.4564750452737147,0.09137728567392561,0.35865480474969136,0.2605566505311491,1.4664324414137937,3.848449064863653,18.990246901998113,31.465625208902487,339.49069806333,136.90597552522055,7.953102503088221,56.736600374142796,93.22347306851158,2.2547790793430824,0.14481662314782998,0.028873728484265504,0.011228176650690428,0.009271855140344523,0.003716003860886415
0.9264705882352942,0.29263223178118175,0.034788615729572106,0.12233359320418795,0.6879445725517436,5.553756523472537,14.944605282875498,64.85835693027485,9.743108141168012,525.8298189305297,3243.4461104723378,48.95171606248099,5.531410092138929,0.7047387972010251,0.11750408218163397,0.03577308933875852,0.00682618261223858,0.004345959448156786,0.007979769690226174,0.0022371714118161012
0.9411764705882353,0.29843142692059843,0.03830019912060528,0.2247802236308456,0.9256482711367411,3.7442503789503707,22.709077954329825,40.784145942579755,18.455356243983463,68.22346277824563,9093.380490109586,1569.2646081503717,1.559407167965038,0.059045797264963146,0.027778509759328388,0.006196075434384768,0.0026312419328334675,0.006994639098795981,0.003481812916327165,0.0012750257714989944
0.9558823529411764,0.5122041795437372,0.06526624323001004,0.5178591268456125,0.608680822866687,4.126431199186097,25.509632376954656,127.11429529273491,37.01574718720517,297.2569457888927,1095.364028751318,5682.634394450501,133.69578229296428,0.9018087595787342,0.05187277684852329,0.013043864613722384,0.004890146656021795,0.001859288551045339,0.008733218905024216,0.004090269655262421
0.9705882352941178,0.3621512362357801,0.05223661503255498,0.28929563098006117,0.47476044904245657,4.22510668712118,9.448409745188004,101.50259274642599,91.53287631229492,23.633506311496575,91.06710403322732,9259.96383811048,6338.663892929208,52.909631935846235,0.14047654601312395,0.08513408704913289,0.010207892286520064,0.004755971953849014,0.007009014265665442,0.01603740610638931
0.9852941176470589,0.1697905318333017,0.03892033393219886,0.894660776311335,1.9078945872015718,4.340375845449348,55.31958031248795,162.1498917164186,103.06151740665919,29.893806297076644,101.81923732291423,242.76296916558533,8494.735046877071,705.7790868036626,3.211277032119016,0.049147784399749414,0.012704965783125856,0.01800187774534838,0.025589076436758684,0.008758784434007221
1.0,0.4366667982628661,0.06204370931743067,0.6104013536199443,8.635094015134058,1.7517396088370285,17.225471830206263,27.72590377579147,13.086827012827197,104.91830845896878,833.9035450220414,171.68891359728204,2140.1747592381553,3429.9915891829814,5.061844119532789,0.31075237506435727,0.023911784120437003,0.02664299592626852,0.011461687048408439,0.015072568092363445
1.0147058823529411,0.6916592543143386,0.08250717401603327,0.607653750895159,5.431925923632842,8.119847693259022,9.112552380787967,16.428558219318028,52.64379533652049,34.30195846532995,155.6378691940723,35.684339219983954,296.0608467880076,3422.8628733337573,300.723882734084,0.5307276893913582,0.45729506223478933,0.037270786173653606,0.01315710251327287,0.006711320985518913
1.0294117647058822,0.6088747922704386,0.08117968422694305,0.7982958437417786,0.7041530514999448,1.9461192301497983,3.623912222518973,29.84451324629103,16.503275670288478,53.74841689188931,143.75447867016783,94.57764584853356,25.096476118881423,1496.2299986678768,1223.2442727272899,20.80375971775602,0.08238691931875661,0.024632495164674775,0.033269027665343516,0.027991896711626864
1.0441176470588234,0.2045360599001273,0.16663742174279006,0.2787070386374751,4.249332362491996,9.826255424845472,1.553601171422322,14.50579577233799,12.133507710108265,41.8191212107928,40.23336922748064,98.33927196055302,205.03259980875643,4353.18498561641,1951.36134193418,63.15092459532421,0.09640773922819157,0.011176065398354359,0.018607317341091757,0.09269941184059016
1.0588235294117645,0.34865142881065314,0.11537270277824138,0.5307123103559935,7.177763117285692,102.99120050029302,14.554404392075893,4.163145060270442,42.77820434876821,26.271657949134525,28.289120097599977,85.83282989113951,270.80113170230925,895.3805548271628,76.32806348558458,2.3989324358696424,0.20352656342897077,0.023797017609949796,0.017468035081811634,0.019109367840108638
1.0735294117647058,0.22215981172652882,0.052033287999334946,0.21061126381317397,2.991193386991707,31.434798312718996,26.200778101614254,5.489354711133418,23.24620707872331,26.528389460639087,92.06907201922861,25.12649493744702,8.581949686382943,345.63878125786687,145.58370685197275,0.34320967583127,0.010051948637166776,0.0032863923296702602,0.004087103997378456,0.008360794478741176
1.088235294117647,0.4184721281741307,0.05029114163536633,0.2978156299386103,1.8687154988459183,15.679998821741199,53.76084301137935,4.455026126775501,9.605499891231185,34.76635065230447,62.69518835316492,11.297600934440187,6.046746348460213,28.781962474466827,11.545292841672618,0.7840459288449461,0.030438939525513978,0.0077580775311135546,0.003928645041490553,0.007479804911033196
1.102941176470588,0.38186726141555516,0.06579587923399327,0.29775419704851924,3.181300762806754,13.336877331835238,32.935978896193106,1.1694331285733637,7.002529214683023,72.83306896458187,20.767561726912177,55.17325890885826,4.363487026359432,3.333205108826811,0.24919385733166047,0.117218188953242,0.007604137410640828,0.0038927345319119695,0.005038605367242467,0.004747505903517463
1.1176470588235294,0.43638226760796156,0.04693751043667073,0.28290609279619056,3.661014140969617,2.3100327751008782,2.9171246197534684,1.0304166730110071,17.36281792342254,10.139426691121352,91.71098240325333,253.48982031627034,6.856311365282331,2.3327339818789588,0.058542483336356754,0.008012177853018821,0.00497354078769844,0.006107132736164297,0.002535145946320299,0.0022468683377700888
1.1323529411764706,0.23171128538773475,0.08345443235078528,0.0975782845095709,0.3442484835911792,1.3467848596500218,2.12313300874274,2.382055065958167,6.354602908369089,16.84321645830795,70.1735081634103,19.83048923704281,0.9750033608891816,0.045074493687640466,0.01630438107529038,0.007598447527154743,0.00651074917482059,0.008840769183692433,0.004321809141602828,0.004583004030370449
1.1470588235294117,0.9497424918223976,0.08372889078779422,0.30510103480840184,1.5840853486719568,1.8367388673883387,1.0878804123170918,2.519315949309424,14.410441575415195,5.8280071877258495,6.050531359476899,0.41514241266397445,0.1213602808174222,0.04338366490179706,0.005459350014669477,0.0031322405948788156,0.0061914848034950575,0.003361412889366644,0.010622804374038917,0.007564487369445438
1.161764705882353,0.26278637981333786,0.06959284132001461,0.07176982534589606,0.3448618316182119,4.356593990521624,28.195103486643397,2.8372487925366365,2.2949067359660136,5.897336645855292,1.280562280026084,0.020419773435564913,0.06999657834071571,0.010114287322895961,0.006422384955726002,0.004501976990271497,0.0024426665508784566,0.003024290096846839,0.0030142918413618987,0.0026027063931830536
1.1764705882352942,0.7617757383379252,0.06083977533237167,0.07539305155223876,1.2598778206606802,1.9539358290053752,22.324699975256834,2.415417492320879,1.3324623702977918,3.715786747199582,0.9108362286872287,0.15502446946576323,0.010363579660796957,0.006251046773032003,0.013090201843922102,0.0038365977521952217,0.001492268518867394,0.0033870639115465935,0.005513477336453706,0.004207739715566702
1.1911764705882353,0.36418704231401733,0.0373457140793558,0.1566163075224955,0.31864942940679997,0.5887792573406951,3.177219189127614,0.9780663848073885,0.4463836903918677,1.2302912213205233,0.0682959066146505,0.02035520531750097,0.0014549658106878059,0.0065403431255539185,0.00841827594998874,0.00219058893476676,0.0025350153720680437,0.007678138550210567,0.006725263378373257,0.00410729034580041
1.2058823529411766,1.0224133703064249,0.04016862923895877,0.05472163068015333,0.29943991142157445,1.1666505344162625,2.738063754444598,7.757464938742437,0.6603842585718589,7.6791480833166315,2.3417960914927773,0.020374384810036675,0.0017670615996641483,0.0013410425148822958,0.0019929419807535455,0.005162279300433392,0.0034834723759834306,0.002489416877696738,0.0018514968906660884,0.0014536207669418571
1.2205882352941178,0.46619303693811853,0.05462713536713869,0.18774624477054874,0.14934449131182395,1.9606189803657195,5.746101556738969,4.871543657653569,0.6815692177217292,5.837161329791258,1.1406448459389205,0.017564242606412223,0.005254859769082529,0.0036389843675203514,0.004849595741643563,0.0020048759173777464,0.004424353796086997,0.0025042543319110187,0.0021253314756572274,0.0032082548347451487
1.2352941176470589,0.3588117319008163,0.03236561581359367,0.019184911435009833,0.6408687875210798,0.0691214836067643,2.8097224540892847,1.0969260425070984,0.5101006161320272,0.27266826470500316,0.1963497258595127,0.014951079782306972,0.0031779185812289214,0.008850935406206694,0.011069584698405311,0.0038270198462901977,0.0027490673816477785,0.0057146405677281666,0.0016842675498775867,0.0039434230152854645
1.25,0.17884413607320207,0.02283887755050803,0.07945973727144594,0.5914280516894015,0.1359781119114875,1.6617983125349947,2.8711917330342285,0.3168138657346169,0.6241243473143687,0.23443604966119752,0.008067710292157991,0.0029118700743464214,0.004797856684132129,0.0052151565388717,0.003972795986613957,0.0016596841791819239,0.0016528240609455964,0.0060373539615429,0.007063448599934119
1.2647058823529411,0.5461936929884472,0.05132212095195224,0.016280082666920426,0.49447653193061697,0.03784847614055202,0.37936354147759466,2.665198929244428,0.5566297266044995,0.43536327553077453,0.13447657039691419,0.007216522018547557,0.0018655675638030182,0.001427966010634136,0.003588645814821139,0.0024498259636741727,0.004589006792258267,0.0005467187815101731,0.0023765904688362567,0.003117096581299019
1.2794117647058822,0.33505463157848553,0.051161961354507984,0.03781127282447519,0.08648176469324752,0.3318505159541295,0.5161399216185276,0.2792395134799459,0.3559699014226794,0.6329915933843376,0.15562639301003395,0.038633337944521104,0.0053617913182414075,0.003954453134102165,0.004993175277316545,0.0074010483349178716,0.005289856751460174,0.0038355989392047686,0.004709297957635163,0.0059063355236333645
1.2941176470588236,0.7773262340034289,0.0742008862980338,0.02851433203186872,0.19099948510965317,0.11231727946572329,0.18535297977378717,0.04619632949394955,0.94183902819725,1.4173257324467388,0.08837819466003463,0.03296292289969342,0.004544504940729402,0.00329320766992822,0.0026109321717322593,0.006916922779266746,0.003751302481364844,0.003287828729337512,0.0023452085347370486,0.0030236475481093825
1.3088235294117647,0.2958214879524497,0.1574693137705624,0.031703499243992475,0.025654627998325692,0.031542798589323996,0.11868193103444755,0.07371988978047558,2.3793000056170786,7.50523426940577,0.5109456793961922,0.015259729629098008,0.009854039553366679,0.0015746027234202708,0.0028631615544591625,0.004934051049924546,0.0032020372296277626,0.005552167219922103,0.004700395592121767,0.0026149919317661717
1.3235294117647058,0.19770749352571487,0.07286101298743686,0.03680013584617131,0.0658942364165057,0.06513086958289147,0.10034746441930624,0.10285489336558898,0.9389582958814108,5.5743205364120145,0.1305194332173575,0.005059609602438862,0.005676734992296475,0.003915768986287741,0.005987259975737288,0.004933090268982171,0.005457718722650684,0.0011446832992865453,0.004565350239667224,0.00407006238401778
1.338235294117647,0.14195424276999993,0.06409898708541219,0.05007045440313275,0.09880847992805944,0.22904558560898844,0.20348907651520554,0.3047628102369434,1.0234362958234027,0.5206104614644198,0.19839331212287448,0.008093943761645968,0.0020993597134128963,0.0017233104010476383,0.0020954218799316042,0.002776981564925507,0.003649915778738351,0.004587708853913693,0.001354666099041241,0.0026449584366889456
1.3529411764705883,0.2580099490711746,0.08079883847742014,0.026857383588456768,0.060651774550365835,0.10658295066250817,0.12013451874886255,0.18690312141406865,0.26767970542786246,0.2746241068200789,0.04578976318262812,0.00841733634061375,0.0022098407281173765,0.004360611473826281,0.001596818311332049,0.0034220766285731554,0.002742047953511446,0.003129699198892501,0.0027315730732142933,0.0022677958374528774
1.3676470588235294,0.2814128279237038,0.07754146083459025,0.041016175107983346,0.2708017810461957,0.23917853795357913,0.18378862481753863,0.0801910229601466,0.13609496681138541,0.46756333278580187,0.027846188942316816,0.02170059892895232,0.007578116549256444,0.004542156761255573,0.004085540521080087,0.004105687200882114,0.005717191255633722,0.0025306806653355076,0.002348446860322324,0.001984595237090785
1.3823529411764706,0.75044248682745,0.08452663809281807,0.01721833773415971,0.12508915204631804,0.5979387978721435,0.10742016200754627,0.09681861945487441,0.7063000635650429,0.960272850022897,0.01617453191263152,0.05903452941813528,0.006357953770278533,0.0013831724657039487,0.001131020416608524,0.004194083590503551,0.003846839091587,0.008354631064856156,0.0046303683655045105,0.007826798956426349
1.3970588235294117,0.7357543159446185,0.03348488019239707,0.019546308338034907,0.20506173239495637,0.16458129021310577,0.06055540662976394,0.1170267093584563,0.5812407138473377,0.9908483971560668,0.038216806325804396,0.01539057227058972,0.0065386587913061865,0.0039426202146295025,0.006012462262123902,0.0029812173135503107,0.0029878650643070143,0.0019143204657724984,0.003617727196970392,0.004290884882309502
1.4117647058823528,0.2764592859003885,0.07096937161029943,0.02954839642003451,0.054692985488925844,0.030713981461528594,0.038072686628711334,0.23645334346226624,0.2348868464945974,0.4819657742107232,0.08839644494362235,0.024503272140848055,0.005876004424305479,0.004352045748858438,0.0027988379004252576,0.006673436855380821,0.0030895164499023416,0.002407254188439319,0.0029063341369993615,0.0013030029764724597
1.426470588235294,0.1255715354787392,0.07387344730665496,0.02550538644367053,0.03128526708647366,0.020977434513154918,0.02367984165054521,0.11289428343795813,0.5060606926771992,0.38290244493139985,0.44748895968539587,0.053105051380532675,0.010343046314870558,0.005111607046577891,0.0016247682449333353,0.0028563217388114796,0.0011521897835397989,0.0026224994074602196,0.004703422645791931,0.0019985720538063774
1.4411764705882353,0.1574183535511897,0.042532335716119515,0.02664811436757919,0.00986627096882382,0.07533586814962664,0.20584309859699007,0.15929087381511864,0.5146956714806467,0.9408703818054197,0.6078095941099385,0.1617952513730095,0.002792629562699828,0.003415788131927492,0.0023193843263995435,0.0029376547469439087,0.004872116605267192,0.0054030137348334475,0.0028641033271407826,0.0022878119338385077
1.4558823529411764,0.33984567923436704,0.022232372974583484,0.01878997811995794,0.03655168442629531,0.05911445556027363,0.11904414785584227,0.043844542113057286,0.07119108278526079,0.025578585245821753,0.12285014440545755,0.03806506002911198,0.006969100239141315,0.005607515577922565,0.0008246302047050051,0.006651068949091865,0.006006387716820997,0.005137204710614696,0.004829365748153241,0.004623809070859523
1.4705882352941175,0.3147511553579889,0.05110892121214318,0.03183366491532238,0.020930297817977648,0.12290373400837784,0.12706940991703058,0.014093340463061176,0.1250510753741451,0.07211187490339531,0.04991685113690291,0.03181630104659148,0.002318987523904823,0.0023790107383227775,0.007258697168946421,0.007942821384344457,0.007380554051818801,0.003437238528155242,0.0020098359225943652,0.003325875562338586
1.4852941176470589,0.3964008750230271,0.1412503145497163,0.016933392133876922,0.01111042691520827,0.025697038610913714,0.06431734746311903,0.07056837507691782,0.0981079475440976,0.3215555035936082,0.0434592430337106,0.02114559780269251,0.004682149618830372,0.004032267567116473,0.0032992866410132965,0.002743711025091462,0.0030641529126543667,0.0018104482031936237,0.001408175282371458,0.0014353188810471824
1.5,0.2530005024102048,0.024151087686617067,0.019410152861473594,0.027942665117754173,0.04586175394825591,0.043114409577546704,0.053630188948057496,0.04946558513893157,0.051451807474983444,0.045740582212879674,0.005277634684323261,0.006562661734753362,0.002077387966375022,0.0023931605364687918,0.002627522363378268,0.002333083960777671,0.0016917118217886363,0.0029499315863657513,0.0018176432734694702
1.5147058823529411,0.5375821494205693,0.07458075784887454,0.01864128435474261,0.031228284152277165,0.01407272386604462,0.004776567935577975,0.02894814442895738,0.07740851543207987,0.05605020442231316,0.012993059597568172,0.009645714673294297,0.004724294746386815,0.005259061695864464,0.004807321429584996,0.005117699986307048,0.003419974597270355,0.004552615189357664,0.0063964461674646785,0.003105164305190549
1.5294117647058822,0.17640355896362642,0.03463434109734259,0.03650652705985854,0.016838732833126854,0.03327777194781888,0.024377495159952384,0.029500097495242066,0.030108543961666682,0.006713620048348478,0.013798277251028671,0.02242322468432753,0.0022211591157795243,0.0035754973466483146,0.00695784321859835,0.0014706354316542836,0.003689869453951889,0.00694659245692723,0.003915722862038376,0.0035622015701486775
1.5441176470588234,0.2142780595670379,0.10325483973466587,0.028078575352215914,0.04071342955195052,0.008308854448506138,0.03433369047348895,0.023971987846639984,0.006607088187982869,0.003675349053307139,0.011537218714424868,0.004435552483169385,0.005383002051688414,0.005842331457653921,0.003297986045199877,0.0009925841094893582,0.0007023366084677424,0.004163362346309962,0.0016846371106080775,0.0027420528177458815
1.558823529411765,0.40764100359373356,0.06445303274624911,0.020384286953598355,0.02063643463239398,0.019146682495962943,0.007434946581828797,0.03611399519889973,0.023424617702487473,0.009586574075910065,0.01696490523376421,0.0071846941359925524,0.00203348377589687,0.004483108133706719,0.002597201773002205,0.005248968898052243,0.002340718504435316,0.0030357788002247227,0.004433317091189527,0.003925505182128125
1.573529411764706,0.3022401547799549,0.041694777294725746,0.02155930731298625,0.019955734879801446,0.03234674154922389,0.01146791948457148,0.024916728260898222,0.00655773201193347,0.00688551634602267,0.009121128583638814,0.008670399694795187,0.006880609223855249,0.008345330690428612,0.0016031347255899323,0.0057460042213680045,0.002421022791844027,0.003895628232678157,0.008730839093533619,0.00355090637092266
1.5882352941176472,0.3702059476634736,0.03402960802793192,0.011788269711193185,0.02496523637888838,0.008795727315445267,0.020188025117994824,0.013367250881904925,0.00808745822599976,0.008464986781043193,0.005815952387572886,0.004243649442890019,0.006654906258007913,0.0022178774792620533,0.0043601680662964885,0.003645603985714849,0.005779556754538714,0.004896726378249126,0.0034269932213293807,0.002661039937383737
1.6029411764705883,0.3584051882457353,0.08618683953043293,0.03403404440404183,0.031995854051175505,0.019038051437707246,0.004124102250663668,0.011112315150247179,0.009681611070746964,0.013018272526340278,0.008780768659931541,0.003947078141791287,0.005421415654573964,0.004587469838225926,0.005069221373672379,0.0022416311283489495,0.0017468649647341603,0.0018137873707967898,0.0019354493082168406,0.0026619323022833933
1.6176470588235294,0.3416148498089657,0.05465443107113817,0.02149308855932685,0.01685703820286473,0.016679106641022644,0.011925578882895742,0.006339568734721541,0.011282562579423932,0.007318067246167758,0.0018450292472119317,0.005574584022440958,0.0039400038977877834,0.006539897013473723,0.00233781554686342,0.003070860628369125,0.0051539226003420886,0.0012899886386015422,0.00595626634266139,0.004596405635529134
1.6323529411764706,0.5182893152969145,0.019040483658115715,0.028514609741149576,0.019087655758722757,0.023980003907723587,0.017162260950755764,0.01454548690991359,0.006806117250837823,0.009825263536541222,0.007526476833390309,0.00777406131267323,0.004785545275553572,0.004461842942828298,0.006621001242370125,0.0061204028370164315,0.005793393270298316,0.002696759260605198,0.004977599838235921,0.005041055833189648
1.647058823529412,0.3362998179325639,0.02574703244996437,0.020036998632502377,0.01348200968415055,0.013224495038675845,0.01793420755741823,0.03742599593937624,0.015021087439267056,0.005809522490357148,0.006154607251681071,0.0068373556760912115,0.007179742996816365,0.007815252932851235,0.008352723309276874,0.0056752424068499,0.0030715587017708223,0.0032081080738086123,0.0024339793952970687,0.007823499989358315
1.661764705882353,0.5393151737391645,0.05090404200138812,0.03723459236531963,0.02299096985530117,0.022638022578744012,0.012907815822984631,0.010408312526462394,0.025978261064841173,0.00560482460494927,0.0038683815867307536,0.005663325459188384,0.004587793890721868,0.006151985189371583,0.0012621136912004045,0.0029518417796515228,0.0051428595078186826,0.0024018126761286155,0.005939452172314603,0.003438243240728886
1.6764705882352942,0.4638672672473852,0.09466321718932141,0.023343695265102625,0.04573185637586653,0.021930778619113786,0.027226583467876164,0.032266164189898396,0.016683142605594312,0.007632815974667915,0.001642049708031978,0.0018324308397131277,0.004719948548959985,0.002509040438097287,0.002455148987249917,0.003231142874688315,0.007803417855444391,0.002253928396490245,0.003639848735984799,0.0018387223532853015
1.6911764705882353,0.06315241916883539,0.050916140977035486,0.05143021475077467,0.015405454009248087,0.013760305172864827,0.018766947110275795,0.01957021479551516,0.01872256448757894,0.011414447703191423,0.0035104707327041824,0.0034065002071426618,0.001811203542283561,0.007638114478952949,0.009901757563730155,0.0046508417350267575,0.005277967136278192,0.0023828661511461216,0.005920923200477582,0.003240004833827217
1.7058823529411764,0.444615854332226,0.01867241187576828,0.010472266186242526,0.016659670894937324,0.01999144423967638,0.017822610240484184,0.012422580656356931,0.005530671128447698,0.001198987928604932,0.001745301959373976,0.0037000788388306346,0.00650510752218688,0.002220625326750849,0.006693784089533663,0.0041084408673744185,0.0049882023245534785,0.004274566790169299,0.010897230235642066,0.004577991506808109
1.7205882352941175,0.41364321832118744,0.041057128172727345,0.02037515678134523,0.00821753518862756,0.00894665553152834,0.009653579132865209,0.011751582079170873,0.007154871964529354,0.005017560325880752,0.0035525311921656517,0.006874653958165569,0.002593938055497912,0.003790999610223061,0.007809638076659323,0.007723478948727706,0.008112466315283128,0.004004094228499426,0.004093931703417424,0.004641025869633927
1.7352941176470587,0.21151660868390634,0.10309702189513249,0.03733932054265281,0.010488766242554582,0.008006611087627737,0.03749882433233747,0.010926244112741167,0.006059237059171522,0.004996840602618238,0.0027183959830798235,0.0034535779636851727,0.0023117320013868996,0.0037960869946047316,0.004646664209988561,0.0026598667640352473,0.0022270842671066856,0.0031357932540361537,0.0064561385668743185,0.00245417721159803
1.75,0.6889378456415853,0.07886249315086404,0.023533714212737034,0.024839835929366068,0.011193394389747313,0.003687120211306699,0.008734491658514719,0.009133707829006412,0.005873506930517261,0.003090508002891828,0.0035688119026601123,0.0029056372457262297,0.0037166750264641902,0.0038682804733185918,0.005890526726937875,0.0009741700560025361,0.0019170772325285974,0.003197083226605971,0.0031500514487237726
1.7647058823529411,0.2611231636846371,0.03808701362322731,0.006826174432835765,0.002203941692977984,0.02052217040876701,0.009221128814584378,0.005510853658868968,0.004808981073149402,0.005206522031988613,0.00463410787832097,0.0024474417726314396,0.00900549090261779,0.007209745487551244,0.0032401558903872195,0.004683594907862089,0.0019682386555300102,0.001444989989658324,0.006336952136838407,0.001727371001941527
1.7794117647058822,0.1273552659554881,0.036528677860243906,0.03156501301686497,0.018668937072024244,0.010640322774010665,0.015174436967406914,0.009027589401246663,0.006659857585621049,0.005878628324446482,0.004863835020912724,0.002140403862363848,0.0045878213477952194,0.003967222617660288,0.00576009544906653,0.0037745589845662618,0.0030274221586576453,0.005396610153560838,0.0024212708303838503,0.0028822400570890244
1.7941176470588234,0.4820597632702521,0.07771448453435267,0.04303880074379425,0.03435837063248821,0.011666392556723994,0.013567252576451742,0.010501875937387986,0.005240793918313383,0.00546787314431932,0.00594207315181332,0.0030116616265241035,0.00639378536026669,0.007288199786035254,0.004993577013562032,0.002360422891431237,0.002432895006383726,0.006145905471233323,0.006999147445748789,0.004125429857402202
1.8088235294117645,0.3773831855922466,0.09439311469549516,0.03307491128924911,0.016969760434963576,0.0250390048991952,0.004666961828233613,0.01609782626796271,0.007260982222373929,0.004830326728342607,0.0027662568646525387,0.0025507681357712078,0.006094765809688788,0.004165852749792926,0.005885234074750212,0.005917401568229374,0.003783765531689836,0.0035859352193555196,0.0031280473480892737,0.004325910026269631
1.8235294117647056,0.2953159109390194,0.08814429327358779,0.016920501219406463,0.00958592418013583,0.01723045036091967,0.005336655423307253,0.004708748385169193,0.005916731208089689,0.007816031683618059,0.003884090921288161,0.0035598056372091198,0.01057231845072477,0.007617961093718582,0.003372333328873342,0.0024294238254003115,0.0027963315570790027,0.0017046647351674862,0.002065123862949703,0.002920474544956495
1.8382352941176472,0.41633822950270316,0.07016396488425168,0.03136352597261307,0.032440661897353104,0.03247598637376389,0.01148638618117148,0.015305401733515488,0.006430370092912116,0.007897721794873695,0.0044114219700114345,0.005431523674746464,0.0049507373643336745,0.006008751746917895,0.0014580114160145366,0.007287824584468896,0.011059284857004512,0.005895158381478192,0.005209751856517651,0.006210668805859366
1.8529411764705883,0.4718155768744607,0.038858722848203124,0.01828825492341028,0.01787703974229636,0.003863990265691724,0.010931439459282958,0.010346131485293869,0.009291908599716653,0.002699092004677557,0.004865642102348709,0.0028177381769245594,0.002848696849346453,0.005897851916161468,0.005582236137041408,0.003987963342126078,0.006579012387997726,0.003768834358885726,0.006934866085222368,0.002116551324514585
1.8676470588235294,0.14476987777291694,0.04656247226916503,0.03141547955956881,0.010564768843230734,0.010040547952948474,0.03973960735506349,0.0090860443644596,0.013170434137203504,0.008302461515869079,0.003940336888424222,0.004557366737044365,0.004541901938389496,0.002961569990671874,0.005564595981534647,0.004748191454576061,0.004033870345736823,0.0035959121953433515,0.0049922412338281935,0.0030471908306077098
1.8823529411764706,0.39550856255050415,0.051225974795902844,0.0345777639213003,0.004194693348799501,0.008629495161332348,0.031312389198041184,0.05521344885619478,0.012997454018948274,0.007683492577718811,0.005620395066741004,0.0042322660801965145,0.006700457851523791,0.003415180835668114,0.002334181391486907,0.0015394708725716745,0.0021813511410803646,0.0010916483572225412,0.0009332661780553636,0.0021852654902907655
1.8970588235294117,0.257865735415316,0.02606838273124585,0.024010740173660103,0.021895208907932867,0.010293946458265592,0.011889977181363106,0.012928822829093266,0.013166133458492057,0.005200034106315459,0.005250574388931307,0.003999512953129262,0.006461017660811898,0.0027918169977744294,0.003281652584186357,0.0065042473672324505,0.010550362215015818,0.0023129454855951724,0.0031157378529699732,0.0029240354736015145
1.9117647058823528,0.24286727230704105,0.013605034864074977,0.02273388566879556,0.04654639792117961,0.014607125998338915,0.01561492676615342,0.02739385785361117,0.013403132402441838,0.00564075374579366,0.003551549283139763,0.007387779586576793,0.0034166948523311827,0.005847777105090206,0.004884334717945164,0.0031542881510362416,0.003927701743405735,0.005160495570265896,0.00204376527225734,0.0008957743609608305
1.926470588235294,0.22353557690575404,0.04519227824548176,0.03555942799283207,0.02357920805650852,0.010684460617112633,0.01299205852286197,0.008812759016350771,0.021511614006832297,0.009366047143792283,0.005423926920488448,0.005167967379414341,0.00299772633587604,0.003003435637964617,0.002972717588984125,0.0031497903780741774,0.012226814514248431,0.004256347334432931,0.0014501637079870136,0.002226789196497343
1.9411764705882355,0.23645175758148756,0.06571107490282607,0.02372621561944831,0.01768517817115212,0.016408367409356923,0.012134691204031253,0.00634556997832407,0.004523226060294051,0.004439562247389207,0.005568948481867572,0.003968772290675099,0.001915014337715302,0.002166787749283972,0.0019146566225736166,0.00213775718409628,0.004379540181568878,0.0063476720076531944,0.005135265588370521,0.005608080629746964
1.9558823529411766,0.6905697077654293,0.11094901792320985,0.024827023607744886,0.021156312581050774,0.046845949426603486,0.010124438277721042,0.0029135414376470943,0.012534202138881543,0.0023401155732368254,0.0044236490817816075,0.006529060428292382,0.003964315337112348,0.003806000108534574,0.0045799856240425745,0.003847609632587354,0.0019509615015970174,0.003210409710274687,0.00517110053303566,0.004345807295012584
1.9705882352941178,0.31056677478798955,0.10002074255096287,0.031045475387615158,0.014132559814655471,0.009276040142309129,0.009413997390165386,0.01173991147856265,0.009624169337063782,0.0037380804484203447,0.0020677687703295608,0.0021670326538741737,0.0033278475855803968,0.005669221364777146,0.0020047672594148734,0.004175108379139234,0.003197992610427127,0.001418253725571942,0.004774121943795661,0.005373732550687066
1.9852941176470589,0.11961529238467393,0.027865124392290226,0.011573022346678577,0.0053672547401296955,0.0050506502345786485,0.005661987703383969,0.02383271813906837,0.018003342172613908,0.0021342457216701675,0.00254264365970372,0.0022233395646380004,0.009623737914689453,0.008589136072822755,0.004423480303173754,0.001539837322533881,0.0024515827564737342,0.0020897592044684075,0.003119068606963739,0.0037916272057117836
2.0,0.10613478557425923,0.02154175837289307,0.012377736103979237,0.006288140077906894,0.0060476070021583195,0.00806026005991091,0.013828355493886557,0.021891718877170813,0.0020420245930200054,0.003124646320192647,0.005588195281459168,0.002879569326903503,0.003931387606557764,0.005465679740488474,0.005657083713794536,0.0015430754034887,0.0008071075831036017,0.004130974066163967,0.002603752172193597
2.014705882352941,0.3029459568536294,0.03567493982273384,0.021111291744059006,0.020356363936731868,0.025528049920106842,0.04294068158236092,0.01701909151238091,0.008507185264951672,0.006266481492188767,0.0018515395638187947,0.002028813051124394,0.003032030653918797,0.0031146492119221883,0.003850773487552038,0.0036715995041403894,0.001272975703817024,0.0021042373418642853,0.0030778373320901266,0.0033199272941060254
2.0294117647058822,0.21475763052012103,0.08513228211545706,0.033664592437410164,0.02838394839176705,0.01078153374007499,0.008862587246621811,0.0066395228194384495,0.0066821422238308795,0.0030590718588040878,0.005994223747407962,0.006223745199450795,0.007887512710676984,0.0018812599966471775,0.0013923190210453332,0.0027966132608860123,0.006437735308471786,0.004254261298710515,0.0036214117247896764,0.0019037334926690131
2.0441176470588234,0.8359649199548085,0.0785764355598889,0.04189337651878743,0.01804903916461483,0.00523083359552309,0.011088163235713079,0.00851041602400447,0.003925572620794566,0.003627076798657211,0.008713680465109458,0.004155266009489077,0.0012818214739968394,0.0019245349325625863,0.005012310132936344,0.005115369581768894,0.0035255910504690237,0.003803093615203166,0.002059314113697377,0.003555912462812654
2.0588235294117645,0.32170866552739813,0.05528491986232928,0.04154379315132645,0.020782495077329207,0.007890622471527962,0.01468021861514337,0.014696539085551508,0.002429866082095781,0.0033400364304250357,0.004732842231066852,0.0035383256478586644,0.0035624017006959732,0.0037244340375128604,0.0078399033994792,0.005674146102909262,0.0029190468513167304,0.0018500566039826817,0.001980202082770133,0.0014235102463050846
2.0735294117647056,0.38854968580616206,0.009923733582762662,0.018699380196163594,0.006188776260920076,0.007373223358978874,0.011619950992573493,0.023075342574984208,0.009547591960768976,0.005894428604866201,0.003984312928368588,0.0039417038953150135,0.006133036758338291,0.0037113493247412804,0.0025256731669711157,0.004569667010043514,0.007463984192070415,0.0044304436891360694,0.004430449392746731,0.0006997469365488409
2.0882352941176467,0.5039053604192992,0.08363995181451647,0.029862075274743015,0.008422881597220797,0.0057367001138641386,0.005567041923871572,0.01374537823679814,0.006922463464615506,0.01065197568836121,0.002651866844960802,0.001908499618621742,0.0033247060145605526,0.0024566223461653454,0.0032531750551384594,0.0015020387917187893,0.00358326207438673,0.0018695857128030729,0.005853033545193947,0.0020841785710355018
2.102941176470588,0.4779864816077274,0.10226929143576902,0.04402100710506393,0.014811475172908279,0.007950168359242296,0.009362703693542664,0.0005865760918803927,0.0075238304349066285,0.002736563910210749,0.0036953097604948285,0.002034344984463733,0.0024414933729912597,0.003434020941600826,0.0037550945998808976,0.0037424709322072033,0.005502841962031532,0.007837179354340579,0.006897620112295267,0.0052233007431268215
2.117647058823529,0.4726991210279508,0.028811485285747687,0.02557867074611666,0.0579013935237148,0.0034060167314262455,0.004899303845689803,0.01905537580312254,0.017300444316642533,0.007961454357878008,0.0060318790461574255,0.0026582562822725217,0.003683385294871458,0.0019540228439575806,0.006574583523163984,0.0021725352949763708,0.0020069947422659555,0.009166672863173119,0.007553529208768468,0.005553069295606571
2.1323529411764706,0.38291899399614515,0.04423565615303633,0.018858987438734494,0.019404873295611552,0.01150395604752758,0.025522869437311142,0.032267899945019565,0.009697181434567936,0.008542726138894285,0.0028354201152858594,0.005081353684960078,0.0024031556217094107,0.0026657504575345074,0.006309673791060252,0.0030717988167418384,0.002721391747418272,0.006093427474671582,0.009388213971084136,0.003697775507201172
2.1470588235294117,0.3442824056508451,0.10481115161615545,0.03321309442573318,0.011860436073046099,0.014439501059724576,0.012367511462272288,0.00985232533747378,0.012369604171149427,0.003216197126732017,0.006398471722091636,0.006180250343142535,0.004071961455738347,0.005075913774006895,0.00787749133010876,0.0017333928149441263,0.0036167348661207983,0.003170871742786453,0.0020411403680478954,0.0016227336165308733
2.161764705882353,0.3693810651553547,0.074764102456601,0.044131561803760044,0.04559975115099749,0.26862043184902185,0.016026735427092976,0.02046198372300298,0.0036338097483751127,0.0031886775766612543,0.007062100681512447,0.005911129536536833,0.006829456633021051,0.006769242041799067,0.0022614311737040775,0.0023172579301462427,0.0022554222117625983,0.001842913171194191,0.0026134578245335742,0.005090622160544777
2.176470588235294,0.3136330879417941,0.08410828107793765,0.02230651191355079,0.1572583794238575,0.4640126831499791,0.15065707828211664,0.06234422985078414,0.008939808397671702,0.0023848599815117478,0.006776831135646948,0.006811198212338431,0.002090414583724576,0.0067934945135342435,0.00393336088234763,0.005223216480329461,0.0031719205787249013,0.000984816552221139,0.004267640553776073,0.0008221481364119282
2.191176470588235,0.5071506036087334,0.08650151354180824,0.01413365947607071,0.02766326033980512,0.0494190457680381,0.015635248941035094,0.0485563432457459,0.014697251166133166,0.0031981629400819195,0.0071840187899762055,0.003297494838893993,0.0021219300315597303,0.009795863964432768,0.0034507364115602948,0.0018602205312016865,0.006200975037364839,0.0024964788296047017,0.0030597144869344076,0.0023408282147496543
2.205882352941176,0.6242199480950426,0.053346704147204126,0.020771874981764034,0.018109173730635694,0.03278292461239698,0.033547903770154076,0.08790032525309396,0.015025597548588643,0.006695715517511638,0.0029788174394846704,0.008148316494925931,0.00526648093629222,0.00469508009153872,0.010484891796814815,0.007567046860137843,0.005957272684766368,0.0034297820282433197,0.003284065018647259,0.0022627416783310207
2.2205882352941178,0.1995158024266355,0.036253362379918136,0.016210979776998757,0.010578438789527746,0.04026785591361823,0.01383413964934263,0.038090130971048033,0.04263801720581671,0.010861840089013988,0.0023864617078749777,0.0047520114931433035,0.004187152653020991,0.0020618769256741994,0.0023661148720176602,0.004044737677652506,0.0035955820951819976,0.0023610302733838725,0.0034684474778612917,0.0031781814704891667
2.235294117647059,0.6106648202595178,0.07521496971151648,0.01239520093342802,0.011035706592729361,0.06002029817756468,0.011012163099939742,0.03021342565226607,0.01436119366948268,0.007118698610992621,0.004843082948296166,0.0034787509310122188,0.0030589708557042707,0.005573685300872158,0.0035492179979463266,0.005527982586043705,0.004093210352005813,0.0028999389856270534,0.004877372236749903,0.002555965730984375
2.25,0.28808048790061597,0.07447011200837056,0.016818628170402312,0.009024199731039023,0.00903671012711343,0.010915065560538359,0.017870230097508974,0.03614732177812721,0.013888369568240484,0.0074388815655730845,0.0016220219483178342,0.0021650966264863043,0.005653715880574929,0.006199856075193956,0.002679305460662067,0.0024597926079259116,0.002272047017753096,0.0020386994091079573,0.0018309372358849055
2.264705882352941,0.7265970748029322,0.03970802465712546,0.014971280804729033,0.01661378014947514,0.01463126574174147,0.021488744893936266,0.02899676747710576,0.005181335062513646,0.013687994467886658,0.00412912838590056,0.0015426076391301066,0.0022895930882621796,0.005864466086736006,0.0024806121844851642,0.007103340303005202,0.003132147875016745,0.004215437656480128,0.0017997865786892144,0.003687935124662226
2.2794117647058822,0.15230072172869674,0.07018106455830954,0.05450714620908204,0.038610892839531744,0.0289285018657394,0.02073100523440876,0.02342199815947073,0.009862657275184409,0.0076762401830738,0.009206897902196063,0.0022356634143218864,0.002667963308669206,0.009406527187612979,0.0027960066888068538,0.003114905262887265,0.002055277153908498,0.0019766472161348745,0.0060508139858610616,0.0032742375936898327
2.2941176470588234,0.42516635462686136,0.12658453060709915,0.03372977979301108,0.05023947514125986,0.03073807205897204,0.014741239659080734,0.026408963702117018,0.007293508295289781,0.0150424324959047,0.004291398605886907,0.0068055312470986055,0.013116168067332765,0.00577383604977035,0.0014390978719986563,0.003712252439376201,0.005763350757332187,0.004893211172359883,0.0025108590720541663,0.003594664384259037
2.308823529411765,0.5297785639415395,0.03366193370016758,0.041398356319303165,0.25117026822680244,0.12871901941031122,0.060419571581761033,0.023457121323014158,0.01595463730119861,0.14575972749711644,0.11571296896409848,0.13010832249757298,0.009636694786158598,0.0028737286436155756,0.002299638817619825,0.001336545694592562,0.004320080662207929,0.0037786052330205855,0.0030126506773224667,0.0014484548452255224
2.323529411764706,0.2442075338772535,0.04027559267725837,0.03161484871123544,1.0298163659885398,2.101813951047336,0.2887348524812654,0.03644481843841575,0.022458912332976172,0.6117496838121059,1.049775287964657,0.23489222436655127,0.016045741092035458,0.003656394224428959,0.00608018996049022,0.005752246838085458,0.003918222095927265,0.0031780180749185075,0.010126991049641518,0.006146974702595967
2.338235294117647,0.29138289865009703,0.0421714793469726,0.012238090049833823,0.00873402295170443,0.550760232817385,0.29400637290041365,0.0849805854154829,0.08650855148833508,0.8752472678696058,0.0926107959400519,0.5015664504470625,0.02449345685116068,0.0038693772931299277,0.004816863919726731,0.0024617109079928257,0.0025380041155676244,0.0030443375359743,0.0027726818633411997,0.0037960167357905875
2.3529411764705883,0.41352092142588537,0.06431522473509296,0.02477461166114555,0.0392363825963123,0.22681858846124073,0.10265845354028179,0.15156482619021183,0.11270981722195632,0.6639651260900239,0.4026159171185456,0.38702565609049105,0.01570758883637726,0.005681322232069436,0.0030669193111302166,0.0035662746155690817,0.0036056755040885513,0.0029587748702741114,0.00841208307909962,0.001826120554370395
2.3676470588235294,0.8480974246210107,0.10145733559311873,0.03967708682977617,0.06936715814660448,0.02873746851841478,0.18680507996696571,0.29913528401318373,0.27806750977524275,0.21209744816790022,0.08689697346992854,0.049696123024134634,0.06032920998636666,0.009213579942327372,0.00728978178740221,0.0018731303350377386,0.0018666153827454329,0.0036353629316005897,0.00048819152444830354,0.0018666382540562972
2.3823529411764706,0.12513385311485425,0.05841911619113403,0.06699684045295862,0.08864426239428014,0.1860719172279937,0.0604653440832091,0.2605838922915525,0.17739541948942436,0.04506431731488045,0.03499838723806428,0.06929018010080543,0.04746594288636836,0.013198024227216274,0.002647417112856089,0.004020727135245768,0.0029938455940339164,0.0021211286897592652,0.00331827027512429,0.006227861079017141
2.3970588235294117,0.159047052384427,0.08053554235003305,0.06013108133730373,0.0911517477470195,0.07391210110870272,0.20438907127169798,0.10126373884281786,0.13606829250084285,0.1550984116049795,0.18274735394120212,0.04205159656711881,0.00703874633066905,0.006194774349681721,0.005862939506257858,0.002860089961139583,0.004826850804461321,0.003000553544145042,0.002449421405355091,0.003933103778745159
2.4117647058823533,0.35637289355916146,0.11904314647602073,0.041566458163231776,0.029621635503762775,0.25198667804641256,0.3796703499589266,0.09917612673836557,0.014884619487444599,0.012625027494218356,0.014128321317542544,0.009035170206201364,0.007516265354581755,0.004173504801354408,0.004712057920265085,0.0031607466836100877,0.0032138903201113984,0.002077118523953944,0.003902789981789029,0.002904777808844043
2.4264705882352944,0.4607486690211329,0.015369826475141039,0.02478847681802244,0.1441610510969111,0.19748082389353921,0.19081567683547385,0.02396969385757142,0.03403660729249748,0.022858320325170385,0.009237345496311609,0.008144407639885668,0.0031479656749653496,0.001545504585190918,0.003230630794602808,0.004062281593984545,0.0019141623127058329,0.00045239007132829553,0.004547982332765051,0.0029777756354056944
2.4411764705882355,0.13491663752562594,0.1096344883250395,0.03936044840720794,0.051997661540426794,0.0694113135499374,0.19252723736438854,0.11163215855407631,0.027786626178635053,0.03498754322599294,0.012339930049036446,0.003159946538509135,0.0030213115217234097,0.0030586210573737534,0.0016114971591523562,0.0029065622497431564,0.002694891212392676,0.002265197224722219,0.0023399731279439093,0.0014012159848847995
2.4558823529411766,0.612055879430855,0.0748871360881767,0.04297564076072517,0.13064878990491335,0.11254506586638216,0.11897155829753558,0.25755832370979537,0.03249227986304521,0.005865671480393697,0.010800415165511747,0.012673652762724287,0.007740181687195874,0.004013271990528101,0.0016188590650731843,0.00362174639167041,0.004817055838114551,0.0042314832301925094,0.004826858504242934,0.0034130075701517965
2.4705882352941178,0.4949686874183074,0.05483172373000081,0.03392484804012393,0.06329969463520456,0.029138985843123452,0.9013808340855929,2.420765684119531,0.022837240334105086,0.005974216237660451,0.004087666610671822,0.008897306742962834,0.008211269318165876,0.0017005782880199062,0.0020491076039987205,0.006247639505075528,0.001746671761037918,0.005465587589862581,0.004664523411629688,0.0029681355067917125
2.485294117647059,0.2522590683311761,0.08479119127016936,0.05606282339157739,0.02921142508577861,0.019554302584250952,0.3231456414072147,1.6135308672925985,0.17786355208359345,0.0074910413623159615,0.0031582383365988433,0.007135579321124618,0.005149348218132933,0.004123895432035252,0.0019535714901942882,0.006450689568621787,0.003643686764908785,0.002623574609723833,0.003714797699776383,0.004338286833945526
2.5,0.6352693642047668,0.0634133796913032,0.015283782845307344,0.016953633118459304,0.036655409288780874,0.5993396173093652,3.4026758268467736,0.13660750230659555,0.040815020157982274,0.006316218038592449,0.005458812017885447,0.008134007010147083,0.006690524128845051,0.002372325486832321,0.008840312219309638,0.005641687111194459,0.003915508497562347,0.004148631410056574,0.005875418802586093
2.514705882352941,0.37328653899264247,0.07648600297151219,0.043222784075984635,0.07610197165731238,0.13438207645863667,2.1214067742704525,2.4633290587752086,0.04620461975440928,0.027596531553790795,0.016075244870077235,0.005753431961425812,0.0022249630933682428,0.0030460539747936607,0.004502667909127345,0.0014571671521245192,0.0018406491211996221,0.0031817885429828606,0.003531647642368369,0.001472230831681901
2.5294117647058822,0.3598690323216908,0.045331429411943756,0.028713849689480757,0.027941225201772116,0.1695401664999959,2.956994400891838,7.622503611745743,0.5812051509021161,0.09679176633459774,0.10735886292942366,0.004561421248708641,0.01027467811147446,0.006517855069703159,0.005801165789110371,0.0034648656265687185,0.0032129908148707553,0.003157051231875164,0.004351590757372856,0.002864575633347082
2.5441176470588234,0.5716528632853226,0.03922938415142049,0.05116452715366633,0.036906305575166456,0.14081746738537318,0.803090189444063,24.66297604879081,5.487254832799433,1.961469212668795,0.410910250519024,0.01498894958506006,0.007485575818679266,0.003878321644139606,0.002646576592085542,0.0009763568669325598,0.002818599099656815,0.002907952107061223,0.003422251779243118,0.0017513094481419803
2.5588235294117645,0.7936473768476511,0.031464808565882366,0.07610830730513354,0.1950442788445135,0.0644574287416759,1.4897278862694228,3.515779051121677,26.024240355781135,11.545821683493937,0.5318964593318777,0.06430273770372617,0.027915916117149484,0.023394143022618996,0.0026414358382575425,0.006693408934150439,0.0098347355565927,0.0037333292052979727,0.005364555920639905,0.00360378287614055
2.5735294117647056,0.30277867044967405,0.12007181972960114,0.11870630873587867,0.5081872176223117,0.1631170543232428,0.9877149229478721,0.38753692981278354,1.640705949297176,33.71711929918957,9.218650554437565,1.5301237252433015,0.41829092265145446,0.06868262231958965,0.012386001154011193,0.014588375713800894,0.005590313585652937,0.006565742229625502,0.005794002705548614,0.0030260529903263665
2.588235294117647,0.28706443587462704,0.040764376856222584,0.03425957814211819,0.10280012200956018,0.08717392099834192,0.24498478811638538,3.778257089255586,16.655631500529108,30.712036929114287,28.298683651914665,1.5856478775594836,6.386575363713412,1.3340776025066978,2.2224292095680713,0.23229488452064376,0.004616516218393472,0.002684261511493297,0.0026164947287775522,0.004587093982984599
2.6029411764705883,0.7812513520871993,0.03487277167574625,0.04275988383174181,0.316214562767975,0.8671744198031182,1.1389718085120681,1.481945220171065,8.489735525303988,12.001225729731608,19.820832397964956,16.146654533793743,60.524268856726984,4.5159029615051836,2.3669465548647572,0.28494123915635583,0.0032408548246462164,0.004743351017990904,0.0022666399035063617,0.005958748907204496
2.6176470588235294,0.17202959078443858,0.047346873679780216,0.022455186596058795,0.194651000496183,0.8260248970564436,1.7595671259120969,1.1608928940328598,1.0320974281968471,1.952467086206011,45.04653009975611,16.07360154988647,11.999833657059856,5.534456428846048,0.826119423984626,0.015695014673599378,0.0055360815344189926,0.0023024769257966493,0.0034452888889860513,0.003107555618214867
2.6323529411764706,0.3618178234011395,0.11209805619248298,0.06629651197912229,0.14568581155644095,1.5402972208817454,5.95415781057979,1.7999783282497446,0.2731016597305656,2.163537633673518,22.43383649304699,9.221580257601392,1.2250142864964888,0.3121526002651613,0.12120923987825388,0.006702537337505167,0.0016218202665809194,0.0019301302197563702,0.002404164617469769,0.0022412949189888603
2.6470588235294117,0.6586742085978461,0.06763679810172539,0.0938110853247352,0.15157733121788586,1.2051770466568477,1.5479996527989368,6.059187598120831,3.2022900700115855,1.6736020399206115,7.115396252655994,2.6929865098523957,0.26869880526928136,0.042157385234542114,0.021075389961652806,0.005218015366235677,0.0036569273551693366,0.001438165670672377,0.004333818304482198,0.005624432446223985
2.661764705882353,0.3129282641638238,0.07666074071543864,0.19723576769409693,0.36605791321952724,0.41783019814839156,0.8025318562984691,18.48552213435205,69.26642595791469,13.095416070217862,1.270601171710689,1.213899255218247,0.1516963549288231,0.00833167955905232,0.010788657199883969,0.002021022394973521,0.005160968936243215,0.0035937322818329065,0.0026310186100143894,0.006570224228908089
2.676470588235294,0.5199036108635996,0.04955951350376481,0.1914392849500709,0.3522508491440892,2.9425903435846408,1.6186970071589033,11.036193330556651,112.2539953609979,15.836195165666455,0.6351584991499087,0.13778255935086695,0.01191565009099374,0.006287321644768738,0.008673358694115596,0.0027168085178637964,0.0020677188067814815,0.002968759589879086,0.007341545557842418,0.0035956630964972024
2.6911764705882355,0.30425538844244665,0.047409312843009685,0.1715595480608387,1.6686545542327889,3.17583815223798,1.5947324875903026,23.768218928287208,78.76530109625853,15.873974349025087,0.034445436871238334,0.007194684522586285,0.0073305989253680485,0.002669108570979512,0.003705301980661038,0.00638687806444229,0.009158337234512145,0.004098909211710845,0.005314085212723444,0.001033240687892783
2.7058823529411766,0.2078661603525362,0.0717476877537106,0.053148955474113496,0.19555351731318077,2.0486510084342626,1.050539675117819,4.447669690678699,66.85209128937032,3.25383685643793,0.08474722005377967,0.014484750017352489,0.004476723428464845,0.004941679991137978,0.003798668210711358,0.004939450779524632,0.0030196089707848297,0.001931183760750915,0.00485928047501509,0.0023378940759265212
2.7205882352941178,0.2272045811561161,0.06385856980419546,0.1988119072210734,0.54120871716284,0.2934963821252917,0.9031982921067256,8.100485420397607,170.3219290970537,13.18744977648247,0.4034475746286474,0.026790597466710375,0.005344778540924215,0.0044014609670869915,0.003614341177577543,0.0034226389989034235,0.0034154105343988054,0.005471553030500278,0.0012303389476489858,0.0017273711416103676
2.735294117647059,0.13119194683992363,0.04113114203286578,0.026900237334425106,0.06381070899750631,0.2015172298629804,2.5768610991960514,36.16648918783814,403.1928449403319,31.82925701272655,0.8547576933522301,0.025277174262665063,0.004077331812126892,0.005766942167032813,0.00673963154960354,0.007450683883093099,0.0011921934300252804,0.002763961260009499,0.0034258554261532245,0.0031722531796522743
2.75,0.3094425226422773,0.06220660570583038,0.05001815547973344,0.22296744193243082,0.48605215686626,1.4844217542571643,38.04526020049273,476.32755688352876,36.89739257153538,1.8063690143665698,0.016562061063788814,0.007971610471941636,0.005798933944254084,0.006171448586387483,0.0026084157154600083,0.0017382837761095737,0.001649728476023566,0.0029063657737450075,0.0019339556615349369
2.764705882352941,0.3577386502494795,0.04920354851148173,0.02254595175384114,0.04803712119930807,0.3990299739550278,1.0112591425172783,18.279145107005085,625.3829902982641,309.8956590635018,19.04277738485406,0.04800422356264848,0.012083947981066002,0.004434363658718672,0.0031541931295722327,0.0063485646116733675,0.002453818363096793,0.003296161485910918,0.004531765820833436,0.003266902401659649
2.7794117647058822,0.35503725527534213,0.08206049803119744,0.09015266397253402,0.19852995556989275,0.04885754464082256,1.681233971888622,19.889188350525618,221.906954645062,1969.1103199823683,121.12339683244801,2.4601813134154504,0.03165336874693374,0.005347056014510925,0.0040981359097552895,0.002619129269200487,0.003708258216955507,0.004391064387280482,0.014345554578383634,0.012094154084534247
2.7941176470588234,0.2717633347349596,0.06315275232091186,0.03514814108095547,0.36708003637119613,0.09739323468599015,1.285901656508084,2.2545718482909507,6.448208127929291,3176.617381598159,1219.80866856596,12.51724238865518,0.017667527868999146,0.008092312603905112,0.009694861588390717,0.004400989352903036,0.0014427094471209049,0.0035949340650790235,0.009223708934698583,0.07864699900869135
2.8088235294117645,0.3860580874745525,0.10997409847182568,0.19960666371471925,0.17848038832940694,0.10116613861506674,2.676507305674189,2.663909220529611,36.88901073644586,5287.772735509773,16238.178442769946,1467.560858784172,16.591755627604467,0.31974588089887274,0.023048188147360836,0.007807865614511529,0.006136482258195426,0.006188580354434967,0.0129187547331074,0.022039874282198606
2.8235294117647056,0.5503842678457576,0.043148366289696954,0.014267406098092152,0.020296954503407127,0.030267855899165263,2.5242060172099654,5.218306069570995,28.166593082333918,53.148888376701876,1541.3680706620075,15127.510358094847,1066.5482369824806,5.765553948028355,0.16008389177471724,0.018538711672171037,0.004483271880225114,0.007205034749969143,0.006468730109592778,0.0021938431787803525
2.8382352941176467,0.2976339626061748,0.09126313445260588,0.0448549035901616,0.10605451167372842,0.10889201589694829,5.5225803263996145,13.023900463243045,33.02356749269704,47.14745896008648,67.72817125513578,2120.0137342225767,16126.330195181938,940.6212330461846,7.185879122826673,0.34442717371323495,0.022378452583892976,0.008491531954084992,0.007112043710034877,0.009252570098793952
2.852941176470588,0.26307067839744736,0.077802879630872,0.027216387616003184,0.5183239254918832,1.1712719166786256,0.6409351131003318,42.105650271187045,14.463677401496147,47.70301204552394,91.40847046063871,598.5984134417924,4600.091070281962,9823.888690598316,724.3853568068438,4.035495694739027,0.13528369312238453,0.03086947000337063,0.00801225398484559,0.007254463522316349
2.867647058823529,0.34654212298937626,0.09894325942464322,0.17931680240881243,0.24416595005268787,0.6387421679981137,1.7241550181389278,13.664069910999142,15.914115527131235,12.587515727505734,349.1807230560495,1604.8401034288327,1540.6348609806755,1719.6038367043936,3610.632124949536,40.62770533923005,0.12114898496994932,0.06884069681870905,0.0317644885850617,0.008469439472207647
2.8823529411764706,0.22020276295727598,0.12358658001210544,0.10613547973891635,0.12514335444917468,1.605813240264741,1.0847982411023354,1.387640222387355,2.007160335324399,3.6275611058391792,2.013770724745375,216.12386418445377,302.37613217867755,873.8783732889938,827.3314804017195,58.7731848008107,0.31255517289998747,0.026241669478148398,0.0074560296938566955,0.009495980016296712
2.8970588235294117,0.3428987842917883,0.253435772284954,0.04930429930679418,0.14069267372455474,0.2853811363810782,0.23733787131743264,0.3891094553888938,7.459773051170433,6.0890120926068505,13.185212240813538,9.218240727457927,226.65430630073394,17.400361414931506,51.27922679377759,3.1593120985816343,0.0941890574534935,0.01530964099869043,0.009168811384214652,0.005445374798481338
2.911764705882353,0.47976824426880277,0.15369132959296636,0.04307368086921352,0.3589989632869391,3.060517474383751,0.8894475239708712,4.349258442379995,16.298374265360533,1.0129905366064678,16.69757919777655,45.975188406644904,18.1200864390197,21.227079426961247,2.047084006428223,1.0607737618444792,0.041683760882963806,0.048380797237901986,0.006553968235668066,0.008518540297456906
2.926470588235294,0.6226442586041387,0.06629476737512116,0.21099545424343785,0.21156195699436742,1.2111918272577589,0.7599343803879484,2.0268479035205367,16.113606414461827,3.7093960420052277,9.123267376024842,14.978749130843765,12.883230610513971,21.19251278426436,1.7481703618921502,0.13314471723850366,0.007164389971185842,0.002635048162354874,0.004002124499126662,0.003520131086196316
2.941176470588235,0.2653875210252782,0.014369570634185523,0.177878215698538,0.2326244984935484,0.8855727839748228,1.6233490697785276,15.81165905326601,39.39351062490149,3.672446978837579,11.199444097318754,7.668205903527568,14.943274637375374,4.2502103348884015,0.3324187631352039,0.04924133466252428,0.004638750098496708,0.004643422105684011,0.005200386304453672,0.0035506086200339125
2.955882352941176,0.18411072528823938,0.0673513057571774,0.07561245119895854,0.8238410709108129,0.9483822190296419,0.6810807088073163,8.0463942754412,23.94424631647798,3.587210632719418,5.340531943118879,2.693932766116248,2.2603693859068597,0.6229155128999606,0.0765486667400977,0.014530877409105698,0.003515141313031247,0.006762113908416972,0.004522600166030606,0.011971244037121005
2.9705882352941178,0.3657578325255452,0.03832681220729747,0.07086243747123841,5.915903848718351,0.4646696641940407,0.5315102591966693,4.313425673421417,10.365992778828138,2.1588573855253657,0.2083446830551013,3.2048363724683866,3.756776229958432,0.5718990594238311,0.008431048530546301,0.0043524731932838585,0.007335960962338591,0.0031913910372511666,0.0018265412746499574,0.002636420277385212
2.985294117647059,0.4199427296516795,0.045933848504656025,0.5722769228496324,5.5818806319733785,1.0272544271806556,1.8908720544457966,1.7209387418540611,8.154474924582507,1.107757271224191,0.3039233136337286,0.16149123156185483,0.28203958065954937,0.049667380414449284,0.002008426878041541,0.0031060320542662286,0.002563152795877273,0.003796742264025839,0.0031045725928426165,0.002264821603775729
3.0,0.4346668255361753,0.044282247104399985,0.5314591184713103,0.6061512254991284,0.7630690741190952,1.7324569867218103,3.743585115414042,5.731311632255208,6.946197447103506,3.091429280002572,0.3299148333033439,0.1408141429497262,0.02803370883774499,0.0033101472826181874,0.009000872637076641,0.004299010204047039,0.005805258989883771,0.0011005275531807911,0.005753209622185371
3.014705882352941,0.35969183795253434,0.03636503743400221,0.09467327147874509,0.6402282955480361,0.34140270772749204,0.5723621829361012,6.431781085543356,64.81786279181297,63.882491763334855,0.6146309390553606,0.1454646993191526,0.02976541267202597,0.024477253898901753,0.0013528845803620839,0.003470377667982706,0.0036658376190623542,0.005079635172693922,0.003687463892089065,0.005101233367664315
3.0294117647058822,0.48457433979628267,0.10027043000335499,0.028528447314590505,0.02418564913133965,0.14564193410210097,1.1723045565807153,6.547031117670177,213.7695116317302,217.17521416310223,7.917108312775394,0.02123698751339026,0.013950552931101045,0.022470653901404018,0.003602770566412409,0.0028133045252641325,0.003366289572585443,0.003380119989689882,0.0028345396694498103,0.002562563088762144
3.0441176470588234,0.20000873654213083,0.06253363324937895,0.0298557409615752,0.022804115447349706,0.4085146394002911,0.0843793791508786,1.072449145055784,530.0851070016704,372.6966801846679,20.080734762049858,0.057784756898366124,0.006812667734457264,0.004705995661515561,0.0029950346160056507,0.004857206691204817,0.00398643276152497,0.0024195718228429497,0.0020397409409482837,0.002851285725279337
3.0588235294117645,0.5437638608302359,0.06945563393242096,0.020596195444175628,0.05478714074437323,0.03429083580388307,0.8822678715784567,17.067891983796905,835.3019692329838,2265.104811056951,188.11615579847293,0.2748129271393691,0.008475657027565517,0.006553387740305229,0.0026285084770070947,0.001633161051116428,0.001751066986380753,0.0033701788078524964,0.005157489537133073,0.0046992510933227824
3.0735294117647056,0.18206569115339927,0.05406327513618566,0.02798503133533881,0.047404910613335,0.03732805450761749,0.24820465413437015,12.098708674253736,235.90171435886325,253.8594086935437,654.2602248405071,5.479196529212262,0.030258047484602837,0.0054599424782389985,0.0063753445918329574,0.00326044408277868,0.002591525252251161,0.0014966894116794954,0.001594317026482086,0.003443484799915409
3.0882352941176467,0.5373257456334932,0.0392211340702901,0.05544944244396595,0.059128847901161075,0.055805033787412126,0.3130579867787302,6.532560879150876,345.63824223886934,32.95091108667636,197.60747797881302,50.49732030108304,0.06044494693240134,0.0036764476569710273,0.003946671218649019,0.001223081711010301,0.0011235384915451907,0.0036575629286766023,0.0032163761953073215,0.0031528502337799416
3.102941176470588,0.5572105429423583,0.07655406164513545,0.03658671453974502,0.0636453412041122,0.03583429090548321,0.12823700308047487,7.549821178203907,93.965270187546,92.44324001083535,38.850689170924134,16.90144354597936,0.8103642626342648,0.006114590457814557,0.0033891953959973306,0.0031014221181221687,0.00231628096033179,0.005613916382556742,0.0020187892084238246,0.0024775747255477093
3.11764705882353,0.24880428758835982,0.05432284493699183,0.06213779364764938,0.1716639031950041,0.09600629116080703,1.1107461813595318,8.512005965455804,18.22534094810456,257.51463159107345,45.77690334106336,49.3945858105468,0.6565932320425177,0.011128067310532636,0.002051318589772702,0.0018093233046526784,0.004059875204724457,0.007795029904985599,0.0016535259881723474,0.0009981378907882518
3.132352941176471,0.3185580686366366,0.061504107258890446,0.04383729635329536,0.0796473104585699,0.8902078099223871,2.0083741738366996,23.597844535088633,215.51907171757452,702.6589172913376,100.32562499625864,39.59226283098214,0.6577640367478763,0.07569225549855618,0.0019638993225416135,0.0016159230736358088,0.008494969575251383,0.006928537207871316,0.006703092233372304,0.005039776169965489
3.147058823529412,0.27223111097444863,0.05721453406701819,0.07646654631387466,0.0854944787040815,0.16975395144863337,3.1130721885637755,42.91607045640936,3.227987824857175,182.65700278037968,129.20980190300264,180.93455348517966,11.542245803556268,0.03601799267395846,0.017008309026408642,0.0070217879806975594,0.004035159947438367,0.0027410455751304885,0.004958235934692395,0.004962393076394867
3.1617647058823533,0.09419497958179722,0.03622631663163875,0.07596785806810144,1.655930164844826,1.0337846388329477,1.4016417218247315,19.868450837597155,56.61906454366192,82.60056309101424,205.33653092738604,414.20497260052133,32.58856671071759,0.01059551905460123,0.004581241550505614,0.00965442968408543,0.0028530396894068727,0.007602208329174635,0.007076831834276855,0.0031337153367407573
3.1764705882352944,0.6125006929946819,0.13588854503718112,0.023099185372550627,0.7598013447718373,0.4651957870250859,0.252336686796218,0.3526247479711796,17.42041995425504,14.899276145213147,58.009784358415395,3.655662038579671,23.73957661190932,0.02440537704408388,0.004783022981589228,0.0013717083866557104,0.0018218850861623742,0.004109929364338071,0.002912614208254301,0.005602708801917579
3.1911764705882355,0.6990983935901044,0.06003032019978183,0.12085653882849348,3.5669159917274564,0.7753782228706341,0.3723384886516359,0.7726681241349229,17.554631562782202,14.05443498549063,130.7501522220934,4.147025298987176,11.234480040722548,0.028957552543073774,0.0039925989549056545,0.003412671782047851,0.0012111155849534162,0.0022089200110205565,0.00310952368847578,0.0024029446436542173
3.2058823529411766,0.3986076204503578,0.11034714447864,0.06809586177965532,1.53046652525352,1.8065825232848858,2.7216356079290436,5.732509380876779,6.911407381015916,37.65985134224449,349.8105514750607,6.28657248065682,0.8877399573147766,0.0138207644571498,0.0022063797015437515,0.0024474721000480467,0.0047754818759491975,0.004531693036674452,0.002878349332666124,0.002620853159593062
3.2205882352941178,0.2159032204428052,0.0663674975503652,0.08245917864436983,1.1488604299062106,1.0999869717591655,0.9005297710603153,0.5074618117322681,1.5169925182403163,192.70473086444787,189.36437696608425,2.1379060390044358,0.10672096450763151,0.00865285856478843,0.0009881675528070825,0.003960803612163409,0.003683744699523368,0.0014698375035377721,0.0040739164194742205,0.004150098098448849
3.235294117647059,0.7843626020006432,0.07417932188055901,0.11559461537893681,0.27490351334192925,0.026005144987000964,0.5711245649178467,0.5568004329656013,3.0381257995008433,94.89584632046352,5.928802042157153,0.01954186533079594,0.007696457418493662,0.009896824706449644,0.002082096392738957,0.0031625072916816386,0.0025669968426662738,0.002953123993170291,0.005767568947254428,0.00215876213639128
3.25,0.1689127121625469,0.01850355803785978,0.020858097207414588,0.07622564803685318,0.5456608219488622,0.5715698568754964,0.8541222363548715,6.69834553586453,5.214045853039354,0.3466662867898229,0.02253014491526477,0.017143091122619268,0.005100652866588899,0.005107285119945591,0.0026030589871079896,0.0032824164874647585,0.003264225060479149,0.005986893674907494,0.0028511715045532243
3.264705882352941,0.31943842483816104,0.0472933714148354,0.007953899961498078,0.005138566651758469,0.1489718452195921,0.5354724975613011,0.048734566122368414,0.14536947280825605,0.368632309555324,0.21707578652112614,0.01897057316140447,0.0038628240724856407,0.0074128027890633325,0.003665610962524667,0.0035688601526741234,0.00476550864751538,0.0033728986570606234,0.0018306814877262164,0.0038641709482775607
3.2794117647058822,0.34053006666639285,0.06392040378023449,0.023595016593896203,0.084227297425443,0.09756214145321584,0.1669672071234181,0.11328257610233346,0.4780698459381124,0.2016789589336608,0.02172082119283708,0.004615946972407982,0.0011571720995828276,0.005478578327890206,0.0023615717288518745,0.006693252181608832,0.006469244627613257,0.003883156190642692,0.004321324503945911,0.001852613070591389
3.294117647058824,0.8761494715206002,0.11534760221340026,0.027830552816271698,0.146724902541211,0.26554941225854983,0.10815781322716722,0.09889278144616033,0.06682350611690298,0.10775533448708635,0.011480950533561081,0.01216350981885137,0.001529290143561408,0.0026785151789079416,0.0021120615447742515,0.00453414702274213,0.0034733484681499704,0.0047683746762568965,0.006742937876364364,0.003660782761023337
3.308823529411765,0.29732384407256657,0.08320946055297668,0.03717533744225116,0.05830361886924279,0.01865393604443643,0.018039130783075483,0.04081484241609558,0.14440023343903816,0.08426404701132134,0.018282648155752017,0.012308142981033762,0.0034106242837098535,0.0021432136989470336,0.002421837659715361,0.004544396352128319,0.004093114853666802,0.0023186235853510863,0.0015897616694226149,0.0015766232969330624
3.323529411764706,0.3712299097641568,0.035513297697094715,0.019060302177862528,0.03866232894177501,0.04236206823993652,0.05866288625562316,0.06094985545581964,0.02630641143280881,0.05121989643882558,0.011287099169161688,0.005288731206257931,0.0016516579604144185,0.003117357967268375,0.0037679921307466396,0.0020808645720297903,0.0021211370149355297,0.002281925839811327,0.0020657231204586775,0.0016031123549488338
3.338235294117647,0.454585674919209,0.03805013635417587,0.014724381877141642,0.013810323330326328,0.012458803456814818,0.03808545890848648,0.06096360618345616,0.06582097521630462,0.020716060507880316,0.009331155743679969,0.006787189965457097,0.0030914628806845267,0.005776281633302453,0.003486881771344247,0.003705573629092069,0.0032169623378264117,0.00297575509716937,0.003499702700787115,0.003988861558135019
3.3529411764705883,0.3029245172949246,0.1106216886656719,0.037373602222051855,0.04844877208987876,0.022643032960257294,0.016844022039078255,0.02088395303331981,0.029380624530257818,0.044161241694667064,0.003912405992609563,0.0035346978477530768,0.004735041400740053,0.008317808211806842,0.00621202414172119,0.0013824510620258001,0.003559357496666707,0.0037386895258963576,0.0037207649265970305,0.0027719104292700746
3.3676470588235294,0.5644307736013279,0.0805406446591676,0.044740055479950365,0.05078762478460786,0.06621538684173851,0.07661709978075953,0.1097714822917017,0.04145821529558655,0.029812273691041502,0.0055598294754654765,0.004489928694579891,0.0027400689875297897,0.006211229892933233,0.0032086822040383596,0.004815642138564808,0.004696373078544458,0.002131806709138735,0.004059906864382385,0.0032745297313630617
3.3823529411764706,0.1750539841082095,0.0477493044417424,0.03399881351380057,0.054493327078916055,0.04734306891962094,0.04049162017765329,0.03847516812802707,0.011492977340942956,0.017693506809936446,0.029743345633993754,0.008357292691319684,0.007393369837478221,0.003295261936359227,0.0017153508589358788,0.0010292908947652922,0.0017726138069151251,0.0020184607317963845,0.0030793392268177117,0.003034947410796642
3.3970588235294117,0.18407690209940958,0.11292356867739016,0.05308473413990153,0.11940315329358354,0.46569064819366257,0.18199785326404097,0.052181730967298154,0.04629976151527275,0.029033934157916004,0.010042114229499109,0.0193378497182793,0.003465063391821948,0.0036835314750216356,0.003142625259167408,0.004112796741185355,0.006061715132611268,0.008005891955593536,0.002401806226025313,0.00248396113356984
3.411764705882353,0.8979593769085227,0.03748938289289658,0.02584568641027548,0.42603217988020314,0.498671219354109,0.1338144985070769,0.2527514349538381,0.2315035081778521,0.16463941387092912,0.5566157950404631,0.14724311828876943,0.010960077381681161,0.006781775472708526,0.0037463349239255164,0.0045653538194905426,0.008089827723656448,0.004277831301527401,0.002932948557030196,0.004941944900246929
3.426470588235294,0.21116127109703767,0.07440846764165591,0.028536852633195907,0.04743600720160417,0.2810444595380629,0.23095101831524004,2.4024637914683016,0.23405404979419178,0.17142272964897604,1.0859549284115841,1.450241251111358,0.020472296797493513,0.004541740386235309,0.006387145945255691,0.0028831829420409086,0.0028379076761236794,0.0020800456907349367,0.005118960022208387,0.004026366374766493
3.441176470588235,0.5389100076998358,0.049941278914546756,0.033732992197680944,0.24949905276970963,0.624502829423087,0.40640070398823014,0.22567157776947902,0.06986164421014099,0.35270885906204047,0.12995950193486244,0.18295415192466283,0.07445847229497293,0.007266521965648049,0.00236848599606186,0.0032872220118722096,0.004381308581262078,0.0026902716583182143,0.0019150505781261058,0.0017137083226896974
3.455882352941176,0.4799526307910312,0.053366642218878255,0.04400395850899878,0.23943910558635637,0.3714515971701471,0.21546594131166635,0.12458071927361564,0.13820002894769226,0.07724829271395699,1.077991727018183,0.27777886776571686,0.06159756361274309,0.009820269998875813,0.0067031191738118915,0.012674061775892448,0.0027226321068754625,0.0019969067583104744,0.0037864514554867864,0.004139960846940124
3.4705882352941173,0.4365215910188314,0.014985433981213568,0.033710595232480794,0.12336563818674297,0.1933042342173388,0.6058894911005341,0.25283665746051676,0.13309285085938427,0.1088936052752724,0.13705714174794362,0.14968680917510097,0.04669030405602001,0.004118512458542155,0.002805654632288069,0.006781178638947906,0.002714060107667648,0.005242469539313844,0.007336736556192928,0.0034204243806698342
3.485294117647059,1.2640533977017,0.04600344430511842,0.07419784735485947,0.2998156337857919,0.17146509177564914,0.17796961266466343,0.1311105904776605,0.05524782516943943,0.04475029043105826,0.040923994734597534,0.06116612882194272,0.03581918021653061,0.004351648935841584,0.006005558979510612,0.0031190811322222133,0.0008118733056757977,0.0022116356465629013,0.0026298961404868544,0.0026699315017307034
3.5,0.8274219766294353,0.04401216075005672,0.01915607818696293,0.19626080140083185,0.17012650586525352,0.15509587992863041,0.1393580004222063,0.032733586082628115,0.014115025785888989,0.018342915211893986,0.0065809991763236975,0.004656504860953262,0.0032910026044101143,0.002858186497894985,0.0014082039925616859,0.006484849852619158,0.0025857959008811246,0.004767864379106489,0.003543413081557976
3.514705882352941,0.5231980374325261,0.046994465934898436,0.022471769008251548,0.05185511504087952,0.10204456246358366,0.02793793536688271,0.07350513449527958,0.05215118595707183,0.03396317362969252,0.03115998157443725,0.0031203877342925366,0.0011161657210652146,0.0030633634831576328,0.002772050600609149,0.0072733132338915225,0.0039679380016974936,0.003185954786961395,0.0029015915751403657,0.004791494446640116
3.5294117647058822,0.13051551047132975,0.08394060631308935,0.0314095307974046,0.09058201977476643,0.09498047501351845,0.05158749776868473,0.24852067392945604,0.10941679969375134,0.057660208628061135,0.019835136580568312,0.012413376119433663,0.00680418221022448,0.002567997478905146,0.0014749071475308663,0.0020065193016321845,0.0032856868293300316,0.004901521336526743,0.0032914148743875644,0.0016303835208487671
3.5441176470588234,0.35930699382717035,0.030721049505507213,0.018001773104080125,0.10230958572000354,0.2302996297487646,0.15463094190808913,0.03681254917236781,0.02657239170353993,0.05363097034009978,0.04491532740691324,0.0065967255712650295,0.004633591478435015,0.00250341172473428,0.0026396960030880164,0.0025998542031519757,0.002948648989056268,0.00505056627916836,0.001830441582132628,0.002219077725582088
3.5588235294117645,0.5410922848169764,0.05700677881862337,0.01343230163701233,0.03591999972959548,0.27492618290170096,0.15293135909679684,0.3884435538881677,0.03075847778797052,0.03211976114121781,0.03932056901577255,0.004360072879435361,0.004962035928484846,0.00412558858755718,0.0022376018277997655,0.0018258855368821652,0.007202421644837238,0.00528968882196827,0.006055979707790562,0.007770971088568956
3.5735294117647056,0.7818399542515372,0.0382760245772642,0.036689703169813105,0.05253173766989747,0.017441945802088785,0.10447984942245712,0.10892537184238418,0.1825715883509928,0.05091355792188198,0.08591356791347086,0.014574357630087392,0.0047251920230326925,0.0018502488331683246,0.002208487023216947,0.0025128064296658864,0.005640818543673057,0.0023108985458610226,0.002603098472714073,0.0007691549700936998
3.5882352941176467,0.471215773422293,0.07478302407605207,0.017941398322499334,0.04980334920081765,0.06739077816093281,0.1521683782023845,0.17480269546930416,0.6236897977235902,0.03385018309590239,0.007690807193300515,0.005969939204546774,0.004179224179598668,0.005378586953787564,0.007213056549695731,0.003135674503380354,0.004790310298925451,0.0036193668311319985,0.003046470412564165,0.001903177780743563
3.602941176470588,0.17774767154961868,0.038350028934100666,0.02682840039173269,0.05225712016437957,0.2173495295932754,0.21262594900015375,0.0084739613971411,0.19782214822062635,0.16891975714328664,0.0154859897644689,0.007206003492689565,0.005583281466095479,0.0017761526853958846,0.0041268901165976025,0.0038589957122178694,0.004972379729652735,0.0014574070235578603,0.003281025328372656,0.0018644023301425464
3.617647058823529,0.8013126079562007,0.08011437288052951,0.03167768415383804,0.0326573376782574,0.18896242015797415,0.18097438509234917,0.07543674825216534,0.10881640651577244,0.025345793555104273,0.004454122477514809,0.007920515764504955,0.0036683916772098594,0.002242602932303375,0.0032338222402973123,0.002532134994371115,0.0023020529054354625,0.0028430712248251567,0.0030004030920231335,0.0014281590965351558
3.63235294117647,0.8234227334557053,0.11643227632585909,0.01759806195465877,0.08250138221916613,0.21708294495940925,0.3796259955671387,0.13131716445442745,0.06939477944948873,0.013489870107082705,0.004846077015412136,0.004069118933367186,0.002062738448509207,0.002831691475180622,0.004353197804371046,0.005756632297683728,0.003527641262805161,0.0026643437853790613,0.006760880542004518,0.002881892416288631
3.6470588235294112,0.3248577619146653,0.17305879695657617,0.03965296572929514,0.03435053831230137,0.03173148899774071,0.07763357021803619,0.2029928452397832,0.07701547221391306,0.010369036406954543,0.009673735292752986,0.0030708251745602093,0.00583302661995432,0.00918699425792557,0.00300575335511169,0.00222517726092076,0.003970575665663647,0.002347468802330265,0.0026986639230993895,0.0033960098468252624
3.6617647058823524,0.28641743730879643,0.029320029395121346,0.020137998303063058,0.048784104752694055,0.0828160030599352,0.07133265747136606,0.02283634022313757,0.07697074876778495,0.01015690866066804,0.004138494466890349,0.0020181159899795363,0.0014316418710416316,0.0016929250107843219,0.003394108730839066,0.0036378339890785895,0.0026701479199707384,0.0024363623744438332,0.002175836541466137,0.0038068056142433818
3.6764705882352944,0.4124698516910328,0.06968404715249388,0.020220859481300056,0.07875267821198796,0.030039549929862477,0.0259379151291902,0.0698013633803011,0.05102072697207689,0.0064139539870456345,0.006430849763651752,0.005350791570602118,0.002140406980816029,0.0017570325869748096,0.0033181861941983175,0.0026048377222765637,0.0049373183023832465,0.0016136740846289053,0.0012690553549109347,0.0017851527066392152
3.6911764705882355,0.8577619927910778,0.1441595170785795,0.03430324197164717,0.02006827082448988,0.02993409800277447,0.04786684719512981,0.09010062493728414,0.009115248415382676,0.010589986981309198,0.009105610757292694,0.0051847681355168575,0.003905080544860968,0.0028149954541918393,0.0022360849306208358,0.0027496201225090493,0.004517531181630339,0.001994816862355815,0.0032111445640076825,0.0070711683513369475
3.7058823529411766,0.2303427496812369,0.05229475377088939,0.08775908488727317,0.11260260406346462,0.13074818749127778,0.09767306182017912,0.024794457569633166,0.03525965985601462,0.05632902276381801,0.005595137540586628,0.0016858225128058117,0.0036935202918074316,0.0011168326647822161,0.0015511443848886981,0.0018025103944643876,0.002266547826211929,0.0036346878537369008,0.004364803091481504,0.004552977159595472
3.7205882352941178,0.40665186558312094,0.058330795131595295,0.029606587820443116,0.05441299163044409,0.2711030852480367,0.16387984758323218,0.08838202185347553,0.02148414168078468,0.013053104184999751,0.015633129076044517,0.022742972246660668,0.003451454230935943,0.004490017367085024,0.0027527978579548586,0.004767488770686364,0.002690659853787292,0.004831585070903217,0.0017854741543574474,0.0014980778780341937
3.735294117647059,0.12182396359342132,0.032967270237358556,0.030037180341592914,0.04173244125024132,0.07334851081117524,0.6121988545399577,1.028102141665427,0.07625897149338395,0.012963318179480838,0.01396726306963917,0.020718648525387174,0.004203549167275697,0.010327874310227825,0.006948306509245791,0.004247787266446515,0.0021236648764986136,0.001896898461664326,0.0014640696616002495,0.001834821497378873
3.75,0.1482209008054612,0.043413873744577884,0.010287785292840888,0.023437392607068737,0.05156368159767314,2.47109657554672,1.7705295235257883,0.1976378626292676,0.029906979479795013,0.08219599021653459,0.06747940765980329,0.009802537344426494,0.005199664705547077,0.002651703299371349,0.0034468513493731345,0.004133636854178007,0.001609339043627933,0.00245993831755977,0.002623543595019129
3.764705882352941,0.6309051958703269,0.04814207628981603,0.03155307086315413,0.05002414714209725,0.06691968998977617,0.6108504555507139,5.22375390296609,0.40558215358814986,0.03186005638039663,0.0714631747453047,0.018701209736983616,0.045040351120735955,0.00034259568847597806,0.002085780169238119,0.0014491226506243749,0.0011451402240598896,0.007314359855868712,0.005216464743757315,0.0024632333275476084
3.7794117647058822,0.43383943630512584,0.0933801646540406,0.02753336594440481,0.03356396108717809,0.03404907298269452,0.17411803652542113,0.09498439495989348,0.11931408076116426,0.06745824151739588,0.1251192230884072,0.15531712308144896,0.09467495522612134,0.005053956081919919,0.0019804163198001417,0.004908725292006901,0.0021936862368076822,0.0051409472415787395,0.0019852976728176254,0.0026414236589461706
3.7941176470588234,0.19180675315153234,0.14409620436200657,0.03138713832825735,0.02179349954397792,0.32289366161974714,0.3294992220468496,0.03822050573459425,0.06623157013382251,0.6497137481431817,0.15653305166159792,0.018772996118402566,0.022291408564209712,0.0062769363283661315,0.0054375075096911845,0.0016319625551959177,0.005198512019280627,0.007257544393889979,0.0033770651245513617,0.003802204649828475
3.8088235294117645,1.0567983712775297,0.10604344852138335,0.021652101879711484,0.20474533358298697,0.2663857289687383,0.5598779536751914,0.0630342508487732,0.0539173329736272,0.04696287487406896,0.04145928272444194,0.00787802965014926,0.009991012955475047,0.0068356864915718515,0.0038760771953293928,0.002237458774706375,0.00315980594888928,0.0029037527224358055,0.005484053762783717,0.004974437966842935
3.8235294117647056,0.4208866123196531,0.04939862883310572,0.055508755991209455,0.18389401972376052,1.1868530116447729,0.23621282915277175,0.10325869706745738,0.059985750530967094,0.03600760900290298,0.14185026609345638,0.012708008439373752,0.009575075795832335,0.002607302411589447,0.004807674958797643,0.002162046821861256,0.004743549246087863,0.00398917687336988,0.003985267867691436,0.005353385027661826
3.8382352941176467,0.26308750891357546,0.0837591928070944,0.6894775168525574,0.5543425877298909,0.08392514905939999,0.3916216865305694,0.13749294301817166,0.052241668156206955,0.03637433073652825,0.010835176947986455,0.01612880261771837,0.004938341478211158,0.008093038361169601,0.00538030165809339,0.0015774535141387998,0.004230336079959412,0.003033928947473538,0.003043582269510599,0.001117894566549617
3.852941176470588,0.46889950018383203,0.03201293545730695,0.7291557272367171,1.4171374655512372,1.1269844880425193,0.062002811502266914,0.053883124988526515,0.047227777205304106,0.07226648513972159,0.05719824262853068,0.012397500544513912,0.008606108805890723,0.00622358366126071,0.0028582832405413838,0.006635170449864613,0.002050845611852915,0.007562711667327956,0.004387885722332525,0.0011322174488995961
3.86764705882353,0.3286817698475276,0.06301207165927117,0.17902197101776637,0.17687431621222824,0.12713784283950536,0.1368287584474992,0.13319577003671107,0.0378230846363908,0.022730976157464968,0.010158594726312146,0.00525036311142794,0.0019021053677637134,0.003691308761838826,0.0051719577133758025,0.0035491274296039713,0.002173769050284986,0.0016038541518051692,0.00630130459056945,0.002366040563221624
3.882352941176471,0.6397146997224623,0.07863305176991445,0.034334511003585644,0.036876682613821266,0.11033201143602564,0.1848823774750594,0.032722857777335725,0.030538298511804764,0.038620544389951654,0.019346631845237768,0.00745415752275273,0.00400712891325909,0.0014324585407879341,0.00662583933416069,0.0035812967758030497,0.0051859872422027435,0.0030354026029390975,0.004770951106283117,0.00339198052985316
3.897058823529412,0.6347543159584859,0.07435701247756774,0.033755542465181934,0.09813835256667777,0.11321958826152519,0.08665566001479402,0.2561446191235374,0.069996309027856,0.11874761163647976,0.004270661248306256,0.0033460804890939446,0.006713460500309735,0.0025101301835368634,0.0036757792187737687,0.006392043651442261,0.0035724501568227167,0.006077324470676719,0.0030063404048244324,0.0058251233128256245
3.9117647058823533,0.3610465876359933,0.030249355200165817,0.09377177878097062,0.14054012771517768,0.1433146806145938,0.07242480515436507,0.24109757434152976,0.10589227096545326,0.05974530179284081,0.01382326026163707,0.010463799029472962,0.003441875232587397,0.0035687202673518356,0.0037679710358216895,0.004881653945437653,0.008097248474432276,0.006713748939264345,0.0034524847018449845,0.0026234438932580513
3.9264705882352944,0.2289521852513062,0.04833820188445859,0.033414985161965706,0.064117737174247,0.3187409483928391,0.1640402787061619,0.03728401646103393,0.12372166030681798,0.03442277445326678,0.02269546101207602,0.04102881379797455,0.0023628252280546154,0.004048142727804894,0.005880986095794443,0.0036611773622808284,0.0026031833523560244,0.0022064905632815613,0.004279059849527992,0.00498412568902224
3.9411764705882355,0.31160644846383656,0.10724424645802724,0.0389921931291624,0.06914380844929795,0.09519246084272463,0.32130179637063006,0.06205790226578321,0.038815544332011814,0.09960315016673636,0.02254117379237932,0.007854958784877457,0.0067876937375127115,0.004225141872846355,0.0011768588884490119,0.002369529541918619,0.004624671557249009,0.005701325563421655,0.002601119292052457,0.003750293551974703
3.9558823529411766,0.4042086047187851,0.031951268405227766,0.036812253995217446,0.11774618918965635,0.5914873498131012,0.19996694449644833,0.1298447589852257,0.09996066881122817,0.022003482387095832,0.04270968854554093,0.003395094641678159,0.006576321358995249,0.006833689493989499,0.0061415889710223,0.0035265941986150386,0.0032426907988929487,0.005348760168308979,0.004928890760702207,0.0055058422446653595
3.9705882352941178,0.4530501863998724,0.14928364521076248,0.06085559230245892,0.08939952478889353,0.2676227478763949,0.29008661043426254,0.07236666009062648,0.0643717617812688,0.01499895010679662,0.01285435138885928,0.0017699012570084722,0.0012840799763287572,0.0014300294793283957,0.006400685611463162,0.002332816479380213,0.0017412321925084234,0.00556792507047694,0.0038306541819056973,0.0019351049586228378
3.985294117647059,0.39434231740069914,0.06486766963614052,0.055877046864286795,0.14969728795769752,0.3309072326611431,0.8385733214050903,0.038006598615616616,0.021854418348754994,0.007595200776011243,0.005939871283624535,0.00527257224766009,0.0033278825281867425,0.0020310382597383534,0.0035423405194734735,0.003172023555907539,0.0037776971596790994,0.002125631434619578,0.007711653071506876,0.005506905030679623
4.0,0.19592651219902338,0.08543112758980617,0.02660974342216599,0.07463802152148108,0.12967276285940854,0.13150883294171184,0.07542113788158722,0.04348313188941758,0.008588100541130432,0.011495967396261275,0.006420050078289965,0.001517902517140147,0.007498019254620413,0.003712611454753911,0.0017520313738376273,0.004836385458029269,0.0039303637696563275,0.0058578931603291955,0.00474580265047443
4.014705882352941,0.41408724472078207,0.0450326646358162,0.009824355904891523,0.0525890823465675,0.3149928537211124,0.12316683044479458,0.7060020410585236,1.792098177543742,0.3367239422230443,0.011353209330012885,0.007548150106438952,0.0032712650715066693,0.0026357156906537866,0.008321351816682452,0.00512100432925709,0.0026091333723496715,0.005721735319405766,0.0054493865562584305,0.0021591606045952196
4.029411764705882,0.8449535182150507,0.019216283010785054,0.024765649174756578,0.21805212241452376,0.30788590076446254,0.156805926355581,1.0550800794477924,104.42003075072947,41.70567847913077,0.04537037100981507,0.008304516798618862,0.003875957372088623,0.005364683488518051,0.004330123878902881,0.005350991009449542,0.001035271722214461,0.0024661848842119803,0.001393526708612519,0.003640467601341066
4.044117647058823,0.2419791081567288,0.06556864391230516,0.008267036080865944,0.07834298463188713,0.026932906975565565,0.46999496789324946,17.774291931099896,102.97059507394542,79.2953129961636,0.517303616743992,0.0038412410925108818,0.0048569405420781355,0.006363090054539713,0.0030766151568344825,0.0038963807716641936,0.003917761729617262,0.0059268222030701865,0.0036406117038135784,0.0026025042060545357
4.0588235294117645,0.1424105522958786,0.01927182787528144,0.02888834022162925,0.07663872037415566,1.5084247267796016,1.467794910915364,4.517773771085109,15.817952733716016,1.7935679643590607,3.49679980340078,2.8244030390931885,0.23995438785287365,0.013339929003142252,0.004559547865229755,0.0022373738397752,0.004926283082740258,0.003386145421471329,0.005629868876011171,0.004388435378473137
4.0735294117647065,0.46250767262791626,0.03194003589706333,0.028230167649131686,0.06734819162300835,0.2094084029883524,3.729174580129822,84.77895937634372,14.11231986452483,1.3565272981711942,0.5615317433050209,242.03988584106935,396.17076450517743,22.09730933177287,0.34402446319152785,0.016100173431471174,0.006304888061144171,0.006069145907983376,0.009365042649288481,0.004385063661035492
4.088235294117647,0.3809335125947072,0.05395088971749391,0.05116306573059227,0.20966645435349027,0.1300718602803295,0.35792531839947533,42.820927178890216,22.95742942043573,1.0985524230609434,7.444424839225864,23.752328415876818,4184.135226223389,1151.959792625334,11.085416753505708,0.02899980600273888,0.01074762062122125,0.008121729352789101,0.0032637900139369227,0.0033879677283095164
4.102941176470589,0.5492390699021763,0.06452568683099269,0.048436513869249964,0.12038693052361395,0.4335426561981506,2.685460773822107,185.68786251945556,144.55201591190283,11.516084115613221,5.869618630646126,62.62977426801109,2658.5148393544946,7262.134971170787,76.46261469217984,0.5308293204472591,0.014567822835668615,0.0042701485959146515,0.0037419920496073195,0.0029194968103601416
4.117647058823529,0.652896539289039,0.059860532119635775,0.10490170138355573,0.8638968973439307,0.3308341375896501,1.3480770288336104,300.7758002071988,120.47034174871717,57.4960602240126,5.478911742988112,56.173023317456526,147.94144434398675,2395.724029259361,1559.0082736870522,5.078634786207308,0.01744746820243212,0.007574015102571076,0.007460291586705496,0.006084391378974702
4.132352941176471,0.5051141488554252,0.07323618141313466,0.2618934149985049,1.5121550921554427,1.6672346608727615,2.2590143062192136,168.27485199521294,52.90826590853804,350.72303673457407,22.448527363451753,296.5278399124838,614.7211055960997,582.7846400394839,465.9238341199832,16.49111046369635,0.006759190239467676,0.006641092681295065,0.013420888192562538,0.005493895569120417
4.147058823529411,0.4271378457737412,0.07238753388079432,0.06404306603749736,0.417777664404396,1.213906327476305,4.208618879399211,152.32272758322713,224.72912669097136,608.940380878074,1254.9872292855841,143.4114994450759,1598.4593005956463,911.4837321477203,8.137291367742254,4.5318104217798405,0.06599115604744857,0.009607053759382549,0.014837992654267254,0.004263915774467929
4.161764705882353,0.8057759552876163,0.11616106365448432,0.02953234340155821,0.20673336644949716,1.4166276396981834,4.656968289604533,240.9478835632499,221.88576005822011,70.08746756200912,1229.1532452896522,796.9892112603375,521.5175832329755,229.57795098113007,4.216363105653446,0.21552897447459163,0.0692010176117504,0.027729141934148323,0.011600109939378388,0.022379225829303698
4.1764705882352935,0.31860054816267236,0.06347285984442515,0.07611923479951102,1.2980921942830679,4.08404208812134,4.073045273149868,10.026655640212212,43.465668144519526,59.61881090316278,28.11592996764923,645.3529423812577,793.0737968581656,19.33138849252655,0.1126544450350384,0.029016595185748797,0.005400057757442495,0.003834229441547963,0.009493098073318029,0.06377502661080973
4.1911764705882355,0.5673862592442109,0.0503131723217937,0.0767395871211876,0.8668126152040789,1.1519260398883604,0.7172686594982063,27.861818998249706,134.5213459500943,10.292229520837616,5.451990130017552,418.48311524767155,319.4260123128151,52.9996372983973,0.21106969713734258,0.00870975952335339,0.001637492910220653,0.003228943362960902,0.004234898214218818,0.007481020485920495
4.205882352941176,0.21871861482281107,0.03380486612555472,0.19089348049021446,0.7929718106170085,3.761185529314198,2.492389782219213,6.77533696117681,179.7975444549279,63.43050251933752,46.94167561771154,208.21662976308863,350.3557350251124,188.6872385162447,1.9619923294931276,0.022047223146351807,0.008612459867063566,0.00426017143844009,0.0025319472672612727,0.002651488830928436
4.220588235294118,0.851773422098741,0.031629255815518544,0.031152103646794584,1.5372909075551524,2.8236899013665933,0.445790490521836,3.8520258203044344,500.0821390005468,267.29952040239607,419.621056495935,431.01206437561495,116.44484426086257,2.0915477066021664,0.4717678162834218,0.01587574174973854,0.010229890521944496,0.004823335562846788,0.00618093293405738,0.011777514301442043
4.235294117647058,0.17822579513956752,0.05671147639467245,0.2594759809357241,1.7526839672574512,7.494639299994372,0.9804240821460669,6.233626872793738,586.1062317002597,2180.486951146465,72.34547225563664,131.0143653909397,20.35932508916209,3.821611406071404,0.18183028092350506,0.0037773483514002546,0.005060135142528167,0.015005449489307578,0.03621498260797493,0.0028498077435972656
4.25,0.1601791922195946,0.1218702407173356,0.1895549884454106,2.8984814808226305,5.685919448713291,2.3826322690283193,2.7601760657034786,51.1960660137347,5343.853299066009,920.9990153842283,30.662082403294527,2.184541031772173,0.4839998425719271,0.06069691366217556,0.005112262086025705,0.009233342666591704,0.010993857848816267,0.029485709591456057,0.03846692733333937
4.264705882352941,0.5916041638289767,0.10422184419311556,0.1869911997659932,1.5614319271068784,2.0237843230333894,1.973478159561695,1.2585691531133678,38.68644357268775,6560.619983298552,17343.109033249213,1185.1059592394872,6.863761608004149,0.09576676498913907,0.026289025294606014,0.005114836017492878,0.0021395693494249478,0.006709746343601953,0.03775821884978843,0.16537715466117245
4.279411764705882,0.4375344880789083,0.1925948226593801,0.06473449780028925,1.464407545132448,0.5437088857087952,1.0395769553397838,0.5545519978137977,12.709167515781852,103.99285560900634,4059.2854253142723,16568.016989816435,442.44231345413743,1.0426840909056876,0.0736297032007404,0.006207217736116584,0.0030992416605671843,0.0013591039776195044,0.004696346406395232,0.003400231217464741
4.294117647058823,0.736007790926125,0.04947210314568423,0.04744690502649601,0.19979904480143235,0.4241913328744994,1.228024655323712,10.553090179277104,8.456355102734104,47.11681459166741,109.92992841984857,7690.920425312212,11163.932182437982,249.72573828124627,1.6619352600283563,0.033032743602748126,0.010019295372772154,0.0017256548269536747,0.005761130002189037,0.010743958666719759
4.3088235294117645,0.47266171880119445,0.08290263718122544,0.2175128231025752,0.25080482056005743,0.3463462869613281,3.0507557511804873,18.176744793321433,38.99512618248498,61.67680070908081,23.858951491570572,217.3779270765184,11844.956453819494,852.5057339376024,36.97155413930143,0.20218469283998347,0.13460100870146036,0.1552076493982799,0.041637599294114064,0.026150839043148796
4.323529411764706,0.39883176208679927,0.1939779535327789,0.33393468654055103,0.272855399924558,0.3418762271303835,2.947538925431056,5.169422938267738,16.159033049043657,57.505497901519504,275.3680162093698,442.7642860389865,6930.813240520046,4208.482647488068,203.22318808522323,2.361704908324728,0.04247011471081591,0.039202899118878025,0.013218117797527745,0.03494430120893155
4.338235294117647,0.5955865201111541,0.10681989606352835,0.2346440239955152,0.09057829606474589,0.7290078812972818,3.0387079506125025,1.0801616339191231,7.957481673119125,29.28256273320483,12.071569684473,1656.8742294685026,342.48196757019605,2269.835107019998,494.56233931920184,0.7715064927177833,0.06782700215408048,0.026001778317056863,0.024204271582538073,0.020704903304618195
4.352941176470588,0.5052926509832858,0.36677926912154984,0.16061151375042243,0.5684682293370453,2.617626324576654,0.5829327101538376,10.308662025890097,5.29216196392901,55.195419648334045,55.476989931904406,33.92121838384203,961.6056787450178,829.2264301929093,65.05290187402127,0.8198979163313255,0.0802951806731968,0.004268801199978293,0.006615388439303673,0.016617398380880805
4.367647058823529,0.22224380924208786,0.28045838921714417,0.11494784823343249,0.22160048599319737,2.4585414992245433,0.6158384170180928,2.9096133583679054,11.22662219850457,9.342299687592245,13.885230177632042,17.512500677449463,48.846824261466594,160.7600153532487,15.604035793687913,3.40516374661447,0.14056129907101322,0.019814501140939876,0.006569107701102769,0.01254892327678491
4.38235294117647,0.3867362462097102,0.1195781404852998,0.2540278087054916,0.8850272864081721,6.15026618006485,0.42668060247100104,1.168563036102392,7.518329729183922,10.92158192234687,7.875457594584199,41.62247848467119,78.94129230320135,63.28296923196503,4.262883537684862,0.4149090941819395,0.04094257744959842,0.004686744685805107,0.005479333840644597,0.0075413236813679264
4.397058823529411,0.2571572106595602,0.07670801324129961,0.5069606717630412,1.2459624716309528,0.32876823895384527,1.9932772101867773,1.60555736720727,4.860035492709612,2.3628110147634134,2.0173568553331096,9.937101472170276,43.831559670166996,41.1388616960649,4.560865344284204,0.017602406875866956,0.00228505245632652,0.006208375574807103,0.004089375188418502,0.0014499598503776526
4.411764705882352,0.574072070859621,0.04269884711534104,0.1449300344218297,2.3099644556729206,2.816769072395657,6.8097304925366355,5.3953220447652805,0.31723382594958616,1.6546680054295475,3.5047008273613733,15.774989626834829,1.9188422044136157,1.7352892331550767,0.6734576766334399,0.006530062463702009,0.002738457433872584,0.0043711420403670705,0.00446592526462426,0.0018627041869158226
4.426470588235294,0.5532495994509907,0.1055448318542189,0.22673538187775677,0.1824332245674618,2.865229456535593,3.3099196121174357,0.577179845493003,1.7243425814731037,8.370727471893087,6.5956922054086835,19.926030611890155,1.080159454962063,0.7559705868624438,0.019935318220966343,0.011380648531492645,0.006310191011754607,0.00851038892825768,0.0020708304714378433,0.0021995460186275987
4.4411764705882355,0.28052768623867846,0.02699510337364411,0.5832885938481652,5.090096151926888,0.8890828804721428,4.184990630244398,4.195295011287568,1.8866372961866482,10.801529934282208,6.530560487783978,1.887853107914977,0.055768547806847875,0.04434468390251163,0.00969041322545963,0.004019520024352294,0.0027886257568053383,0.001629070303698422,0.002542363588273605,0.002559511052596307
4.455882352941177,0.43713197810133914,0.07803379501998817,1.2545314361198119,7.655274124914301,2.6130469131627376,2.8897902622383196,4.321665753727004,1.0037290028590915,0.6698372217530595,1.6176134786989402,0.14572866835484408,0.034557037178962725,0.022718927043702423,0.002395872298218678,0.002326650299689348,0.0031850725767769645,0.0029529637039939667,0.0016928062216356803,0.0027841146120191826
4.470588235294118,0.4513830090401138,0.08812111155219965,0.40446551247918405,1.4312298429954928,1.8445375239869397,5.963609362834337,14.572758622863905,0.218270367132624,2.429532737207301,0.19745116298937743,0.25694279066674214,0.023590371151987498,0.037986852151291384,0.015588422499606876,0.009405396231455674,0.0035251829148025575,0.0012466654325262788,0.005263699545215512,0.002330924985426285
4.485294117647059,0.4091830581411986,0.06379516073706387,0.15966784601391545,0.5209664171134046,1.9878543260793546,1.4236529555837882,1.6905543695672742,10.03556232042016,0.9681800912494929,1.0653779788050886,0.15440235604121408,0.01207167138274043,0.017529586637894945,0.0034571465246612722,0.0029909947899730742,0.0020080201720601484,0.0005809440562396542,0.0009668934338029885,0.0033803742268709303
4.5,0.3055887736125488,0.08509108638213486,0.05239299318321188,0.6779269389469776,2.221626893974224,0.7840863244528169,0.6117224420737917,5.054171434937793,7.940638808327749,1.2874171049314203,0.057803647856274315,0.0130859577277313,0.012498366851947836,0.0058375290744132925,0.0018834292730774114,0.0026094514492789097,0.003637321058996077,0.004617724223791558,0.004896339358316943
4.514705882352941,0.3939479019884924,0.03245734241273421,0.08370416093798147,0.24821181940767226,0.9548254238723564,1.7467531226629347,1.646042294996464,0.5043184730023079,0.8023232874011044,0.4190458626250796,0.9045560201514555,0.03749313939710437,0.09179336182525363,0.11516019957029822,0.00439066190740659,0.005038811480069547,0.001994054197095939,0.003104957569729582,0.00390020915842623
4.529411764705882,0.5573705151392736,0.09769131292324937,0.03935016307395335,0.2902823992457688,1.812190622426105,1.3667846965559542,0.2363873526923166,1.7866685775112265,3.2978190577651687,0.7869798066357335,9.922702379534428,9.265411480349066,2.38021875539471,0.17408594356504412,0.002218154227448632,0.0010989859052007041,0.004224424738450116,0.0022618998647082724,0.0028741155362411947
4.544117647058823,0.26235911673093865,0.032245987400311864,0.036056788152566736,0.07982618133146217,0.7498680337473902,1.9516689325656194,2.3418433478212806,1.736064972611433,3.647344588162896,15.156306957990111,4.518979046810483,2.2760055242545914,0.29054878962876896,0.0031539833985243476,0.0024588422538410104,0.0032161240952431483,0.0031445989966838745,0.0036342100003412723,0.0020914512284857896
4.5588235294117645,0.20945199475934884,0.08649624654417226,0.05699721050547365,0.12593856814485838,0.2796398340969224,0.4403759013776188,4.81715917417862,6.695658939718129,1.431980757507526,1.853189867033879,6.420769601927137,0.39667080882796935,0.08921288959850647,0.004485227275075564,0.0027627127711026367,0.005249635631459316,0.003353156248146247,0.0023395590172263572,0.004445401544264286
4.573529411764706,0.27071636331460563,0.05203409445196561,0.04294259628261085,0.1342332005510558,0.47495009657781184,1.6696525423791426,9.83284403558734,27.163914958095646,0.5287919707534704,1.3647226412160631,1.837170094518724,0.11034267804781978,0.02542417084755047,0.00403274505659715,0.0033646846481900547,0.004103179584614982,0.001626806967746446,0.003910313971827839,0.002366161687226402
4.588235294117647,0.49188059266482337,0.03489135033168562,0.06711359127553429,0.09540188247153328,0.2906679119690481,2.678583308708482,7.111148667709393,11.801864629861115,0.376521286931745,2.208082360679117,0.41064937289934245,0.14261664604629642,0.007824107590433471,0.007802440219161536,0.008366050863383965,0.006105439135191461,0.0026631307309040405,0.0017314782654773507,0.0013668635074996134
4.602941176470588,0.19844107104651748,0.10357980193657722,0.04168832554996431,0.1823237761564126,0.31533065141308697,2.825833135939479,0.7301927657702791,1.2806589061701246,1.3026002177820708,0.9147126709976963,0.213203983964406,0.0579733315094019,0.007343662984186456,0.004309846279958118,0.003997649850801778,0.003386825209955876,0.0016555347020779342,0.0006512977545319557,0.005734149867503509
4.61764705882353,0.4628209637921616,0.11178634439352123,0.086163282478323,0.21411290302610275,0.10544030672766447,0.7342992822169647,0.5345072059075022,0.6096648313185057,0.5509108930733939,0.28028675679632314,0.083322052313763,0.010099137230730228,0.004396930376479002,0.003074936767317342,0.005070872770462039,0.004865652537839789,0.007681696469906364,0.004514118757393284,0.00305269911818938
4.632352941176471,0.4157440206965856,0.07810924198291896,0.05291482507600751,0.7889986847403698,1.094883620776514,0.2792588946766411,0.5020129176959354,2.381919754521167,1.5935230464912902,1.1251883381898709,0.184453330872397,0.2004792529606791,0.01033795556723914,0.0032584867289051902,0.0022021118982691905,0.0020693289234782262,0.004553948007997404,0.0031069833730128504,0.0023309512057447246
4.647058823529412,0.6416901099400314,0.06279061807372871,0.04196568739300434,4.67464999785046,1.2222675009312105,0.7264734669084479,0.5735390000622977,0.7863741235827653,1.394062661967932,0.6330737484226969,0.05574291132539473,0.03687829927186337,0.003996329896967616,0.0030796035240415257,0.004790137414606075,0.005421048415762415,0.004920803160410627,0.00602564548424245,0.003565231319677455
4.661764705882353,0.5813417483775863,0.14685898783115264,0.1065029398694723,0.7665561467189821,6.3417206945792515,2.2189829964087453,0.9685977492407734,2.692934261381872,0.3409374376987644,0.1992271507804103,0.01747699785524178,0.010256316220738445,0.006302981209786707,0.0022124973152870117,0.002668889286915008,0.004951027077737899,0.0038805581817122625,0.004053171712179916,0.004021265393199879
4.676470588235294,0.5810263429441753,0.08020804610195238,0.04156122757853189,0.8869707799683337,1.2291850150046617,3.970009526043723,2.070115353204038,1.6530893740510473,0.7917681248860728,0.07069455887672473,0.015705394078085484,0.03738659933576596,0.012629053328359516,0.006052962257284223,0.003323577591781231,0.002314667475514413,0.0014574900144661168,0.007026096896408204,0.005919256788732735
4.6911764705882355,0.8923273229957575,0.03543415243632405,0.07630697719674019,0.38121390374619457,1.5202171632680854,6.894354906078586,0.25338585812895326,5.238591442979721,0.9648312580275028,0.04873094490819232,0.011523460503318827,0.018470834044528466,0.006275778021054753,0.006029203200904391,0.0034097893719505397,0.005379668203508506,0.0009410778556295101,0.004597729223068231,0.007557304351673374
4.705882352941177,0.6031617907944705,0.05906160876175283,0.10761260821380844,0.6985190655968716,0.7665477383634942,1.4951647073499532,12.430189682040215,28.589008198623148,3.651199361627632,0.12764231336349344,0.0026973378130443954,0.012335933183789356,0.005837005874275596,0.0028758783428832675,0.004835786711121063,0.0018249845205287412,0.0013344972013175698,0.0038603425266200884,0.0015978669704472062
4.720588235294118,0.2060537302246684,0.07359289983522255,0.2007778095111155,0.5031334312034965,0.8132143590135112,0.7270817617750238,8.22471347003396,27.20967278475314,0.5605122568861475,0.20038978892241013,0.0023848307691419863,0.009617316548673028,0.0021928102562659463,0.0026174873228482845,0.003602249309012558,0.004227473009593697,0.0041355796870066195,0.0038043477553813777,0.004852927555606056
4.735294117647059,0.9641264715402765,0.061757702242966804,0.050114615250225536,0.23238390208171314,0.35086711723742414,0.2943729006080388,3.6082549936977886,3.4609404280159035,0.6218033267780533,0.11512772213873708,0.008664619365201284,0.00540483574121294,0.005876751090025854,0.001951830869590321,0.0035823452356750895,0.0032671676666443977,0.005903455983679308,0.004675733773583254,0.0021429298301946526
4.75,0.776387582877485,0.06454902597884316,0.022304794412369443,0.32328464574002513,0.1947940561635123,0.10176556838195235,2.301846066822199,87.09907320363263,17.52749472305771,0.03208313160813752,0.015443462760302791,0.000891695733503873,0.004348414603981738,0.00424911776710812,0.0024411458583250543,0.004021026710300701,0.0019645012348674528,0.005570422176556209,0.0017246267715016435
4.764705882352941,0.19788435262302032,0.022468637262324107,0.06937443847072929,0.12032629814276341,0.38508225392450735,0.6301569095434929,1.653315570813992,56.48048911626396,48.541446069474546,0.06522553179626772,0.019136732690452636,0.005358242256017978,0.011253817248581441,0.007215110939480764,0.0014655373548573222,0.002048041617532594,0.002058149911041025,0.0014240488652067685,0.004272443481503258
4.779411764705882,0.7602016674269219,0.06940199514490185,0.0744711051706448,0.2038789612221741,0.26065196710653005,0.5184288332185911,1.4561528936468062,22.97125827426907,17.826492881615245,0.7889698256138457,0.016218026831037558,0.0028843319907190957,0.00705461486332956,0.0034347505000914087,0.0017438247267184104,0.0027978412007690088,0.013516868099982558,0.005871278956123628,0.003894323260951047
4.794117647058823,0.3333735096130723,0.05490803888563853,0.054338960825881105,0.2618750641769036,0.03455200219196192,0.11842167435406817,0.6890679395354248,3.081563744807637,1.7083656756987784,1.1133137151149506,0.04025158051344698,0.008309666025581747,0.005357057931333633,0.003023737328797909,0.002990200293251438,0.005182481163848837,0.003431344885733137,0.004763634584544076,0.00608567123887665
4.8088235294117645,0.25514804641927724,0.07155579256495542,0.06417451111574093,0.6383708329899247,0.3694480725966376,0.17892208336126358,1.2523381084769787,6.939315827708124,39.44248058474167,78.86694991617429,0.35102169133164196,0.004602462161502336,0.0017806303190594443,0.0037575185831585753,0.002771132830480541,0.001648748564956734,0.0024875267437044226,0.002801993799620059,0.0030760688553256705
4.8235294117647065,0.39866469958882034,0.01976149516616394,0.09620008091142411,0.14060914670600477,0.30503151233621806,0.5428876323863857,1.9193295196217777,4.290887691197231,28.371106488899066,138.75316999729216,0.9147513661499442,0.010386675925760102,0.004429860125101933,0.007024786654577125,0.0034101903897677042,0.002991682388431395,0.006363696296241165,0.0037679829993934933,0.0020806351245431986
4.838235294117647,0.35754134764546663,0.061821905337943475,0.05143244471898211,0.04898357569344318,0.17682364984304988,0.8161087834799094,2.697569416642064,7.300028208394563,13.249977670013699,101.1145677080232,23.618891127820564,0.1564409755690541,0.0021406890064087926,0.001359966918190863,0.0024721026749420557,0.006620414901877611,0.0022020865373737885,0.0018553022773429453,0.00132698370984946
4.852941176470589,0.4371635372776222,0.10577613374044348,0.04543775048095889,0.3910936431216439,0.5577314785298566,0.9809614728444288,3.1937557653549877,9.563410343243595,2.7150758343215085,2.0425695595360662,6.649355439905864,2.729348426666564,0.009544971230041582,0.002520060779360532,0.00329641086353287,0.00910641727152096,0.006041128229691765,0.0010755735105750265,0.0008823761527675156
4.867647058823529,0.18149464230840726,0.07500125032394651,0.04803897232210098,0.7875607374198499,0.2841429334571318,0.2610169658301136,3.2525281083497415,45.64271091143226,10.097784934056936,0.40453429298311,1.166519781051923,0.25334805840882846,0.04852489250253091,0.005197480686785579,0.0032538161548651,0.0026609778321160854,0.002878446300956772,0.003981033005379027,0.001381571144036413
4.882352941176471,0.40657051461765975,0.07370119786392823,0.12950126751816715,0.41497941839363195,0.9893920664007,0.8315811209032937,2.465043739397287,72.20655341441999,25.247081712314333,6.217924841160704,1.070967077975449,0.44266909505905794,0.14963022245208002,0.006116016091407733,0.0075526475397990015,0.0027180496119567892,0.0032251644907860585,0.005630064674544995,0.004425404319217159
4.897058823529411,0.4264640715785577,0.08065436125007608,0.0615276460783893,0.7192178623366868,1.1148723212567893,2.303760925902211,8.59042746687943,87.91935324451103,17.272083972325987,2.484198527373098,1.8071525135185438,0.8333289532590992,0.012867307238804299,0.005593806662973233,0.0019246422947164295,0.003362815403336508,0.002799957436143728,0.00465921333408122,0.004752002195629103
4.911764705882353,0.35896129867789045,0.07239938070325447,0.03878123188854175,0.37588446823730215,1.1867156227246007,1.8935630666238186,24.642488405045192,152.18136040182492,21.252382077132445,8.727777636964836,8.733140302885221,0.6488410681243093,0.03751085319107543,0.0025076597311735295,0.0014124514133804081,0.003337911921118766,0.002498808356829136,0.0025776362733797797,0.0028617686996473364
4.9264705882352935,0.6006692920341529,0.04978187412401419,0.05915342372509819,1.1451841568769887,2.3874745648215376,2.9651486113383427,16.320464800376005,10.335274045447127,82.96976477979793,4.883061810868592,12.162353954974211,0.31132510727101687,0.06919071841866213,0.007430938948391817,0.0035280908143732414,0.0013432623876296857,0.0035942590121198627,0.002155349356684541,0.001948843367266607
4.9411764705882355,0.13007635850876795,0.06969575081438721,0.0822780521281568,0.4639403335177674,0.5397133583239484,2.2112170892433487,5.856875176096115,75.80706628872278,431.01658095050516,4.220995406944276,3.2353122830585352,0.6470551002745117,0.004743056392306624,0.0034947124347742345,0.004624751341864597,0.0021309190355352165,0.0032671885367293358,0.004946234212002777,0.00205272321489213
4.955882352941176,0.36233712554969855,0.03344599559185714,0.019669350361011837,1.9025754179791627,2.8260768627849595,0.46215532123387926,8.081409859184689,16.488111730573337,381.2426762064928,27.852325591920973,0.2724700259954781,0.05507053401375399,0.011307461436803012,0.003201676430228853,0.0032991674557160313,0.001266427099119062,0.0025330519357030044,0.0064150688376670125,0.005196290381035948
4.970588235294118,0.19431921767135288,0.038778956293508256,0.10156270598495494,0.24136702818882,0.9778649179228025,3.644961000115614,3.1599793280567976,6.166841871364861,98.22166859660453,146.33127664315515,0.7109999288058774,0.026454460106808953,0.0068407392804412555,0.0032468815843444882,0.0036079877705908203,0.0017887503327315142,0.00505921343739276,0.004729766515781983,0.004641560895012843
4.985294117647058,0.20163851879251488,0.08220108798487094,0.11128726943148337,0.11247999770503653,1.0464365233789512,4.21284262914836,2.000516091778831,1.6529438793918496,17.08014300707816,51.13884992497665,0.8651800796495885,1.6956226599750286,0.04184500416713934,0.003190932247050078,0.006690059420109097,0.006917037763910625,0.003932466140562157,0.004469325281566695,0.0016105143259593857
5.0,0.3908217773328229,0.05314434892643405,0.041429384091089656,0.18094083726745397,1.1421408438768292,6.286578708738212,0.655217528754301,5.811710207358292,6.4699630822850285,1.745488413171989,0.776893904274615,6.669803490354441,0.8796067458355182,0.0075888639689862,0.005882112761502646,0.004412105085507774,0.0047095643476632205,0.004879237659651977,0.006700755958592386
5.014705882352941,0.4232065525654862,0.09308807846931746,0.09214227084803261,0.3445222895524027,1.5780813211795188,6.492935304290037,1.1704706281229627,1.705607867883685,36.925828395067434,6.6554950623814815,109.89821856582752,48.598541461268944,2.93336798160517,0.04859515451605879,0.0035736724037414482,0.0032469768821374446,0.004310527853497396,0.0034103669618757776,0.002309597516784681
5.029411764705882,0.4203098730353491,0.04520390648139721,0.10494149857931559,0.6142974087767105,0.3468414424070061,1.459620846661547,4.096747067287501,21.486182951015707,146.75942475063644,120.84733747745462,248.71914223219042,24.94376308731041,0.5830526799583039,0.015191269608229079,0.0027859139715215617,0.004341581493049066,0.0041668465254292245,0.003612851081811322,0.0009331543393449311
5.044117647058823,0.22690691179310418,0.05760938996257321,0.08701147981636595,1.6611259707014816,1.3018496789140719,3.3303408957239995,15.057705626190272,46.090594645226915,23.93858065095382,13.536010345939905,10.63427511510935,7.806834535561604,0.3537704667372919,0.0048206526267484,0.0021613137067715126,0.004277444989680297,0.003574722062557688,0.0023102759852311368,0.0015269056142668304
5.0588235294117645,0.24829605925558135,0.042557933202528535,0.2137256379854425,0.7968901792643228,1.5953832310646612,3.5230295697534815,2.3745638995263914,43.13908630796363,14.962852152314538,2.474258816243319,15.343175654346776,5.140041446834413,0.04827764537991659,0.003193646902663741,0.002234796265544084,0.001928648530097836,0.002144668066125609,0.001895835534499591,0.0027793345362705103
5.073529411764706,0.1864394294147131,0.026977633835551393,0.10576973509501923,1.6176878286654506,1.0996615681066986,0.7429998233658262,1.935398828143807,21.597276374227683,4.00989111966862,12.205756439495818,2.083312761149331,0.5940056166919258,0.0624484913893906,0.0014388405028121975,0.005560339021503335,0.0035036065906450227,0.0018570586348205555,0.004194885165468409,0.002231059769125184
5.088235294117647,0.14681187646887245,0.11517567143315033,0.06479045665139921,1.0711255727104916,0.888389662400247,4.508908944086739,3.517744009168477,18.563624153741525,0.9844989650452294,3.901108359020475,0.8099130258614508,0.16290223163052564,0.06271946771789741,0.003954274152418828,0.002080076516096182,0.0034056000777349027,0.006380215670685152,0.004680495517798158,0.002864691148220746
5.102941176470588,0.1363858903801122,0.06753861268729139,0.14222166703760714,1.599605236341824,1.0050594343400898,1.3820539425425133,1.4038914146315689,28.389504349136963,7.791031498717728,1.077711388668323,0.5064757802104912,0.2790936845704197,0.0175386853484635,0.003097733085189627,0.003968171466144506,0.004478021981046559,0.008770339656768652,0.005454757337204812,0.005571719450980408
5.117647058823529,0.18484713471629421,0.032989649475808944,0.026578491838684007,3.913822945901046,2.3523572789923763,2.0702410311676545,1.4581944198934282,27.154818310492338,2.144153078449793,1.6623848364348333,0.09659675403925568,0.03652634137039111,0.01116522606657729,0.004755608170163125,0.0031209069236056214,0.004484795071416923,0.006130969784960914,0.0027495620213001185,0.003703134793493806
5.13235294117647,0.44847893879758993,0.09193059391087169,0.5856075237772224,5.888167651988143,17.760667559531896,3.76388219388335,4.506835712062688,21.71704162832817,2.0493487328478297,1.8317994650618128,0.40872327357903393,0.021535728450536615,0.004554753343522147,0.0057058010482094745,0.0052767968419806955,0.004047800400187553,0.004647619324185485,0.0029066053697283226,0.002265411100219
5.147058823529411,0.8450575165032228,0.07553350868170909,0.24052939422127098,3.080421003450239,6.455891282574541,3.734789664790447,5.194212474528809,12.916851226795599,2.4589652747895636,0.29329138283299105,0.027186742888751458,0.005141553163614489,0.004223356729238376,0.0026052988272175625,0.004872337168200616,0.0030893621226887164,0.0027790203831351726,0.0032943245877610295,0.0022601186632454136
5.161764705882352,0.3822388938654166,0.06050513171170166,0.0375647881609829,0.7558670599626368,4.082694556977637,4.458843989711892,6.108100401650377,31.628224297723094,0.7623026223190494,0.12710572086263056,0.024737514750464654,0.0042586120039087025,0.0021883711560864117,0.002538112377243493,0.0033673111271969483,0.003013799816836805,0.0068013211821846865,0.004094204755567985,0.004014910980483429
5.176470588235294,0.20751852244063432,0.07255396190237726,0.04141382889280419,0.39346236263217627,2.023286518308376,3.0536984010476522,0.5039301990924514,24.12810181880856,13.17070664253115,1.3345609007539463,0.016394302138144724,0.007979403121936823,0.007763036389018599,0.0009836124786125767,0.00500106089365383,0.004063584519350783,0.0076686912826553,0.004969537088023764,0.002492691886968175
5.1911764705882355,0.43668067103039,0.13171625287416244,0.08692901706255173,2.2267504358029218,2.972175839403165,1.7386262213303212,1.6921452631771705,65.86753550970428,39.77330751291775,0.7426224466396596,0.05457747764852553,0.007339170478946682,0.007633238995326154,0.004522328638215458,0.0013474111132574101,0.0015452302735471418,0.004589673008487497,0.0038359084538758803,0.0019076137311359403
5.205882352941177,0.5474824395874679,0.06433841075365068,0.07793392048173252,0.379448270494576,1.5761266914681076,8.453542857326026,5.4606203644926445,132.3459513378247,51.99800477462664,25.428249246976435,0.7145501279439962,0.004601076195064991,0.006458266427040669,0.007707355607171718,0.003199076393032672,0.0017673437930415823,0.008857818348615336,0.003218173430871881,0.0035674837446220548
5.220588235294118,0.13287658091313617,0.041680236360191386,0.028063558216553736,0.2634091613152305,0.18524982788485495,2.051917044042589,4.18789082998529,36.08413801097166,75.28220876507221,69.69516260111577,3.794530682548915,0.050291268695036695,0.002395086279055174,0.0017880215230290718,0.005353686245018951,0.0049756903946463985,0.0017765470873009979,0.0029864034495695586,0.0025408800388648347
5.235294117647059,0.7237806214058893,0.048743647083812,0.14275796525628456,0.3644256028040731,0.24160234598998978,3.166362544308872,3.168230226895121,16.205501818165555,13.112872832401086,4.879848660315861,2.655019829679402,0.15468678195444607,0.005532374504986181,0.006814316977213199,0.0029284769669208973,0.0025803660027200167,0.006032558896129943,0.003789944073149841,0.0017873758145830827
5.25,1.3611843056033173,0.09110856293506933,0.18242762266895352,0.09048509955005754,0.4103387582609582,2.0413928240679935,9.786774913127719,5.019423324267891,9.390857271923126,8.553157864040802,0.977389037386609,0.047291023059453874,0.017458556520728537,0.006204694830164883,0.0023001464527227155,0.004155341379364159,0.0026935291753344506,0.006849563017671716,0.004085282222039688
5.264705882352941,0.3354553056780528,0.05072520196676824,0.1760138930698401,0.3918620275304042,0.3571820919501122,8.602095296987997,5.03112919069762,14.307441486038847,10.803992669273537,77.81865169114505,14.643632041054062,0.2958025571552409,0.10755468944663443,0.0015046259726307853,0.0018345507004401778,0.0022776085385075814,0.006493465545519182,0.00758100303126,0.004133484281450985
5.279411764705882,0.6131119037589222,0.051577843003728134,0.46505555058472714,3.092081602272297,1.0115385064412208,6.204686761041039,2.75373257986028,4.2487700858909445,32.497212252167344,99.17620941491762,25.36233279376095,1.4422875797910226,0.3659485604050457,0.0042160809087461275,0.005576247238422405,0.00271410027456191,0.004888928017122597,0.0036876326710659187,0.003718454326003281
5.294117647058823,0.22774485342194165,0.03877896000155274,0.026182061140187354,1.390652935352792,2.7278312318121327,8.737385394488857,0.42729801588098104,0.29596703980853933,60.640132716014094,126.87706759051665,25.436784040837804,0.30086263976612204,0.3020476984264033,0.0019179956488284062,0.003702812575869123,0.004165985464453282,0.007787776853616749,0.0013732961140329961,0.000730390402925795
5.3088235294117645,0.21628104285453192,0.050272512415972984,0.056132207420075624,0.4326840328479482,1.470332286065116,4.932712372667854,0.9139555650566902,4.365003360138608,10.010227851241483,39.267753934703535,3.522258403620955,0.10966587502635404,0.006925073298042941,0.008424623711351598,0.004388296009955223,0.002431481845711663,0.0023101129215481416,0.004831314798027602,0.00445358812372158
5.323529411764706,0.16501416483227374,0.043512043761909217,0.03933388178058379,0.15970407979632784,2.7357970813213828,5.661099997659212,1.4669038370889242,3.72132068994818,13.36246251579949,25.382702557593717,1.4758005109976868,0.05770201255193275,0.004630552236066965,0.005949518397498316,0.0035903442213363976,0.0028364146292416802,0.007990162239496668,0.004857672483334718,0.0032466075899831442
5.338235294117647,0.5625595764527731,0.04280370523732329,0.07594572105720479,0.36594675290221157,1.0832184341258788,14.431720468321132,4.072426926586952,0.5365360505606865,2.3416203531883575,8.620828430626435,0.30681854119601415,0.007637590951866114,0.0038053265386896167,0.002775181008650906,0.0041624966248936576,0.0028407832198477064,0.0038946374659724033,0.0038572310782946017,0.0055648376530110875
5.352941176470588,0.8125861706664486,0.04779115340908138,0.16700063466375148,0.41785000184311966,0.62246785092312,4.846859466463652,1.996231865551704,0.8340185597881917,2.6043353236419806,1.2451136738291155,0.02137229490272157,0.009967889546239355,0.006860348626740067,0.0031766832503499418,0.0012142379466252619,0.0035301803788172614,0.0026197307269999687,0.004617838183456641,0.0013165014894810218
5.36764705882353,0.4922902229642559,0.08407778102487154,0.07168102596433729,0.4564308276817346,2.668215540915712,1.2924845736579622,0.9759157511201201,0.3281279971675228,0.8243450264582497,0.3882221330522906,0.05825042259683399,0.011810955962391786,0.002416577262488842,0.0022838865508712303,0.003569194709722635,0.003386330888731272,0.0063087747154811835,0.0021996416752815746,0.003534160544516524
5.382352941176471,0.35071113651947927,0.06392251256300754,0.07974675523608693,0.18980219264956683,1.1993941806751387,0.9183824233521926,1.1568713584154997,0.31241164397603083,0.09714929120944804,0.276554589166352,0.011219902372091155,0.0036092678957823474,0.004000569986966006,0.0024519186570682912,0.0021954295097061875,0.004101836089338504,0.0010309333890258644,0.002860614901598549,0.0029863938033755496
5.397058823529412,0.144761303748015,0.027921635254338526,0.07271792527278367,0.18842667787063583,1.165698780209865,6.274750562007647,0.4859258654582531,0.09078446364062982,0.3180749139777346,0.035998846824701,0.013260685766301357,0.004744964393580683,0.0031367251302492623,0.0035035683027629773,0.0015678046844379244,0.0017037988465203493,0.001732058656328715,0.0030258821369182594,0.007440153493323585
5.411764705882353,0.1018688595758702,0.024653970755235222,0.03703743727857815,0.8292744145878439,3.1030461005970738,2.1541103837276574,0.7218513518139194,0.035985465486020725,0.056469115028485756,0.09455404821338335,0.03367692823115451,0.006428219529271674,0.0015065360678846644,0.002483255467535371,0.0026756999150522936,0.003193568324700715,0.003404303044000017,0.0027792975875138696,0.0044869133140394545
5.426470588235294,0.21943387432581551,0.0416015240701296,0.03965205921617666,0.05953197981440892,1.50113096854294,4.9192805269479924,1.5245183269799694,0.11141093995464016,0.03283418762193836,0.035794651674765504,0.020696719184080455,0.0033331041970250715,0.00272886202130931,0.0026094763859927537,0.0014148894292295659,0.0017310569474478811,0.0013364131475923813,0.003107310840221,0.0041481306973852015
5.4411764705882355,0.3621165877613475,0.07448080203173656,0.017637174631800645,0.29568275590421944,1.877406614024303,1.523491860458237,3.6809025036283427,0.04335610138133301,0.004515543421358127,0.0030599583325741425,0.00884233065278725,0.0030825213378057855,0.007349151908454784,0.0028302718686258597,0.003413488816311874,0.004599482974276539,0.004368849871609156,0.002025170077832322,0.004161149493685016
5.455882352941177,0.6192029499458171,0.05765999269999157,0.08900701704220404,0.37160205555541664,0.46648718507638787,1.5757247244918955,1.3272308044449455,0.14090004745757873,0.05469035445885109,0.020942632268764645,0.0077320096797560516,0.006060941740384449,0.0032397136282491783,0.0025961343843359276,0.004071712818740074,0.0030254579421409946,0.006551378777190801,0.000983637553934622,0.0029753242360931425
5.470588235294118,0.5628178405954847,0.12209435461949454,0.036930284802121426,0.42774639770272993,0.6657173283424828,1.986770377791876,1.1298677467387974,0.5827301517335289,0.020033995020485466,0.010489395175713359,0.005602986664462834,0.00791212015607268,0.001331110576729769,0.0030933033146375334,0.001833227183180632,0.000547939300529324,0.0004270058063708235,0.002872251681239197,0.005536397014741425
5.485294117647059,0.4641406954837332,0.032083169937894195,0.009813540902306624,0.4663849977840713,0.8553063706426309,0.39062738625647714,0.8911608663090433,0.6065948294425303,0.09388410924452636,0.020437504042748758,0.014698540755060337,0.0031520548958303826,0.007260301350512852,0.0037057028765463953,0.0056959037999346155,0.0036811538011438747,0.001850152901181935,0.0014053047316775554,0.0038784824208352546
5.5,0.5050267903305317,0.08981331833300599,0.06519003802341859,0.050121382062522604,0.06136947485983923,1.7797129713898565,2.390108114602487,0.3762826137621595,0.8880558060749124,0.9846282276950664,0.009372894076279281,0.003805902515970004,0.00464156945083765,0.003784719278426498,0.0061507144557046535,0.005117473213137943,0.0017123278013530603,0.00147856172565905,0.0027315004467432544
5.514705882352941,0.30593541099835847,0.06705276786528547,0.05433449083335193,0.08884692453513676,0.16738676789489096,7.978291359964352,24.799638643068604,2.2636124741951735,35.52464483272253,21.85256592900642,0.007185221166087424,0.0033464933634627146,0.0053540490990617055,0.004365209585135207,0.009229758016569797,0.0019010010511823394,0.0031163549365852286,0.007024503446144321,0.003324198018876277
5.529411764705882,0.5598131352422612,0.04506997547894137,0.028913156984603717,0.06747402510737963,0.4769748321322399,4.828596076652475,71.73494647434934,6.025501280470769,58.41596666382405,13.946832308657134,0.02654026756604027,0.008363223568287153,0.004233399810865788,0.0041955407075463915,0.00682606629120028,0.0015163988837500202,0.0037802927011369456,0.0018959102567828174,0.0021058592222347283
5.544117647058823,0.39381904079795005,0.034966891901536915,0.028014208138300946,0.042302490984476276,1.6386567681242745,9.492350015314425,2.730372521022513,1.302272939478416,10.988742663037716,0.6766363546892518,0.005459057572458483,0.006625747038267424,0.006280164610207338,0.003822619394058503,0.001429459079876641,0.0010771453005144092,0.0011373597485264259,0.002149273698903937,0.005899969087061389
5.5588235294117645,0.2571384014423689,0.09606360711097225,0.07830085323843702,0.3200555456110601,0.5411711878104024,5.920834670388039,2.5078958333772254,3.4236553212148055,2.1574458941013717,0.4122551663630877,0.003865247182032585,0.003538230737010803,0.0034966467995091585,0.0028014446427786195,0.0033683232732686077,0.00609402537350625,0.004087411075422893,0.003498024473586471,0.0021995329371001407
5.5735294117647065,0.10348388845036452,0.06709194956569775,0.049701391881194226,0.12628940224011576,2.0475901693139837,3.9668999194362664,0.08337518891143156,1.7568812279918185,7.426093467206956,2.446478416921331,0.03098315480677679,0.0034084971840801143,0.0037480371570465,0.0036464608377663335,0.0011988077002426296,0.003922328278427849,0.0038182206391667232,0.0038890782653857917,0.004421540377812496
5.588235294117647,0.4728715195075859,0.04704153035835116,0.05054008632234555,0.02963014194575145,0.8810292216086183,1.8237198666279633,0.473182397181809,0.7211979914632266,2.755495808913234,0.5340200827843622,0.012287429121145317,0.003913163252391773,0.003545996812096105,0.003368087555998537,0.0061283247643315625,0.0030740775550068536,0.0030985285319905043,0.0020852549663000364,0.0021373616651842228
5.602941176470589,0.43244526872025385,0.0225884867363487,0.0371864266465433,0.9900432346610009,1.3570192996789823,1.6867354790174316,0.9232875736231478,1.4166209632617806,1.7640048577523528,0.037088153153740096,0.008712740793489977,0.0027588387128248282,0.0019142422023957465,0.008946123617660048,0.004024706945031584,0.004099923095521842,0.0018085908233694348,0.0020181515496533013,0.0029184879388471285
5.617647058823529,0.7319645458522559,0.04446752243457584,0.10634805420661639,4.750214961112443,0.9271108797390614,0.6037207137468477,0.8636890098011711,1.9367917251820472,0.28791759995935434,0.07463168780227489,0.012323672052731341,0.002753497369932254,0.004224608061319868,0.003920130044024212,0.0030651076395720855,0.003171876595772884,0.0035127477588613783,0.00466288504617968,0.002587708677314909
5.632352941176471,0.43717045260013443,0.023214230059899598,0.09756698755071254,2.4479042809683333,3.235015078221981,0.38544079670921993,0.050796836249074676,0.1646713741897413,1.038598014748189,0.3362698726139376,0.010352732074491394,0.002526014380705043,0.001984381945200611,0.004688648821716544,0.004804708999229833,0.005995973781791215,0.0027717752914034367,0.0035438717214160823,0.003234332284776629
5.647058823529411,0.4529385788337419,0.040767659507185326,0.044159222269402436,0.09402668061286565,0.45631360209646143,0.2783086721543935,3.1951859896502213,3.988930715189893,4.491009970225516,0.29058763192519355,0.0032751442165525634,0.007503916036631914,0.0022067082246532473,0.0040752758956618985,0.003259045158965828,0.004392803053280227,0.0012475914670380174,0.006156711651753367,0.007933616139781857
5.661764705882353,0.363788023871801,0.04688298548842473,0.04269099123189772,0.18150978141835314,0.09026368579009211,0.4015803161266901,1.0938091864360704,0.6632255570599854,3.6044097137677347,1.350012278311033,0.013266808314330962,0.004784578017067929,0.005838100146606156,0.004791995047059273,0.002046087788123741,0.002679980513461711,0.0018449376877734704,0.002785960316355617,0.001070162314955327
5.6764705882352935,0.31980166243711106,0.04462251654603327,0.021224022905606564,0.116690453182887,0.354185022238978,0.2118430576153889,1.2005013282506682,4.050189901367545,10.539848661888374,2.9661316985736508,0.050955238153704764,0.009182009626872453,0.004749224264850968,0.0016593457647307939,0.0008468040953873626,0.0008035266274684251,0.007421751500764587,0.0023674183456816288,0.007189955493428947
5.6911764705882355,0.4191289253870275,0.04782825935940066,0.028481862215873475,0.059266228485928565,0.5225882456086612,0.13914164002808252,0.45868872604964184,0.5887377668780724,0.7001099925359577,0.4562547709017284,0.21621957155808796,0.0067047443130802175,0.00377652681700401,0.00333780038358469,0.0023746845910223636,0.004409410487169128,0.004677631881615024,0.003511776140984437,0.0037807003765982236
5.705882352941176,0.24593650035765185,0.06013931763116349,0.04435221686598173,0.08880613457432529,0.36575719185807315,0.6226302324794425,0.5572623317138502,0.6021241787495704,0.05572232734153639,0.026479427997888615,0.0722476215452536,0.0077786731832460146,0.003152342500562412,0.006490510125813416,0.0031522853530031175,0.0014752541237726684,0.0024349518899128243,0.0027405627601231803,0.0031098564384754875
5.720588235294118,0.3706093619282109,0.051286715838921054,0.02190925767510709,0.05091553976594923,1.0776380753213846,2.0330890097767864,2.9553558872983032,1.8092187767321315,0.9503936941425275,0.9656134171246535,0.05097542845444597,0.0037243782128948437,0.0021378956020859374,0.004117282984781232,0.005253146201567973,0.003706595936393336,0.0024215555126138708,0.005598807340145644,0.0021854642753748876
5.735294117647058,0.7506661496791509,0.12393378436461211,0.033261929109905095,0.23881606661550778,4.190962430567297,5.600706050052642,56.818528111514894,3.8657013671385636,4.59363652230759,2.348585751522991,0.09646721551182245,0.016822849809152413,0.0017187844453355635,0.005884085964363204,0.00365112294923842,0.002345839334934087,0.0016840480089820346,0.001369981500541464,0.00300022170326687
5.75,0.8052323524436522,0.03771719623044023,0.01999277287896033,0.13016761649952488,6.88850877804815,11.564044918346605,44.592587985636115,8.342899341738173,2.6324264589721356,2.744760592721768,0.2553799123693744,0.010982720658234926,0.0036256242231496342,0.002978708604171099,0.005074522937583477,0.003754924380733788,0.0046738314948719835,0.002467373423392896,0.0020581644072416444
5.764705882352941,0.5135097035613905,0.13999812949660367,0.018190594814655785,0.2817168242986671,11.074883370384399,36.042713230628536,14.00033149161198,167.6401092192542,9.099557207862725,8.208124094232112,0.025393902028245843,0.009993435010070186,0.003051712306257498,0.0029172418329255555,0.0017063169733669138,0.0024673263209340855,0.0040465453958663,0.0036811761323106164,0.004243858385406905
5.779411764705882,0.3909702739255469,0.03769009368379385,0.09926269237600605,0.43432685232039847,4.963815425441313,111.47283436948031,31.862788661618094,217.68665617238733,366.0296494924323,3.4324305817494403,0.12609424323401397,0.004468029136411376,0.010254342448080753,0.0030567030821826765,0.0047674315449529134,0.005489537153046729,0.005792620210745451,0.022093631011197268,0.006290450621849377
5.794117647058823,0.21844637057833738,0.08496076465114477,0.04861784171858459,0.06895706782194536,0.6070466040120213,105.46012416790083,101.57614679514992,48.920707719461646,213.56476084853773,467.1002820696639,15.0000942766552,0.20018155296588225,0.010634196959172646,0.020045520204774514,0.0011099437994768048,0.0015379130917898428,0.004877074620756695,0.004127663002598737,0.01456725184215961
5.8088235294117645,0.3461204826450708,0.10628004543743778,0.08168281904461416,0.3346279171309968,16.70213300800777,219.53589866263997,86.58898928493475,37.7380914623227,36.59807148767392,883.5168120725946,846.3143999346971,2.9405321339751187,0.12271684742938535,0.01601889092313167,0.008432891731684974,0.009828854840604934,0.002919107034394739,0.0033391066651447506,0.003560983563489299
5.823529411764706,0.30548395726983174,0.2011993504538269,0.03497698105100011,0.11405806613925071,16.72346214459777,833.4773401008978,289.3582022531386,9.042812506716267,4.23032960796454,388.2204217995001,2346.3850797483274,266.27029315909107,1.6555258229075613,0.02187510342052611,0.010025832787747596,0.005852460857702637,0.009949669245095834,0.008240486957042303,0.0042078635478746945
5.838235294117647,0.6593375433635673,0.06871336943670332,0.181693588870909,2.470631610164414,8.56267086255276,77.10201249140118,870.656905928661,22.46044683544788,3.339489956317267,17.264275271033544,41.09471242750689,139.46839691417264,31.255011773562114,0.2787669951123731,0.011415205735907792,0.005588258251385391,0.012907586127647919,0.008567440222934828,0.007391595858836381
5.852941176470588,0.14482904280435577,0.0319298175890151,0.09008431756982171,0.8120844758976383,14.453926217625208,35.749117369631456,1482.7814933937962,147.55551151034788,58.96056002259958,30.419938991838066,13.598909345010014,6.542402133982463,4.328537491094855,4.517527248663035,0.41923632885248174,0.010568606981371482,0.0024983578287993487,0.002676669303390899,0.0046703652256545915
5.867647058823529,0.42509251860929975,0.0673590848846689,0.1712630434503261,0.2166514189309242,4.267736134493675,112.52544734581113,1147.4500609801648,794.4100914672653,24.320437324472056,40.38351856442375,24.324103237019557,31.369628788851436,0.9220713656330706,6.903615813659126,4.160651212784785,0.1767671074108305,0.005124770822892916,0.006046894944190794,0.002896953078995378
5.88235294117647,0.631864845768251,0.02763408199978914,0.07809547633807978,2.5442567451936635,2.1932869761559006,10.730148151736623,1526.767876199054,885.0264757264533,24.488527786007026,148.35409047091892,200.59623628729912,24.678790581811462,78.80410848983665,441.8289379477177,85.8473553684767,0.10322837365990464,0.0060425883619735065,0.012556891393025831,0.01582968196148974
5.897058823529411,0.7513723146719662,0.03476337162748512,0.41094647565184317,1.590465302035905,5.082712711676307,8.84084965243921,286.4641296319923,1094.462776656553,291.69285206471545,172.7419292707755,61.65114567400826,87.34607685745345,662.2368904442095,72.80754381770733,7.586084168753934,0.07322267307195118,0.009771874531577584,0.021554644868989448,0.004699415592438222
5.911764705882352,0.5614335401300214,0.27315954492061384,0.11705836198509689,0.4615164405505387,2.716375111118693,73.60686218131805,189.8746831604741,2548.977258967848,1001.8771522792342,319.2917389153655,8.863478250675335,8.64542778079912,72.7477574987115,0.9915385281109326,0.1948681798220806,0.029504404078878506,0.004304347302400509,0.03395352871960354,0.005489805272369039
5.9264705882352935,0.3721377458882425,0.15211562166990705,0.10955092061921079,0.40259735248008843,6.523585658307767,11.790139341713079,137.92711235000024,183.23610516367177,519.0744345098357,139.64784326684332,13.769763949719128,2.5968262451648556,3.75681523598943,0.3589662543502801,0.020531814696857928,0.03700159019982442,0.01884240995476081,0.014913559486447608,0.004817891848267242
5.9411764705882355,0.2361566665877615,0.10041923279568231,0.26055042807105094,0.37946101452379566,5.495044948153907,17.558595767815714,36.0963273997513,178.28114875872203,488.0956971239461,249.70864000926386,177.79667687444208,3.5278720421426177,0.0886073962018912,0.038644458188022396,0.012774709305752583,0.009436426430605382,0.0036980227354889016,0.0016440997699165157,0.007819000889621673
5.955882352941177,0.3467672737802864,0.019806776332829068,0.40860766318478436,5.248168061215148,12.77339006482623,59.47508616758708,7.909814595054621,19.130701202261562,181.40155594504606,171.40832476753383,74.67711939127597,1.9683016386096337,0.024368765874426,0.007646746839998755,0.009884822038596197,0.005091428444444966,0.003998483004234794,0.00468041727377465,0.002354578937677853
5.970588235294118,0.2909884138269287,0.04469309860297919,0.28057218975258646,1.4846559363871126,7.719205359680755,25.61746911708533,38.117599765821346,136.6321797866422,43.850642611988654,58.94155451930627,0.755412973801549,0.2855395132445421,0.039245772505017595,0.006410853917869598,0.006654297633015989,0.0033444590098141076,0.004034402333527845,0.003380942891863896,0.00682693735047111
5.985294117647059,0.29452372287100487,0.05009360100047179,1.214259127118652,4.730163432847329,68.1621056217468,171.30807832379497,41.912149679004834,97.42443222940165,14.273083323958637,95.44296088473061,2.706017984708409,0.5400354547899779,0.32723225344325385,0.024378862075681244,0.006029596632147017,0.004785033015599492,0.0030660372659037163,0.0031810328804499667,0.0025843347266131453
6.0,0.546742387677647,0.3160747364644817,0.273223962734242,1.3809863543282752,38.18211783220104,101.28264022027413,49.170036091385704,29.75932712066747,2.7637135836795403,17.160946628107006,7.7175111147117965,0.697543038088507,0.06135166234913199,0.10040977243708385,0.09103318053460926,0.08616636351174942,0.08202840548644175,0.06722417557763354,0.06634994208513745
