time,0.05,0.07500000000000001,0.10000000000000002,0.12500000000000003,0.15000000000000002,0.17500000000000004,0.20000000000000007,0.22500000000000003,0.25000000000000006,0.2750000000000001,0.3000000000000001,0.32500000000000007,0.3500000000000001,0.3750000000000001,0.4000000000000001,0.4250000000000001,0.4500000000000001,0.47500000000000014,0.5000000000000002
0.0,108.32672523336015,62.15946898972246,131.54804909322252,61.51717781900121,546.3883251467781,718.3183400629915,180.78214911914603,5064.663293716938,3678.946920526055,3062.7804474023765,3052.14345664231,188.5525559358894,4110.175273551702,2098.071504569506,574.4193369011875,191.40039366510413,54.11401972069319,99.37000966621537,48.9107137011763
0.014705882352941176,20.198822723546847,6.931684661785037,13.428554700434141,30.901198670599364,328.9059674316136,57.64975698615371,2813.287740891672,8146.758501586442,255.53269066225533,14103.899102624486,10927.996923892004,19678.074313264806,9034.885524419613,180.74002806696484,1459.0059220624364,17.599224052150483,1.9009713715367793,1.522567441427388,0.407354553831527
0.029411764705882353,11.934828049751907,2.593866850708477,31.75291488232277,38.96823064643109,80.19901684469403,2473.6375123673242,1804.2251197333849,18511.94012316086,15763.160687707554,15938.312553424455,5544.564746600075,9896.560366651249,15180.244483031689,4114.146817225663,51.790461591093596,23.34885860393961,4.359364256889206,0.870317775131528,0.09057114853405264
0.044117647058823525,22.32067032729273,3.4046008970829282,23.603763417793118,12.518273206083123,288.092717700758,282.8564493602601,385.36880175164225,450.14539303197597,409.1315878762463,7833.136417621768,17150.99374277139,21502.760085912854,28224.879351847154,2503.961631769729,1143.4019292281637,23.5754667799579,1.481721197567268,4.054268884505079,1.3481828935015454
0.058823529411764705,19.321429703105384,10.7089612480115,8.956153268728237,11.053007342277088,307.0912196501698,1615.4891631601522,483.544129770316,498.4238136238843,2232.1340684387833,14836.359352222302,32278.5374899094,12982.396787185877,31161.053652304065,470.8988067179362,3268.3234076250596,60.55978938966332,0.08401915620824414,0.5525633137660878,0.14610615950711908
0.07352941176470588,7.335643038702424,9.139276757220884,11.641142482511288,12.610493782771979,601.4643168407408,1525.56809029794,1464.6709443354857,4612.2524814941535,966.4064389318454,4374.994711032416,13622.776909386339,3084.53250539887,10072.220490046671,5990.5991879952235,578.7231523332788,3.806207202483143,0.09648347640038822,1.229062712522666,0.21415153988060714
0.08823529411764705,11.86931315253345,4.102532075032428,2.8466346540538745,26.24190336530424,59.695803490715996,1791.328798665486,5344.769704373986,4901.016210931445,4771.916981103573,707.9673593478697,36147.14625518903,44483.191135762885,35794.9799336522,134.13389412052192,256.80649849249085,4.520166645781965,0.5893880771843905,2.1044917890084536,0.4576299670127336
0.10294117647058824,18.300001459304724,40.14901595459443,40.15853853511159,7.314959223497988,298.706543227198,5435.141591054229,1825.8407992995662,8759.927393787417,6187.924971416363,16912.569467351215,18402.63255559592,1997.7924305076654,30993.788430888177,15137.97225097529,1769.0937352312499,6.063191052675434,0.6661583505925539,3.637275103265476,3.536672797750513
0.11764705882352941,21.743642005786935,6.999451672135997,7.278582204142235,6.472955693946481,1010.5872880396025,2218.4818003278797,1419.1399223486494,2668.0598920498305,2600.226657761848,4206.2798678188,3203.2447201863806,16068.894172539272,28456.360597742496,7925.2009170571355,3316.2148802081547,13.184196116509655,1.0572820223827222,0.3538047901588196,0.29458140288895795
0.13235294117647056,11.25238052331073,8.482138397049855,11.947335498040921,22.866993127374705,1131.6756333710887,1404.0733791937298,420.6153923968461,983.6908611895808,1856.1769454003934,14857.979091308742,2939.645994167835,5121.211007727334,3359.247115960265,2738.898028569143,354.7520909044572,25.18157066760205,3.571654914864447,2.34154735279982,0.24298972393881244
0.14705882352941177,11.601167724715177,5.860805225658014,43.41323064975745,14.54621878162045,273.59538690195166,312.4561279545483,3882.983389447865,19925.503840506193,3794.823677591783,6587.481294568446,26063.316651306206,5002.340588943258,30212.744075938062,1895.9225950026107,226.39298868904797,13.165548080032252,0.5255972139400777,2.7269602879252117,0.7588682694286443
0.16176470588235295,24.482537181949972,9.21358605642856,10.402713450796139,14.665275045362016,44.46700487961644,483.4087321926529,709.6465639024404,2125.614440422984,3290.157781071968,8210.41874527814,40831.802437114835,19939.327765923415,42515.25250088397,6604.553969303276,94.14089740329868,8.247073256173751,1.4030978000046557,2.6836871155457658,0.23080356963999576
0.1764705882352941,9.319817703918268,11.457947696798012,8.064735940126818,8.47258654465496,615.1324303034344,1409.530447031641,524.2926498704222,5492.0196236670035,3642.5150935132274,2151.5450327716762,2990.1392527820317,3401.6443839385247,3852.5471454115414,5432.675810984943,662.5344825445295,2.751830288799181,2.354975127180405,0.4803119772949286,0.27702380710520813
0.19117647058823528,7.363028849199734,3.7030959298656256,9.991117944153995,11.67854818238401,257.2441027206984,774.8280371487974,2438.5676521397645,6805.633553402493,23817.112130912326,50062.925431765376,20323.855103169557,8430.032181761679,5120.926377772614,1540.8297891365733,446.36219334096654,13.378421600627648,1.0621481635750682,0.5931107843635657,0.5270760167928029
0.2058823529411765,21.053111952948512,1.5194221408142554,10.141856631522186,5.754806194366481,768.38848622589,5164.999569588011,576.5753388586669,4249.583428195345,3161.4423793998158,25428.57462367553,17036.330422398823,24502.55562369633,42321.55373367418,1843.3831204601847,515.0442612383883,13.060491482335266,1.4969601551201857,2.2593823141336102,0.5789860276029136
0.22058823529411764,15.945190229271017,4.559134580021085,22.520190893033657,18.944612194663446,1744.2995715020925,2079.3045015225,2340.7895971560188,3765.030787639931,722.9474206756199,14723.944154217335,86149.86664175622,35303.70155326366,52114.09516893229,11960.112019576587,1683.3982034904104,62.45892341925181,0.6762954650377557,0.4670050620068896,0.7499411494145645
0.23529411764705882,3.98525113090356,5.027019732966563,16.053016768178242,158.7618444209497,1176.2244003256012,1704.2407920716576,1988.438696361818,9160.05597645319,4154.975571904744,10094.284184249795,8394.994769464114,20389.11444563362,33850.14015354939,7940.519014854748,2711.4786211223905,11.14076380324631,4.176820548798921,0.6830329820480425,0.5265187904094295
0.25,19.61555434827298,1.5959236829389853,17.374203715384873,2.6195331775011383,269.0587569713721,1247.2033042754742,120.91165661514898,17275.715671307942,11798.64181366915,10115.288787174844,10084.928867939989,268.3299280127873,12435.376152442059,3857.545701143181,483.99895450184965,11.151597326272231,0.6437432408439021,0.48214987810608767,1.1224350284720481
0.2647058823529411,23.619031961324076,9.032489473218906,48.22280910505915,33.48719387038756,570.8042960044647,300.0300737798313,706.4688891816643,2495.293072793319,3185.49324972415,16435.435986287943,35021.31583348273,958.1995205203999,23807.82562576307,7090.575741343309,462.0735913112394,8.34670097567874,0.22741376303478683,2.703533578578775,0.17129202539649602
0.27941176470588236,29.328148669195887,7.484930031417404,14.886883359269595,66.97755637596981,514.3978375781858,550.1506315965679,157.02982388331318,1790.768157990297,1359.6188829470802,35874.15710354576,19700.615496013248,314.14147950342533,4543.806344021369,4082.3857411786835,1996.2804119833045,22.07714797440281,7.24549978600684,4.32184547098386,0.6661110523864366
0.29411764705882354,7.443479123629903,7.152279511669148,40.96614798763609,111.83576168408902,526.368595998753,1944.6523020740071,927.3825523558062,1147.380975748486,116.65942968491815,1426.5717457312721,15461.826860828009,17891.648529254642,17933.87661593513,1889.666273068088,450.6942779364545,12.224698609783204,0.4662231752648953,2.9189018062217524,0.4872492515686848
0.3088235294117647,33.080736702776186,9.364092637136759,18.839665915493857,16.575820261951677,70.39212713997334,634.9335756966536,610.8352829305298,1225.0960677194646,593.4293412691011,1582.1053793648016,22373.729045683758,13980.7433790584,21455.778060864737,1804.3057579207907,329.713605077539,5.871310975953702,0.9190985827889193,0.7048083801290586,0.9212866654503672
0.3235294117647059,14.80155670651669,6.192810486486045,5.258344930613164,21.856038271078372,156.41457660053283,2519.0683618542334,1664.3400126094298,5389.289480600835,1921.714202655157,5211.2975124002805,6089.13631948912,2722.650179288777,2450.2323216231066,1030.5065630405088,195.06276239400273,57.482206447686444,5.1823621981176275,2.2660522793514,1.6227638709586563
0.3382352941176471,22.6861854847663,5.075413976374573,14.577976398087248,9.06988959831971,95.31976022865683,4296.869030083718,5164.166951906707,4711.692338158369,18084.477417691327,20083.027206047565,31193.78588834106,281.532460497665,18411.01754959791,3167.506984471569,113.43013518643984,26.86286127084484,2.1538001874322834,2.6815808834369674,0.14955363685252196
0.3529411764705882,24.19096593159925,11.277987583504093,18.987685185357815,20.088795988613064,971.1309581464423,1965.6063680356544,894.1091762722804,5501.020500750021,5460.4983275600225,49182.443498821805,25148.88523224943,23728.015311508087,40419.14676550345,1785.3047078586478,82.90505572136799,13.738797129776835,3.253072335837569,0.8672805413779551,0.15657058171196972
0.3676470588235294,11.341077321212836,1.4045314605133303,3.4502773786543317,22.3392167434471,1214.3335168510632,3317.709497111559,3404.7919445882967,21016.400845584732,3211.7039229710426,2953.402413178883,11788.732480989078,733.0027489909982,3991.028580288039,6593.762190362539,680.5476400855066,8.118165963731911,0.8516300718674695,0.31885193853808846,0.6321193233452733
0.38235294117647056,19.068144938872205,5.143285356662517,16.657929754933132,30.772397537129468,1715.563601528748,18840.345139323497,6236.2403078596235,2862.7378995357767,2025.8267169642793,4597.703293954521,8561.8294099166,1383.676774759289,20703.741661324555,2377.581262487836,408.36854166510045,3.32513615683657,0.1192886824809945,0.6510624129074527,0.4030702878824184
0.3970588235294118,17.73301424184249,19.89035502584408,60.65204667333505,75.82302042641382,1410.1844224051201,2981.6646911069583,3659.153777615535,25497.440452892795,13464.354509501947,34245.845661221174,33227.78401306428,13778.507513960989,6915.136506760517,643.3676901805627,179.47872215716308,52.46743482801277,1.002950012434554,1.1811611975376528,0.7744647716091335
0.411764705882353,21.99476339754835,12.389947560623032,18.635770149915285,21.365234155252185,3575.8372465480697,7215.532784135962,3007.135955585707,4546.041532599206,189.46925438091205,14536.658169416038,42933.15363972852,8890.504633076365,8931.340019644013,1925.0591501915737,71.9453773144727,9.6271641235886,0.9970966975496232,5.843275269425561,1.4645536601934708
0.4264705882352941,13.0213316096886,3.4267303927518755,15.00268291298352,92.78991308305854,1444.9793500842495,1022.2917636420926,1237.6174789467775,2450.9230433605176,4999.059294748678,14146.65159999004,31432.51846026915,9053.105311117419,52668.4230880683,7353.726817538741,233.5341999722415,6.5659577513711636,0.3460515845426931,2.1494667727442396,0.38578326764264526
0.4411764705882353,15.810541813899244,4.716395281804007,43.55875913967541,55.295737882539186,827.7579295829413,3534.6998588051083,2919.2634728797966,20858.936556637054,10091.353805127677,10013.211505357132,22172.63530265602,872.8562842480815,1854.4621272249133,7634.063561898819,2462.6048488184038,30.41567023028863,15.485576076356473,7.982509209665074,0.8823886201256458
0.4558823529411764,12.273641439086942,12.16363656498072,15.144312661023282,20.976718384964165,249.82670389103748,2403.4919050558874,37.71241440259983,6200.3540312380455,9891.242994961593,43463.877051503645,74972.74985610216,29185.074691182897,39855.84023503423,1992.3276095774831,564.4967410050565,17.924152898549742,5.929387653781655,7.4892909509267485,0.8809006458825785
0.47058823529411764,33.65635243961396,11.183726761032139,11.012624670381692,2.209953207098427,605.6483091982943,2354.350824714372,567.9911615281391,2392.614748529583,2844.3831677395324,2842.4735428529875,7343.805287175477,6866.226928430402,8213.24760514067,7349.758077798606,1286.7196595069818,25.480839380808376,4.613064491209302,5.23059073151064,0.40307352202531455
0.4852941176470589,11.143846886279649,4.372437600221696,21.09845213580744,14.34076244613428,810.6540838417221,16383.204600957763,6808.8660870673275,3225.3056323018745,895.0963785817664,3009.707071452238,16110.418404415872,7939.007772718513,3739.3123629658303,1489.7869480050372,799.9065134431892,8.222153896782457,1.2114826554223286,2.8525855613003666,0.4646424014298647
0.5,13.25598698011879,9.477472703926505,37.77709449051438,19.854567478975643,136.34335087566143,504.23444017074473,699.9362730027751,4482.426782739463,2420.070785869864,4250.7585273518125,6065.402512933471,7677.09679043753,2310.4550404569522,530.7873629716803,71.1226569914453,24.24161658691347,6.548415414398212,8.198565722363252,0.3272953835914124
0.5147058823529411,26.161980828760072,3.4173983164944186,21.746306028184563,12.332305273039921,323.4988282510571,3080.4510255086943,16148.43875177148,39321.760358865096,24143.305482055177,15352.848841763247,14551.719545875763,15727.481752643092,16323.620960003449,784.4531902895516,54.69791530118794,14.719047778432703,2.104752214990131,6.539838107682313,1.22458546511798
0.5294117647058822,32.19377819354858,35.29165729576064,107.7391156855644,76.98854130655275,181.54785653482094,3219.04584465244,103.14809452252831,27616.22912836325,22019.689539285395,47171.620052931896,21036.31984404013,10037.757202313649,4595.44875568924,1031.4426452595878,51.350934805249395,31.59392379658971,4.535694271552613,8.445985103785178,0.8818742264597456
0.5441176470588235,15.173318493810736,5.668954183409511,21.882165144787884,4.266114186734996,348.4687993906971,551.7039524352764,1626.304824015533,2810.6469353057,9675.627132396105,43618.4248864789,64244.687006386506,28906.118810562184,58802.46708685222,3714.4193344717914,178.9377671044843,26.741628201935214,3.84831639765399,12.116712807277331,9.294596397405282
0.5588235294117647,12.391067781726218,1.4466830784613762,22.35511144960139,9.21748323078337,31.590945480389507,2163.304678880132,1384.8197762521336,1818.9035607515223,1116.316827659267,14576.009019311789,20914.184285906507,20901.627941064857,19377.172611296013,17834.162460181087,9845.011247240702,5.659904821538053,0.04219643022673,5.993178478877156,0.22861233485126203
0.5735294117647058,15.039388757199584,11.284878024507169,50.631158706548334,5.102613719376893,134.03045137605739,962.419766169893,2021.6066251209074,2421.53696818158,173.81493295283678,7105.988949595742,7733.835776015157,661.8310294404886,2894.6772623679126,3369.30609797302,2226.656058567508,30.293210638640204,3.400597198556552,1.4215106506728785,2.026164617964745
0.5882352941176471,26.056440552373566,8.806205117822113,13.385639766979866,8.584926929098508,275.71891243267976,1212.4094383526424,1719.9359552257752,5955.565941634383,19.71030657149054,7395.300468397765,27340.61823573592,20801.481692178546,11972.581787321113,441.6061588118346,281.2701475063075,20.749709124167364,0.6240272293080795,2.423835430818186,0.12912569170174043
0.6029411764705883,14.714194678000077,0.9882915055553254,12.718616631887137,13.195696801172348,218.19232195182227,1723.051710393121,1488.3356936927894,4360.642110563605,4708.0944885673325,11813.868384065954,3494.045162699751,1120.6576437544122,1379.9307655473035,211.41092698931277,38.38059408532394,9.239630859262693,1.208287486077316,1.283925584255361,0.11953219818248018
0.6176470588235294,7.709322571513695,2.1365180983543626,11.660552312555893,15.236632451604873,1440.9934182381253,2655.884424762612,1387.2806667961327,9137.075660265598,12183.127922451522,10237.719664865224,19725.798164593678,2469.229203229306,15450.897761305489,207.91126513283592,13.884832664102653,4.227829977167983,1.3636145560367194,2.674300708323165,0.8163405556523018
0.6323529411764706,26.75238967463065,15.328822067872746,19.924494038695023,36.87408556766381,929.9939193295731,6098.154184956076,1857.469754766646,1881.9588467880458,3754.2314096828773,15384.236065215768,24645.394402691025,3593.2406039678453,17816.150412564435,512.3538540135697,32.18388058355124,10.14266581524529,0.587788135446601,5.354894397144314,1.2827529221499079
0.6470588235294118,15.820955747408714,2.2039125735051606,15.457548288656689,1.73396158349402,54.79343006020103,1199.1454462583504,2949.5267474201414,9930.686182855648,2738.668269343348,8395.62676424592,51139.0905676579,10351.851369953838,2836.7404488081283,577.2302515399017,91.39475900498559,24.48881139463264,4.581124951275414,2.115467050901382,0.6703848684564135
0.6617647058823529,13.236065834247816,6.272950771773299,6.865069745910058,29.950293557290045,128.84306354882858,1446.2513554519496,3064.097612783704,6233.803039239208,2334.6601883170815,17564.000106246276,11247.594179114456,3820.43712317238,3752.300910193394,226.61096808931285,46.91903377626444,2.7853392646023165,0.3731851411533603,2.809003399855226,3.243425223473654
0.6764705882352942,7.742275740236882,3.049047637887309,2.725605483829374,14.338545565541239,205.81362751095153,1119.1689647303838,1480.9129168008574,10604.518375021435,6147.17552998486,9505.711614850785,7364.183118635094,18174.843152028858,12641.951613493573,601.2937320555725,58.14080678920506,6.493724637639335,0.8742941028612627,3.661679643206238,0.9023811299652129
0.6911764705882353,9.550162147542,7.008874295984545,15.344720783431933,18.35401918849663,190.74422768570565,541.2072372096959,481.3554633228924,21939.93395388299,17852.827338537983,41380.55735054356,38480.105232934715,402.58919393244673,2031.9364668318476,1001.526128427904,126.00006057404966,4.1853650998731355,4.543302967835631,1.8758972253981034,0.15383291848251796
0.7058823529411764,27.449385530204868,20.994021942107956,18.16248395251546,9.305256272090046,67.27968727857856,625.9863576206828,803.3498805865828,6694.57827765806,6853.0662908459235,14575.998955803047,6599.1706107281325,2886.225422212778,4398.870707641598,1435.5700548421032,117.2714540136362,24.779682085699356,3.015675366901049,1.3815626722184762,0.9710891155523662
0.7205882352941176,42.25994996229385,19.89971614034163,13.813552458924026,10.742258251182722,59.075506419091035,1883.9151430988559,2966.4710575982476,7801.96919973292,3855.1809329058724,32114.68702119788,37088.80022902855,12198.274651032942,8542.123479383208,2223.6424793537753,323.8304775116658,6.729461794020835,0.5377490651407927,5.647753162467161,1.592579141614701
0.7352941176470588,6.4116691508072385,8.271225657217093,25.448059760464602,8.07270827980394,68.9839700589594,160.19039762898552,662.9142284814991,3584.742087615541,13419.12312636758,9762.180345849603,58508.56071187001,27012.751378756064,19023.95667888066,249.9751558133724,118.72526256277483,11.915917293716964,5.151347671129368,5.448126107389815,0.8521682104066839
0.75,6.65514534749002,4.381885623787219,8.535152286747723,32.57780810297376,242.21577180731606,764.6689284681843,1189.3475898604452,5834.203464553046,3182.9671461984,7681.815734839308,10080.323124171331,2792.619674957645,16702.846206278853,2580.6637482556353,305.62442181465184,11.430003008004519,3.5319632983238587,1.3615439829019502,2.3487278820129625
0.7647058823529411,24.713033569732673,5.104618535837826,33.91673296377799,46.92391741844335,578.0808755574233,449.28329907475916,740.0847344151694,1715.120867200898,2195.9529706362587,5185.799580837114,11866.65045600503,16388.438551137013,8888.81877091586,983.3565637786344,556.1912246253189,52.19094374630534,5.46337790679028,6.024087600618381,2.1542626864664385
0.7794117647058825,7.241123001780125,7.6810927980514005,15.523429851497195,70.68608610339963,201.33086330900926,1271.6676581385152,216.03446240044974,3810.0679187004434,1776.930130863049,9357.643097490802,32766.58852545807,5657.86792330834,9038.663032069368,470.30796221956155,96.01427051321133,10.810310783274044,1.0508915787557798,1.5324807961835962,0.2844005495127377
0.7941176470588236,20.08361372129687,3.633960945005323,5.464939786276636,64.29280498397091,259.3143317974556,1905.7369003233468,5540.893172136826,3213.572920385051,1818.3015387096998,6946.742271026485,27839.42812520654,15684.186088008466,8280.417540848703,272.7119798646003,38.50942981464709,3.6423170032208905,1.8689467716686132,4.172777767920674,1.0909771107002042
0.8088235294117647,10.12075974037193,5.961012416374491,37.55177303263117,14.120811589468298,563.9164221265945,243.3937837911688,861.7567668960442,2438.8263139383507,1278.9155456846531,2902.46931891956,10774.423082132213,4917.1992850016795,8248.529417856756,70.71857066888228,32.84948869951304,3.1737851983368586,0.67703216750026,2.9224992799351632,0.8403184555603926
0.823529411764706,34.56221634821945,3.999221916656718,33.23938693558481,98.57221726366177,344.69045705881274,1075.108389345508,2155.6439483534677,20888.313127169517,19027.41842075094,20980.5801798498,5879.610184709936,2206.152082318733,4955.884976719959,336.08622783536794,27.13838350679058,5.112912126085494,0.8233123175653807,2.670576661877178,0.20294923266076936
0.8382352941176471,36.69734509652385,15.20597692273643,16.932549243657373,12.179457046216863,619.5513191805034,1998.0209010662338,3732.516866053662,3368.635245569169,4250.540603647216,10632.141939536737,26745.03556757346,27891.10468246402,18040.127308595595,13.62864327500304,24.506305243790706,3.545809503977078,1.6368056675294524,2.0790085364064264,1.5630423086006573
0.8529411764705882,28.92052606083874,21.59790222590552,59.02520320335513,14.140227550648003,643.5947320883071,406.1322498633427,254.3101148539881,9695.160787591936,4487.130983104097,41245.450176974286,8221.378345483674,15644.38274448656,5645.84937879589,84.15905291451892,82.17698169497653,3.396223014409961,4.108992492352295,8.931943671211979,0.5333844098037719
0.8676470588235293,11.683427559138645,5.846062813402122,33.047536544956145,5.52329415900528,587.3962595013736,1374.5632930777078,555.6733269401165,4071.4828041693186,2117.555256102293,5631.030535308302,14518.102138747201,4307.562310096284,6017.095027145393,1073.4748209307122,72.54670797852673,5.24554808013086,1.1031859204384467,1.1676834085865384,0.19319666053084625
0.8823529411764706,10.883874923826397,10.4331607149533,12.06845489904892,46.341776057412304,206.63156278195248,1737.8701159607933,352.82036029751384,2485.5208866512767,2809.9522052155608,8349.50416658443,7024.727543832176,3347.5502332465635,4284.854474489644,860.4023978937944,66.35823704623554,2.4439602733229018,0.13564247838548588,0.5887455418233476,0.18991189333824166
0.8970588235294117,37.58532661906693,17.551492375708545,5.433412997903277,3.242380808047088,105.25412161121696,294.9847797271767,1718.3196798165718,5034.658705532337,6694.768723736651,6456.162063365445,31814.004976731183,9384.463941613243,24799.76329420713,2421.5609703745613,217.8050628031923,3.3013213758508004,0.629650614817334,1.501853490210658,0.19018913197913379
0.9117647058823528,14.010808168919734,3.9686333268969025,22.444152634054113,26.229256465854682,165.36096150620708,213.68332363616685,955.2979416160528,10347.171780488396,5991.479417449713,26362.473527834158,44336.822372785165,32292.65195254724,46366.604482698254,1908.001672959947,173.8863339701343,16.314745045492586,3.178973090377292,2.0377257543799336,4.1009025745079795
0.9264705882352942,24.130270299062296,19.33062379163725,17.584680843621477,12.184362922240414,307.79285400958275,1721.3973131051505,592.0754491739028,11143.304215644606,6078.909335413977,34088.935071378335,40637.01961247411,1425.1474158548028,4389.862861305829,1107.9594970950156,207.30031899140585,35.554230191913625,0.9028634898090095,0.9016307398723878,0.594648578565439
0.9411764705882353,13.011774214245776,10.137403961932897,39.629271051492054,11.280784076633292,528.0828510017678,4059.0103975881616,234.2284358379555,4968.028760769524,1135.1854838743907,19854.39274996153,78104.2070627487,42568.22292202366,46333.527134098345,19032.161828593053,800.7816304508058,8.054033885864184,2.2394745442623627,0.9858586204042725,1.0941867713370446
0.9558823529411764,10.246392209701824,11.06639939691834,11.880812423379993,20.94161454476169,1917.065567137014,6455.7114822640215,2021.4089778110947,6640.88785314192,4246.143944039895,6584.143499537999,6370.03068067869,9990.921762943763,15238.844883593567,10571.982137391464,3451.584452865902,6.8458515383569445,1.5490525708343434,3.1998810134724724,2.779397198710762
0.9705882352941178,21.659396278294203,11.748743497926311,17.814293116924492,18.520201310824483,469.40249919800345,3830.6330841973763,4511.654905456255,1350.1508677509985,1900.7176273386167,8298.212786829881,30166.653108522612,2582.768204065338,3648.6792185465715,512.2463008366578,198.91057715443495,68.80360225160287,2.8267997346626648,0.726233009293328,0.21089552049239485
0.9852941176470589,7.647450872578584,5.621929087160193,13.346712663390848,37.80295075600911,1110.953783246844,951.2053710193452,3181.4313703041953,4558.0727679070915,7312.9323585553175,9469.096087265549,19832.309869430348,17228.966337096816,14125.450504065058,237.97490228294015,97.48113693305085,22.4982913057968,1.2460656165328292,6.137542780697914,0.6645706574256107
1.0,5.271235265553751,2.7287484644818543,5.69274602035464,73.18638669233033,959.5949626063168,507.4600560818174,2937.53455485335,15281.864199855572,2652.8124611566695,10744.033893328184,6649.708054055727,1916.8325430821537,5620.377999463029,909.889809729671,22.11076778746469,7.268112597896073,1.0739896718010873,1.1907030032740844,0.30670281656343107
1.0147058823529411,18.15207302154083,14.879035190963732,34.696703928467386,2.2485381822138093,2067.565516601686,1907.4529553549487,476.84827441378354,7569.635436906477,8203.378289877373,15748.407736638947,8555.697719448082,16167.704478595253,18238.918012437687,661.5431240132018,79.12610509657085,7.914720491957082,2.5388248831609754,5.081928149558575,0.32876598301911797
1.0294117647058822,33.44257967940362,19.975520359320807,20.76279618547151,25.959702371931062,2844.9892066440684,12809.025355209247,8816.487560809692,4401.923409617276,976.4509067435074,9705.044989394792,44396.90012332673,23381.74539553108,16209.168561557777,3746.4469556436784,156.14946877211915,9.087674506456306,2.1434376220031597,1.5552681628052794,0.735352105018082
1.0441176470588234,18.037918674254403,3.3714893487530384,72.52664773285139,42.57288043720524,602.808175978951,1831.0281880032078,4215.867192655103,22767.933031117314,534.9326102176353,7755.452504038456,13516.41356237062,9838.671489157357,18440.917587287506,3916.422029656148,148.49058630658902,6.403275012898687,1.921308728931162,4.987765400534398,1.1720454416137094
1.0588235294117645,7.54412747946268,5.091818813798195,10.4968057702301,11.346373847973847,1888.3423615788063,15695.160328420992,3487.7360777275003,19797.60866169715,34245.284507275144,23260.914493283148,12451.491001663397,6383.014269673093,6137.380195329943,838.5604734490112,165.76219455000074,7.372784471554562,1.8293886656212761,4.292475483230682,1.2084375862991505
1.0735294117647058,28.57434932898343,4.280680104499028,21.24205383022242,24.055815393542073,559.8197192767733,12521.38130282347,9663.4830973329,1359.788208006154,2020.0503236353723,16970.433137544052,67718.50311991661,38212.40961426023,19829.891156640166,2356.1576186802504,91.15186975031543,17.873431944900453,2.179194012953679,1.1735102025576736,0.4561731281752128
1.088235294117647,11.062933991773274,10.6059714367127,20.519483258679866,21.80682404080531,176.22524143292702,4606.430355376416,17739.351642131354,17972.9028856726,13814.267859455867,15408.704291437343,5283.193970885244,4594.582357020907,10847.894913854056,3248.891722044247,152.2088366870447,16.765586564559957,0.7910699414464197,3.762068963333298,1.5143301951999804
1.102941176470588,12.148067717696385,1.9104224556652738,24.6092381186914,27.349030436863792,566.1621948248816,552.684284920336,1272.0369836493492,31048.30834790523,20561.669304779367,59849.74348921637,37273.16052088797,22764.6710147474,19105.032542221386,2371.5925719653433,1066.0186971959663,17.685867366287123,3.3312957123673748,6.386989334403389,2.0346637657915454
1.1176470588235294,15.185155665250115,12.880358065096853,25.124676222234648,50.851787969855245,139.08464062294053,1120.560587106318,2588.325050420643,6161.858074966516,13432.337312457512,42783.64640845179,10708.617205305161,7284.62862033241,16520.72963610344,10144.648931497777,1257.9181206232756,9.143288727865286,2.1207155343925126,7.6385886181838645,3.643490495321684
1.1323529411764706,7.56821912946748,13.418815492225592,29.814645040397238,29.16278015773674,173.32331707230048,3345.9282584230314,2366.0695842797572,622.8869564784645,62.197476477854664,294.1763100470841,4521.288623801751,2333.788186999299,6262.462715088575,3171.928808353415,1267.2957515443434,3.6164796394288943,0.6658923309667533,1.77613265333428,0.5268606723725635
1.1470588235294117,10.64437152119407,6.713007855810569,7.510794316657895,4.9121300811564765,152.3688225080356,820.1271286830033,481.2820640455011,72.69878324870403,260.29052329672584,7030.505848169441,6356.092280167554,3288.522597542045,6131.92243202496,1925.4398496225017,151.33357475394314,8.211292423931383,0.5254920407502772,1.094678653209253,0.45816476447245397
1.161764705882353,15.11280716936067,1.1919695190766906,14.446729023799277,17.89149488710972,369.59490074709475,552.6015655993748,288.33547744723387,2050.948575549425,207.0769932447722,2627.879073236027,4275.918503581282,2781.966973136062,4604.783450071303,578.93472441222,175.76607287563408,11.227962706393546,1.4638293744954196,0.4999541617549726,0.15713059250888545
1.1764705882352942,9.897278501759526,14.657833912319951,28.820892705368315,113.3068548583963,343.1122023799668,557.698994343667,106.8656125122105,2681.0293077470296,799.4752404722374,8878.945677951495,10849.7197019476,6711.8184398998765,2013.980655015815,61.658929390327174,15.882818061284354,6.2008900188038405,1.348513894089147,2.569814101330409,0.2529686686558603
1.1911764705882353,15.33519169393082,8.722625924698422,19.899775332252283,89.26906982295702,225.24937414280367,1082.3540035560547,1394.1160507251589,6727.234546631387,3698.657770692269,10805.03555131337,30257.515409138145,6923.60805565961,524.189262970933,32.72502198710721,17.49277363671702,6.619344801222924,5.826170461359489,2.698612522055895,1.4269677404275254
1.2058823529411766,16.149630494084455,10.541978612856742,19.775769649544912,6.608330894040812,60.4336498660269,383.1793054158195,1259.9535440599493,5388.427894381666,1766.4915771217977,5055.667893703523,16170.783402594901,525.5083582264997,656.1824522744263,4.780393440267981,59.853621369302346,19.105633692279884,1.1998335737478791,2.0392899837062024,0.6222106073494886
1.2205882352941178,6.366804921005002,2.9411242612668347,9.718980908761036,9.465937865318283,167.7548723059258,4702.92235772112,2641.598127188705,10451.43003378214,428.68388881677515,25150.077405617907,5599.399285807701,1326.9484282643648,461.6410956984537,3.5734500078345075,34.738385394220536,1.0618545357792293,0.22922909224826912,0.5836079949457185,0.8566652887510703
1.2352941176470589,2.9375803747791505,1.6287701644903558,1.9536160764775188,7.952656533370407,211.863767196561,2332.8075643032053,3307.3714809403345,3820.5878200626803,162.58850065163847,10094.02649207571,2721.8235742586394,1168.893219427332,1240.1964111024704,15.667543118244158,26.794565415824422,2.3076833845292013,2.476687094436866,0.7268229974705908,0.17218065319453763
1.25,0.7636944961334476,0.3616684327220907,11.531217212406329,11.967495186122626,1176.5708824230496,12874.030590489921,9022.980865378278,32424.65733072153,17596.719442926995,21607.99155078953,37370.86323585076,7164.375131665292,406.173278039975,13.910545961445205,13.829787629168477,11.60623817379685,4.446549160530965,3.5953128250485835,0.9058818465349767
1.2647058823529411,8.306684140947787,4.445401523096969,6.960708815476258,12.83510850125258,852.7522755107773,11770.160252210395,413.890859269374,5860.650788800179,6694.484250840565,9928.985998121054,5009.312937696735,3858.6766991402123,3295.3862872448863,71.89953319134659,51.97788157394277,28.12699166042878,2.1267715174918504,3.8054435126186603,1.6483861181604917
1.2794117647058822,11.66967517301027,13.119422421227661,15.033174821420046,69.68676327214085,1105.2860252822065,7727.879961061448,18884.257449406043,22693.512126339665,24059.603773629737,18015.601566891964,64911.7263813531,5720.645093811636,1966.4284014820537,245.11505722099574,41.10341762495306,9.579075991274816,1.0681700336447288,7.4282395880755026,1.568004313204776
1.2941176470588236,12.621160144158608,7.913230609225932,43.522343887053864,57.44226113339493,1145.262935994907,4588.713183672043,11828.034501010326,55056.346083841694,4274.234511785095,51341.65521129476,4384.810598999861,34794.64964500873,38747.577468643576,3565.8493360463326,120.42919437108779,23.153801464798065,1.270198801272145,7.407594423899715,0.242263532727437
1.3088235294117647,22.08345000738111,33.39989386831479,19.47551978350998,24.09833810681258,577.8388197489221,5649.965763025581,1643.8170267532348,1257.8403222086154,2018.0699529408607,3453.523281576181,29440.51167183699,12781.509745313833,11857.189044359384,4492.303020305164,179.00776807892743,29.085234271909222,0.5328156114882748,3.7309878000875925,1.2787671828381972
1.3235294117647058,40.61683936694287,12.957522611284686,31.278768072902952,93.2783176546426,246.22838416025087,5917.642985479078,2498.4415211640553,4714.6530523027195,454.0399173257117,4822.121348987844,5085.464415646122,7106.496066693857,12650.376258351114,5481.065116419642,1100.1123266876145,37.476703666948794,19.75827810782791,18.767207575822017,1.6209349968034639
1.338235294117647,12.305007640652828,6.100358205922861,74.47505274166481,59.4873067284401,393.0844128014465,4176.85187899598,222.9210867551222,1740.431960347287,1750.8401826610882,3325.905623863189,5667.410978887265,3106.474093609765,398.259565166107,134.46592860394605,192.17972748905814,33.35708903924416,5.819848757839172,2.3097867480127143,1.0620689815726092
1.3529411764705883,13.33012381167445,9.394942689230199,19.394036483562473,26.451862341126446,578.7830736085118,6520.212845228607,1907.151431702563,7118.264244658526,3668.6096576719765,6087.99332941479,2450.543518628657,3292.8661257023123,4553.7481993437395,246.9600565991173,24.683576503224472,1.7348572334803385,0.2977470732916038,0.7327155862531706,0.49910597392703965
1.3676470588235294,4.736253789643305,6.419077542665775,7.684086136687376,24.820296433971848,381.7624599767789,5588.465310521108,8888.93601667287,9669.243597983463,1593.3638583447816,14137.298836512133,29117.26966158812,4745.637933831267,6977.462652642179,37.50644060603467,45.07851183989292,4.2171554136375935,1.1710783898938382,3.7626381044447395,2.816273478265589
1.3823529411764706,5.282730778494896,2.7198942427537007,11.016615748952566,19.36998338339343,312.02501802375974,415.83815930212467,890.9552926173767,16114.363571085121,12663.383994840164,21471.764444459208,47651.957331182966,7664.221550534753,2789.620146861065,17.744209688060742,127.3375131241518,45.43015668691028,7.758279308145177,3.3041438031766748,0.8411742101894192
1.3970588235294117,5.938384086176862,9.44211631307566,18.5826573701586,54.15849302680111,448.4462160033881,1245.3046961692517,2732.158552632094,3098.788127104509,5426.981574180494,7113.414317036912,3295.649060394672,8248.99421306348,9513.987853494169,65.49377704510603,9.990720033515156,0.8348157945967963,0.8877545427069212,0.4896575160810452,0.8091484887401363
1.4117647058823528,12.95704544382021,3.0506498192078135,18.224428116619496,88.95001350461852,294.20057706308046,1337.561475992634,1666.5233751642006,4858.88289424789,6483.90406010329,25201.4725348991,25633.987202696233,7126.650730802045,1150.516322614425,29.951060228924508,17.662038436314994,7.42674221493875,0.8378460911924537,8.413515905557862,0.20538567869383817
1.426470588235294,23.204776099081407,11.588627773366255,26.25029586509401,31.638249767462028,249.46601313453905,3163.144908952874,933.1519765120834,2456.658679461209,1470.6721094527359,9836.058383683592,11564.928130684511,12878.375125240178,16993.106006832888,3.6636666561811104,123.45681334157456,16.901660587982764,1.828848748840005,0.8174452978458082,0.4057670374388981
1.4411764705882353,13.698646761255585,4.396222210635205,19.104512107858735,131.97771119946637,459.92791283426294,5617.33561897856,2957.4249717954826,3395.3453651483933,2785.2247881795997,15017.737689053487,18940.563391856027,6965.328528515271,2777.9123030328537,189.12953290606202,24.948077658261727,1.4247834001453785,0.50304085506599,4.6915686965781624,1.3115069396421184
1.4558823529411764,4.914236466068373,2.8820179345272887,5.527820077757824,46.07669641849699,1462.4193810066304,1060.0070263593157,6788.711658395394,15669.101531966917,1126.484211768612,6002.720702002445,3843.9634691907586,5632.736314653165,2045.9876550705844,16.030267298669095,13.095672052395205,1.9197380606392729,0.08781547443810485,0.5946446323828015,0.1307080401340321
1.4705882352941175,27.687313127112887,6.806552501529323,17.069718140793235,161.35786929582912,2362.8712368535785,7514.132778503916,805.6920915039457,12962.398245622237,30928.907957454743,43174.823089637604,12389.369919074203,5974.515664000579,1305.5855562816425,15.244498138940859,17.89520101098996,9.260440811367392,2.184489168954032,2.7468292898836957,1.8718603300181456
1.4852941176470589,18.337901543168925,5.781890331734648,39.72341852785081,274.31772350888434,367.4702333731776,901.4116524004019,736.1286456169308,846.3740093611873,774.5231094550682,1889.6928614589706,7411.180120317806,9346.053735504844,12885.73201458692,69.45413326875186,28.45554330139475,16.541160322942243,3.929588813338248,1.0530584772349196,0.8496900188612573
1.5,14.504057507967493,6.352396424201299,7.881714038627669,47.28595371831652,386.60653434975825,2309.0462998382036,1005.9355627996451,1723.688220948563,3978.931536736245,5762.025476855069,30635.175646119533,8317.764705998896,804.4496685058762,46.83740503304769,18.032928185816726,10.294579984352854,0.343304201475613,0.7851569554909645,0.1456175613695277
1.5147058823529411,9.688517091001417,6.826497457879981,3.6015854132442966,8.208940971238638,769.6669658857566,9390.303741461432,345.60945495343776,10870.134268627533,5754.861926738335,8843.450623348268,2573.847308641648,1445.1385228015222,1545.4176531914563,37.85210682197355,31.243894855167582,13.111999064334483,0.37370253532281983,4.291109486867517,1.5558592622278304
1.5294117647058822,16.830843495112,0.5682621301170048,27.546971763415677,33.33916616360815,764.2580102418682,3410.3964814325604,4485.66959887409,21789.153799135165,10388.13366698173,9374.769005303748,22498.556057504356,3942.1185933658944,2195.6973754845567,464.733758765902,117.4240672832013,10.24949548951125,0.07664328978840511,0.43817507562603986,0.3169411687189025
1.5441176470588234,5.218789235924724,7.962267099689759,21.892880523591586,64.2477666136638,632.632922318379,5176.736338438237,3684.1476326988504,3509.078925078786,9482.698260165942,9871.556322224284,9393.30102614039,16917.30844994493,19529.2214331819,1266.449383059839,410.26180869172157,5.505945104274112,1.1753369270397265,0.21495743227095615,0.3219564348179826
1.558823529411765,12.737427255601565,8.448074081342863,16.58713038495211,21.138706754712732,294.4351987118495,1212.3411123265662,4384.75240557694,5208.216552902888,1251.5652580520132,14018.318925154339,41812.179993904254,23914.550782060793,4112.850409882902,1302.2360796776582,181.71424734356478,9.771012573352134,2.2996331395391687,1.7259857000649736,1.0378746616862409
1.573529411764706,11.740338072926603,16.892224513795455,22.34913004374812,22.164159775198957,339.107505006638,2259.6413123679777,696.6784913470443,6838.78580419655,785.3835821820915,12688.610756068183,31401.7365772961,6482.85412507724,6566.668725457049,389.3053440895528,168.72450734280085,18.13615300655085,2.0802487595120036,2.0770300120113294,0.15703051060093542
1.5882352941176472,9.864165862449482,1.5303268982759979,11.214793189817186,11.99200579570434,180.20470849034362,748.4099452503086,630.7498279805236,3628.874919321844,2960.6270768284985,1712.2357612900805,1875.8443270534713,1661.9440839793403,4075.1602691738153,125.29633467368144,12.61800309058187,1.5997462009760177,0.60275839327039,0.540679117907413,0.14447374695048085
1.6029411764705883,12.048006404181397,0.663848841042998,8.265993016817301,21.89761432458488,382.6850881490492,708.9194314688132,786.7713961697124,4548.4024421237145,3048.2911283337644,14941.641315391807,1422.7154031383056,3242.5697668258263,4042.4770841127443,40.16160219655219,55.63485973070863,15.462509274347553,2.278625781171142,1.126226007403793,0.733328654435328
1.6176470588235294,8.645725233887418,5.810732570272819,6.116956640749068,9.88188747938735,285.7087582455287,6482.84777294119,5129.955160685859,2996.8993253640074,6484.762372127616,5047.405853814484,20086.176915500168,20055.421825736412,2153.112540542449,13.682633474032414,19.456553216309377,3.821090445457177,2.238250988066093,0.6074849498644923,0.24823739734315978
1.6323529411764706,14.168212630701198,7.706518750567314,6.988147415427888,26.871158337853615,316.861116495274,1319.9083350232706,1043.0979221962027,10667.503787552492,9486.605837133144,28565.44626404553,32625.778635549814,2739.165562883672,769.3126725561789,4.474001216123975,53.19237754455854,3.68799917099892,0.989489088955069,4.708729131757904,0.5466032208593459
1.647058823529412,12.854801299265315,3.4944526605488693,9.542965859562248,65.51138823404688,7006.276768886228,2643.7646798452156,603.9966539512955,1523.9456267269782,3868.494539273147,16279.445956654015,12836.519749564775,21469.68955343512,12948.327474992719,118.98202060729804,72.62036314105286,8.44125670489704,1.9512257951698695,3.076036696606542,2.089285194996733
1.661764705882353,20.5210803362313,7.482791772456884,7.407779928893385,106.29203733022445,3408.7059839272843,3613.507403157131,994.9983788390391,724.21648706454,318.4820513077858,20767.592292720274,40268.988022593956,2080.362558402513,5806.627319398289,35.971847102916385,11.14701723503914,5.682907657760651,3.0116706190164724,2.987914560217871,1.3510206555952728
1.6764705882352942,15.460585039501108,1.7746622986603502,11.293267905022109,76.38611850604849,576.9507927632512,6372.628796144825,2765.7287472393896,3110.886445424558,2458.534153138755,6596.423172424986,7385.014757052914,6775.939170135233,1965.7781364102825,373.75206497080455,153.56594766672464,4.769427717287191,2.6753800365791727,1.1345003420884288,0.25840210483764864
1.6911764705882353,5.830197214275343,4.4215927723054955,39.228228393707724,84.7269503440208,383.602545874344,11345.92750457287,8595.988338016043,14521.557065520154,5019.821967296862,9510.828209360752,2106.5172624025145,849.6250221790626,3972.8801053453685,270.11971927618583,41.579074369229254,4.709408026215615,2.3398457243732596,0.7969679434631247,0.07053524766863657
1.7058823529411764,29.32452279566718,9.924755402306829,20.954601341501117,34.70573580556527,370.1173875840504,8703.888931913674,5634.654222973563,11623.167681278996,6135.186519771572,9430.561757085134,17014.774933686065,6663.708114343054,1464.7872242870499,214.95580757731034,51.96480288338396,34.409960351862665,3.624512030715249,1.6773305590030323,0.8570701572184838
1.7205882352941175,21.85635213740474,0.36752423025213543,19.857160693374936,20.14050817517318,466.301972407359,3101.2304201335037,6408.666282201968,14908.652154032636,13939.109791610168,19746.843282077152,5607.012571518769,7479.072159200574,7840.347578891206,66.98693211567252,183.96838710124473,10.721597195122689,3.8469186185378854,6.7490970083776265,3.314922699629439
1.7352941176470587,9.712977219961756,6.584686629608657,38.260585815153476,21.698707417464703,1365.90567704721,5438.196331174739,9047.45034444768,14587.589255353414,9030.79437599733,52197.18226150812,10396.832186814729,4352.647796889043,1920.2769544740017,192.4454546183216,260.61162771087083,9.183270012465808,1.8829330026797595,1.7549917322741877,1.1594402579599712
1.75,34.35710571080132,3.5141328913610517,28.174812647205833,29.06385887406934,122.47300780364438,494.11618726342397,340.03273776219686,4828.224802725565,2587.6987528310187,2454.039553842565,6104.776444309605,15741.940872131483,11967.075270583031,15.620746650807433,58.857398858488324,5.645926121286377,6.911645101087673,6.28671020348595,0.2155782878417823
1.7647058823529411,22.035448807790885,35.134724203901094,36.235188195436805,29.15437240581865,256.5561228013087,393.2596852016879,430.705475478145,1421.7665921664866,5697.583811903876,14625.884538922288,11389.18139759272,1663.6794563392705,7521.430400782981,855.1286537146771,40.62900394043642,12.870292872505276,0.5612806274190714,0.8435127480607507,0.6047490851469945
1.7794117647058822,10.246444158740935,6.082459114993496,16.744063638850943,16.580743435539254,137.1722047225863,560.9187001547759,1662.29069578849,3698.1722939402753,4331.1536686204,12617.047170138256,7219.771335683722,7764.029751485914,2319.3934215231475,236.37616162609146,29.823275407047845,10.931056921898264,0.8776967787151368,5.967318918287372,2.278378065295562
1.7941176470588234,8.042350928060394,1.5704494624651462,12.779717533912953,19.92794035853111,404.70112587152374,449.0771022890839,773.5338585124689,16893.266879593495,1027.6583949793728,2662.4153608060633,16905.904693607154,4413.979053817828,734.649153456069,163.73812105760112,15.423837191978532,11.296949668875111,3.978266189362412,1.3289425775569752,0.9614450885649046
1.8088235294117645,13.096675312459093,12.022776243843639,9.15837607355709,65.42583145942727,251.61938195859702,164.1345840201229,503.8101570138112,5527.323790551859,7489.621775889103,8013.804238936045,6178.4186306503025,6214.115141856501,4675.105800591382,6.038596836125205,27.931620505917444,5.158609500955875,0.6637938012994014,0.8307483337020485,0.47613483037298554
1.8235294117647056,7.03023756180569,3.9394862093293757,7.103897816242167,14.864594883720446,42.44909236979138,289.02855049111434,380.6947028998557,1008.8805479005366,3931.0763807662197,3869.538215935573,746.8339964523701,960.9520232027669,2351.969895233716,47.61264763680103,13.037689361208617,3.433007193324707,0.23874148006650045,0.1732367798879174,0.15154452921256661
1.8382352941176472,4.971035851985328,1.5358714748405227,5.8004007814431064,8.4278916964493,522.2248302448047,812.3745565509847,217.91722007859838,2053.713595399768,656.0167763682568,1002.9592906492386,4213.539935505921,1206.3897154308038,712.4706274088223,91.02892714834115,148.77092166993094,2.750504498129014,1.5223885577734704,0.7612596254219712,0.6481736959999695
1.8529411764705883,3.607253991507419,2.2063336381109657,11.350979116109006,64.55347018516176,822.529574083131,368.502444113253,2272.6017647932913,10755.078380675606,7674.437871456823,14054.709760760274,3458.447937571362,211.98455589382536,312.540635679749,5.278266023212371,29.990276381829794,6.762310431691528,0.13266845600364258,1.5080953302405715,0.9034599667914118
1.8676470588235294,9.270548702323715,8.242039846357539,17.22711351251416,26.204646544464246,148.6399818424419,5929.569821101893,1515.0689514010287,229.77152315869665,370.4974103353103,20717.950670749018,33582.192542746845,11698.198555119356,2976.685094920066,45.39584224911437,64.70031883393014,8.010008905886895,3.283159494272468,1.800057710164851,1.2082676061099669
1.8823529411764706,9.96123545338009,7.812590556130965,14.0112631001196,2.490812772786058,2612.604285573898,7386.876388945808,3980.019453692874,6253.25355816842,3206.824077287626,17841.380709697012,25498.67423979297,2795.085304637537,5837.96278592284,8.609255081674327,69.6266912823534,3.1388892904911114,1.5387784641156839,1.7247216295618175,1.3457293020666907
1.8970588235294117,9.586206527806697,13.984610342731472,13.734796796186732,20.08323435880378,409.79255905879916,586.3154494606302,4924.689497413114,6785.408756821154,7014.281163307164,11558.90998816512,4605.546514495974,1632.2423084259458,4920.957577393494,15.431458800676591,6.572416084322263,9.073118628913967,1.968445508556123,3.3036952769685244,0.09546222523869742
1.9117647058823528,15.730711299491684,5.531958371859902,20.163110418571733,21.10317110972685,358.25494639224837,2385.184726541117,981.2574293244836,2352.5458803485935,14127.300089233146,9211.154126143621,19190.4555860284,7526.252850971485,4757.048817295397,1295.5409707026508,65.44614700670057,4.567237188817248,1.3641002045558304,1.0763500346123736,0.5311708664273174
1.926470588235294,13.225477349556817,3.757080374573543,21.484192108468577,15.355374963563463,195.5627313312263,2269.9838224757264,7386.410865084868,15779.438810258536,154.9760866301774,17858.471294802144,32559.831989927443,19342.58188956621,4432.397065347109,53.52148189563253,62.953905720413864,4.268894494623196,0.48217956785746613,1.5032265671883844,0.6057212552107696
1.9411764705882355,23.62258719271491,13.950961238381424,21.66002610727326,21.000258767274833,457.1886871706645,1240.7503002477893,691.974647518309,7455.160964183039,11665.977179679085,14935.106549636785,27996.995072374433,3598.5037784307915,4930.182643307591,365.1797065554316,367.3091788536382,10.584634535958406,0.7377235501708871,3.8261549809826194,0.7457020347723973
1.9558823529411766,34.961588088571276,8.060993009534284,3.5463391072793753,12.170296599588118,384.1386112891664,1050.0626581702252,652.7838697979288,5571.1527991870835,4407.314764426769,5124.594450738003,2605.313517974551,8443.461864287015,11144.744003625146,139.75235143638716,39.75270627310788,17.82948508161956,0.8640129015690403,0.8476970479496113,0.5446284317926113
1.9705882352941178,21.865144400175197,14.237774746266885,40.950241872747426,18.876347503272086,149.67942657060766,1114.683237031828,221.5264333024686,1407.5870268234435,3602.1880525909773,26908.42863163175,40143.436466534346,14400.122847922416,3612.595490849325,69.26148419594884,124.10235624353888,26.92857462814647,8.1317979355441,3.4445993370640164,0.17676044954621614
1.9852941176470589,17.200891174593476,4.288099813144815,19.199834482222528,5.690903968363923,191.87364871729193,1006.8167543944721,168.40065069318723,2816.1035309175054,4552.3665498933915,8485.605678583237,13896.896776025318,702.0728836528567,990.0229143437358,31.82359892954829,18.257318030699192,9.343977424482572,1.4120161153244166,0.4425278940034345,0.8620302835295452
2.0,8.312435774475738,8.221068795176109,27.556126131146826,9.973341150307306,137.6208960430643,259.22813226969146,1934.6068674350906,3273.9741430675967,346.4977603775067,3464.083737146215,3451.2556500191004,11195.008571364902,3489.8456804723064,99.0875147258902,134.48222588999982,16.665466536471506,8.749741987084153,3.0828523096073233,0.9347280458466141
2.014705882352941,1.7181627899933867,3.449271399424462,10.057028335544905,18.83269052065018,63.593955160413785,3722.131048832747,547.368665889762,603.0325033922181,1242.8047402151676,5317.831133622163,23822.92730648613,1155.127146797663,3217.6173023006795,102.63245256571713,6.785464626822636,11.214836661805204,0.6306480927986857,0.6553998125521947,0.2873455877038038
2.0294117647058822,3.1226861780429975,3.7887295313923324,6.829752992208929,29.28183828703211,25.803002048062645,3731.847979043106,8661.679428195504,1967.7898774555654,2324.6335874622473,12678.477565146819,8262.129551159347,1505.2371497283657,1573.879181163266,2.4393069947320623,1.5407604163530708,0.975136836515486,0.24421059617488894,0.19966259926600802,0.7110363733875888
2.0441176470588234,11.589318776479235,5.255236310316306,22.113355972539715,11.079307718029446,507.327825576277,1596.9651202048478,937.2685168224011,9264.346874910378,8962.871508927637,7551.976996345062,6691.014547020591,2551.433194835611,260.9212570521714,23.30586641234794,26.35177763780498,16.8731914970244,3.983360847003268,2.149443990746054,1.3950457998939405
2.0588235294117645,5.795948102238501,2.7187793667742457,16.99513380571384,7.035413571096293,827.8249579741749,4686.133489763769,1710.9063345427287,28935.410724483772,16908.76534918757,22600.855191898576,11439.711685938735,856.5718974532183,747.6132312761623,145.10456662105992,72.29677095294521,4.504580290257183,0.4666647993935604,0.7040437391489583,0.5041169084655672
2.0735294117647056,22.509181021412658,9.387927087184073,17.49243112505489,14.154463659002475,132.86960124102572,2119.3268117625166,5934.782397687749,7013.736212077275,10446.24659406038,23874.966033258104,25341.85716118363,3724.41669461892,558.0015386509026,35.44170819800952,60.77214089016592,5.148828256859252,4.603887149585921,5.554397899130372,3.3051127960514646
2.0882352941176467,6.311624689363704,4.552279446151007,11.702997458937144,25.349952429169996,1151.3383587858077,4914.378702671799,408.58457740225595,4264.896862777102,2403.5355011350894,4682.557889910306,12121.306387034823,14520.700856933174,4844.429113339314,161.59518987080975,22.58751779617805,5.741392660979907,3.809332088022451,0.9309747931707498,0.4439220812689222
2.102941176470588,6.78711597477141,5.407008046167659,8.988079443933252,12.492408213440942,1020.5766991917815,2129.357764743935,10903.513264746918,6898.574198863427,3782.4093438678415,17129.228892463605,11736.110404671226,4688.71245427026,3712.96330208554,174.3235113904501,206.83258575903866,20.308948131978966,0.5841866053492919,5.184425491432004,0.4151627337206581
2.117647058823529,10.860398838761006,7.0020886834427865,28.3478678367544,15.898752885877025,1536.333747462681,11344.024650544336,5520.290302813086,6797.282051997849,5816.966161561353,4458.776692167666,7539.578660650556,110.78995009503812,3093.6985711640746,71.27042974579953,217.932853282493,29.62356140787855,0.7734529012134126,2.8349725917745636,0.13834805205313852
2.1323529411764706,1.9162919322636875,4.080006326332961,11.718272357918988,16.241086838364804,1930.5004506973405,1070.181302881995,2661.4611488579417,34568.92227175329,5275.837264146603,5394.428781971399,1407.536066794246,3006.315403323917,296.96110757544915,25.968769923728324,55.82100992202436,19.194980968923208,0.6665913677064648,1.923939263146499,1.12220536261444
2.1470588235294117,18.570482349262512,30.7359696898691,31.560216119224712,23.799529395182375,306.5514688865138,2675.527955327922,605.1905826622813,9824.640466698473,17990.753857660216,60368.68257617509,34223.91873617973,10759.190001637588,830.5374340091685,114.5394073551804,32.03319530794172,38.76747176745229,1.020366858308321,6.483932467832438,0.4167465783986995
2.161764705882353,17.620991964401497,3.7465770640428104,23.84780656887152,78.68022460521956,270.03606908430476,703.9965828547898,8381.209869094337,8652.629906116104,7102.520970864306,3757.189808974342,28835.446345890938,261.66088277569025,7651.670342398388,54.12482155859444,26.350812736510573,7.926477452382734,1.3598709820777402,1.1999071725896702,0.7498242245423203
2.176470588235294,5.450186053778406,1.3357650776110193,6.2135123569082,24.104936706249077,156.19253125824966,3515.592719430736,849.6865185785832,2853.130925167519,4962.380263749526,11563.63569521449,8569.51067502251,6364.008323136237,2539.642220895419,95.54802593427486,14.706861446151194,1.4473286979446585,0.30585337119545586,0.8109368977555904,0.2607038364231678
2.191176470588235,7.841420775848299,4.592551120273004,27.2733910657588,12.743550899194798,288.01542078507373,5288.834366295485,1039.923911574441,3889.459863675863,5438.828808609799,23343.694363514125,17569.820702757184,5865.121050148158,163.06882515978728,48.263800547166966,40.824362757593256,7.248146995425458,6.27031402712406,2.6697332410895283,0.18145043829809931
2.205882352941176,8.494651065234534,9.151060477639632,5.508584587548796,23.96058795469598,204.77319873345178,1034.4479530333558,2233.4264924435456,14346.930351507108,3188.6908511743577,9047.069730503259,4245.413287442747,9621.399075179665,4349.94730285303,28.579922001895397,17.427754184585602,10.011460673984626,0.42320964651384696,1.7961179771702414,0.2125781341884153
2.2205882352941178,7.666114923312016,1.577499044704664,3.430280446509009,7.597314835484022,332.95660815219287,3789.4913796546844,2328.0424746964877,4925.070969647175,4901.77782332461,3716.488453884651,3303.3209672756498,2881.50484434793,331.74229167419503,2.5513919017529996,17.580784699230207,1.692003892165498,0.3082048128339262,2.084296408565595,1.0500620164978551
2.235294117647059,4.469940259314997,5.629190751717406,2.921835614676673,16.276292755766523,298.67313938472677,290.05770945685833,304.6018816202388,926.3032367642927,10570.720762584599,30311.44015973865,23344.423811270077,10355.103596286928,1920.9664190029848,15.491784646061912,47.41321315814084,3.7432289790580366,1.6231110070400776,6.348243974816574,3.4482779514750237
2.25,14.287697876951583,6.307762648601811,1.8103357545938605,4.351367861878285,107.89504428238706,602.3272932715552,284.2601258603696,3279.436758130862,6015.25227684015,8409.968251365804,17725.76717439105,15928.046673588226,19114.838400130793,33.47793342921818,6.700198747709744,7.570524589643496,1.1747914811053821,0.7835833816627095,0.8217061807012052
2.264705882352941,7.102438641791538,0.8003384124901983,16.72411586914002,17.467473360082547,2057.4970433327844,1327.7042584434257,1308.3337429871874,2698.1953700338863,4684.580302150933,4924.733518028653,14374.053024915178,6477.406374433776,2298.579438645931,27.60376438721075,15.462182751545,6.269365240841283,0.15204758149803557,0.25672470415518,0.4347383456838281
2.2794117647058822,1.33773488905025,2.717058188877604,9.912107900130863,43.673334667341386,341.48876389768554,5423.082283173557,1789.607140834361,7436.188770715793,1838.0782748636464,16466.22175838678,574.0453344427907,1339.9719101405758,359.9292422982228,30.73813533537103,6.493032111915738,1.4249864833658277,0.6246223795045136,0.8860114680627066,0.7537494453249034
2.2941176470588234,8.914390184622278,1.3080645516039116,7.743723947734728,41.65708912391947,503.7985827840222,5889.387583927039,1750.5159977116978,26997.35842249856,22861.98625057117,26439.042388339054,14525.892869907828,4502.617058832488,4105.018211942193,3.048407477382131,9.156476823926393,5.062259366978509,0.6496158303346627,0.3663667010701367,0.6617705416448967
2.308823529411765,16.957405008787237,3.869026284953351,15.675416468103002,11.64400026785103,649.6565250792994,878.4398834558995,1412.3894315724033,7249.786419499043,6367.890017107829,18409.02161487029,8749.572565571907,4507.879428021867,5550.430866337807,67.96059875618123,26.659095299187918,3.08182796031805,4.980730091219279,3.9798570642662807,0.34137415993444153
2.323529411764706,4.285153980598432,1.8715897401692532,4.511078563603468,5.444512438552284,315.07077344239354,6262.6140778757535,9070.91562573489,12398.713109831126,2685.9585891443494,5245.60940894107,6592.101721411955,2610.1022667710013,416.17771558434674,49.74416561737871,11.71188295505389,1.602657843749515,0.8059749937010585,1.1765910405897366,0.6565705105010755
2.338235294117647,14.453487021681823,3.443158955771271,12.796221213602497,11.17852331241452,739.9100001954993,3094.1909641035427,2195.0935874015495,8304.875701001201,8700.450593097972,15502.72520479921,18779.108287719868,642.3673754076957,941.8761021503053,48.29053432673042,7.700626988571696,0.7887329298867531,1.0542011947739613,1.2749843203379645,0.9620595375677672
2.3529411764705883,20.5316082142183,5.1934349283480135,15.054571435081709,14.280139909435752,1566.102008016054,3213.6393762087046,3152.088074974155,19341.97436689706,2245.72017302945,22127.203834506145,17023.02776404961,1894.8498682071724,546.4804007677059,65.98400963776562,59.8247762027726,36.39955346134038,10.263398714375278,3.880057688712877,1.032110900685839
2.3676470588235294,11.313383660214388,5.816189097172953,21.740058912631785,35.66907237914265,535.4520488635128,5407.922282557761,4167.576079929747,5199.738417335795,4473.717591136616,5185.651408924368,32356.11520066599,20688.871076309,13688.717114514975,411.0884748778991,32.67091288887098,32.19733006045786,10.16063828697748,1.945344166920802,0.2797456863707147
2.3823529411764706,6.483186661826002,0.9224776169533067,8.838359881045939,45.29845399400003,448.20883106558216,2126.8281076220374,9443.069755985453,11401.377126943584,5521.3579261883315,6356.336654357942,10605.947835134928,414.6076200683852,455.1979745920985,53.24250755294568,72.17160770716758,20.856711911198147,2.806441434880373,0.9637290305855558,1.0748456213212187
2.3970588235294117,42.7732715334972,65.16425055037035,105.52677071146748,52.73566749835016,500.53293154776924,6304.271773258238,5631.912359885627,30599.05573146025,2307.985886484793,21950.703742563157,6036.643774957537,3148.636291843959,3588.740011840992,984.0401482335964,232.8867631191548,6.792579652660315,3.139390178879076,3.691890037026872,0.8932176768539565
2.4117647058823533,40.973826258216874,15.817199019106962,9.881874107100401,2.0449173660593836,279.06212219644135,2503.062746874943,2455.1896473133265,18115.63282987965,23888.05580519287,25557.85357935598,7357.705123220558,5673.242277486303,9893.70887107105,770.7346766738542,67.7346426491703,39.25429070946136,9.149056092380903,10.233817046094035,0.40656244855550616
2.4264705882352944,13.522917388568963,2.3011816068554585,27.227968546695536,21.268013682121115,85.49911287398331,309.32122498245724,224.31921560548528,171.38442399083115,2030.9996359054498,31338.60721593283,30414.316281880303,14663.977938006865,5719.855748341943,66.01911412369162,235.91356995165168,8.955631499317448,3.5316303228883315,1.6890657512712743,2.1472164371120415
2.4411764705882355,10.121936107026034,4.663049513820107,8.056232601403927,11.365863027489768,145.1433935179386,462.76359441271507,2629.7641943405956,3031.941282656732,191.64499897150318,2115.354170235634,9411.273888524942,12641.438809230656,13529.529046718526,424.5848710117042,69.9706648541531,19.80620080352505,1.899370086817772,0.4452502814599619,0.5320733570009653
2.4558823529411766,9.621016584852603,11.546505073053932,31.69938373054905,98.11944681908224,259.35766499232574,1382.7989806340065,4491.6948865360055,11061.000769057498,434.1790141621608,11288.939580786886,20413.546709463437,2831.0203648691886,330.0001517490462,116.83617317265211,19.075846173403107,17.304730965556217,7.546450317699721,4.181812176157998,0.36988321320267253
2.4705882352941178,8.103206184037347,3.8760760978745594,15.050648693949732,10.570681182258745,68.72590939203741,2635.322218232078,900.76924953912,5327.6881431769825,3016.956208252077,12538.310065551319,2300.058272398522,1691.8970942645221,2126.6598089392996,8.15892479868085,15.297312221759015,7.1189001583860785,1.2010049316851834,0.43295535392448325,0.12948419219392415
2.485294117647059,9.61806924133,8.802502742442233,9.198834438002901,48.936576999252765,505.65351749434245,5585.481174651773,1455.15191501044,4772.5237321589175,1655.384212873077,5844.918904175943,22863.38502441249,7421.623266342807,667.6213131493283,14.964441149630307,17.338811175064443,7.092151167261008,0.18715244246208307,1.3960732600366292,0.1208125740784821
2.5,4.369177709324552,2.4569911598553285,11.328164061076418,35.27488093678564,2025.0180236401025,5112.770444565433,12856.033950440587,16333.872191868115,687.0165522488396,18296.292961776875,28429.92557307423,1009.7222320381846,1401.1424580836242,22.274033668586757,1.3922813959923357,1.1612191904744713,1.106243003061473,1.1386723059290689,0.5569276102678761
2.514705882352941,8.590576312211901,2.634172161909862,6.94885250869727,22.932028853327324,98.43459928026147,196.51893629758212,935.3292354188909,14254.878761393502,10571.73896110435,66933.00701838356,13630.975004385899,6975.904100886094,5286.478479559275,141.03421691578058,56.06345056817045,10.180343920346273,0.3314894236312304,0.44379331334693733,0.20530430206119543
2.5294117647058822,19.94258450287615,12.475467558806082,78.74922587022434,16.456565792925772,156.79150284549982,2418.773873921814,4473.072665101685,5490.674378691629,11777.937467920561,16094.399586608142,16628.28845933695,25686.855866397374,6979.115891243136,30.170069085767235,283.75327406511815,16.077936733465595,1.5288764513652893,2.529733990711246,4.170667120691371
2.5441176470588234,9.323152162526855,2.6008599626037396,19.734179919257205,22.444150372445133,2253.306100583262,2576.589430733613,177.35071374181052,2010.0508633620518,1234.2225445333302,21009.527364769892,20663.864971552128,3574.849388510499,2861.819049475642,115.66173161566081,75.60626770133376,6.647913054627123,1.9580632039258608,0.44750745012975196,0.35073646290021754
2.5588235294117645,18.201295421164147,9.75314325263539,19.988563774721943,36.78514820044473,815.0840822847983,7132.78732124973,493.4413470216732,1662.0998965438737,785.8068507580028,11114.805626760113,9620.949019830685,2167.3930033145516,5885.871650362426,122.78610740783682,34.05177322266435,5.1598560625532635,1.358771416044287,8.16542508019607,1.6914302677504278
2.5735294117647056,20.593167167652386,3.9302222012569934,12.156910473614865,20.714370222635175,628.0171531697347,10975.191395914104,24392.982616310885,67433.71605173452,12223.568361610989,24608.140336797318,44840.5821927355,11530.735302167011,3622.4771568041724,114.34454746943315,71.65440061403561,16.94049806210335,4.5988799911010245,7.303287402549753,7.157959759369261
2.588235294117647,41.18212140323503,8.957622784612202,38.936807655331876,97.68705633284576,523.5984162793893,3006.3690006892966,3411.293293479476,18731.74852352361,10573.612983079023,32062.380785193585,10490.008875226125,5256.949244422356,5917.732096251056,841.326267508652,127.29034951141995,33.811720837013034,2.1914052088106395,0.5260678776961665,0.7164672293870722
2.6029411764705883,19.68897776231828,8.073619170368849,83.78850487948915,19.23708724126537,251.43145216256949,642.6105099312318,1411.5946486857226,2513.6039462055346,1692.5018968953436,24537.444312418484,23352.116766671585,3388.2071771549518,4812.233657166319,150.10940945527418,131.23932520352443,13.911492895546964,1.239315434927334,2.3041933869443287,0.8603458649262368
2.6176470588235294,14.58750543655011,17.867697498805917,19.119162188857292,9.076123586253113,62.86461633737884,190.2734935622424,176.7294904858068,2022.8589240304987,467.1740751960366,9199.251916280999,5995.161862644173,2192.8963114963717,1528.7467687140893,110.63557866119159,173.33842755757874,15.466034725102762,2.4485705453572537,1.6381068737456963,1.0525725352171573
2.6323529411764706,22.33649469398228,9.882745562008058,13.27339732482039,22.562888488470108,227.730861962669,394.1055749142028,315.31230766352445,3817.6885555004937,5078.2256584847955,3535.3924190083717,340.4726890754547,337.6122788308104,1160.8388944396804,28.51051226199217,243.48765671902686,14.40109637000895,2.484642109733974,1.340799583993107,0.8787514680742002
2.6470588235294117,6.411260790458628,5.686266150883003,5.991051205544421,28.31371516863614,267.81088132470677,990.401212713826,746.8659453815601,1286.7706471396814,1660.3570711650966,5587.129516750327,11455.16250457535,726.8319792422966,64.55646935875595,3.457105186300537,17.740150986459657,6.115097205853025,0.5431873790035772,1.491484981410213,0.38547255955448106
2.661764705882353,4.70077155479428,3.9426127842028587,7.424281830928652,17.44099165821793,152.88115746520012,1046.4563111092593,614.6251440199383,924.134863043248,2238.299924361603,4201.231494469543,2762.3765571051936,517.4725720891336,440.8469282014682,34.577173780896175,15.496820513587158,5.688031352474,0.2459996591427834,1.3262428584622998,0.3317748693626006
2.676470588235294,5.374387228662426,5.6675756154933525,3.576889707452676,20.221317707438594,453.90888399734627,1552.3184592149166,716.4856589135256,1455.1927455072841,6514.056942940135,18865.044821301242,3334.809178130411,2814.321486113554,355.15492294276606,15.995250871569292,5.4195791598675935,6.200928467694503,3.1266415167328243,1.8201066464621531,0.10967429421553565
2.6911764705882355,5.854057190077265,2.8502558147791817,4.35996155603241,25.116324619798295,508.83821289913266,4127.316503751905,199.92843168961625,1711.9476390457285,2193.2009214301042,8348.331935501934,11880.79405918483,3543.8003356349823,39.02501537779507,8.861533436935247,1.8623023203204743,2.1889609135393773,0.36254022449001894,0.3464637291614494,0.05861063963132175
2.7058823529411766,1.1488391152512911,0.12201479190484002,1.503557535921817,13.918078917064449,4324.544574498288,6467.418149168514,3917.418318815044,8331.133439852787,5009.049808775832,20396.300833107118,12464.190851109784,5802.9908292497885,159.2402156543377,1.2653891853953945,6.769287275726611,1.8362037601960453,0.057919056169007,0.39548797918468825,0.2901342985828833
2.7205882352941178,5.104818977570961,3.6203667650972005,1.9327493520194596,13.653442005184093,849.2786672869946,10122.239468661697,3910.1935879439407,4019.8809685551014,6919.6163856047915,19514.98101702008,8908.36424038769,1065.7994951890987,77.89841228652276,11.48877520282048,10.736487283444497,1.4614284981387435,0.20066212443196463,0.30037691736740507,0.2271493419382898
2.735294117647059,4.680852482710392,3.3106744337958887,10.535998623642541,4.812847409196467,669.2268416023612,1164.1795978158036,800.8938590520643,8767.190782447775,6653.372885346795,29058.29870891635,6053.24221524333,2001.4510680690278,294.8699122766643,20.05301328351257,3.612657471661823,0.656814414852734,0.30567617801966296,3.2422647075933186,0.7601021283413231
2.75,4.388010590118778,1.5522750308784872,16.454083548828955,5.974078012234687,234.57241653264094,2248.5671738594206,3701.578725853361,58498.838428096285,47283.18649596837,9540.29757720126,19407.511362260346,950.8545909431845,969.6504669109729,45.32641743105428,14.513209757980322,8.220239005186617,6.102087110123389,3.0232121852883287,0.8956646381839011
2.764705882352941,28.159372157796863,5.597007917366973,18.237265642657,49.1725284964906,304.02108230498663,751.144351922213,3980.1038949236963,6987.20817688571,825.5446739535328,8701.838267975294,7457.482838240998,3835.0297445464657,1005.5267436865356,7.938092073396698,27.692583591133804,15.760825963888188,1.1754717177033773,0.44883846904912184,1.4721936574287309
2.7794117647058822,4.722919547033159,6.51674191639367,14.923878159662173,59.871210839262815,918.5885376831058,2146.4281261080346,487.0690509067876,2024.6577759999793,969.6670953247506,9514.643805401127,3918.1111332764103,4154.88215195411,2146.3681608365755,20.35121038684273,13.694266111100333,14.631877630231042,4.387851547995569,5.000788154243115,1.2980809853985624
2.7941176470588234,20.375581605978276,3.8012874159837975,32.60488996415013,74.9793004458219,1276.8677851391792,275.9096777674125,1269.8960229510528,4760.612364133587,2589.3137040004713,10959.825222522253,17686.436755403636,8482.153024926205,2060.971853812829,24.686526862644257,28.98330666643099,64.66675354249202,1.4756530242372816,1.9884462774714557,0.7788426297969118
2.8088235294117645,12.633281763985917,8.96059070471705,17.561015421298734,52.453261688094656,481.25694007362085,1997.8823619165087,895.1925131553626,5873.035895658954,8114.923435830377,16089.334754104335,8219.483513337142,5571.924093043452,89.44359625259474,533.1759517606656,256.50558159934945,20.791954541376544,0.5531154803710495,4.210292823473106,0.42735093843664473
2.8235294117647056,11.745756022537435,5.558548326616262,37.24044398561142,23.991167544756316,921.5949115723736,4497.552194904743,1141.9635935384185,6461.1671923609065,1161.0405775800086,1764.25784291144,1178.3547262966642,920.109821720703,710.7158792382318,42.222279027665365,120.40942874427714,18.28405659221925,10.767174697305869,0.95176790235901,3.9567582796954626
2.8382352941176467,16.716530884180102,9.157187853408217,8.871391317585635,7.349412360364061,323.5819228182519,8651.149987419187,2915.289388674687,1858.1055380271846,500.92454149394655,4838.959248862158,1979.0414890300574,705.1344289022763,655.6737098436515,233.25676672390196,292.5276358887942,34.08085401482782,1.2447150960895255,2.3453207117041837,0.31199527490716705
2.852941176470588,15.515929600886588,7.061195459295425,16.108836503647954,23.462241801211462,460.096819364311,2696.8869226851048,6482.928958677112,2921.450400173808,2805.880296157923,2936.0520520583627,2922.0851843026153,1771.209773488519,195.12962698615823,78.08071996943465,160.57310567394669,27.51678390186885,2.1583035333288816,0.6397752331800596,0.08855994727684928
2.867647058823529,6.7276418947690715,7.8421653106284515,16.42650186972913,45.51498068127239,298.1468817228437,3233.7632971024204,1448.829466629622,6358.024936473725,52.91722889847437,7292.063662779607,1858.49125401863,114.23525536941,87.18057318219397,0.7220052474252312,53.12260726640635,5.011606078093611,2.1916038365914483,1.966591384639468,0.18178479852439555
2.8823529411764706,10.15932209439238,9.539405972641154,19.935264253901142,5.0235272842131815,565.3212593815167,7415.267481179612,3550.3121866510023,13698.038567130872,3653.203054519515,5666.182609772546,5871.661968733142,416.0643866889865,197.2749298607133,5.2288321928063,14.59577846528724,2.8294496896202483,0.23622868184567886,1.803008788697867,0.831976057305394
2.8970588235294117,9.498444103561777,4.5333488958478645,4.5621307687925405,12.62516968643046,657.5644990779151,3733.0757820390545,2897.9989025466325,4987.45724885755,5921.526265054868,23260.894554067436,14504.93463445583,1519.1023932309738,234.08664722792153,29.62754252961063,46.808733232134216,2.7292029591860683,0.7720910994549692,2.0110493629735804,0.7608942125345017
2.911764705882353,17.586762719598852,16.200969850789186,20.636254986359592,5.3777475305013915,1005.9909828352518,2358.444715630155,6379.894470158455,4718.929226650078,8849.430967697224,9981.999868729315,34209.62651437963,16418.292250043418,3217.577112864413,11.096219195852253,36.382734860090466,4.5849983533828045,2.076202796443155,1.5940644530300925,2.131263775902854
2.926470588235294,19.374031691432723,14.654445175529304,20.149536638954473,6.8268275392926485,1192.206581355827,2253.8803640549886,171.25344902750373,1219.7979453745984,698.4009587992622,7114.073983502922,15350.681593182668,4092.8558999184006,1725.8055746637374,19.917783906334364,37.52258824830619,11.565654404740814,0.8112399695774482,0.7357811615176557,0.7261492971902718
2.941176470588235,6.053085717772801,3.2928143709104907,11.83849098372594,36.38181969220385,1119.8832951422323,7507.407174200995,4154.157476791685,14965.331947125906,4803.8556632864675,1561.9626584271145,5646.941517007513,1459.0420662828947,59.7480039495415,26.805140844747285,78.35957059628035,19.06694195703898,0.40721254324236866,0.5757160308189718,0.6869403921139428
2.955882352941176,4.672521660451705,5.335992395760482,15.009184380915913,58.98215251903916,457.8837499978731,13480.456951743938,4610.861270118593,4419.413621710966,1655.9485447982565,2620.167704139252,8056.973478826703,3335.042759491601,299.4647153939713,8.090108611177541,4.261071862010379,3.6257156869820477,1.627650510269048,0.9071152605400948,0.7908533851507372
2.9705882352941178,11.465982553511546,9.117337363192,14.704709003969718,20.818199306846573,676.567701553754,5678.292174799484,7415.357199049425,4364.24875986258,3688.560343431599,22338.516300049785,16816.427054782667,222.84242740093566,1370.9413950834614,3.5264642203589394,68.451448617207,24.14659340681849,2.889217408917538,3.3232018597244566,0.7132259081862239
2.985294117647059,22.746123409707003,8.444378256532834,36.23462484729953,92.00203614650607,676.4851532496156,2223.167284734138,5666.548050543422,15065.845940239886,7733.333455999799,12722.416844411273,28474.990906478833,14393.052288980323,916.0325383723505,6.141888632598806,227.41671006187246,41.347658134750745,1.619224642588628,1.720442336624308,0.5161962119056123
3.0,26.32205461252915,21.160417404664056,7.716524339725823,31.281386734476804,300.60607486748427,3752.4670759216583,7414.203992618861,13846.755830484486,19122.00286398086,77773.62558418541,18267.95751375668,5328.968176825065,2145.845123947026,15.84240031992112,34.055333512720644,45.025131341154705,4.830759659117469,2.2068407983001803,3.060469412359797
3.014705882352941,8.83228511909046,1.0203536198894814,7.350026614573556,41.247919628029834,569.6645211449616,3620.14537386166,3303.504008149006,3935.2446761284195,971.9626896693239,1342.4936982005447,5414.079357889859,521.1489590770353,5463.8408792093105,234.632321213102,42.98467863798712,17.402496518984954,0.5573761299427563,0.3352258659343722,0.33777783473039746
3.0294117647058822,7.2953425812526245,2.766305309401003,14.289517685616877,55.73263915735708,1552.0216842894233,2085.4009291367265,439.90043473410446,7775.020028495894,7841.5297606341865,15367.533391592964,13386.820484244203,1153.6047918498791,3130.2572106427897,134.6661854382338,16.571071490439305,44.52113121401554,1.5107877176500581,4.505952553537642,2.6916253789714037
3.0441176470588234,7.692414902672722,6.211815592168026,25.710712051519273,16.986448038458178,598.8042303327547,2404.0201112669874,2257.0040057188107,7391.064089666568,874.6785296402397,7927.866559768765,4433.260722405317,4808.294116430397,647.243303462172,19.629879975417666,41.0278228718009,18.846249617946352,5.524364475553346,2.3593871782057905,0.8915431958586784
3.0588235294117645,19.791944971952155,7.75427945297988,149.68193719513351,131.79580385674961,389.2033281303827,1697.4042415716585,868.9573353160373,2027.461809079968,312.7159050846925,6581.663513460728,9567.825306136521,10752.713711563758,2389.139077229591,7.526725533630177,61.22352813307254,7.7751804526495905,2.808520021242435,4.049415293396801,3.641571718121578
3.0735294117647056,10.019697984547534,11.001568506357845,75.18353070505536,55.45603765955674,651.2551457548992,5721.465247169263,724.5572682688886,1370.1269771930263,1547.7170290334989,7185.84331415329,12044.178214964551,897.1044541450249,3126.695961771845,29.113579345727533,13.807883433214034,13.595046283707132,3.8163546518411424,13.945867848657048,1.1847747082200146
3.0882352941176467,15.804558948466948,9.400805296449942,13.307324420702198,40.02578504083686,1203.7900508715857,6312.488882894446,5033.317682575936,22909.366894989776,2707.1446663425204,13228.575521371491,40336.5044946292,11067.937230184307,2060.582195777183,7.361814738044755,4.301403828716849,10.160828655676866,2.138895120081753,2.2712337107015164,3.1623721069681814
3.102941176470588,13.119903322559052,8.013388713656465,9.829987815414555,22.24778792876677,4429.16847361037,6681.346632179775,11914.835009132006,1979.7139622267775,2393.6283982374334,1481.8754746279337,320.11582590232035,4626.286139356197,3307.8579186459606,35.26868237813998,18.009338136061537,3.609485376355922,3.0734135780402188,2.268832019944593,1.3536748612320633
3.11764705882353,17.463914966533736,6.655380689612555,20.904082216864907,27.87280955397022,2198.6550110373937,7189.906260066557,18094.045170288613,25967.057318375733,14432.286127189858,38656.889529747044,16702.312426706616,6485.928410089813,1297.6851926200484,204.46062097622877,17.82232922313419,11.96053530806052,6.094923632192968,5.746562578534505,3.3674042484953146
3.132352941176471,12.698821724940395,19.722836370230315,30.151626709945393,66.11848279396683,278.80843038266227,25363.193554469253,13825.516820917288,20111.009578304238,8657.13454671407,22954.925195968168,46070.06356523042,15861.294782626032,8682.391703528256,68.4221060639066,45.95892043785979,8.801543519162362,2.662094783939627,4.125258013754959,0.396665799491137
3.147058823529412,9.779999235961679,33.60715847097418,146.92085007796308,255.60558430705345,1605.5563025921451,1781.2032875270804,2221.343767932879,4303.048351409811,12240.3856678572,16270.216594942463,10193.332052894315,3288.3907430714817,9890.921591289614,2534.9463584866508,295.5746589117141,21.79687941769504,7.251416175135084,2.2617874511929887,1.7385544507099366
3.1617647058823533,65.46835492529596,43.53183388859749,57.18484542467862,22.137605461267988,2648.1173833822577,2375.8154456520865,5996.866590951539,21701.790969765192,10322.328354129068,15143.941496234263,20157.565767938555,6027.318308291497,3633.9977471354287,2014.1304213662174,172.95249006389508,122.14591732479084,13.201893947590069,6.738499843653388,7.07706121147211
3.1764705882352944,9.350491872217267,13.400483593462386,14.83885022264426,40.317108618488504,608.7931175410101,1540.5622332767061,492.0629278712662,7025.788678197936,8724.137800800934,20084.49362006909,20761.040111871647,3884.6877863237933,3965.031229880142,264.255681055196,132.41935182811736,6.978847088800293,0.8176140736642024,0.3822644341063226,1.0239602493856241
3.1911764705882355,32.29215917899005,30.326792388280474,54.147777188629384,50.213514795734106,483.1816630355428,1421.1101146218207,1661.5513465889671,6108.037166738123,6312.588001829499,13055.607757059126,9574.150724929768,14666.668242038082,9650.181645548984,99.24248205241808,16.24113971158203,9.084440379717389,3.3338296767527162,2.780462966813456,0.9376706414908367
3.2058823529411766,11.752000742976918,11.333523784697908,11.951381545606301,20.64753305057186,699.7718234710003,5685.238603607624,666.0362690413281,10612.498575832831,12226.492521106495,4070.226626909858,30516.219518360238,6856.229668961011,3534.632705475223,23.948137658207223,121.07735694055722,13.147147558489728,1.3921274858072166,0.5644616140358645,0.3755153788944008
3.2205882352941178,3.1385983858042774,3.987401618063687,13.762661901043728,13.793065046529765,1939.3671144593914,3000.3553109537543,4978.162178106141,9879.684508889179,731.800803970326,1362.778528876712,11764.747636195621,3736.954546902998,4746.510265714337,136.8860494613523,20.84895061911576,24.394077650339987,0.7240973685325152,1.7784373979473798,0.05767408677010549
3.235294117647059,22.542649734171935,16.402705887780897,28.388685567236855,78.70442778851674,1699.1110602650272,5244.5488737008245,391.11954110314156,4082.1722406553063,3972.223977811583,22382.774576395837,33299.41796233191,12745.48706852966,1614.1429264938938,326.80013597862364,139.86949046251422,11.52278193262029,3.2530472614950883,1.1475224059770528,0.9615014866402964
3.25,1.9546614357225964,5.465413868095372,11.048542791550444,70.29341099536583,288.2564079645395,2973.313723822596,1081.5078533377036,10072.878169484527,2511.157786751005,10251.733686051757,23528.727586125937,11843.78794170509,1460.6842793289693,186.43576638581834,97.84861527554082,8.228931648701359,0.9382622397275224,1.5284529552693056,0.023647957880346612
3.264705882352941,9.980869937081927,7.043442625330122,23.066201296752876,69.44970643181438,932.1910441533205,9724.27657726854,5313.235298271097,2582.3819495148186,5628.729716029536,11564.11880811225,7128.8060816704265,9185.182748733603,12539.638409821331,319.56987910686314,24.95505807537706,4.287501030566432,0.967387955221013,0.5547045787862617,0.08615986803113625
3.2794117647058822,16.925662669483593,17.276780757534226,24.874661128568196,59.04973860124089,268.85891278689473,4582.60265196016,13103.288779970248,10510.184109345239,5847.801829505062,4697.592281177005,6413.072377205116,11325.840797086283,4858.714606569209,263.34164654190715,226.70095058762823,24.75880186248796,5.574426599175126,3.0373812478863824,0.13969689543700275
3.294117647058824,13.801494888834412,9.614850591427889,14.459872064035956,38.91505291616598,593.4574776066457,1399.2472561625023,3389.1329646502654,53363.099984710774,19614.48013552928,60643.15842783705,64782.17307961287,1584.7320910451372,615.2149250409459,21.270727323170362,42.95651839726233,6.2124430857230255,1.2746496746112688,1.5036413774162665,0.45940949513069795
3.308823529411765,15.60879791896995,10.298949821545087,34.93009706785972,39.68889718391673,1413.353199341467,6205.969820543971,3334.5320958248285,4879.617108248498,9497.16138330249,16232.8344191324,2773.3234341887487,4165.194430180615,2982.2153116511117,103.85366450411222,7.0153539143416195,6.277361800461526,2.8230081996636476,2.308755331468073,0.08153589668894719
3.323529411764706,12.777415008184189,10.034092149296256,22.319572817730652,43.90741987513319,2405.244133170417,10119.283531652534,941.3162422464109,2377.1434703813343,7777.471859609766,8328.34827119437,9552.48231870005,12009.691854760233,6070.933214961033,108.02611849046389,121.71368041718564,7.259992833222365,4.682026911526423,1.192062277831251,1.1319441412171853
3.338235294117647,20.142611745411724,30.093719549043342,55.01784149484662,27.605484406482887,207.19741529188053,1038.5415879326722,533.9184969138325,622.3200414213518,1834.2163738431582,20200.08215754712,3472.4316493110177,4053.6242112951977,720.7027496953156,810.7025097225414,423.65766239807857,6.758894918260525,3.763408622711909,2.5571483121020306,0.9398832230350929
3.3529411764705883,6.250729849343192,1.9053638454560207,8.493903774967109,85.6357181749477,536.4475599070386,1317.8310645047795,5415.923183712666,3544.9155246261143,4879.7413329895935,873.4182152338453,7809.944602059716,2322.3166259007194,1062.1559297229965,5.957914435490696,79.48013623238552,5.358666585197786,1.0501037186215623,8.727413282116194,1.5856821427957144
3.3676470588235294,8.073721133832525,9.61246313649657,10.94361612088002,6.990635816076654,802.3057963792287,3970.121583781463,11203.379914624922,19025.420733113824,5583.21743031961,14224.798985307942,9216.908135712132,2298.922554783078,576.5412127574969,65.87223671188161,86.51603618020394,9.165217973083147,0.4411955809818991,4.189682101224364,1.3713814077161965
3.3823529411764706,7.5492588078913005,7.184181021460526,36.02575257956502,125.22203955713525,825.0797690338937,10710.954315709925,1806.2827843277414,39618.06626967841,14238.28848986636,12620.017887631348,1915.5853870212113,1032.4343684535306,1221.9893405905889,48.342515743016364,9.37192978550243,1.4029357185821316,0.5994659262710533,1.8169858100137852,0.7868259535383779
3.3970588235294117,12.619858333544494,21.0823745035278,26.71094473430768,18.825444278224964,458.66655240106405,11353.238652682317,2900.6663343117125,9508.665344721856,15003.66979713687,29628.278855635403,6145.734546427403,9102.79896654982,4800.8708176039245,103.21617158043313,33.009109482984876,9.871888408580073,2.4131645211048163,3.268331251931005,1.688106789491827
3.411764705882353,74.53629381444921,11.844951346842755,8.802961535127904,23.155891334194315,483.1767171697537,428.0417838691177,113.31499634580604,2515.914432479374,4307.685127686576,24398.795843677708,13407.601667124567,29286.434597624502,4972.453104987363,99.87160003698301,12.056803494228241,1.41283324111643,0.15899373531850253,3.787644345681333,0.15131322350841006
3.426470588235294,7.340010287982441,3.572674735812376,9.11424315297815,5.540275847007183,270.1832735279489,1388.7730821710727,4189.135569674216,5497.823117883299,7184.768333729287,8926.500618196824,21633.53550467699,4615.009826195794,8948.428317824757,267.27328900736075,59.86978751172873,4.594473397389375,3.858914703201066,5.617150068022151,0.24537824737232408
3.441176470588235,26.862109292137454,10.659523826816276,30.646877564468955,107.68954039430477,433.3549269105715,682.7863396465941,4997.526144919133,9318.209192808057,763.1835217571243,7089.535835151629,4403.138789198332,6886.795900902765,5951.099736824378,1271.6522531581506,116.8359625756294,7.624398810680884,1.8794778236149445,0.998071934303661,1.4558385489234764
3.455882352941176,8.753131105881538,0.8603656384241385,13.510371868926605,19.93832620034386,21.821942613472228,820.8213530725462,311.6724906482988,3197.5337420353517,5977.395365989426,6611.948257136154,10716.704018526098,6055.761696902757,5467.496103858427,25.650148030398768,57.028367539272764,5.601000993835399,6.375548338645648,2.94556305886017,0.6148730656380004
3.4705882352941173,30.39041992195228,14.850129258449897,21.9458296193972,22.77479572073137,1158.074598058145,4874.795927986491,122.74204090414071,28263.54592788557,5320.846577712538,5364.438089266023,27239.70473519746,2051.7210901458348,158.38690355363198,30.71178601574752,91.54298070710354,29.63357046000675,0.8871879937287876,1.6764855025449537,0.4026464402277883
3.485294117647059,20.96562342581624,10.134489588942545,40.237271192733886,25.356350393749477,1480.4568240101526,4372.747760334013,5389.582605372543,8523.595102371355,7320.079761710371,7073.502691226759,6427.380044414892,845.5904025530918,336.7340444059757,29.437298094306463,46.08771731549402,24.421139834366322,0.31677646667233694,0.5622013355804529,0.7219940537109109
3.5,5.184009712563675,8.010594576198297,12.75158823900522,38.71491551709278,867.5789690869365,5619.565797300697,216.79875741182198,5626.108429034587,2666.673245795738,1017.0096006159515,1904.383653684468,273.33266608186705,294.74591667528887,23.561884518043044,8.64764378522406,0.9033157753404959,1.5749690714366877,0.44554064276504013,0.2612376080694002
3.514705882352941,5.748549358468344,1.411315006181142,8.778135788422853,5.604608563976209,298.32654967433734,428.6608643982573,289.2661777983846,678.3952796438375,2087.7597625455405,16817.733751317657,18809.564693866836,699.4019059912135,1202.847132986999,10.471145591780886,9.526519986691254,9.780964746280318,1.8465469475197538,1.3477446199108494,1.9243521853516663
3.5294117647058822,10.91615781368466,2.8866835796108115,4.2384427180351345,28.273559271472593,842.8192111686309,808.5237705159599,1650.4781501224402,4228.702930955095,5326.521045917736,4510.203430763042,11250.97052092164,523.1741334512433,1661.6739751086825,161.54786877193374,60.86614202178146,3.778573365498935,1.5927987271398119,0.3249718507407272,0.054501427087290166
3.5441176470588234,13.714462999136389,37.92536015058416,102.20363552960514,54.43453821205166,1710.3867785165007,15452.845993023933,14466.855182612544,9282.678283783614,7372.932436932124,13512.07887675333,4806.572995584813,2064.070769272478,1013.6669304719632,185.6815933510466,85.9544688881393,11.669703399842762,3.4456680015702874,8.770095439864944,1.5712752281377198
3.5588235294117645,11.070204248338282,2.55089584416553,30.15511297207678,33.265474330760206,112.10862730864609,3246.35577371598,884.5464444358962,16042.039226271392,4959.321810660264,45928.954930421794,15120.14362862724,5203.958708310112,2991.1549772064986,89.2917563142634,6.231135118116239,4.71105543434319,2.3813423823929427,2.0348369291975708,0.03185073033317826
3.5735294117647056,7.830352847611087,6.077399111158495,23.648482873826307,27.7767862626167,790.8276055825843,767.5451083017066,6391.6420941959,17589.420052818645,2840.6808719346404,25843.524588882214,32218.21213282291,9183.573715249284,6291.21362888725,181.71652199885358,32.50563852149772,6.335706768520962,5.663269718561241,4.595660318084015,0.9450397282413431
3.5882352941176467,12.397199612578902,6.5095136243575205,20.421130944860067,87.93553283596245,113.90824979105481,737.0658918238855,2126.9595216396306,10680.86834810487,20490.982563399946,18249.122385999675,9381.741600853715,1180.3324212665595,3186.117129370896,161.0422753209558,9.382716821845575,4.622483076157193,0.887187429696269,0.5442224778237577,0.1781501003205391
3.602941176470588,13.813781541533608,5.838530818931826,52.47292622241605,47.072893889409464,197.66321751309147,207.22041753773914,1599.8832180860022,3406.0570839893935,2244.848805939131,6316.845640182548,13654.422100638883,8392.643359869073,1739.37167467964,129.74339276767677,54.11033656659649,6.403644394657178,1.8654389113335492,2.4465616330706483,0.6775122048537678
3.617647058823529,8.132513520950774,0.3613338988690876,24.76655862602777,56.71250323589693,209.2838244608214,1397.897769684253,1324.5362085467568,10167.94859352433,8032.7065665515265,55135.346768870346,32606.981311081145,2197.4594834420323,3848.703617879069,278.36817586432585,22.110813524680715,5.2140302264448515,2.1576776479973088,0.9746256367839787,0.0759432897617465
3.63235294117647,8.157558828794135,5.94253112171894,14.54276584329709,2.716319816487465,243.1492118998842,672.9945810956823,4342.291057797385,7853.149709463451,115.84864021823319,658.841304466167,2129.3558552691156,1550.2580600069546,1147.0496859343316,200.00479106990915,54.12553200012584,5.291691705482146,1.5361779759906466,2.153278721377199,0.9534843051764994
3.6470588235294112,7.970904016088087,4.704670874950003,19.78126743689186,72.57218594982885,179.18260355169315,7013.079154233302,8625.30576392005,1773.3690131108788,1553.4656798445085,2747.6807169100534,16067.01812565219,2911.754273166859,1340.602625204037,111.88073706768077,98.42600010064245,11.997521778083094,3.550081260623866,7.762555943538345,1.8018959794450375
3.6617647058823524,13.681976032071653,1.0464768248787522,14.227811895280809,36.6907957288182,311.5364654267196,7942.11793064101,3250.510726177254,44086.53191200402,17614.43025034702,40218.17764134131,4769.661278134388,853.0926166485406,154.63166806233525,155.94230279394202,89.91554006241579,13.606012871474446,2.250181375168304,6.024751696400324,1.0957119925907357
3.6764705882352944,8.648879977687379,12.462153883914052,14.41450853267024,75.74911702269824,1244.3375888876972,1673.43139584123,1566.6272604190974,1032.3652303513293,1179.157344567446,2488.4612432500635,12511.584480577287,1584.2777211489517,831.0772308072834,56.996809270717364,96.33946050544415,6.804604020441593,4.059044519328726,3.5130629973933196,0.5330769700862121
3.6911764705882355,6.741668945504178,0.4885360418552759,14.902287285807242,47.74899325808745,2238.965229852269,659.9678798277266,1849.3593209330497,3991.8194469388072,7580.444806814398,10660.628392049926,10419.708233875273,932.3801771980425,240.67321444008982,128.04974022509128,159.333039849156,56.84882510188393,2.5588308248472496,1.0137507864172388,0.675695730126677
3.7058823529411766,8.806427491543246,4.600510718399629,10.000960731389656,211.29292712511577,4303.3071115591965,7189.622554850357,212.2082485362929,882.359839946449,228.65791480270568,1984.186400427541,4609.110066104075,3796.447168623395,1226.7654033541821,6.313554422811683,76.43038701020814,4.990691521060936,0.6955487716094331,1.4468193364742872,0.17504831757741457
3.7205882352941178,4.698189701746182,3.9441502354629288,27.258619871800537,13.829447091268024,301.96190532702644,1671.4385437029882,2067.03411964083,11395.114474810238,2623.6547430528817,7503.503235603918,24469.121906288405,4554.418542451251,88.86242224397418,38.555205182146,17.557838064309326,3.8054609938150943,0.501867765593309,0.9028624548962363,0.7582335745285131
3.735294117647059,12.160094996580582,2.419516222130957,24.24184575747052,62.624318845250684,7135.694469510807,11001.339154677873,459.0842416153328,2449.088803174942,201.70700158558162,15159.968843702372,20513.556917303948,7934.635668534324,1436.6018437428263,56.728208747781224,59.19074985838098,7.339407918715214,2.7622780923773167,0.34970159713233834,0.07026827164580364
3.75,20.41997811903081,19.544003887255286,25.13457093966636,168.3133427816697,1699.0588243965694,50202.90793310943,39988.3377705353,27315.618677911632,6050.254653972001,17914.973365270547,5743.888635704999,125.94569333650892,765.9890318253962,90.13266334940317,146.00402780821926,17.889763671757,9.742155385439812,2.574885960521486,0.5005517869091756
3.764705882352941,20.102825713745883,7.569712467576642,40.873429260754456,474.4461024618889,1374.0337878431951,3153.960636331153,70.59236722215535,560.5325972855127,17893.562461785623,31317.91297809976,31275.32885971805,3133.747818042184,3921.527180049163,205.33024294879795,22.003518692773323,5.3702685526824405,0.3574915679555285,1.973298250046931,0.3463180632907033
3.7794117647058822,11.444276341413076,11.643266404451264,108.59320229987148,82.29142148209137,1830.7469337828354,1005.7578016423489,2827.708306684191,9902.466650933315,3006.3448160990883,7426.592625733824,31862.433543642022,7297.590887427119,3823.6752672239745,352.7768346284746,143.77307724706046,7.429103087825029,3.602870032076078,4.02259306654668,2.0360929642636174
3.7941176470588234,11.84610541573159,14.001712283969173,165.41791107254315,54.294968904780866,139.08317587293163,1235.143941339836,3241.623980949689,3252.9652158320378,2006.3926707431565,7564.028258826813,15957.655352617829,3754.4944254482934,10403.473382841305,1581.6056453063152,169.8199093830546,11.823290867624806,7.24840199948414,3.8772146224362602,1.0820642555946276
3.8088235294117645,13.494264335162441,25.140609649279785,28.580951482490832,41.06167366984177,171.0885096122053,1465.1667986274074,871.765157536624,3700.436710584113,436.56370735932626,2912.7199110251117,26116.426972100988,3723.4294016816348,4948.655151201554,780.8959266465079,87.98062253608546,10.117233755800612,3.3036991246208807,4.363604096668909,2.307943061333061
3.8235294117647056,6.834987014819312,14.00649015639219,15.110871935992922,3.400417676256137,303.1241663732586,1704.553839159552,5644.203957205816,1844.3702853794703,3045.1819744160493,14337.376731819919,8084.497043056468,3219.762348008267,3591.446217317867,102.42137234509254,56.7948619327867,20.80662937619554,1.475147443885087,2.4925545652692493,0.41696381847475567
3.8382352941176467,39.514872275400364,10.896296430881923,21.843890381731626,44.326411389479176,280.9775841461573,7682.723829158777,5600.749404414202,5119.200342888993,12539.250040637151,47240.11783470247,28127.81268578374,2581.6198313851028,3535.2589715187482,215.58448218720906,117.28714452959676,10.740753813631768,4.557013853537128,10.602492112075364,0.9279293716704403
3.852941176470588,11.31670778033493,7.144263552596185,20.829421028841548,14.477991204025946,751.4883554460421,1460.0345627019217,166.6288064111978,4548.616669212304,3956.4870914574503,3937.322811159501,2385.3770053021462,2634.0268130781487,930.8297183697701,19.746808002708427,24.27656247483252,5.684601106586772,2.5293296872928703,0.7536755399844567,0.5247935171270366
3.86764705882353,23.60354133256211,11.375382341515605,35.19374722998606,85.59254310628276,767.8417784027918,428.31661823255524,1372.00618824933,5617.941823292807,2029.7251753100522,7937.470680393956,26997.807526323362,2387.0833851534535,703.8685294021122,70.80703321677493,110.16231564754092,20.798380141906467,2.6908056398562286,9.100517853909096,0.9156405313833391
3.882352941176471,9.619318996926594,5.370035740042365,48.51859902635543,55.300414883051914,968.4157657762571,2591.363023177677,5163.387121281603,4201.078158824627,296.60727997240315,9592.25862048337,18058.050244217455,1012.9455252976909,146.3303902520512,69.29310497345307,50.03408283525438,21.4916667911138,5.2099247781817,7.635924202183839,1.6217387957018137
3.897058823529412,17.21503120568177,11.130804180348488,22.175876402219167,29.564146108180886,583.2791140439923,14038.101561118176,10626.063100250216,2603.397585338103,7056.37226080841,6441.309101579353,7132.426418346389,3821.5294884347486,424.0110719605652,58.97067988979908,36.873166709824574,28.962410317655042,0.92392248576783,1.6408027939431162,0.24431339278740158
3.9117647058823533,8.82441432112719,2.8555818962751616,39.04225351565484,20.668087751799604,743.5595574837691,2232.6968621278306,7363.690969937457,36857.11934019766,1062.3509953545629,4744.472830977456,3402.348533954236,1171.1978356993766,912.878724555196,48.73252900574675,24.192712436190142,4.358118077835167,0.2850018371628716,0.614205212205196,0.5672071939299284
3.9264705882352944,11.381988488823225,24.751511580358823,25.937053854933893,39.15311925033146,1303.3854023043334,1743.4099973259029,1341.0339991230203,11836.412491438197,1295.8497477871442,32488.95076645532,25871.874426366667,2269.403928268332,990.5928855592417,50.6722318003083,38.219863047641326,11.278640652930804,0.5353966643288177,0.9925186521977363,2.1284804358023957
3.9411764705882355,14.246263962017292,2.8631692173068757,25.339925348324265,84.40943203754318,2519.781503869044,2399.8556882806897,239.97647939649625,2853.1915913176863,3970.128650297423,12008.220809497712,18954.576359574137,16912.10779252032,15207.336068682507,358.441544536014,36.950219944035325,25.46783068753971,0.9422318315542099,1.7468189052960725,1.3772764431937792
3.9558823529411766,28.193915072502996,7.3536789287628626,9.909978702629894,49.36702122188744,413.6672766772462,873.7831241489027,1495.9042066559764,818.1345389979308,2914.6134587627844,20229.688737156266,28186.012868907528,3339.970502740325,1501.5254967909227,30.25172033615342,42.24778319950022,5.205346551454444,2.7373487124831355,4.9716103065615,1.4077913847996575
3.9705882352941178,11.340244627072945,12.78710718684761,5.918879463800643,26.271053329217928,753.3005304055051,2291.175060541627,2407.5309761814888,4483.866216077782,726.3579369054221,2099.6298242219755,1360.9730621877156,1392.964422202594,5429.428659613548,103.06920496703206,17.391059845875745,1.2086468483278765,0.23331421005420755,0.1765288334878225,0.365010997950449
3.985294117647059,22.611897948214832,10.060833149814385,3.6275430272774964,61.67767240034121,150.80083862677174,375.9212488392884,90.36562170504908,1118.9220690125999,1392.6216724505562,2497.0501508956313,3856.897350734871,569.1705725837191,488.97859546945296,58.6107550196015,101.40026261189895,43.97512175444753,3.2617315960589295,0.8642815043598234,0.46510799404649006
4.0,7.629401129863399,4.146634342787831,9.717218580209238,10.063219199973714,835.7371657257893,5103.790603802638,1979.90465656125,4353.316974310824,6020.669073605196,21382.684196381917,9663.315645973738,871.6966672351318,305.45946663054485,115.7867454228346,55.71185154371689,1.2596680735417993,0.3088501974391946,3.0412886079724544,1.43565861140742
4.014705882352941,9.243045313169429,5.950825144332802,16.469589844504526,11.651330533884638,1883.139662885555,10543.024691677223,2233.348391664934,8944.464446254551,7439.933766707338,15966.012193830904,64163.01831727948,13574.41087872161,2714.3896466019037,37.60691490186652,90.72486536520285,4.369584672211275,3.2963775015623114,6.078534790512126,0.06798939539749564
4.029411764705882,4.568688510746227,1.8359502352606425,17.274254506638552,42.46875091086698,620.5849857659382,5824.949314177479,556.2574854943207,5814.077752803578,3436.5760271151566,7366.136097783408,19640.387070034114,3940.8791147116162,979.3862272782217,96.88344999051661,23.761779524863595,1.620757906896545,0.5404018633116584,1.71853990940214,0.309154915135238
4.044117647058823,8.139871375283503,3.5960362145654834,15.178839234142917,59.88838528255231,226.9923926177083,8848.879037563274,918.4770042037264,1378.8570500020908,3058.742893648109,8400.088965012827,3899.284429266572,1009.3625555626109,725.2349873179907,18.12911037060827,68.0464338565532,5.889883192141594,0.15242299746726573,0.5566628269267397,0.5789441413889065
4.0588235294117645,9.427361334205068,11.59303679811515,13.363569319407164,18.17339587708288,2197.410314051766,6580.234098651109,19714.183239377395,34285.00965168601,7176.472083393819,7573.443586181975,2971.303982302641,2846.6039070540382,468.9549420295603,111.7838802006981,24.586817989676973,2.3704271713699354,1.1353701151410338,0.8118817588873739,0.4264351562100627
4.0735294117647065,13.976743130803317,12.73993389427364,18.07018974785008,22.577634037759402,132.85133492403426,2242.1790343222974,28.363556010925272,5275.656715314311,12305.488979695101,23212.38277837225,32591.07409382935,1652.8400473535362,416.53025266239285,220.20820547634986,30.67197737450481,27.654258097082472,0.5704373299975141,3.9020278080784254,0.9394739250175901
4.088235294117647,15.640140000963752,21.679470050243335,56.18899811014318,11.785859192173533,1024.5389055337155,898.0856677423412,1165.1864841230176,4778.4746695001495,3387.138536036487,6897.166633894938,16412.63551300524,10682.685360251828,4291.187607180509,117.65708570306022,68.01523763315168,15.411727592046807,0.46716291608790256,2.1516447777592234,1.0217791213009348
4.102941176470589,6.646516106952552,6.489273909371624,37.94825954458058,31.280411787112996,44.485584404004285,900.3659302154234,142.2141228165142,1205.5489595920453,7599.226570769032,6056.264060238528,4184.480365912355,725.9946069054861,1025.4223395633271,54.2142449458515,62.25869483022848,39.4085677162236,0.6401287782603797,0.48359236826351365,0.6271723703984978
4.117647058823529,3.258813171149696,10.853801305476994,30.200875772906564,90.15513630311943,1119.2831170208979,1026.792880278201,459.00241692037207,5093.22864648891,16773.78369427504,42193.09087557289,34335.08615730165,1348.6825054157807,349.16441675162383,23.52024646190219,45.05718888101042,6.147131259546937,1.873082468275379,1.0725980310942673,0.5670367928188456
4.132352941176471,4.0660550389924355,1.0115603582336943,23.990382951126414,57.52907770329843,2019.3300594645739,1138.9685405046075,1260.800575715794,2508.9962342331823,680.5709099357359,27689.430371842434,17931.367097403883,13067.740540122239,5783.974672587202,262.587159209914,149.83111430439592,6.904448875826786,0.9749151581611405,1.5190140648157326,0.45685626871366625
4.147058823529411,7.068690682846324,3.451107751666651,9.826017702265073,41.36162692299871,2292.4754285775366,7029.675276097133,637.0701931720934,2891.5531655019995,990.4814314392158,16957.601504410235,38310.32126395356,2733.569196966053,1053.2951306814766,62.764460415846344,20.79368176769995,4.495710696010011,1.7665621300774397,0.8028053686741945,0.4376472804965186
4.161764705882353,2.3939918540861163,1.7354788361186142,11.967607376507353,147.64419118276749,2396.173665556049,4958.49458286187,3738.182711560801,3413.4483069530606,1683.7480990562347,22910.94559149172,14698.279556910451,504.3453736720885,761.819976538605,8.89814713552766,2.7778194293462684,2.4015532626640943,0.046799104157768834,0.7952448414871449,0.3978157657203702
4.1764705882352935,9.06005868613714,1.5689264690995635,22.043832259465052,168.36048257474738,1145.3893298240237,1982.5658327943192,3687.394743472468,2961.971314034664,4409.7281539473115,4548.751009791277,10985.209687104969,7253.770261844633,1372.149920399027,12.365522403567656,12.275452109898815,3.784196864842165,2.56705107539694,2.9395710703271063,0.4512676220858489
4.1911764705882355,18.884920545972527,6.716005690437194,59.252396478108686,179.32889466295603,660.3614427590729,1950.4122909367036,987.2756343750214,5160.832850809622,2130.1439027849265,4546.063518945473,7086.214494451398,1201.9180057434796,3506.537549974209,7.44990572118509,10.263696714441146,3.183782670490257,0.24873153226509886,9.289592408310689,1.6514188633453764
4.205882352941176,11.06447676444289,7.447672953650672,35.09053929378192,5.871738140861155,1553.8846742565418,4391.074207658779,3472.3724685086167,9613.4340981397,411.44410229188577,1780.2102454864043,4101.929711602924,5159.729113441505,1349.8507191477256,48.62728982470668,9.631625208824643,4.621291816149474,1.8247986164300227,0.5636152866909677,0.32106795340839633
4.220588235294118,19.948398125472828,41.63437356272059,54.70066627362274,88.39759560323279,824.6545803044131,6483.232767841168,5195.195449099538,32396.775235570927,6383.581840082873,4162.761726169645,11971.822579557926,1121.4530487318414,648.0379845431156,29.05312131634619,49.95528814104952,19.266362638926356,2.409025366995593,1.5183244483379892,0.2744041261364589
4.235294117647058,89.33495950208305,40.58289701607222,85.61273106655491,115.68864049237993,574.2458490868063,3201.7881947015294,3444.3043054069976,12845.644918108454,13034.673867682652,29758.32469679597,35699.511946057035,11312.5199589416,3793.5307856267937,442.7795648037322,103.93351177808914,7.2428278527974435,0.540140066930804,2.7042575997487854,3.3127195012526696
4.25,47.29673660754392,20.972786474059056,64.80135249239284,166.90962961922986,315.046725243208,2081.4529228046026,2183.3823188508845,17237.635276655357,10730.079797991422,18132.480651141275,9373.256477029829,14212.809113084213,12020.010868231428,263.4363943375114,61.74612209140204,3.395504408156954,3.1593795700554015,4.588071743482729,0.2955014412830408
4.264705882352941,31.81030239575698,8.456971409841215,14.250898704427497,59.58207700400622,480.4391540751708,4080.49384404112,6751.822468477326,9715.007996323387,3112.1146838181203,22248.620545291353,22427.222755038758,3665.5395526699936,1562.1407603494179,485.6532082756919,227.74081004453723,0.9489676493006128,0.10566461558887973,4.083900701278174,1.7529794644633228
4.279411764705882,41.56646128711299,15.23938564711565,29.677646436321815,21.07209334120095,609.5603177752254,1087.6791177040154,971.9836772224351,5966.492019913533,1846.143261292145,18262.36014116101,26526.770562742364,755.2447165264786,178.65901155527231,37.73437254550008,29.147069363172815,5.250462608246406,0.7599044688775363,4.745228663816982,4.8092750798966115
4.294117647058823,9.650649191465588,2.4780944606915574,38.86497387365428,88.80557688870573,703.5059101827194,1789.3573293699262,87.00317457662996,5020.47931007862,4803.780437609641,5550.850062560068,5234.437029460286,689.4282157694911,2234.252436946294,35.61097413893566,21.07077002962877,7.270136009680096,0.33823578472786653,0.7443838719069538,0.1269050839473034
4.3088235294117645,7.614057395125485,1.1242376238593037,8.837125275063272,51.52665673464328,715.5403689282269,3969.4113887015737,4592.739798584958,1861.6642569508817,17346.308604887767,32784.27451270167,21139.1340983595,10336.512655267696,3325.0387158669023,166.8337321213121,34.82395936145065,2.7701708220491237,0.47295492509357207,2.4218672150458644,0.3253760322829153
4.323529411764706,49.05317021184377,12.793492901350064,16.97937773378719,87.20237925483767,2245.0725338176667,7323.609432374093,4450.29889001316,12094.179613825367,1685.7313056350395,2222.132835085769,8466.004014993146,7772.719049753192,2929.408203621102,71.03769346292859,37.01550490694851,9.244840499472353,0.717052787165371,1.106104432358575,0.2559064310620634
4.338235294117647,25.60399336850488,5.784657477049185,54.505335256358606,194.29527467941494,1050.5853255554518,8535.106680473422,807.245073733274,25949.016366860684,5214.527240817462,9101.839658357847,10431.625277374696,661.1791724755421,836.755232382983,32.87471029926172,61.67768462322216,11.69243031668572,3.3274084524187333,1.1934012498398463,0.735405093132534
4.352941176470588,14.759375247036306,16.560199690811665,28.53389628107123,35.39238895549555,176.8003375806298,15077.985547211,30882.526337447547,37692.33594500753,3126.4987689124555,20620.302692826554,27593.774351816493,4235.4178052797615,1090.4292447686835,35.924167914503,49.77227173682319,3.7847062213129714,0.7532398146827548,9.230373664918831,7.796790543994078
4.367647058823529,17.600404928183167,15.78954957263457,34.31149823232082,101.22700739151155,490.1735709097045,616.5506682360325,25.050473117298303,29164.48876033937,20254.802153394863,8632.456309153004,18269.498274588186,5004.560324968037,4522.764994002227,63.383318060892876,52.77913444216141,18.011697104589533,5.360662806898812,5.751124792383501,4.866585815993709
4.38235294117647,21.69959761624594,14.51723262189773,16.137486315456833,37.96686036145403,226.93075053134956,1006.4046785824748,319.8035510952794,12392.733050691555,4152.241164238068,27785.1636450709,32190.438086556853,11343.105646364565,5822.7658983864385,511.12769460545576,208.95056518998427,2.6129364117177722,3.458157346777624,7.298655662486938,1.6641450253653747
4.397058823529411,12.09931908989603,2.3386220513976586,23.386447335170352,85.24991535267296,624.7687742544343,2520.566885813915,907.4418647489902,4636.876329623118,813.1641550896762,1161.0838303026626,2041.778099614949,2906.7562298485177,3788.163576704709,15.31743784446838,34.401188311790314,13.892356551324164,1.0791830553890773,1.7701475887569824,0.6650668072639896
4.411764705882352,30.519049677319572,1.0410751028297551,17.621043273353433,27.58247617773475,468.7000940809621,1160.6774797587216,2232.4831772965235,1883.8616108198473,10194.97400943181,36640.389676707506,10189.023944507964,3213.9418885620676,438.9140304900714,39.40603218709917,9.994709867163989,13.564159543914547,0.8484011691312414,3.3189231481581745,2.866132194327064
4.426470588235294,17.066795945877075,2.2121266074487096,39.69608121768715,46.32505121861131,1579.8197234372158,2497.8070304593984,1224.0071839554278,8635.331161544083,3126.278329403285,2202.351777719533,27914.82790285827,4319.521801925261,311.6735925832195,109.62265227376832,36.79433938558511,3.9150231916635043,0.4201569867604913,2.0762938414352825,0.7567328753521956
4.4411764705882355,3.358384423365706,0.9559052187641222,3.722166930309191,15.005418776332764,301.82510542179926,296.6985152199552,674.3348366560401,1815.5449932664765,50.460891335978204,2857.1061845214135,13999.608986330131,1417.6485680532237,3095.3458254427187,33.43923676093077,46.42573058888171,1.89892170881623,1.9041045946744894,2.944144429459005,0.3115050470493441
4.455882352941177,6.322864387888481,1.6541145127245267,5.527344286323597,3.951623360369531,1093.3186238130743,3296.018006767281,382.56404835691256,3204.19801534453,9356.195627319656,15436.269953587205,2159.2011293082496,196.6249564180727,248.59732762885307,7.400280564318253,24.764941398553823,3.131092300824581,0.2934208949762318,0.8761466707578609,0.69449882767957
4.470588235294118,3.7214934276871605,4.821361449114015,4.183689019182445,5.771348372034987,601.0426575218117,5554.174599345612,12013.17848782492,16179.782761977807,907.9748991730154,31549.47313760589,13309.897777818056,281.23159483023704,119.32976401766514,29.587802625321828,73.35694811963486,19.445196765842258,1.663967374658602,2.601353001329708,2.473273604036865
4.485294117647059,8.5506717843828,5.328651997309273,13.37450170795557,111.80320088038924,3034.541570872312,2698.8963789509426,5265.934047843215,6489.8145592411,4571.5370484954565,15209.591283096699,29113.764603904936,3037.659865771833,980.5946811031852,130.81707920821862,146.58777542216762,4.57692083324315,0.6585684695191791,1.5455368052200698,0.4758023384700127
4.5,8.673063615109758,16.540856062829686,56.90730020448038,59.48557111786023,1473.4708191149953,17507.212597773454,3073.7615119160455,30251.86102632867,11815.192663841597,38460.52506828924,9200.316742684172,5034.939266322548,612.874303835713,9.076849861964305,28.368492230401813,2.7718596895469325,0.6769675401769842,1.8646061438933517,0.7454429389275375
4.514705882352941,9.679009304024884,3.887910987350647,46.01427976470055,22.23504946570313,6460.160823614468,13025.423218093889,3329.7891878943865,14230.068892875504,5429.47048355086,1423.481359730461,9233.655583654183,1714.0367715243472,356.21431603730446,1.1499170281374327,7.7956395222815305,11.409673721272384,1.937181186259264,3.7748366217224016,1.1853585386334358
4.529411764705882,11.248500318338138,4.909183629324685,26.30620896824975,140.89991124399913,5603.929283339881,456.89319377185564,1131.5689257031795,7103.192218379592,4947.454594417101,33651.22871324402,5590.414614336675,2705.149518563123,2319.939728340138,171.63613336157334,122.04176079236551,14.857055092957111,2.541740462029325,2.2112158093845116,1.3713640838123806
4.544117647058823,17.596900455079044,12.121335466780723,61.85870915398859,88.49490244223367,790.2184043672189,863.4464564669671,1034.2347231240308,15550.031097523615,3347.6701939332233,7544.169797135933,30058.158795909578,10098.382940239208,6911.132739411442,140.688015371623,64.76063129641406,14.565454970726993,1.976016029377954,3.8591256514457006,0.4847225373998294
4.5588235294117645,24.721521202539947,1.693538271580561,15.989784191087683,15.10359139001694,2191.2931696811834,3018.42722055021,14548.705733829607,68104.60877490087,52908.616289720434,13739.909274287149,8045.516554798232,1595.2625331976549,998.1989712230592,55.55985556359756,16.36999624997297,20.25653271217963,2.8332206152672903,3.9724533846957257,1.4018713275063672
4.573529411764706,10.076673656004557,9.623236667099373,18.329131190711543,40.18861050215723,599.6578055939314,11702.490804509218,1384.587768239735,8526.394116090116,442.7189395764598,19649.09403694579,13755.764413318853,767.0518873243384,878.8356355509657,78.8086377770715,54.360208632024126,19.527576671964823,5.517425810838571,2.533078554848701,0.20395054110440344
4.588235294117647,15.629659262323068,15.306934882838242,30.26591604273181,43.8277933059279,258.0800572842491,1507.3251530275932,1992.1046992010988,2816.357226875971,2780.238996612755,9257.205476917816,17260.56142707465,10464.035583089593,3568.967687292363,11.486583894819688,84.64890974917886,7.6800905850122,5.588933120964586,2.9278089245211394,0.8302727681683741
4.602941176470588,18.071088584068935,4.193007221101977,15.565436256564045,128.85316831074277,2010.3354472340159,7064.634403103813,1252.5593889688912,8679.297911898342,1577.161283008111,3853.442543268643,25053.433625000762,3767.2852344795724,1021.5534905835294,34.21970931967766,7.361990394182867,10.335149048425958,2.560790689033884,2.2155186577406125,0.3158437383361503
4.61764705882353,18.26780587182692,10.005501211832986,70.60762209166819,8.44517786237379,886.4815172609988,2604.641248798719,4418.038065305265,15920.776186519983,7816.808339629559,11042.812585309784,797.8820934891927,405.83470562806326,412.5514264307634,85.18242759542659,52.526841838298225,13.585933500837463,3.4795693807250014,6.1070273172333795,4.978447913939606
4.632352941176471,42.731736509203124,5.0662821972755285,56.959851467443265,128.79630687480505,961.4761880129718,10398.163364417142,6448.518431841196,4587.866190961286,1039.6007546259755,12407.02611333151,8486.241366767086,3223.9407700934607,1300.3547959774885,93.09604587382617,14.619065164799162,4.808623064191455,0.27607542434037163,3.3885980631954995,2.6580957378753958
4.647058823529412,46.550235953512185,32.38749081377749,30.13238584438359,30.327296754022402,4912.192367182375,10901.372137733877,24852.97181993808,61257.82893442802,18003.956209172145,19169.54676274127,5691.84426121206,1171.93086298225,634.2346819900065,0.821030447599604,32.824923769665745,30.211152876584976,3.9965605660378287,2.0105885913165684,3.4966002274395396
4.661764705882353,14.25177524199523,10.392866642924023,44.02475883802957,28.49535827378527,3157.831369308601,22605.251107988577,3094.043661573034,12331.259452481776,11125.743141788547,6493.89925365765,20944.789599021493,766.9633758773529,97.77318850682744,6.779727976502971,8.30566100546218,8.437324399958626,1.681882442615815,4.223972964208331,1.204715321611037
4.676470588235294,47.20277892235633,6.804914361249063,14.581743700212051,98.91035965305902,2152.088781636233,1777.625760146455,2404.5649893477885,729.869394725636,3090.77827583439,11980.238037316323,16961.29058752638,4701.2264874547545,417.98912480034016,70.72475084360514,121.5126752829238,10.988217805840964,1.5787377299388516,2.0381112650270388,2.6367546491211735
4.6911764705882355,29.4040386368227,2.4179491270008544,45.35352679054519,177.2447452405068,364.08982214085995,1114.4939147375883,5083.352885911919,7970.042531358657,10001.703075893438,19026.804446721668,11938.461119572976,2158.132918798413,2845.015001657339,1.5662192475837617,72.57561188695843,3.526714819587951,0.2678965694315311,1.021671562261395,0.34129522616879887
4.705882352941177,14.587798068543918,7.42977447082226,56.75285465601213,96.35144160357694,120.58487750253445,2580.577199195235,2390.3192107368804,36655.21536865304,6786.7697025743355,7114.12183865784,17322.29672596527,1891.0351067669424,1066.5204861655727,398.817385097558,196.61415877838306,21.33612845018522,7.9105760829081895,6.460638199311828,5.069418990245495
4.720588235294118,19.62887641774096,5.709894964388212,105.14949041612793,57.37945337262025,107.03093177425413,2147.53731047137,239.16125212563028,8206.885452216433,5310.752218021188,3958.3529709858085,3023.084406081378,453.1702315052496,70.86462809269653,63.69790193898223,44.74950886772026,6.535228683684572,1.2138164986869475,1.4190024452565089,1.4108138898059224
4.735294117647059,17.626623879512426,3.4637650405799136,38.87493524895112,93.50798087426786,125.356830359386,1383.5656671104903,1846.9857135428147,5746.094584019482,10723.96659884782,8203.944895211216,3865.5615932865803,233.90635567998834,106.77811313187351,5.814474449537086,5.3825535553896255,8.432180044945977,0.8400526279832459,2.0396180503137358,1.0424005603568753
4.75,9.192525644492715,1.9084823824942263,51.65680057148809,243.930645615159,2189.823459098907,543.9364342193475,662.7023445758555,3866.907862000053,4630.379084586952,12398.979413383353,23960.831143287727,2965.5725752581734,215.22198607885434,44.102149690921635,41.77204222879385,16.17903241864826,3.679395252756741,0.8291918639068023,0.5879665364023267
4.764705882352941,5.0971786741376865,7.57883868298978,51.382086479106746,27.937403314093043,155.51535441266742,1663.3454188016121,425.9147941971647,4662.287143165454,4938.489795940983,6909.102279566327,6276.293479097015,162.1586071662166,142.86502632206785,35.498433999209276,5.799232240875074,1.8605953414824918,0.8039503808913587,0.8072187020240259,0.6235230450379108
4.779411764705882,32.52505716444112,13.483940813584173,31.084485577635938,36.72482648448759,607.5482544999809,1056.6400492791452,1441.9037637681217,2445.0127068013394,1626.3791302721038,14543.352949902586,6787.540850149098,202.94437336640823,245.48572674252605,7.0896448280430295,52.55848061301825,10.637638914420158,1.3141017675650257,2.542332371128221,1.337495442108044
4.794117647058823,12.60460992966185,0.9839579547924764,8.949717940384762,3.487642372241439,765.4536351759009,1831.6890956573034,555.092207432843,9907.710190818867,1363.3969746555726,26695.459492709782,18746.42815098117,2068.720282608794,167.62831869930943,7.352547349432124,19.128124747371068,5.267243994913217,0.9404220684952176,2.585003258090161,0.9975901167936281
4.8088235294117645,4.1785184312860455,0.8632298559639855,9.603255664014217,24.896333749363055,654.4048813229264,3768.425953396418,3528.2430059052776,1579.1319829121817,2059.6043123663712,19096.9277410809,17908.147415852414,1306.7150066004551,194.70928237164162,27.70199562176954,13.558219391692546,17.844199101334922,2.141266827009755,3.8408918206621543,0.692401540375815
4.8235294117647065,7.679358085375666,5.946203351948014,12.086040001910579,50.88107097502699,1204.2652001576714,7991.583494092688,5194.346006123705,8432.362777545137,9501.072854680544,15344.417422556406,6330.581251796236,2388.3374086360263,1533.0077679870358,8.015052527839021,14.159082578941755,25.24814132488883,0.3768233042078568,5.978475896243651,1.8378173144367533
4.838235294117647,3.4694680506724884,4.226097657411901,6.260855308250896,85.11425842541144,709.5664068510168,6967.400928207434,3675.7850253059587,32954.79776941571,11263.06499112913,17768.573565009676,14643.415839924106,917.4275746659284,271.7400618371433,73.30271628695252,21.253677387913164,10.142242776971898,0.3609055527172929,1.9484363467694295,0.4214798807498088
4.852941176470589,15.967771062139068,3.057958502537634,26.831822899185248,50.69986474572815,1174.5189364940745,2156.416558174824,3725.293998295532,11188.099850609844,23170.70650910816,48596.93503034418,22809.473415883516,9511.543124045686,175.2965869951014,63.346873954321865,9.331943718109702,1.9025442218997455,0.7323210567440095,1.6295684384084788,1.9493640032892015
4.867647058823529,26.455560020503366,12.272860542663885,35.1996748697598,93.60430270334368,2280.1617819286007,3514.2270206704998,2474.57168244069,4115.246619627551,14175.968600038024,8483.317017249443,1037.9737457914498,10730.354241018194,8283.281673615009,209.02579386303915,37.30488646360606,23.464890247393942,0.9479636219941376,4.5720580482910425,1.7134915584283927
4.882352941176471,3.992002621130233,10.60843957709792,22.82752778684555,16.515697937519036,908.5634256025713,1237.3088685264697,336.87591874605675,7294.825108760206,24184.686129659054,26225.722626447736,65661.36763914043,10579.862553739458,4117.633454472297,40.73223872923096,42.26113267550143,2.31452480770414,2.871304790533199,2.219814969193865,1.3591310487036714
4.897058823529411,14.507182996382765,3.708856404756834,23.92982550147135,2.459353944817139,1430.5933684661281,3877.8491844808177,5543.374045168153,3933.1807062071466,4913.397228029189,27189.775415967953,21986.9559379636,11493.149017231033,4930.350693289238,30.84134835154584,56.60255796773344,2.4073941321052903,0.5877128677247512,2.542053402078631,0.14942972861340778
4.911764705882353,23.192431368595038,9.925715640963684,16.33408308921099,61.59821420944742,1604.1024622936336,2638.772716303344,1117.1973009218782,9972.15780602519,1490.8821546689082,7157.97564419592,6510.5460816599425,153.07329131706643,722.3413733412866,10.14697528887663,7.030986386609405,6.501424696618481,1.5310240406945195,3.160765949952693,0.35113908437353414
4.9264705882352935,9.052797811132095,5.929633233596505,13.807266984856211,12.228415741921616,934.9993361373217,4897.146576416304,5797.750754250458,12537.722916814784,2929.093867084299,6192.441240333334,26963.606259951674,8670.626287839583,918.698067520361,17.788871678800668,52.31716529808844,4.718458313462699,2.3053073938108595,3.395601026599794,0.16558916546271538
4.9411764705882355,9.112438020780939,10.414596199693744,132.61244071547978,165.2777856195409,1020.688442975776,9671.457526896704,2396.5616590630775,6173.69906499906,26646.270854519822,17034.563425483295,7090.872566143329,290.582459188862,1824.8472548874943,2.732151125391333,50.885136087101856,21.896905709038965,7.404769325581151,2.4481070939732987,1.1145810099190148
4.955882352941176,16.167747522080578,16.08202768451525,28.267067084498173,9.601991433420139,65.00091058561324,1487.8799268584066,3784.029830952285,8427.87687612292,201.16271453077962,9669.16558610695,20570.19617844056,9729.827758241645,4250.291190829808,54.575112908691096,146.03609063166482,20.296723794841895,3.161644426661379,1.68696684186471,0.7896453615125143
4.970588235294118,6.679500900030373,2.733243584681569,7.978952245553819,64.48115911886677,260.8678301102573,5853.620516313444,4367.340622742988,2153.6668097280544,489.7251472797065,9521.535606857782,18907.404850806764,4662.63272862514,2674.0165028673146,127.77981355072663,9.161036697799373,9.486171921410122,2.8446604711278827,6.3822768280226185,0.7304887641533453
4.985294117647058,17.321550582041535,2.996067243556996,28.248157257377507,31.663923014001348,1156.7417033343413,1846.5408798076917,3004.243499323611,8998.513567676651,3673.222882360311,5536.34677787361,16053.041745765935,5361.594679321058,519.555706767787,11.551740521423616,5.1739625913242495,2.3862799800007592,0.6053444280279421,0.918864435666537,0.5068317723061189
5.0,26.533425450481367,4.8221564590750985,8.388425273976717,189.89762514960893,845.8740406722645,1443.0304608126173,1708.9088257635037,2334.0839146748585,1925.6657726286899,17556.243433698717,16295.500750836978,4.836017071829147,353.75367866653966,7.3403176160680275,46.496810977116326,17.96564992075169,1.400615290316356,5.460988132542903,1.312307540997925
5.014705882352941,13.906682545407666,10.485624406770569,32.54846276259245,328.8490717255025,1473.05578989876,1383.105047954936,3506.1103456809674,33858.20628843748,6380.803287509014,9753.91828937312,5204.901835747449,1593.783864635052,403.43105798617063,24.398762045183723,6.238585806196258,2.0800652315607904,1.3908490762980725,0.8948972230367359,0.7110048049353399
5.029411764705882,26.55565762756764,20.609551235071944,126.7199074447947,152.7710103775974,288.58928793179854,10105.577435183326,1021.5087793107409,303.3662776724225,1055.8161673658028,36842.045102938835,8516.016384720344,720.4645013246138,195.08150142958328,430.44601520130436,256.24396897531335,9.490990494458721,2.9837439750535015,2.0770654497343273,1.3464766794592904
5.044117647058823,27.959571488571378,24.03927696851489,38.889389736516655,29.333886489929952,689.7187061387956,8720.087813591823,2533.8909851381604,4572.806231933992,5543.00548349898,3903.5105860660296,12632.52328621743,469.5564422618267,497.93986036439304,69.61196368207132,58.04834740248731,12.73471621360749,8.248331649973647,2.5430057116211655,2.098758517858741
5.0588235294117645,10.140876524502069,3.168781292740075,3.5527665745433814,135.5756789196996,525.2594880272272,10648.73193908817,30298.906548732877,63570.522180233456,12006.14817585766,18076.04864043581,17487.653043073067,3905.16807674774,323.93412507995606,7.7096987944325885,7.019287291456829,7.208453734244466,2.945264626765914,0.7943688490070935,0.32558018714775694
5.073529411764706,4.847951431467106,2.33092540416152,9.449639134341435,5.588566793472575,436.66272465368735,2094.7598487996565,505.2184161317892,1118.0389631100338,1013.0407694787473,4174.999558006744,35798.54850029986,9341.250449791445,2211.924736970461,21.19594505427508,14.527059442582882,4.882618120068592,2.0503003445898615,1.3041742566952135,1.088093224650565
5.088235294117647,9.718924121076578,9.661161258310846,21.312064376838865,69.55381816195712,294.15018677884404,3835.463098529609,2697.916336329822,2788.7358029812076,2908.639780751071,14450.906740629282,8811.044076121241,127.2795344727104,88.46581909230083,15.928459506801936,52.45883807439935,20.400761075953167,6.418439980786163,6.348437989636135,0.6258747941873283
5.102941176470588,4.799835514673777,4.1720873655651705,17.23338730553717,22.486910614129986,140.6318038077536,2159.8148242983407,5960.140991563581,22391.272668465645,2748.869172782982,7410.197749607895,3469.459531921707,3751.482583058293,216.76951130982653,53.40734694557756,22.877261662666267,2.3253683451165266,0.7617572175832608,0.6017102966529735,0.4439577165800509
5.117647058823529,20.74967054770777,10.538167786851412,34.157396705600604,69.64727912947225,258.7007123955285,1279.4169809210157,816.0516555773208,5983.1647681385775,11728.001480068448,20883.46414961167,35746.39712185759,1898.9932959353696,2263.0050529042783,83.95308415609418,10.780675200078235,23.954597736040355,1.2822782774341248,0.9271532200402729,2.696134858137036
5.13235294117647,6.6445267172295885,7.771406717766142,21.36157127314562,20.47579525652997,547.3710566263633,1700.4401377993117,4935.6113402377105,13744.410614410337,8504.381141453272,26483.764148969745,55102.85826042348,18189.204368789466,3090.6653546885655,151.42486521408196,46.162618621833865,8.413572561947811,0.25094876022765156,2.026315736163891,1.6664192956158428
5.147058823529411,11.52658799025364,8.553736635383544,15.406287609047158,43.55327621709711,2567.925660479335,2245.276034841311,3700.4754883994906,16643.620111734454,3718.9331896001104,3694.0550798091517,9759.944682751631,4650.241462831421,3786.992984099717,35.550986126724034,8.027876545957344,8.628567913661357,1.203383686574414,4.6500348048167535,0.9275408584538707
5.161764705882352,2.473410457378322,2.8430500995583277,12.804126822163001,45.84484577919556,1528.5950487534028,8667.69769145039,2009.5595211298205,815.0701644995465,164.67712926002298,8650.888736731082,5473.833221353392,1159.8642912025543,1430.8752548239606,15.316002889062721,15.612227418543764,4.053572463246185,3.051191066844316,1.6580108050083164,0.19504690976037287
5.176470588235294,8.133676882742307,0.5787945799937493,19.80781849096548,20.667132955183597,807.0112640034388,5029.386240356207,10668.073203929485,7588.548791522716,6714.819937501226,5981.857580348365,13767.022250291728,2617.8427534609227,314.38806490370615,41.274349037526264,30.098292926362415,5.483328825183972,0.3185918155085612,0.6894915119837807,0.030449642486035884
5.1911764705882355,15.852008560471496,12.381065303416237,5.512649195729098,14.190000909324674,2292.717588692843,6642.251971867456,1319.8098612428712,8926.679893689117,3579.9317915653046,6861.943339164049,6516.7181931716195,868.2063837439708,185.03950890474079,16.50823651329729,56.94989811304189,3.0497303359328614,0.9315167262818702,1.0029358022989714,0.932110289759069
5.205882352941177,12.945222564869866,3.133836455777839,22.387559717662093,24.921347403345948,644.1704201789994,1816.0227810640447,3299.595244099262,2922.340100299113,1039.2073197391226,656.5148998467363,6978.611759312591,945.3448731501048,346.7089165282468,180.5810771146484,82.57501606250315,3.397939095698585,0.11370948053230522,0.18708953262378653,0.21467789946366514
5.220588235294118,4.363563209874461,2.7952319411912625,8.231818268377681,21.714594418376088,675.1635198628213,5635.419138847531,147.6676270215344,7534.020472159065,11793.979026705278,14355.545448155794,14636.44312458626,144.87504337439717,321.27849846416314,12.015890637505317,10.420847433793815,2.1765141127496697,0.30880827930758364,0.9403873312299076,0.09048585737129827
5.235294117647059,13.995105122578938,4.622148871764715,3.1368728369894536,47.90443136878561,1079.2796191954596,1127.1653076171485,3137.734468522597,5629.429396271749,3030.5550162079658,13189.368045850684,3582.72499431353,5614.7923942080415,597.6012400257521,25.732398255619792,8.496707394445172,4.42435211786373,1.51463027705162,3.2088131444426233,0.6484998723477451
5.25,7.346231240503939,4.876380611228729,14.133591263976877,6.218041496976067,583.6326396371014,983.8665421023233,1209.728260412523,18335.91996447096,11858.478669305514,24026.432901131244,36620.690413411765,1201.606791775339,220.05476372389626,34.66564859909249,10.812221109024703,5.771273103243557,1.6213038497065542,9.77656062477331,6.9002900270308505
5.264705882352941,16.91733934937496,5.466661327525303,32.003388263525416,6.019931788695745,239.943830952089,799.8434886832115,3307.420419809403,11546.572975309438,4098.761282940148,43397.736608181964,4087.9464498878583,2492.1778057665833,1106.3500326345104,56.15490759468875,47.32948595719113,2.0321367700758906,1.8751564303182886,2.565803451843337,0.19102696955027204
5.279411764705882,17.686276702932314,3.6497283834026155,6.516565956377599,3.8489445246012317,153.73217141799688,5013.971942163848,2917.3028756544636,1629.9742194779035,2556.672472746767,537.292835057484,9685.041814671564,8566.999589140007,2290.150643292822,22.735331147355048,53.42304614461916,5.353390577922946,0.9612503558807222,0.7976839428245895,0.89420142265656
5.294117647058823,20.343475988423407,15.652310110317925,7.590845729650324,27.02610115739064,258.00865756683777,1435.502786954061,5685.612456631964,7498.12833904978,4280.330879360167,2509.005008956565,3629.7886499560104,4071.3260812491417,1889.5001894257812,100.36603635093158,47.56857402463682,9.648907795812473,0.5656952992273263,7.454116162806293,1.9743130524327286
5.3088235294117645,4.156848674594759,3.193149401767056,30.27567796718671,74.06844324279002,1896.059226682729,5787.955634063749,2098.3582415950127,16138.237939897546,6728.359169463872,7015.0765488705165,2876.8409359424113,3985.698812158077,615.5148173507606,18.326808039247826,10.962651412996333,5.535455477786588,2.820515903923407,1.2372363628308816,0.5675060101707283
5.323529411764706,7.970273616325214,8.592422734048009,18.911905851013675,327.81742416431825,770.2649107248174,2581.6429166218995,3686.5010693239783,6792.9888742750245,6335.612876833771,23203.473150830032,6146.442061901974,4558.585412396227,575.4569673719101,100.39574416814858,67.3899399054755,5.191020848922679,0.9264187492822498,2.9837458621005517,1.786114875256289
5.338235294117647,12.637880057462269,17.911542345074665,58.00706295882932,294.1221257053788,794.9438220058007,1826.9242553799245,605.6480152310535,12728.057741367107,1404.5545405339922,45068.8373512071,31974.143081418228,14972.74101456318,1749.1308262460668,14.299594954922876,34.193466127933476,13.917713824616527,2.963724383158381,7.437601723974135,2.5898307336206545
5.352941176470588,14.669089656853824,9.943318669044979,26.8382768566603,79.26155475834202,2718.720913581633,2786.8960590641827,1575.8294129601427,6566.6959152475665,13904.914519008435,29815.424922365335,10817.468046197593,512.8783959497505,2199.7415622539265,147.77591361437936,89.02959403191137,3.1743463208980818,0.7781541108980448,0.27642623423155954,1.5535563918801898
5.36764705882353,4.940713463732793,10.370720883668197,16.023315216127152,28.207242612244286,2510.4849796080393,12538.401257274632,8416.508493459827,5922.697706823119,2612.153499572306,11348.194646864888,14521.780808973048,3507.6404910048313,176.3403181620023,84.41791074244162,20.2739031920216,0.7132364227060416,0.9821994353467159,0.9563229738268296,0.20452925145759956
5.382352941176471,18.833240952795386,7.5006589675981665,29.248805662832964,39.95309200628746,896.7304479689105,13887.022351381222,2057.2074598997565,2387.4892249408763,4231.438316094265,2310.2243408397303,5341.603784091359,4689.856723377681,1388.1328015531105,51.88149827201739,118.90914322485253,16.35824618309294,1.358663338167105,1.4558299891495297,2.4733383228572565
5.397058823529412,5.363375790584719,6.6138471831370556,7.8933095759295515,8.392161475837206,176.84964095574637,2111.7506707630337,7091.168771679945,19211.75077672891,3137.379279798395,1794.6854611315464,1643.0411643231073,1735.6178729273597,257.185541012001,3.9734939176722714,23.891386961300245,1.3020585498270156,0.5472898644686146,0.8611886979266672,0.40565216008358906
5.411764705882353,10.219901207423803,9.613719125817003,16.599833178618,160.13259009538686,362.64179792963245,644.0512612661569,2409.746893905196,2927.1424512324147,5294.485905463549,12092.264593231026,19977.23817793621,2015.398507891236,181.0375936862706,18.483576360645504,17.94998855204196,8.27912602459964,4.361975490195739,0.8690390709402347,0.549234348495494
5.426470588235294,6.173482470826537,5.063547937053175,31.675340486820545,98.32315413569708,397.64019192188573,895.0239377325705,4318.571351292769,3047.582443090042,689.8776494348499,36852.67055880364,9735.052273479067,1094.9371003514061,642.8981868138194,7.274404623457365,73.22521887402023,4.184387676528593,1.735948304939896,1.5237311247734084,1.7506042018659063
5.4411764705882355,29.156460169641015,11.64712692915812,116.5404600072757,49.15421013277601,524.699657922333,500.37285665524837,951.8383023869541,2730.5957851555786,3175.5553383775623,5830.4601847238355,2562.113077059498,1157.119203642329,482.29281839654675,67.34672281034534,70.28862257083571,8.10745099391164,1.0316058794296137,1.8185252053418879,1.6184151689122874
5.455882352941177,28.263981161702027,3.290957051604129,35.91053637369092,128.7531490368445,655.6885573394034,1545.0774475997382,276.71039655262086,5486.538200678588,5563.189980532552,23224.28748308267,9249.162690804646,747.2445958512521,332.04272899715374,48.78935295858986,66.25286995720344,9.936715344730633,3.2275786234615036,6.2820684964241,0.7117389754040104
5.470588235294118,5.691940554364874,11.622783464671246,69.5140171636567,15.502995108217132,2965.2692150266585,3343.858905600844,2159.0184977174313,8718.557943312971,1617.3144502545806,18279.50517688322,6595.846969175023,682.6753400599478,472.0441956971135,235.1516290813624,83.20587059471181,1.466948755676947,0.9468774494724053,5.947546490122813,0.6951316525135802
5.485294117647059,5.974331513079074,1.4552070274279552,10.383366829643391,150.82431053117597,1799.3406319703367,4009.2512207008995,1158.5111627852566,5991.778979085312,9619.92965413989,7422.286427281247,352.9647243007836,269.37194600113173,107.40651374313975,16.802357980130314,70.12629622380338,3.9989409955605266,1.0046065648630405,4.6049135934334124,1.5344644939179923
5.5,23.02812246035539,15.378677352430229,35.982407229610445,36.43074937865956,1106.3420638146513,3989.6617980274177,4586.1443305732855,9352.711311338611,406.5593240821669,13430.143632758893,8193.039105378664,4171.358301874561,623.37214212412,27.162695589013584,182.64114122864808,9.242042315193407,2.5200207433594777,6.950857149503546,0.5834768468549668
5.514705882352941,20.857713342477254,29.31433994773546,43.89417548607922,9.56548110480015,314.8733191810362,15585.179468706243,10099.293260793535,20504.283358149623,7800.757342401682,21642.073573229358,21908.867209542655,945.999827609859,44.12270730595198,33.62661209921439,7.729157229775299,26.990303842957402,7.114010179299465,8.499474094542547,1.9841745578774141
5.529411764705882,12.967760271517287,7.007520426689629,44.15767967338422,29.869470432461128,955.1546873225082,1478.5856080257547,1301.1335431530129,4170.406741153614,213.31403714766273,13643.452869705034,2925.393254868096,1362.5621524250882,124.26145373547358,15.445917494848047,21.87759146873784,5.790764735699723,1.003660122064212,5.306150040707214,0.8597288117288426
5.544117647058823,5.284458859448416,6.487165707974871,35.68149864559774,29.890194511056876,1856.9192874946016,672.3372103548271,967.3693871061093,12975.852317383986,15044.030453591953,16800.02861881558,3051.9744857018277,3160.068531581527,639.3806487843038,6.9846746890864235,72.5056532299834,18.198951224738558,1.5491991177257352,9.77971719868062,7.21180276554878
5.5588235294117645,18.959625297145898,10.338907982416433,7.149878177285764,10.696812434098582,198.77727505151123,1427.9434122361513,1088.0325292714122,1517.0939111404396,953.0379830486419,16636.241014214975,18364.01624559712,317.55040622086824,195.6364953199709,29.178785866888617,30.355675117712167,3.1673496457142694,0.3822510176225277,1.1103448986946447,0.07382135058944238
5.5735294117647065,10.176268574003014,22.799924676296243,16.920986493009696,38.965547621654224,633.1293680778389,2467.869406793933,1787.0428675164264,4210.497498153812,7043.335872794309,8351.780718666192,16336.150171411651,2518.558386646142,196.65282761872683,27.02159783477105,14.769644845545505,1.3555024773819488,0.17376223947198854,0.8088814673373366,0.4252484001374548
5.588235294117647,12.533401756381926,0.4153968685309959,18.799597695556976,116.92973597250386,3658.673860869688,15022.48230051277,9471.213904876608,8515.5487990095,3555.37056057388,2400.5764952536792,1068.8682853815537,368.0658249905679,173.08124957858269,42.72829020900777,7.558224543217463,2.415135500750727,0.7367120761994761,2.1515384766604537,0.12290722659934515
5.602941176470589,14.937348968051648,5.957741407426951,26.03779424572415,29.888597969157125,381.43317280874976,2707.3908373531303,1034.0821008177331,15718.523289531182,2415.2538967306964,34065.459273954984,9468.68728785773,8.458727573519223,29.994985885501034,17.448708762942225,7.5917275420427295,6.484893266876512,0.16837689685874863,1.8015734878073564,0.44705126068999923
5.617647058823529,2.785714391717005,7.92957837981381,24.390890298362955,23.90901154675651,337.45716909458037,2779.38100268757,1485.264014884192,16990.004909250594,5673.898491711032,6233.176827268046,19533.42600615273,2481.154787557012,169.76193244933222,82.38006974330722,38.187244409345965,21.714210306826278,4.274864172269115,10.343251762715095,2.8378746516409885
5.632352941176471,6.689205857804073,9.209980717076123,27.95727287619219,148.18467510445242,3757.508029550156,7011.405901089367,8286.478707188082,22162.111737412088,7942.5449629688355,7519.018059980846,8816.316874913411,2056.665433512451,311.4757434351799,22.633990234965303,73.37260515178656,15.628463388851634,2.257238932741922,1.6650964875640408,0.24193700878931215
5.647058823529411,10.87408225151887,0.26472313711167933,48.0714979098931,88.87159075608714,518.3514903240177,2284.854688203766,3164.0525180006116,2203.2433169983387,1016.2296195153874,30761.82964402802,9310.998838602385,3295.0519399481072,22.920232137532082,76.02903661658843,28.177371307373676,6.6117406676538115,2.3271973674175204,1.5788924228541004,0.3062261831901396
5.661764705882353,6.989611275358744,8.19188969871212,24.877935703047676,201.97594149001256,539.2226577337806,5607.010735947966,6215.236658872137,15737.471692280733,28793.38853370517,11471.87469870507,10260.525530903768,2597.1657966039397,232.46334191220828,87.67458164373105,85.07927256755724,6.093041816445492,0.1784453526887413,1.323549413959521,2.5287447698644603
5.6764705882352935,20.734938588802038,37.97661806533254,73.57067465854567,29.50014523564146,587.9057343713245,3237.787400956457,13716.80630461104,39249.57589947774,4042.8722339024025,2264.053767712826,7006.177251705347,394.0826127689336,150.73779127407147,68.21533631455927,12.035408085225248,3.9285077460838354,1.2377469680854127,3.1194881391401488,9.778274118585909
5.6911764705882355,32.10812214443729,11.096541462867503,45.87935783681627,42.7214340063446,1009.0809712284264,11417.722621854879,4439.283171729808,6577.954543819482,17855.18945365559,18643.7852331698,5966.546555932779,2619.8498357446338,241.34254439574374,50.006788460818285,56.664957130696266,10.10257639818586,0.4414743727909787,0.6027862371926145,2.5747110770204977
5.705882352941176,11.732974454629264,8.058805385847457,43.874175570225674,53.91878232044361,1487.0439719939193,4730.358391507336,6619.20107402213,18534.09324322478,13544.245626055766,56692.61569223112,15733.204380660287,2205.597223135128,69.87959016276406,39.82405485502245,92.35761218482115,4.718029658375947,1.4934651063931539,1.8619132870295008,2.170363568725723
5.720588235294118,22.501989005309074,8.067566344091377,20.496640403971323,24.239424393184155,403.20832861262403,2251.34659807887,5374.323772778856,36861.837359011966,2570.2811733515773,21264.750007650397,16875.74081639735,1144.367386262445,642.8521434952776,223.5512027874783,293.7385592585548,11.887879221736716,1.994139924099222,1.3627167317986526,2.5931204344546215
5.735294117647058,5.145503557402782,0.7547577918695473,29.532965199860808,2.124022784665833,1465.3606330824305,4120.103721838074,3134.761653285055,6319.737805234357,6984.255632443166,9293.49178529362,2262.5022076620407,236.37140631373728,457.0612060584915,3.147822320376611,14.21818932567043,10.700388472696334,1.4738537478872595,1.2270514183549195,0.6500002346904772
5.75,14.675346215618578,21.79425697847897,70.42436163583744,46.06852455487031,1162.9272635359061,11975.894027859997,2161.7740109861024,21078.914935148503,10495.84445470992,7696.035422927725,13774.5282109541,2235.1521967058034,158.98099451178865,27.99243334873222,32.73948083756413,16.71058930873685,0.22121258552710005,1.3739813769525127,2.4220133827807215
5.764705882352941,21.56502869485356,11.780416289767714,31.423429836054726,32.14742994277937,4322.707820972227,5280.493445783022,7138.8674101945635,9073.210597023415,10018.155438440264,17029.443768770652,36808.88528102507,2331.060540510012,49.877243811461994,14.316338896232008,27.91976117899535,15.357081685994622,5.254872106173767,0.8940349530974219,0.33000891682704014
5.779411764705882,14.984017052290024,8.54630076153822,6.262911503828307,148.75448645713968,2939.7912558401185,17872.074940810548,3445.2244940286205,6866.103607034219,12434.373910265276,4940.557981055579,15674.348577846973,9637.266764529244,1312.6036280352005,3.888278137063706,28.132345573000627,9.792902058354965,1.0744691357930174,0.7414394512202584,0.790138887422674
5.794117647058823,9.030580279678318,4.915477626700829,21.92793451160468,322.7512300233399,1890.9581780163287,4828.921455933265,6655.040424832847,9425.652945719268,5245.219629599124,3993.3152573467014,16714.340149135616,1290.7196517529123,718.0234953620545,15.054518471236072,5.175559964227627,0.9263686111546947,0.430466796255541,3.659700315026901,0.23919410169058625
5.8088235294117645,15.06012457425771,10.209528178698907,38.18729190004,73.53167977746142,1404.5239252029314,9458.880383154066,1746.2315763593294,8656.721854361838,4187.607179227813,41711.1788863376,5362.4390937347835,3873.2980611015923,618.5462409894755,45.849356682947345,20.56019827017371,18.87688608165842,5.427196588981449,4.497093769995969,2.0727824051583115
5.823529411764706,11.42167990881294,1.555603874684552,9.046448351349332,42.4490056819651,1137.1828034242665,4766.611108676267,12869.539354120076,32460.613486189442,23011.791542808343,40753.69425545024,20234.454582324106,1970.9110585555331,181.5311090467376,12.869712158776895,35.56901977225843,3.0187498141133022,0.3373459711899896,0.9166641980910248,1.3097116079275344
5.838235294117647,24.437880824805085,8.845776184630044,9.676583673281453,84.21288032534105,1403.9384777096266,10096.460030501425,1463.9205931317679,5399.28588268567,6920.752839260384,5891.979815137259,2345.876109375644,227.9831381856692,421.02624395595586,20.21747703404487,10.64895789423895,12.841845313487319,2.8496994054847753,2.121196002912996,1.5204853805961167
5.852941176470588,8.23404787633475,6.3418322049904905,19.349869520659553,40.27993357123972,3665.9248500302783,6413.697931011485,320.91156008783685,15908.52429625206,7124.890085956184,13179.807436010891,18668.509608848508,2681.2486301419704,241.36303040627342,16.7675040103544,4.390591380794695,10.614272956478754,0.3002729908124104,2.532046181699978,2.041208450829085
5.867647058823529,14.025080764053705,4.580165845792485,19.687935555584538,86.69126918108398,1391.5313449726523,2365.626748195127,3427.1121508563465,4440.6405877119505,4224.40523894248,24480.393659789646,9270.362613015843,572.593355928853,212.82398380411612,25.2092580545847,66.89888785084042,7.561834587419599,2.2050772211234433,2.983879981491506,0.8244317043124153
5.88235294117647,11.577508297479772,27.25562213985068,25.144058233045634,64.53610468044235,2066.4215657661575,2127.6769019049266,7053.38324566339,9311.109305976148,6444.851233282368,17623.992813927638,8295.706401266516,762.5403079701075,323.2056283083524,11.090048453764798,67.4645781388769,16.63863492012311,3.060300771555359,2.9129877910983364,0.5932061047553598
5.897058823529411,13.473200288380365,15.70023438928843,30.07826679570523,19.653763363505746,1350.2416877578376,322.0876319497247,650.3428944846562,5149.470602597694,9950.68908171637,57806.138986088314,21754.983555589624,3112.841859360656,609.6748176528192,27.695783245185137,56.796907661738544,27.905396342129315,0.4265530575308986,2.061679907169318,1.8832945457650392
5.911764705882352,6.9832682008976885,3.528316339994058,70.05836366921983,442.10978499074685,2317.400012070295,15997.031969492216,6387.483380170644,2055.3310231865594,2756.705524637894,1424.1741221792718,8545.596983026255,2239.0840924411955,378.28949099840577,74.00666880473062,47.32459272358486,21.02551691508044,2.9125023452285212,0.8395062320820017,0.591021834826345
5.9264705882352935,3.0571852048638,5.332379202830077,62.50917897388787,473.13373403769356,3423.8938193770373,2722.644610936463,1275.4034808027131,22174.11979168266,996.6417880561901,13027.946488123765,3452.3356068292765,74.68587804991216,172.13470189988607,36.989425843357,23.85026044733292,1.4352835773881902,1.8640396799689913,2.1503530616780093,0.5966672234544477
5.9411764705882355,7.4136157780164,1.94729916731131,71.96342757315432,95.73398588713886,557.8489925987797,8415.952525336568,7319.546500669504,29858.742068449254,27693.508579675938,7870.495327544192,3221.4200382534864,261.1442761115816,160.96887283632822,9.164555852578616,53.18440891289521,7.202256270277778,2.7717806746737277,1.4591253089913896,2.6439785739887114
5.955882352941177,15.874222020467405,11.829324744562712,24.551472528335985,9.911918125756213,667.704659758881,10733.31119932621,2048.5460674681412,1311.0692755117836,7405.801469919046,21646.701414814983,27454.419962268916,390.0742441060456,91.92142230103458,11.312160176632961,27.27205377340742,10.507065919777105,1.845139202839614,1.29453527561819,0.2369008050463259
5.970588235294118,38.765494579309845,19.53702744394625,42.689565295728976,532.769569792418,2761.705763847208,5136.722359018275,3122.873041314313,14221.275065443893,27251.45185142595,24806.742233245855,8849.68511672592,480.47693525558645,182.93281913141547,18.867584720007837,53.80403186584139,12.689320046485339,3.8413775884096237,2.48047821309376,3.5342271373906167
5.985294117647059,21.841057360216475,9.12214768791071,190.58686442010165,935.7101994276488,2149.0197692602073,15830.060055996859,13491.1835308889,5559.084317214665,1712.805590082757,9723.566515383021,39541.56317649248,1770.0843834469242,664.3643506046415,154.05845107239605,59.57164176112679,2.4183154363881516,0.7411093228527729,1.0648570000649578,1.1475870460551512
6.0,246.1848508573501,119.33820505104445,218.9954343138225,43.491252724076276,3565.793311548571,3928.475338768851,2091.126438708582,4907.860629103878,161.6169327425401,7102.735971341504,14494.500485528559,2057.7259590677486,1205.4091712165257,277.5302576378346,377.563594926202,246.05966495948547,97.82552536582688,172.82548120432128,69.80046444744613
